timestamp,open,high,low,close,volume
2021-05-17T08:00:00,45175.74,45874.20,44428.00,45799.97,99149.618
2021-05-17T12:00:00,45799.97,45861.41,43207.31,43401.14,119318.110
2021-05-17T16:00:00,43401.14,44429.59,42151.00,44246.97,158675.954
2021-05-17T20:00:00,44246.99,44995.00,42525.30,43566.18,112145.775
2021-05-18T00:00:00,43565.11,45332.40,43189.26,44819.75,83663.961
2021-05-18T04:00:00,44819.76,45846.61,44785.65,45175.91,71461.405
2021-05-18T08:00:00,45175.90,45692.56,44644.08,45366.00,60102.896
2021-05-18T12:00:00,45366.01,45393.27,42675.00,43000.01,171174.865
2021-05-18T16:00:00,43000.00,43849.41,42400.00,43283.16,123466.326
2021-05-18T20:00:00,43283.15,43562.01,42268.00,42882.53,80489.139
2021-05-19T00:00:00,42882.54,43615.93,40128.00,40635.30,193522.430
2021-05-19T04:00:00,40638.04,40886.88,38500.00,40372.57,251689.078
2021-05-19T08:00:00,40369.92,40853.00,36100.00,38708.85,237898.486
2021-05-19T12:00:00,38710.27,39263.52,28688.00,37304.85,343640.813
2021-05-19T16:00:00,37304.85,40497.81,36080.74,39340.27,211763.860
2021-05-19T20:00:00,39337.79,40169.08,36603.29,36689.14,135337.182
2021-05-20T00:00:00,36689.14,38600.00,34882.00,38341.24,164551.940
2021-05-20T04:00:00,38341.24,40800.00,38209.72,39946.92,106873.208
2021-05-20T08:00:00,39946.92,40689.69,38737.20,40458.36,106753.106
2021-05-20T12:00:00,40458.36,42460.00,40070.50,41448.84,137454.880
2021-05-20T16:00:00,41445.80,41455.50,38091.68,40089.34,171812.305
2021-05-20T20:00:00,40089.34,41859.35,39482.00,40500.30,87739.674
2021-05-21T00:00:00,40500.00,42270.42,40383.84,40639.82,69444.525
2021-05-21T04:00:00,40642.96,40810.00,39208.22,39822.00,93290.891
2021-05-21T08:00:00,39820.89,41199.00,39257.13,41090.34,101799.929
2021-05-21T12:00:00,41090.34,41740.26,36380.00,36818.07,270655.450
2021-05-21T16:00:00,36818.53,37811.74,35462.80,36043.11,206302.356
2021-05-21T20:00:00,36043.11,37420.00,33400.00,37211.02,189178.596
2021-05-22T00:00:00,37210.01,38065.00,36511.23,36938.44,87987.208
2021-05-22T04:00:00,36935.18,37211.00,35201.11,36259.78,117936.327
2021-05-22T08:00:00,36258.88,38851.34,36245.37,38136.03,113070.480
2021-05-22T12:00:00,38137.97,38837.32,37070.00,38139.69,131906.570
2021-05-22T16:00:00,38140.97,38534.78,37160.40,37275.30,84566.512
2021-05-22T20:00:00,37275.31,38355.28,37252.71,37432.58,52699.687
2021-05-23T00:00:00,37436.00,38261.71,36643.77,37393.05,64577.243
2021-05-23T04:00:00,37393.05,37393.05,35501.01,35911.08,91568.650
2021-05-23T08:00:00,35904.05,35916.86,33771.68,35367.81,224167.253
2021-05-23T12:00:00,35367.81,35767.66,32566.82,33306.95,260748.108
2021-05-23T16:00:00,33307.00,33900.00,31096.70,33033.85,258965.214
2021-05-23T20:00:00,33033.84,34955.00,33031.50,34651.60,96788.549
2021-05-24T00:00:00,34656.53,35921.33,34648.21,35221.25,87375.560
2021-05-24T04:00:00,35221.25,36881.39,34366.00,36612.34,101528.546
2021-05-24T08:00:00,36612.34,37893.19,35860.42,37558.30,122982.625
2021-05-24T12:00:00,37558.30,38600.00,37284.49,37535.20,163177.482
2021-05-24T16:00:00,37538.03,39778.33,36842.11,39563.58,132476.655
2021-05-24T20:00:00,39563.88,39917.09,37954.45,38779.66,100362.203
2021-05-25T00:00:00,38783.58,39790.05,37808.00,38300.27,94325.234
2021-05-25T04:00:00,38300.28,39196.75,37606.60,38985.21,86939.087
2021-05-25T08:00:00,38985.22,39122.77,36510.00,36567.87,135023.281
2021-05-25T12:00:00,36567.87,38560.00,36439.32,38269.99,156531.799
2021-05-25T16:00:00,38270.00,38303.86,37120.11,37293.26,69540.787
2021-05-25T20:00:00,37293.25,38735.00,37253.43,38326.84,56476.223
2021-05-26T00:00:00,38326.84,39724.24,37804.76,39495.03,72347.544
2021-05-26T04:00:00,39495.04,40771.29,39000.00,40436.00,90794.813
2021-05-26T08:00:00,40436.00,40900.00,39388.00,39851.90,102990.544
2021-05-26T12:00:00,39851.91,40300.00,38501.00,38779.56,132661.573
2021-05-26T16:00:00,38779.56,39375.44,37900.00,38474.08,119016.001
2021-05-26T20:00:00,38473.68,39430.98,38300.15,39224.20,59222.335
2021-05-27T00:00:00,39224.21,39224.21,37133.22,37634.00,97177.436
2021-05-27T04:00:00,37633.30,38408.11,37201.00,38269.73,78043.333
2021-05-27T08:00:00,38268.07,39850.00,37820.00,39677.21,105613.171
2021-05-27T12:00:00,39677.20,40438.82,39261.58,39690.04,109507.539
2021-05-27T16:00:00,39690.04,39745.22,38520.00,38774.19,82920.095
2021-05-27T20:00:00,38773.69,39189.89,38184.15,38527.38,70076.992
2021-05-28T00:00:00,38527.38,38888.35,37700.00,38225.25,81830.153
2021-05-28T04:00:00,38225.24,38225.24,36435.15,36965.27,135406.780
2021-05-28T08:00:00,36965.27,37264.00,35122.00,35374.31,171365.429
2021-05-28T12:00:00,35374.32,37253.91,35188.61,36741.50,157461.735
2021-05-28T16:00:00,36741.49,36848.49,35550.00,35799.22,153536.657
2021-05-28T20:00:00,35799.23,36250.00,34689.57,35670.99,132762.671
2021-05-29T00:00:00,35670.99,36817.00,35623.29,36470.03,83284.218
2021-05-29T04:00:00,36470.04,37375.00,35611.00,36180.71,107809.044
2021-05-29T08:00:00,36179.68,36393.54,34553.60,35388.92,143819.950
2021-05-29T12:00:00,35388.93,35419.60,33833.00,34452.15,180424.179
2021-05-29T16:00:00,34452.15,35091.83,33650.00,34051.48,133724.687
2021-05-29T20:00:00,34051.47,35105.74,33800.00,34611.94,84840.747
2021-05-30T00:00:00,34611.95,34988.00,33356.00,34780.52,100493.093
2021-05-30T04:00:00,34782.31,36239.73,34647.55,35999.99,102342.833
2021-05-30T08:00:00,35997.50,36474.59,35562.10,36360.37,83008.905
2021-05-30T12:00:00,36361.44,36501.00,35150.00,35489.78,104704.566
2021-05-30T16:00:00,35490.00,36285.71,35323.88,36096.15,66325.670
2021-05-30T20:00:00,36098.47,36350.00,35511.00,35651.81,54959.679
2021-05-31T00:00:00,35651.80,36022.30,34253.08,34498.65,110591.132
2021-05-31T04:00:00,34498.64,35975.70,34150.00,35853.59,114533.925
2021-05-31T08:00:00,35851.45,37200.00,35592.75,36833.00,136270.323
2021-05-31T12:00:00,36834.50,37282.81,36320.17,36944.12,129306.797
2021-05-31T16:00:00,36944.13,37444.00,36512.00,36858.83,85244.515
2021-05-31T20:00:00,36858.84,37500.00,36554.25,37243.38,59135.429
2021-06-01T00:00:00,37244.36,37893.76,36458.48,36709.23,93417.066
2021-06-01T04:00:00,36709.23,37430.00,36552.06,36817.43,74031.676
2021-06-01T08:00:00,36817.44,36937.92,35895.00,36573.31,107073.272
2021-06-01T12:00:00,36573.97,37462.79,35500.00,36233.59,167197.402
2021-06-01T16:00:00,36233.59,36491.00,35712.00,35969.61,88522.163
2021-06-01T20:00:00,35969.61,36800.00,35870.00,36693.41,60580.961
2021-06-02T00:00:00,36694.37,36914.28,35905.00,36483.19,66042.128
2021-06-02T04:00:00,36483.19,37400.00,36483.18,37218.19,75756.979
2021-06-02T08:00:00,37218.19,37550.00,36851.00,37208.91,78768.193
2021-06-02T12:00:00,37208.90,38232.99,37066.00,38032.66,104950.237
2021-06-02T16:00:00,38032.67,38196.35,37745.92,37890.00,62186.631
2021-06-02T20:00:00,37889.99,37932.22,37319.79,37569.99,54015.638
2021-06-03T00:00:00,37570.00,37873.43,37150.15,37623.50,59284.174
2021-06-03T04:00:00,37623.49,39072.02,37585.17,38631.51,109787.431
2021-06-03T08:00:00,38631.51,39470.00,38514.18,38783.65,104156.290
2021-06-03T12:00:00,38783.64,39284.29,38360.00,38546.06,118251.628
2021-06-03T16:00:00,38547.17,38999.90,38441.00,38612.05,60655.172
2021-06-03T20:00:00,38612.05,39250.00,38553.00,39247.40,55294.310
2021-06-04T00:00:00,39247.40,39297.35,37350.00,37945.72,132250.513
2021-06-04T04:00:00,37945.71,37951.19,36324.01,36631.46,148203.428
2021-06-04T08:00:00,36631.46,37048.81,36219.24,36610.28,107161.779
2021-06-04T12:00:00,36610.27,37191.00,35552.51,36944.23,188306.389
2021-06-04T16:00:00,36945.01,37252.00,36720.00,36798.91,65265.429
2021-06-04T20:00:00,36798.91,37248.99,36450.69,36828.03,59438.328
2021-06-05T00:00:00,36828.03,37863.00,36610.05,37414.07,81521.429
2021-06-05T04:00:00,37414.24,37900.49,37411.30,37581.00,61194.556
2021-06-05T08:00:00,37576.93,37850.00,35392.85,35863.07,156971.553
2021-06-05T12:00:00,35863.06,36450.00,35200.00,36316.45,151602.909
2021-06-05T16:00:00,36316.45,36345.35,35689.00,35784.94,70844.972
2021-06-05T20:00:00,35784.94,36017.51,34800.00,35498.62,108893.029
2021-06-06T00:00:00,35497.93,36278.06,35401.49,35994.26,72460.057
2021-06-06T04:00:00,35992.23,36521.16,35700.00,36131.74,67213.869
2021-06-06T08:00:00,36131.73,36421.48,35802.00,35874.23,72837.374
2021-06-06T12:00:00,35874.23,36496.73,35440.00,36159.24,108164.771
2021-06-06T16:00:00,36159.27,36328.99,35700.00,35754.77,50605.124
2021-06-06T20:00:00,35754.78,36000.00,35201.86,35801.71,72319.869
2021-06-07T00:00:00,35801.71,36820.00,35515.00,36400.37,98176.853
2021-06-07T04:00:00,36400.26,36550.49,35846.00,36152.91,64092.688
2021-06-07T08:00:00,36152.90,36594.43,35903.03,36382.01,73354.663
2021-06-07T12:00:00,36382.01,36799.00,35859.72,36039.99,114140.335
2021-06-07T16:00:00,36040.00,36096.03,35353.50,35642.68,104096.879
2021-06-07T20:00:00,35642.68,35760.00,33200.00,33550.96,182874.455
2021-06-08T00:00:00,33550.97,34061.57,32300.00,32797.91,184957.217
2021-06-08T04:00:00,32797.91,33300.00,32000.00,32945.48,160244.859
2021-06-08T08:00:00,32944.56,33350.00,32638.00,33067.04,131921.888
2021-06-08T12:00:00,33067.04,33150.00,30969.00,31686.94,236343.519
2021-06-08T16:00:00,31686.94,32980.00,31551.00,32838.29,146177.541
2021-06-08T20:00:00,32838.30,33866.09,32650.00,33372.58,117048.002
2021-06-09T00:00:00,33372.58,33539.16,32390.00,32850.75,123441.203
2021-06-09T04:00:00,32850.75,34489.00,32525.35,34143.50,162633.265
2021-06-09T08:00:00,34143.50,34998.93,33783.01,34933.00,170121.881
2021-06-09T12:00:00,34932.99,36866.60,34557.15,36339.26,286222.475
2021-06-09T16:00:00,36339.25,37068.61,35650.00,36222.21,183475.541
2021-06-09T20:00:00,36222.21,37511.31,36087.25,37368.45,105119.722
2021-06-10T00:00:00,37369.99,37661.70,36738.45,36948.46,99467.197
2021-06-10T04:00:00,36945.44,37208.10,36511.01,36940.88,90457.878
2021-06-10T08:00:00,36940.88,38489.00,36229.23,37806.48,208774.672
2021-06-10T12:00:00,37806.48,38199.00,36600.00,36893.51,182672.571
2021-06-10T16:00:00,36893.51,37158.60,36104.76,36664.55,123940.002
2021-06-10T20:00:00,36664.54,37080.00,35750.00,36669.66,97873.379
2021-06-11T00:00:00,36669.65,37241.00,35900.00,36739.45,104891.051
2021-06-11T04:00:00,36739.22,37395.00,36370.00,37123.76,105623.416
2021-06-11T08:00:00,37123.76,37679.54,36890.58,37361.94,107858.957
2021-06-11T12:00:00,37363.01,37592.52,36728.25,36805.77,97603.944
2021-06-11T16:00:00,36805.78,37398.15,36500.10,37223.56,90684.857
2021-06-11T20:00:00,37223.56,37480.68,36777.00,37300.42,79460.673
2021-06-12T00:00:00,37300.41,37432.95,35280.00,35576.00,144806.971
2021-06-12T04:00:00,35576.00,35730.00,35000.45,35271.65,113697.943
2021-06-12T08:00:00,35271.66,35885.88,34585.90,35572.49,148720.694
2021-06-12T12:00:00,35572.49,36200.00,35300.00,35381.37,105894.507
2021-06-12T16:00:00,35381.36,35986.03,35290.00,35719.80,57510.906
2021-06-12T20:00:00,35719.80,36125.30,35400.00,35537.05,52901.455
2021-06-13T00:00:00,35535.95,35900.00,34768.00,34864.96,82306.246
2021-06-13T04:00:00,34864.96,35478.81,34739.06,35263.02,77827.385
2021-06-13T08:00:00,35263.02,36080.00,35152.00,35879.01,92341.566
2021-06-13T12:00:00,35878.60,36150.00,35652.37,36007.59,88578.018
2021-06-13T16:00:00,36007.59,37730.00,35929.99,37610.33,150994.553
2021-06-13T20:00:00,37610.11,39374.18,37594.00,38993.65,154987.546
2021-06-14T00:00:00,38993.66,39822.64,38720.00,38978.00,112373.259
2021-06-14T04:00:00,38978.01,39768.00,38780.00,39529.99,96559.755
2021-06-14T08:00:00,39529.99,39619.44,38790.00,39151.68,86110.850
2021-06-14T12:00:00,39151.67,41000.00,39025.53,40677.54,203104.032
2021-06-14T16:00:00,40676.17,40729.03,39291.97,39709.57,127485.328
2021-06-14T20:00:00,39709.58,40604.23,39585.05,40489.10,79346.657
2021-06-15T00:00:00,40489.10,40860.00,39840.00,40386.47,92231.389
2021-06-15T04:00:00,40386.47,40561.29,40067.00,40350.98,67904.505
2021-06-15T08:00:00,40350.97,40400.00,39527.00,39839.81,122372.661
2021-06-15T12:00:00,39839.81,40464.41,39693.44,40056.80,108133.592
2021-06-15T16:00:00,40056.80,41413.00,39768.33,39950.00,160460.924
2021-06-15T20:00:00,39950.00,40366.99,39500.00,40132.86,80963.923
2021-06-16T00:00:00,40132.86,40179.28,39605.50,40001.23,67984.482
2021-06-16T04:00:00,40001.23,40495.00,39840.00,40130.00,82350.099
2021-06-16T08:00:00,40129.99,40259.22,38880.00,39079.60,116731.205
2021-06-16T12:00:00,39079.61,39500.00,38533.00,38768.30,132959.739
2021-06-16T16:00:00,38768.29,39700.00,38270.00,38677.45,204005.502
2021-06-16T20:00:00,38677.45,38915.00,38105.00,38344.97,69204.469
2021-06-17T00:00:00,38344.97,38977.44,38200.01,38855.57,64564.012
2021-06-17T04:00:00,38855.58,39400.00,38630.00,39198.03,83233.832
2021-06-17T08:00:00,39198.03,39565.00,39060.00,39156.01,88781.858
2021-06-17T12:00:00,39156.00,39200.00,38334.00,39002.18,119712.856
2021-06-17T16:00:00,39002.19,39108.61,37504.91,37682.27,163753.110
2021-06-17T20:00:00,37682.28,38180.00,37334.76,38060.71,83804.193
2021-06-18T00:00:00,38060.71,38198.00,37200.62,37905.60,94526.391
2021-06-18T04:00:00,37904.35,38128.41,37364.00,37689.99,85859.444
2021-06-18T08:00:00,37689.99,38000.00,37052.33,37805.92,134813.166
2021-06-18T12:00:00,37805.93,37940.00,36300.00,36363.91,191075.967
2021-06-18T16:00:00,36363.91,36708.31,35100.00,35305.16,179294.639
2021-06-18T20:00:00,35305.15,35932.32,35214.54,35811.41,104809.642
2021-06-19T00:00:00,35811.41,36288.00,34704.08,35080.90,129343.579
2021-06-19T04:00:00,35080.90,35850.00,34921.53,35767.59,115045.150
2021-06-19T08:00:00,35767.59,35999.00,35555.00,35919.99,91851.230
2021-06-19T12:00:00,35920.00,36471.80,35525.15,36104.67,144433.507
2021-06-19T16:00:00,36104.67,36200.00,35336.75,35932.49,91434.580
2021-06-19T20:00:00,35932.50,36182.30,35380.00,35483.00,70077.336
2021-06-20T00:00:00,35483.01,35800.00,35107.99,35522.63,81171.222
2021-06-20T04:00:00,35522.63,35916.44,35350.00,35614.39,69687.725
2021-06-20T08:00:00,35614.39,35669.88,33650.00,33856.00,217582.172
2021-06-20T12:00:00,33856.01,34632.53,33312.00,34383.37,217116.460
2021-06-20T16:00:00,34383.37,35658.09,34246.95,35476.45,133060.472
2021-06-20T20:00:00,35476.45,36155.00,35350.00,35588.64,111278.390
2021-06-21T00:00:00,35588.63,35746.28,34600.00,34652.45,107165.681
2021-06-21T04:00:00,34652.45,34724.20,32200.00,32985.72,337801.305
2021-06-21T08:00:00,32985.72,33555.00,31666.00,32513.16,378207.352
2021-06-21T12:00:00,32513.16,33190.00,31900.00,32664.10,222076.397
2021-06-21T16:00:00,32664.09,32950.00,32018.00,32544.12,160647.818
2021-06-21T20:00:00,32543.42,32796.79,31250.51,31606.00,191432.109
2021-06-22T00:00:00,31606.00,33240.00,31150.00,32996.56,174211.720
2021-06-22T04:00:00,32996.18,33086.04,32460.58,32641.51,91612.252
2021-06-22T08:00:00,32641.52,32654.47,31080.00,31243.15,250564.905
2021-06-22T12:00:00,31236.72,31900.00,28780.01,31635.72,597329.288
2021-06-22T16:00:00,31635.71,33274.00,31525.00,32388.97,301162.606
2021-06-22T20:00:00,32388.96,32950.00,32127.91,32496.00,116944.079
2021-06-23T00:00:00,32496.00,34380.00,31711.50,33939.05,201025.197
2021-06-23T04:00:00,33939.04,34377.52,33534.89,33959.13,139176.928
2021-06-23T08:00:00,33959.97,34500.00,33605.00,33881.95,153196.433
2021-06-23T12:00:00,33881.94,34867.77,33345.00,33488.23,210090.628
2021-06-23T16:00:00,33488.24,33932.99,32855.00,32872.72,143274.101
2021-06-23T20:00:00,32872.71,33770.30,32726.51,33649.00,113937.082
2021-06-24T00:00:00,33650.00,33851.40,32330.00,32579.91,132884.542
2021-06-24T04:00:00,32579.91,33248.29,32300.00,32833.59,112191.645
2021-06-24T08:00:00,32834.87,33900.00,32804.29,33816.04,126171.014
2021-06-24T12:00:00,33816.03,34588.00,33721.99,33851.00,174344.311
2021-06-24T16:00:00,33851.00,35406.74,33751.00,34839.00,157792.616
2021-06-24T20:00:00,34839.00,34980.00,34505.00,34644.64,71515.037
2021-06-25T00:00:00,34644.65,35500.00,34231.06,35033.16,139503.987
2021-06-25T04:00:00,35033.15,35085.88,33933.00,34262.69,125428.987
2021-06-25T08:00:00,34262.69,34479.10,33248.62,33300.00,159609.381
2021-06-25T12:00:00,33300.00,33578.46,32330.56,32618.31,270997.111
2021-06-25T16:00:00,32618.33,32924.99,31471.00,32192.38,256751.109
2021-06-25T20:00:00,32195.99,32350.00,31250.00,31568.07,140760.800
2021-06-26T00:00:00,31569.18,32250.50,31273.64,31955.09,127032.444
2021-06-26T04:00:00,31955.38,32720.52,30620.00,30700.00,180833.126
2021-06-26T08:00:00,30700.00,31877.56,30120.00,31758.44,280956.629
2021-06-26T12:00:00,31758.44,31984.87,30481.06,31511.57,244561.145
2021-06-26T16:00:00,31512.07,31899.00,30760.67,31561.63,150233.976
2021-06-26T20:00:00,31561.63,32289.92,30888.04,32255.56,107767.429
2021-06-27T00:00:00,32250.15,33187.49,31960.00,33119.04,160277.864
2021-06-27T04:00:00,33119.04,33450.00,32771.51,33252.00,125982.077
2021-06-27T08:00:00,33252.00,33419.00,32333.00,33214.00,181400.319
2021-06-27T12:00:00,33213.99,33562.00,32694.55,33171.20,157431.413
2021-06-27T16:00:00,33171.26,33400.00,32550.00,32793.43,103219.631
2021-06-27T20:00:00,32793.43,34762.00,32377.30,34687.71,168836.149
2021-06-28T00:00:00,34687.71,34998.00,34233.27,34390.66,105445.210
2021-06-28T04:00:00,34390.66,35279.38,34265.59,35007.58,109085.489
2021-06-28T08:00:00,35006.22,35136.14,33920.00,34099.32,149844.361
2021-06-28T12:00:00,34098.10,34949.00,33855.00,34946.66,145527.580
2021-06-28T16:00:00,34947.41,35000.00,33932.68,34425.01,124241.965
2021-06-28T20:00:00,34425.00,34820.00,34102.00,34487.22,72013.940
2021-06-29T00:00:00,34486.58,35178.00,34206.00,34564.83,109533.220
2021-06-29T04:00:00,34564.84,35450.00,34523.50,34841.15,140492.205
2021-06-29T08:00:00,34841.15,35760.00,34711.72,35544.42,162248.762
2021-06-29T12:00:00,35544.42,36422.50,35320.00,36244.89,198904.511
2021-06-29T16:00:00,36244.88,36623.00,36040.00,36375.62,106730.854
2021-06-29T20:00:00,36375.89,36478.76,35733.30,35911.26,88230.777
2021-06-30T00:00:00,35910.64,36089.96,34936.42,35113.99,109730.664
2021-06-30T04:00:00,35114.00,35285.00,34661.23,35227.67,132278.450
2021-06-30T08:00:00,35227.68,35328.00,34401.00,34844.89,140443.000
2021-06-30T12:00:00,34844.90,35002.30,34060.00,34191.68,135303.437
2021-06-30T16:00:00,34191.69,34892.87,34042.74,34747.31,102171.245
2021-06-30T20:00:00,34744.91,35191.00,34360.00,35031.39,99816.187
2021-07-01T00:00:00,35031.39,35044.98,34120.00,34120.06,97951.238
2021-07-01T04:00:00,34120.06,34449.00,33264.80,33337.58,152280.714
2021-07-01T08:00:00,33338.99,33746.06,32968.00,33696.91,157211.866
2021-07-01T12:00:00,33696.91,33844.00,33050.00,33417.74,149194.479
2021-07-01T16:00:00,33417.74,33639.21,32672.04,33072.19,119804.510
2021-07-01T20:00:00,33072.19,33639.50,33070.35,33489.96,82523.686
2021-07-02T00:00:00,33489.96,33960.00,32750.00,32896.63,111014.329
2021-07-02T04:00:00,32896.62,33498.18,32684.00,33340.17,113926.589
2021-07-02T08:00:00,33340.18,33600.00,32751.00,33007.96,139426.240
2021-07-02T12:00:00,33008.71,33700.00,32850.00,33684.88,142738.639
2021-07-02T16:00:00,33686.50,33788.00,33100.00,33300.34,83584.537
2021-07-02T20:00:00,33300.34,33880.00,33012.00,33760.94,74232.868
2021-07-03T00:00:00,33760.94,33892.72,33296.98,33500.95,65438.064
2021-07-03T04:00:00,33500.21,34650.00,33425.84,34477.46,112981.759
2021-07-03T08:00:00,34476.47,34775.00,34372.09,34596.42,104888.501
2021-07-03T12:00:00,34596.43,34800.00,34459.66,34592.56,77290.813
2021-07-03T16:00:00,34592.56,34948.16,34469.26,34717.99,66948.622
2021-07-03T20:00:00,34718.00,34899.70,34251.00,34652.94,83066.499
2021-07-04T00:00:00,34653.32,34777.72,34340.75,34623.82,59271.078
2021-07-04T04:00:00,34623.83,35731.30,34602.60,35565.98,113924.732
2021-07-04T08:00:00,35565.99,35660.00,35350.17,35492.00,67595.654
2021-07-04T12:00:00,35492.01,35556.51,35215.00,35486.35,65321.990
2021-07-04T16:00:00,35486.35,35683.84,35362.02,35553.72,54728.543
2021-07-04T20:00:00,35553.73,35955.55,35214.86,35280.16,90159.559
2021-07-05T00:00:00,35280.17,35281.55,34199.02,34345.63,144163.854
2021-07-05T04:00:00,34345.63,34409.48,34000.00,34237.24,111200.732
2021-07-05T08:00:00,34237.24,34538.00,33290.00,33363.31,152490.359
2021-07-05T12:00:00,33363.28,33759.91,33290.00,33575.23,113280.366
2021-07-05T16:00:00,33575.22,34259.68,33032.00,34098.70,132559.378
2021-07-05T20:00:00,34098.70,34199.00,33650.57,33672.72,83011.720
2021-07-06T00:00:00,33672.72,34145.00,33603.70,33896.83,73284.791
2021-07-06T04:00:00,33896.82,34948.00,33886.07,34853.46,111744.061
2021-07-06T08:00:00,34853.46,35120.00,33700.00,34037.00,174581.567
2021-07-06T12:00:00,34037.01,34501.30,33760.00,34031.17,136433.966
2021-07-06T16:00:00,34034.35,34200.00,33500.00,33999.39,96863.676
2021-07-06T20:00:00,33999.39,34357.11,33602.21,34206.01,51320.946
2021-07-07T00:00:00,34206.00,34570.46,33925.00,34434.87,67727.182
2021-07-07T04:00:00,34434.87,34905.00,34362.01,34699.66,86598.144
2021-07-07T08:00:00,34699.66,34988.88,34447.60,34824.32,88487.131
2021-07-07T12:00:00,34823.82,35089.56,34462.88,34534.90,87052.203
2021-07-07T16:00:00,34534.89,34770.00,34406.41,34610.55,48577.531
2021-07-07T20:00:00,34610.56,34610.56,33756.48,33845.64,77776.718
2021-07-08T00:00:00,33845.63,33910.00,33046.70,33283.20,117424.181
2021-07-08T04:00:00,33282.69,33483.81,32216.00,32476.39,152017.440
2021-07-08T08:00:00,32473.66,32728.00,32066.00,32667.58,128590.715
2021-07-08T12:00:00,32667.17,32968.00,32326.00,32874.95,117392.758
2021-07-08T16:00:00,32874.95,33195.00,32620.00,32984.99,79995.543
2021-07-08T20:00:00,32984.99,33058.71,32500.00,32852.04,54897.027
2021-07-09T00:00:00,32855.00,33077.77,32250.00,32923.14,99747.005
2021-07-09T04:00:00,32923.15,33300.00,32720.00,32878.87,71773.243
2021-07-09T08:00:00,32878.58,33044.04,32588.00,32751.07,72623.820
2021-07-09T12:00:00,32751.07,33700.00,32615.10,33537.49,127581.305
2021-07-09T16:00:00,33537.49,33675.77,33254.26,33420.44,52500.933
2021-07-09T20:00:00,33420.44,34100.00,33358.00,33805.01,61436.573
2021-07-10T00:00:00,33805.01,34248.58,33621.51,33777.86,74511.781
2021-07-10T04:00:00,33777.87,33888.00,33423.96,33747.98,62625.037
2021-07-10T08:00:00,33747.98,33969.03,33550.00,33781.67,61294.583
2021-07-10T12:00:00,33781.67,33940.51,33621.45,33840.28,52674.236
2021-07-10T16:00:00,33840.27,34190.00,33200.00,33403.08,103297.148
2021-07-10T20:00:00,33403.08,33695.00,33010.00,33497.98,55869.194
2021-07-11T00:00:00,33497.98,33812.53,33381.51,33446.92,47094.964
2021-07-11T04:00:00,33446.92,33630.00,33306.03,33501.53,46227.195
2021-07-11T08:00:00,33501.53,33850.00,33416.48,33792.04,60271.235
2021-07-11T12:00:00,33792.04,33985.00,33645.94,33926.19,60949.965
2021-07-11T16:00:00,33926.19,34105.00,33754.77,33883.11,46772.090
2021-07-11T20:00:00,33883.11,34629.62,33690.55,34253.81,82589.901
2021-07-12T00:00:00,34253.88,34540.34,34024.26,34429.44,57100.253
2021-07-12T04:00:00,34429.99,34662.73,34150.00,34271.16,62056.538
2021-07-12T08:00:00,34271.16,34450.00,33517.61,33524.79,100882.418
2021-07-12T12:00:00,33524.78,33629.99,33301.00,33340.32,96110.854
2021-07-12T16:00:00,33340.32,33433.00,32714.42,32828.59,112825.562
2021-07-12T20:00:00,32828.58,33290.00,32650.00,33070.87,73772.133
2021-07-13T00:00:00,33070.86,33224.03,32822.07,33065.00,55446.299
2021-07-13T04:00:00,33065.01,33336.00,32741.99,33159.99,77287.431
2021-07-13T08:00:00,33160.00,33329.84,32907.51,33032.23,62584.956
2021-07-13T12:00:00,33033.73,33044.39,32259.00,32781.41,137038.255
2021-07-13T16:00:00,32779.05,32957.44,32228.00,32306.71,80296.740
2021-07-13T20:00:00,32306.71,32750.00,32186.99,32709.09,53914.032
2021-07-14T00:00:00,32708.66,32800.00,31620.00,31808.00,103363.989
2021-07-14T04:00:00,31808.01,31998.97,31651.00,31910.38,75522.849
2021-07-14T08:00:00,31910.39,32700.00,31556.02,32440.37,131191.265
2021-07-14T12:00:00,32440.36,32945.00,32273.00,32772.97,99288.073
2021-07-14T16:00:00,32772.96,33176.47,32560.00,32717.98,71641.307
2021-07-14T20:00:00,32717.98,33046.23,32666.66,32803.01,40132.927
2021-07-15T00:00:00,32803.00,33170.00,32614.55,32619.72,62894.948
2021-07-15T04:00:00,32620.19,32675.06,32350.89,32461.00,67039.723
2021-07-15T08:00:00,32461.00,32620.00,31763.14,31866.95,114822.822
2021-07-15T12:00:00,31866.95,32130.00,31401.20,31673.40,129255.181
2021-07-15T16:00:00,31673.40,31776.50,31140.00,31513.98,112494.123
2021-07-15T20:00:00,31513.99,31876.00,31500.00,31866.43,52604.870
2021-07-16T00:00:00,31865.53,32042.81,31550.00,31897.05,60971.566
2021-07-16T04:00:00,31897.39,32000.00,31534.41,31768.61,58762.181
2021-07-16T08:00:00,31768.61,31772.98,31018.59,31080.62,99940.655
2021-07-16T12:00:00,31080.63,32187.00,31059.16,32105.81,152153.112
2021-07-16T16:00:00,32105.81,32245.00,31780.00,31898.02,86252.174
2021-07-16T20:00:00,31898.02,31976.11,31325.00,31382.95,58498.055
2021-07-17T00:00:00,31382.96,31633.41,31150.02,31301.37,85447.163
2021-07-17T04:00:00,31301.38,31572.53,31175.14,31497.05,50880.858
2021-07-17T08:00:00,31497.06,31945.00,31225.63,31377.09,104183.191
2021-07-17T12:00:00,31377.01,31750.00,31329.00,31737.92,82003.993
2021-07-17T16:00:00,31737.87,31909.98,31522.16,31819.00,62288.607
2021-07-17T20:00:00,31819.01,31876.07,31465.00,31496.65,37846.606
2021-07-18T00:00:00,31496.65,32435.93,31451.00,32155.46,97214.481
2021-07-18T04:00:00,32155.46,32182.84,31666.00,31705.00,58136.281
2021-07-18T08:00:00,31705.00,31850.00,31547.99,31782.01,58792.098
2021-07-18T12:00:00,31782.01,31838.20,31075.10,31349.07,89106.871
2021-07-18T16:00:00,31348.11,31750.00,31268.08,31626.34,48810.431
2021-07-18T20:00:00,31626.33,31899.83,31401.00,31767.00,60129.239
2021-07-19T00:00:00,31765.23,31833.00,31417.92,31525.72,51373.532
2021-07-19T04:00:00,31525.01,31890.00,31507.75,31595.92,59393.230
2021-07-19T08:00:00,31595.92,31659.44,31154.00,31262.16,92512.152
2021-07-19T12:00:00,31262.94,31365.00,30358.77,30672.99,194803.889
2021-07-19T16:00:00,30672.99,30839.00,30529.00,30734.99,49417.535
2021-07-19T20:00:00,30735.00,30960.00,30676.50,30823.62,38805.289
2021-07-20T00:00:00,30823.62,31050.00,29452.53,29582.94,169673.763
2021-07-20T04:00:00,29582.94,29910.69,29468.31,29797.81,87642.023
2021-07-20T08:00:00,29797.81,29868.20,29250.00,29673.33,105582.689
2021-07-20T12:00:00,29673.33,29978.00,29242.24,29860.11,132777.378
2021-07-20T16:00:00,29860.12,29950.00,29573.94,29754.88,50714.493
2021-07-20T20:00:00,29754.88,29955.00,29480.12,29775.90,56297.844
2021-07-21T00:00:00,29775.89,29882.00,29472.41,29818.53,65017.523
2021-07-21T04:00:00,29818.54,30933.19,29808.00,30797.85,145044.744
2021-07-21T08:00:00,30797.85,31646.15,30700.00,31500.00,120274.812
2021-07-21T12:00:00,31500.00,31949.00,31410.68,31904.38,122748.620
2021-07-21T16:00:00,31904.43,32883.90,31560.00,31618.46,262023.844
2021-07-21T20:00:00,31618.46,32232.46,31502.12,32120.00,71967.847
2021-07-22T00:00:00,32120.00,32350.00,31760.00,31915.00,63270.748
2021-07-22T04:00:00,31914.99,32297.61,31852.00,32115.11,60061.330
2021-07-22T08:00:00,32115.11,32240.00,31700.00,31886.59,80915.972
2021-07-22T12:00:00,31886.58,32583.48,31730.00,32482.65,100393.997
2021-07-22T16:00:00,32481.84,32574.51,32206.00,32348.11,53495.733
2021-07-22T20:00:00,32348.11,32473.00,32050.00,32268.11,39121.156
2021-07-23T00:00:00,32268.12,32800.00,32182.32,32570.79,66198.952
2021-07-23T04:00:00,32569.99,32930.00,32350.00,32478.19,63153.913
2021-07-23T08:00:00,32478.19,32520.44,32200.00,32287.60,55390.659
2021-07-23T12:00:00,32287.61,32599.98,32221.22,32305.83,47363.541
2021-07-23T16:00:00,32305.90,32324.93,31970.82,32221.12,63105.877
2021-07-23T20:00:00,32221.13,33650.00,32178.56,33634.46,109437.074
2021-07-24T00:00:00,33631.74,33790.00,33379.81,33647.97,67963.173
2021-07-24T04:00:00,33647.97,33930.52,33550.50,33793.83,56703.261
2021-07-24T08:00:00,33793.83,34100.00,33526.00,33855.37,68369.545
2021-07-24T12:00:00,33855.37,34038.72,33710.00,33831.17,43537.704
2021-07-24T16:00:00,33831.16,34471.00,33688.35,33828.05,93471.161
2021-07-24T20:00:00,33828.04,34263.36,33660.00,34230.00,46001.184
2021-07-25T00:00:00,34230.00,34400.00,33812.00,34150.00,55110.748
2021-07-25T04:00:00,34149.99,34768.53,34050.00,34672.76,69178.262
2021-07-25T08:00:00,34672.76,34780.00,34250.01,34366.63,59716.905
2021-07-25T12:00:00,34366.62,34399.75,33853.00,34152.77,83648.151
2021-07-25T16:00:00,34152.77,34584.40,34063.14,34312.90,60355.117
2021-07-25T20:00:00,34312.89,35400.00,34260.00,35370.66,76105.661
2021-07-26T00:00:00,35370.67,48168.60,35185.49,38276.54,339569.378
2021-07-26T04:00:00,38276.53,39284.65,37778.00,38157.02,137505.915
2021-07-26T08:00:00,38159.99,38750.00,37666.00,38468.05,92767.654
2021-07-26T12:00:00,38468.05,38882.89,37900.00,38537.00,113647.274
2021-07-26T16:00:00,38536.93,40578.93,38475.00,39358.40,210887.680
2021-07-26T20:00:00,39358.40,39521.95,36700.00,37218.09,267954.956
2021-07-27T00:00:00,37218.09,37500.00,36384.31,36819.12,120046.213
2021-07-27T04:00:00,36819.12,37319.71,36669.12,37103.66,77802.052
2021-07-27T08:00:00,37103.67,38069.94,36958.87,38030.00,84401.242
2021-07-27T12:00:00,38027.32,38748.53,37670.00,38203.37,186720.479
2021-07-27T16:00:00,38203.37,38304.00,37325.00,37780.52,109312.428
2021-07-27T20:00:00,37780.57,39546.34,37779.05,39442.33,96821.743
2021-07-28T00:00:00,39448.06,40388.00,38861.61,39815.00,129346.369
2021-07-28T04:00:00,39815.00,40190.37,39222.39,39888.00,97796.370
2021-07-28T08:00:00,39887.99,40894.00,39350.00,40729.99,120027.759
2021-07-28T12:00:00,40729.89,40864.39,39306.04,39670.00,133786.311
2021-07-28T16:00:00,39670.00,40682.00,38753.00,40375.30,177643.352
2021-07-28T20:00:00,40375.30,40381.50,39554.04,40003.08,77596.073
2021-07-29T00:00:00,40003.08,40281.93,39203.83,39595.02,76296.669
2021-07-29T04:00:00,39595.02,40244.00,39470.00,39925.01,64807.290
2021-07-29T08:00:00,39925.01,40665.00,39500.00,39748.70,105372.324
2021-07-29T12:00:00,39748.70,40148.23,39400.00,39926.50,91601.586
2021-07-29T16:00:00,39926.50,40200.00,39365.33,39647.85,67408.493
2021-07-29T20:00:00,39647.85,40400.00,39465.66,40012.90,58431.510
2021-07-30T00:00:00,40012.89,40238.00,39754.00,39951.21,42850.985
2021-07-30T04:00:00,39951.21,40016.20,39560.00,39729.99,48488.892
2021-07-30T08:00:00,39730.00,39768.08,38320.00,38637.34,143130.847
2021-07-30T12:00:00,38637.33,39140.00,38555.00,39056.09,60918.426
2021-07-30T16:00:00,39055.42,39880.00,38851.12,39857.82,56827.090
2021-07-30T20:00:00,39857.83,42316.60,39707.44,42203.25,209258.069
2021-07-31T00:00:00,42202.60,42494.00,41636.01,41824.68,81317.140
2021-07-31T04:00:00,41824.69,41884.74,41200.00,41537.59,62705.212
2021-07-31T08:00:00,41537.60,41993.24,41333.00,41599.67,62523.947
2021-07-31T12:00:00,41599.67,41728.12,41101.00,41529.67,60750.303
2021-07-31T16:00:00,41529.68,41595.00,41030.19,41296.62,47312.973
2021-07-31T20:00:00,41296.62,42010.00,41135.77,41448.11,66912.324
2021-08-01T00:00:00,41448.10,42614.98,41091.77,42420.62,79290.617
2021-08-01T04:00:00,42421.51,42423.09,41570.03,41704.99,66644.627
2021-08-01T08:00:00,41705.00,41952.60,41328.77,41596.01,53932.870
2021-08-01T12:00:00,41596.00,41839.52,41150.73,41303.72,57545.510
2021-08-01T16:00:00,41303.72,41500.00,40567.73,41267.09,111023.758
2021-08-01T20:00:00,41267.08,41512.87,39350.40,39846.78,119091.662
2021-08-02T00:00:00,39846.78,40100.00,39229.12,39782.41,74210.204
2021-08-02T04:00:00,39783.67,40450.00,39570.55,40099.99,60573.043
2021-08-02T08:00:00,40097.47,40166.50,39300.00,39535.48,84172.860
2021-08-02T12:00:00,39535.49,39800.00,38838.00,39678.00,94812.111
2021-08-02T16:00:00,39678.01,39960.00,39000.00,39174.29,62262.614
2021-08-02T20:00:00,39174.29,39538.92,38658.00,39147.48,75841.296
2021-08-03T00:00:00,39147.47,39774.93,38501.00,38651.44,96793.390
2021-08-03T04:00:00,38652.03,38828.96,37920.00,38569.99,89423.408
2021-08-03T08:00:00,38569.99,38799.56,38289.00,38483.68,61025.542
2021-08-03T12:00:00,38483.66,38700.00,37658.69,38170.37,131923.363
2021-08-03T16:00:00,38170.37,38512.00,37600.00,38015.54,83737.524
2021-08-03T20:00:00,38015.27,38642.30,37875.00,38203.26,54316.290
2021-08-04T00:00:00,38201.33,38554.27,37900.00,37980.34,60606.820
2021-08-04T04:00:00,37980.33,38220.00,37661.10,37827.97,68913.814
2021-08-04T08:00:00,37827.96,38248.86,37500.00,38152.86,76868.412
2021-08-04T12:00:00,38152.87,39444.00,38143.22,39289.96,138563.633
2021-08-04T16:00:00,39289.95,39855.12,39221.00,39745.16,77553.709
2021-08-04T20:00:00,39745.17,39975.32,39513.88,39731.31,57054.085
2021-08-05T00:00:00,39731.31,39856.63,39200.00,39450.00,58879.096
2021-08-05T04:00:00,39450.00,39540.08,38750.00,38889.08,58257.737
2021-08-05T08:00:00,38889.07,38969.98,37811.04,38004.00,125619.500
2021-08-05T12:00:00,38004.00,39369.71,37291.00,38723.29,223833.684
2021-08-05T16:00:00,38721.79,41350.00,38704.00,40694.19,202466.202
2021-08-05T20:00:00,40694.19,41327.73,40672.00,40882.40,77193.493
2021-08-06T00:00:00,40882.39,41042.74,39907.51,40224.62,101653.820
2021-08-06T04:00:00,40226.33,41219.76,39849.82,40727.86,99987.927
2021-08-06T08:00:00,40725.40,41127.99,40390.59,40500.00,87229.017
2021-08-06T12:00:00,40500.00,42500.00,40282.01,42213.52,144069.713
2021-08-06T16:00:00,42211.53,43400.00,42208.43,42912.09,165796.759
2021-08-06T20:00:00,42912.73,42965.00,42392.34,42825.43,54713.918
2021-08-07T00:00:00,42825.43,43780.00,42577.00,43670.30,79945.159
2021-08-07T04:00:00,43670.29,43945.00,43035.68,43207.27,73662.512
2021-08-07T08:00:00,43207.26,44021.00,43101.81,43801.59,80122.246
2021-08-07T12:00:00,43801.58,44588.00,43104.00,43362.44,153546.884
2021-08-07T16:00:00,43362.43,44084.99,42395.20,43945.16,110695.070
2021-08-07T20:00:00,43945.16,44753.01,43500.00,44601.11,85779.020
2021-08-08T00:00:00,44601.11,44838.00,43800.00,44333.53,77536.475
2021-08-08T04:00:00,44333.54,45350.00,44153.10,44796.46,100396.653
2021-08-08T08:00:00,44796.46,45000.00,44100.00,44458.35,81438.403
2021-08-08T12:00:00,44458.35,45197.89,43742.39,44000.56,118180.666
2021-08-08T16:00:00,43998.89,44388.00,43265.00,43723.26,95566.747
2021-08-08T20:00:00,43722.04,44587.24,43556.22,43787.71,80565.754
2021-08-09T00:00:00,43787.71,43966.41,42785.00,43486.16,91934.968
2021-08-09T04:00:00,43486.16,43862.15,43231.16,43790.00,53308.603
2021-08-09T08:00:00,43790.01,46080.00,43590.70,45930.81,162608.267
2021-08-09T12:00:00,45930.82,46444.01,45279.60,45872.11,119820.931
2021-08-09T16:00:00,45871.79,46483.00,45680.80,45986.77,76792.738
2021-08-09T20:00:00,45986.76,46438.79,44907.42,46259.70,121754.996
2021-08-10T00:00:00,46259.70,46800.00,45635.03,45728.38,72863.612
2021-08-10T04:00:00,45728.39,46071.96,45318.00,45972.43,58387.134
2021-08-10T08:00:00,45972.43,46201.00,45201.00,45360.61,82787.946
2021-08-10T12:00:00,45360.61,46138.21,44850.00,45178.06,116919.812
2021-08-10T16:00:00,45178.07,45600.00,44670.05,45516.81,70420.367
2021-08-10T20:00:00,45516.80,45960.00,45250.00,45589.99,59099.990
2021-08-11T00:00:00,45589.99,46000.00,45354.00,45588.41,50559.749
2021-08-11T04:00:00,45588.40,46450.00,45450.00,46367.38,69461.063
2021-08-11T08:00:00,46367.37,46643.13,45845.22,45946.21,63205.879
2021-08-11T12:00:00,45946.20,46754.27,45825.00,46448.00,84134.513
2021-08-11T16:00:00,46448.00,46600.00,46204.00,46448.42,45157.075
2021-08-11T20:00:00,46448.43,46690.00,45520.06,45522.12,78142.292
2021-08-12T00:00:00,45522.13,46226.67,45363.45,45938.54,50085.365
2021-08-12T04:00:00,45938.54,46023.00,44820.00,45230.00,95279.757
2021-08-12T08:00:00,45230.00,45680.00,44610.01,44764.31,93339.468
2021-08-12T12:00:00,44764.32,44972.44,43925.00,44203.37,115587.360
2021-08-12T16:00:00,44203.37,44516.96,43800.00,44370.26,66312.584
2021-08-12T20:00:00,44370.27,44549.00,43875.00,44385.09,47671.522
2021-08-13T00:00:00,44385.09,45380.00,44208.88,45162.37,65111.828
2021-08-13T04:00:00,45162.37,46349.46,44908.00,46108.85,82709.319
2021-08-13T08:00:00,46108.85,46550.00,45950.00,46154.14,75192.398
2021-08-13T12:00:00,46154.14,46681.82,46130.00,46371.20,74549.018
2021-08-13T16:00:00,46371.20,46639.06,46230.00,46466.14,44107.337
2021-08-13T20:00:00,46466.15,47980.69,46411.00,47792.52,96355.560
2021-08-14T00:00:00,47792.52,47839.11,47400.00,47563.99,32975.694
2021-08-14T04:00:00,47563.99,47754.99,47465.00,47639.81,28564.418
2021-08-14T08:00:00,47639.80,48300.00,46000.00,46580.00,152359.278
2021-08-14T12:00:00,46579.99,46950.00,46120.00,46943.19,64279.271
2021-08-14T16:00:00,46941.69,47419.00,46600.00,47044.67,46737.788
2021-08-14T20:00:00,47044.67,47248.07,46311.00,47083.74,49452.347
2021-08-15T00:00:00,47083.75,47388.75,46805.13,46900.01,37611.568
2021-08-15T04:00:00,46900.01,46914.09,45666.00,45788.25,72170.697
2021-08-15T08:00:00,45788.25,46171.41,45600.00,45945.79,63144.005
2021-08-15T12:00:00,45945.79,46537.03,45480.00,46163.48,78795.433
2021-08-15T16:00:00,46161.77,46450.04,45659.10,46335.28,58096.621
2021-08-15T20:00:00,46335.28,47328.00,46257.21,47006.02,61132.483
2021-08-16T00:00:00,47006.02,48074.23,46769.91,47391.88,89482.544
2021-08-16T04:00:00,47391.89,47759.74,47206.71,47335.09,37089.067
2021-08-16T08:00:00,47335.09,47690.00,47020.00,47541.90,52644.086
2021-08-16T12:00:00,47541.91,47750.00,45922.39,46350.80,119683.055
2021-08-16T16:00:00,46350.80,46694.41,46102.00,46125.24,49246.810
2021-08-16T20:00:00,46125.23,46350.00,45682.03,45926.23,64392.043
2021-08-17T00:00:00,45926.23,46645.00,45240.00,46426.12,77409.471
2021-08-17T04:00:00,46426.80,46599.00,45657.00,45959.99,56385.272
2021-08-17T08:00:00,45959.99,47194.00,45884.79,46864.78,84788.734
2021-08-17T12:00:00,46864.79,47088.00,45670.00,45754.47,89932.164
2021-08-17T16:00:00,45754.47,46220.23,45293.86,45471.21,73784.518
2021-08-17T20:00:00,45471.96,45565.11,44412.01,44704.84,92016.241
2021-08-18T00:00:00,44704.85,45149.04,44227.32,45083.38,74046.276
2021-08-18T04:00:00,45083.38,45500.00,44868.05,44957.76,52926.772
2021-08-18T08:00:00,44957.76,45570.00,44682.00,44784.19,64171.676
2021-08-18T12:00:00,44784.18,45850.00,44677.03,45827.23,72719.218
2021-08-18T16:00:00,45827.73,46050.00,44793.99,44922.74,74034.609
2021-08-18T20:00:00,44922.73,45199.00,44401.01,44714.09,57937.607
2021-08-19T00:00:00,44714.09,45243.81,44050.00,44058.62,71589.647
2021-08-19T04:00:00,44058.61,44689.97,43938.38,44684.87,55944.449
2021-08-19T08:00:00,44684.26,44980.00,44199.72,44235.00,70023.775
2021-08-19T12:00:00,44235.01,45816.88,44151.00,45789.99,98043.005
2021-08-19T16:00:00,45790.00,46783.00,45427.01,46719.82,90746.944
2021-08-19T20:00:00,46719.82,47100.00,46367.73,46772.00,53054.342
2021-08-20T00:00:00,46772.00,47499.90,46650.00,47092.39,58194.664
2021-08-20T04:00:00,47092.39,47260.00,46733.00,46871.29,42842.019
2021-08-20T08:00:00,46871.29,47386.79,46766.80,46961.01,51297.090
2021-08-20T12:00:00,46961.49,48765.46,46914.16,48752.38,123750.726
2021-08-20T16:00:00,48750.99,49178.31,48324.28,48692.29,72869.275
2021-08-20T20:00:00,48693.16,49500.00,48605.74,49332.74,52545.307
2021-08-21T00:00:00,49332.99,49380.00,48700.01,48872.26,40310.792
2021-08-21T04:00:00,48872.26,49044.66,48600.00,48985.51,39470.926
2021-08-21T08:00:00,48985.50,49447.62,48250.00,48543.29,79915.022
2021-08-21T12:00:00,48541.74,49500.00,48475.16,49198.90,71912.583
2021-08-21T16:00:00,49198.90,49833.00,48771.54,48999.94,80584.800
2021-08-21T20:00:00,48999.94,49418.00,48838.29,48848.29,35400.328
2021-08-22T00:00:00,48846.11,49176.44,48616.41,48809.18,36864.761
2021-08-22T04:00:00,48809.19,49299.90,48809.18,49212.40,32727.156
2021-08-22T08:00:00,49212.40,49500.00,48928.57,49171.46,39570.961
2021-08-22T12:00:00,49171.46,49261.60,48075.81,48549.78,82871.030
2021-08-22T16:00:00,48550.00,48863.00,48205.63,48680.23,48212.780
2021-08-22T20:00:00,48680.23,49556.20,48260.87,49273.28,54425.535
2021-08-23T00:00:00,49273.28,50476.00,49100.00,50306.81,92444.018
2021-08-23T04:00:00,50306.82,50443.00,50050.01,50180.25,38199.355
2021-08-23T08:00:00,50180.26,50600.00,50000.00,50418.05,51298.339
2021-08-23T12:00:00,50418.05,50484.75,49314.14,49571.64,83127.930
2021-08-23T16:00:00,49571.64,49856.00,49120.83,49287.30,53385.454
2021-08-23T20:00:00,49287.29,49749.00,49075.01,49523.91,37278.400
2021-08-24T00:00:00,49523.23,49732.00,48801.01,49360.77,51458.292
2021-08-24T04:00:00,49360.78,49882.81,49205.75,49800.00,42022.574
2021-08-24T08:00:00,49800.00,49888.88,49120.00,49459.48,55598.671
2021-08-24T12:00:00,49459.49,49480.35,48252.00,48370.25,108685.412
2021-08-24T16:00:00,48370.26,48469.71,47750.05,48267.14,99263.251
2021-08-24T20:00:00,48267.14,48428.34,47600.00,47719.36,41653.802
2021-08-25T00:00:00,47719.37,48323.14,47700.00,48002.75,44944.840
2021-08-25T04:00:00,48005.02,48636.74,47901.70,48159.67,50072.789
2021-08-25T08:00:00,48159.40,48188.00,47130.57,47592.49,98700.297
2021-08-25T12:00:00,47592.50,48850.00,47333.00,48811.99,98253.873
2021-08-25T16:00:00,48811.99,49192.00,48510.00,48668.11,57761.625
2021-08-25T20:00:00,48668.11,49297.80,48625.00,48992.65,39366.960
2021-08-26T00:00:00,48992.65,49380.00,47853.00,47945.44,69831.003
2021-08-26T04:00:00,47945.44,48090.00,46600.00,46920.11,134557.643
2021-08-26T08:00:00,46920.11,47199.99,46704.00,46851.44,63614.972
2021-08-26T12:00:00,46851.44,47454.74,46280.00,46820.38,121646.581
2021-08-26T16:00:00,46822.12,47136.99,46519.19,46947.13,46854.761
2021-08-26T20:00:00,46946.15,47438.53,46808.60,46853.06,38678.163
2021-08-27T00:00:00,46854.22,47688.88,46359.97,46845.70,89162.559
2021-08-27T04:00:00,46845.71,47584.33,46597.44,47483.55,56933.257
2021-08-27T08:00:00,47482.05,47795.13,47003.00,47455.85,59025.553
2021-08-27T12:00:00,47456.66,48444.00,47022.97,48199.56,106272.759
2021-08-27T16:00:00,48199.56,48587.71,48000.00,48292.50,40449.354
2021-08-27T20:00:00,48292.50,49220.00,48172.74,49083.98,51823.530
2021-08-28T00:00:00,49082.13,49333.00,48858.00,48892.89,41057.861
2021-08-28T04:00:00,48892.89,49129.00,48671.89,48978.13,33285.333
2021-08-28T08:00:00,48978.14,49121.83,48673.57,48707.73,31528.308
2021-08-28T12:00:00,48713.36,49000.00,48395.65,48840.00,55094.582
2021-08-28T16:00:00,48839.99,49199.69,48520.00,48668.51,40229.726
2021-08-28T20:00:00,48668.51,49009.54,48600.00,48931.99,21597.214
2021-08-29T00:00:00,48931.99,49769.20,48100.00,48242.87,90935.747
2021-08-29T04:00:00,48242.88,48597.00,47741.31,48498.00,50041.617
2021-08-29T08:00:00,48497.01,48691.00,48160.32,48188.00,41473.816
2021-08-29T12:00:00,48185.56,48569.00,48122.84,48489.96,40964.895
2021-08-29T16:00:00,48489.96,48893.85,48350.00,48808.94,35527.483
2021-08-29T20:00:00,48808.95,49446.66,48344.60,48795.41,56161.941
2021-08-30T00:00:00,48795.42,48916.25,47822.99,47989.05,58595.101
2021-08-30T04:00:00,47989.04,48172.42,47597.29,47981.01,57707.598
2021-08-30T08:00:00,47981.01,48248.00,47673.46,47934.44,43587.728
2021-08-30T12:00:00,47934.44,48139.00,47400.00,48039.99,63483.636
2021-08-30T16:00:00,48039.99,48671.00,47989.36,48666.62,45251.120
2021-08-30T20:00:00,48666.62,48746.81,46876.49,47024.70,83205.571
2021-08-31T00:00:00,47024.69,47244.00,46731.03,47177.21,54168.888
2021-08-31T04:00:00,47177.22,47920.83,46852.34,47789.00,64142.095
2021-08-31T08:00:00,47788.55,48100.00,47165.30,47997.22,83890.187
2021-08-31T12:00:00,47997.23,48298.00,47205.19,47439.56,79873.757
2021-08-31T16:00:00,47439.56,47617.36,47044.31,47344.02,40443.792
2021-08-31T20:00:00,47343.83,47410.00,46767.37,47150.32,43029.490
2021-09-01T00:00:00,47150.32,47392.56,46550.99,47086.61,58651.433
2021-09-01T04:00:00,47086.60,47506.77,47015.44,47214.00,40983.375
2021-09-01T08:00:00,47214.00,47818.68,47156.16,47745.00,47629.293
2021-09-01T12:00:00,47744.99,47888.00,47300.00,47527.69,51104.392
2021-09-01T16:00:00,47527.69,49160.79,47440.00,48200.44,108728.889
2021-09-01T20:00:00,48200.43,48913.47,48139.30,48842.94,43010.992
2021-09-02T00:00:00,48842.93,49945.00,48631.20,49616.90,74281.431
2021-09-02T04:00:00,49616.90,50420.00,49355.00,49891.07,75454.094
2021-09-02T08:00:00,49891.08,50258.08,49750.00,50116.40,52463.432
2021-09-02T12:00:00,50116.41,50399.00,49338.00,49604.46,89246.706
2021-09-02T16:00:00,49604.47,49800.00,49251.00,49403.35,39142.966
2021-09-02T20:00:00,49403.35,49893.19,49274.27,49299.14,31274.426
2021-09-03T00:00:00,49299.14,49545.43,48333.00,49509.88,72625.677
2021-09-03T04:00:00,49509.88,49779.00,49262.00,49353.70,44894.962
2021-09-03T08:00:00,49353.70,50717.52,49306.44,50203.77,107533.486
2021-09-03T12:00:00,50203.77,51111.00,49920.00,50589.99,119854.643
2021-09-03T16:00:00,50589.99,50761.81,50243.75,50575.71,35420.003
2021-09-03T20:00:00,50575.70,50577.08,49610.00,50027.08,49997.615
2021-09-04T00:00:00,50027.09,50390.00,49615.00,50302.75,47769.797
2021-09-04T04:00:00,50302.74,50500.30,50130.00,50230.07,31888.396
2021-09-04T08:00:00,50230.07,50582.08,49711.10,49934.45,58084.241
2021-09-04T12:00:00,49934.45,50375.00,49777.00,49917.51,46197.023
2021-09-04T16:00:00,49917.51,50080.00,49360.00,50000.00,57342.045
2021-09-04T20:00:00,50000.00,50299.09,49746.63,49940.74,33675.340
2021-09-05T00:00:00,49942.20,50341.16,49670.00,49694.34,39413.252
2021-09-05T04:00:00,49694.35,50076.96,49462.59,49890.96,38171.134
2021-09-05T08:00:00,49890.96,50438.00,49840.00,50230.00,56262.295
2021-09-05T12:00:00,50230.00,50517.34,50050.50,50250.69,47609.005
2021-09-05T16:00:00,50250.68,50911.00,50146.49,50723.01,38798.347
2021-09-05T20:00:00,50723.00,51950.00,50665.12,51799.57,68730.091
2021-09-06T00:00:00,51799.56,51961.46,51450.00,51618.29,39319.481
2021-09-06T04:00:00,51618.28,52035.65,51571.00,51824.80,30168.913
2021-09-06T08:00:00,51824.79,52244.00,51250.00,51444.39,66158.363
2021-09-06T12:00:00,51444.40,51750.87,51040.00,51631.84,64598.150
2021-09-06T16:00:00,51631.84,52087.99,51501.58,51756.43,37087.951
2021-09-06T20:00:00,51756.43,52830.00,51669.48,52683.97,60401.426
2021-09-07T00:00:00,52683.98,52950.00,52388.00,52680.90,40762.401
2021-09-07T04:00:00,52680.90,52776.83,52112.31,52379.52,46849.517
2021-09-07T08:00:00,52379.51,52397.46,50500.00,50989.36,133817.410
2021-09-07T12:00:00,50989.37,51176.25,42088.00,46644.00,321024.276
2021-09-07T16:00:00,46640.55,47546.75,45943.97,46713.14,147139.959
2021-09-07T20:00:00,46713.13,47193.13,46105.96,46864.39,74546.576
2021-09-08T00:00:00,46864.38,47347.00,46236.72,46461.52,54462.699
2021-09-08T04:00:00,46461.53,46839.36,45030.00,45111.16,97013.579
2021-09-08T08:00:00,45111.16,46800.00,44431.00,46406.55,112254.268
2021-09-08T12:00:00,46406.56,46834.31,45606.57,46099.44,86596.263
2021-09-08T16:00:00,46099.44,46548.00,45888.00,46454.12,39100.057
2021-09-08T20:00:00,46454.12,46808.99,45834.08,46062.29,46376.145
2021-09-09T00:00:00,46060.02,46386.25,45500.00,46013.55,52506.444
2021-09-09T04:00:00,46013.55,46371.95,45890.00,46271.64,34986.953
2021-09-09T08:00:00,46271.64,46546.08,45924.09,46289.60,46497.850
2021-09-09T12:00:00,46289.60,47243.35,45623.27,46989.14,99565.005
2021-09-09T16:00:00,46989.15,47400.00,46500.00,46593.21,44770.880
2021-09-09T20:00:00,46593.20,46660.65,46053.22,46413.88,30688.618
2021-09-10T00:00:00,46413.88,47037.50,46270.00,46732.16,29304.665
2021-09-10T04:00:00,46732.16,46828.00,45893.60,46172.21,41018.794
2021-09-10T08:00:00,46169.10,46406.00,45622.00,46349.99,58125.711
2021-09-10T12:00:00,46349.99,46538.50,44758.15,45441.49,123520.035
2021-09-10T16:00:00,45441.50,45840.00,45335.12,45668.56,29804.659
2021-09-10T20:00:00,45669.99,45845.04,44120.00,44860.83,61759.205
2021-09-11T00:00:00,44860.83,45530.00,44737.40,45223.52,36111.736
2021-09-11T04:00:00,45223.53,45475.43,44804.82,45068.61,34997.051
2021-09-11T08:00:00,45068.60,45733.96,44853.86,45568.06,37789.797
2021-09-11T12:00:00,45575.02,45800.00,45401.00,45589.34,26447.583
2021-09-11T16:00:00,45589.33,45999.00,45262.34,45376.19,32267.349
2021-09-11T20:00:00,45375.83,45471.31,45000.00,45193.78,26530.599
2021-09-12T00:00:00,45194.19,45346.25,44746.51,45329.50,33196.966
2021-09-12T04:00:00,45327.95,45499.00,45048.51,45364.48,24479.611
2021-09-12T08:00:00,45364.48,46242.78,45314.55,46095.98,47644.751
2021-09-12T12:00:00,46095.98,46276.91,45743.11,45906.40,31810.136
2021-09-12T16:00:00,45906.39,46149.65,45777.88,45925.47,17578.736
2021-09-12T20:00:00,45925.48,46512.20,44901.53,46046.73,68824.430
2021-09-13T00:00:00,46048.02,46319.82,44558.00,44626.00,59248.113
2021-09-13T04:00:00,44630.29,45000.00,44200.00,44492.14,69115.610
2021-09-13T08:00:00,44488.48,44930.00,44180.00,44864.14,57176.211
2021-09-13T12:00:00,44864.14,46933.89,43323.93,44361.98,198483.003
2021-09-13T16:00:00,44361.75,44840.43,44170.00,44763.15,31976.049
2021-09-13T20:00:00,44763.15,45547.00,44763.15,44975.96,32943.082
2021-09-14T00:00:00,44975.96,45382.16,44692.90,45204.07,31041.803
2021-09-14T04:00:00,45204.06,45915.59,45062.36,45731.10,40006.116
2021-09-14T08:00:00,45729.41,46200.00,45687.88,45986.45,40278.361
2021-09-14T12:00:00,45986.45,46950.00,45771.11,46747.45,93101.236
2021-09-14T16:00:00,46747.45,46890.68,46330.00,46467.40,32623.108
2021-09-14T20:00:00,46467.40,47272.98,46380.00,47087.18,40875.097
2021-09-15T00:00:00,47087.18,47478.76,46924.10,47067.69,35974.117
2021-09-15T04:00:00,47067.69,47198.00,46675.00,47166.30,29583.795
2021-09-15T08:00:00,47166.29,47717.65,47010.78,47538.10,50367.635
2021-09-15T12:00:00,47538.10,48267.99,47300.00,48255.86,66231.614
2021-09-15T16:00:00,48255.86,48400.00,47831.57,48054.58,37565.925
2021-09-15T20:00:00,48054.58,48440.93,47900.00,48106.12,24503.284
2021-09-16T00:00:00,48106.13,48173.55,47330.00,47614.56,39726.550
2021-09-16T04:00:00,47614.56,48488.00,47574.77,48320.00,40123.698
2021-09-16T08:00:00,48319.99,48327.46,47630.00,47890.03,40712.484
2021-09-16T12:00:00,47890.03,48236.19,47206.09,48012.96,69272.468
2021-09-16T16:00:00,48012.96,48160.00,47265.10,47439.15,37252.148
2021-09-16T20:00:00,47441.38,47953.51,47038.21,47745.55,32957.379
2021-09-17T00:00:00,47745.55,48100.00,47455.59,47899.18,29521.611
2021-09-17T04:00:00,47899.19,48150.00,47657.72,47726.77,29014.839
2021-09-17T08:00:00,47726.77,47988.00,47300.00,47416.58,41557.268
2021-09-17T12:00:00,47416.57,47650.00,47123.96,47531.00,38856.862
2021-09-17T16:00:00,47530.99,47740.00,46750.00,47498.99,50815.433
2021-09-17T20:00:00,47499.00,47590.09,46801.00,47303.11,36427.327
2021-09-18T00:00:00,47303.11,47998.95,47044.32,47917.73,31644.767
2021-09-18T04:00:00,47918.43,48792.00,47907.85,48621.60,53975.466
2021-09-18T08:00:00,48621.60,48850.00,48321.00,48383.15,28238.961
2021-09-18T12:00:00,48384.34,48686.29,48256.00,48420.21,34998.783
2021-09-18T16:00:00,48420.22,48521.65,48057.00,48272.23,26661.234
2021-09-18T20:00:00,48272.24,48374.26,47813.66,48285.15,32381.202
2021-09-19T00:00:00,48284.61,48364.64,47590.33,47850.55,28919.199
2021-09-19T04:00:00,47850.54,48229.20,47770.42,48156.25,22653.159
2021-09-19T08:00:00,48159.20,48343.56,47186.03,47344.16,41682.283
2021-09-19T12:00:00,47344.16,47770.00,47050.00,47656.61,49938.825
2021-09-19T16:00:00,47656.62,47800.00,47302.63,47389.98,30298.077
2021-09-19T20:00:00,47389.99,47675.00,46840.00,47256.91,39140.390
2021-09-20T00:00:00,47256.92,47345.00,45111.00,45552.92,91180.390
2021-09-20T04:00:00,45552.92,45845.00,44377.55,44825.72,60212.725
2021-09-20T08:00:00,44825.73,45300.00,43200.00,43731.44,136457.775
2021-09-20T12:00:00,43730.01,44148.84,42467.86,43836.90,167451.314
2021-09-20T16:00:00,43836.90,44260.00,42910.00,43852.02,78724.605
2021-09-20T20:00:00,43852.01,43971.35,42561.62,43026.60,66737.820
2021-09-21T00:00:00,43026.61,43103.74,40129.23,42668.97,165130.198
2021-09-21T04:00:00,42668.98,43330.00,42154.36,43282.03,56634.392
2021-09-21T08:00:00,43281.63,43629.60,43026.16,43269.19,48130.661
2021-09-21T12:00:00,43269.19,43535.55,42151.00,43066.21,94156.405
2021-09-21T16:00:00,43065.58,43272.81,41480.11,41999.99,130615.407
2021-09-21T20:00:00,41999.99,42325.00,39503.58,40726.10,188574.939
2021-09-22T00:00:00,40727.83,42400.00,40551.49,42045.65,89229.711
2021-09-22T04:00:00,42045.66,42730.24,41808.19,42522.33,46961.054
2021-09-22T08:00:00,42522.33,42595.66,41838.04,41919.42,44510.375
2021-09-22T12:00:00,41919.43,43290.00,41868.86,43198.05,79867.184
2021-09-22T16:00:00,43198.06,43989.98,42823.53,43375.74,105523.876
2021-09-22T20:00:00,43373.59,43662.95,43001.00,43520.00,34757.552
2021-09-23T00:00:00,43520.00,44177.00,43056.00,44053.95,50679.429
2021-09-23T04:00:00,44053.95,44413.45,43682.01,44211.73,44877.149
2021-09-23T08:00:00,44211.25,44278.00,43351.00,43633.60,57993.229
2021-09-23T12:00:00,43633.60,44250.00,43373.05,43740.46,62745.708
2021-09-23T16:00:00,43740.48,44928.80,43580.00,44743.97,77514.433
2021-09-23T20:00:00,44743.97,44976.48,44322.40,44828.29,36443.577
2021-09-24T00:00:00,44828.29,44959.61,44200.00,44270.30,35562.323
2021-09-24T04:00:00,44270.31,45134.33,43873.11,44785.01,64086.595
2021-09-24T08:00:00,44785.01,45050.00,40650.00,41510.06,250306.093
2021-09-24T12:00:00,41510.06,42640.64,40818.19,41927.65,160633.813
2021-09-24T16:00:00,41927.63,42500.00,41722.80,42337.69,51755.481
2021-09-24T20:00:00,42337.68,43196.82,42271.87,42798.49,46251.215
2021-09-25T00:00:00,42798.49,42938.00,42010.76,42588.72,44364.348
2021-09-25T04:00:00,42588.73,42849.34,42172.00,42357.97,38205.811
2021-09-25T08:00:00,42350.10,42950.00,41630.26,42472.89,81861.094
2021-09-25T12:00:00,42472.89,42749.69,42145.18,42644.01,52233.338
2021-09-25T16:00:00,42644.01,42800.00,42340.00,42637.26,38001.664
2021-09-25T20:00:00,42637.02,42792.00,42356.00,42651.58,22418.540
2021-09-26T00:00:00,42646.84,42714.00,41885.82,42196.89,41156.796
2021-09-26T04:00:00,42196.88,42288.12,40725.01,41214.97,72267.576
2021-09-26T08:00:00,41214.97,43755.00,41030.61,43058.87,130713.429
2021-09-26T12:00:00,43058.86,43441.18,43058.86,43314.19,38687.911
2021-09-26T16:00:00,43314.19,43529.00,43059.00,43244.59,23183.202
2021-09-26T20:00:00,43245.25,43940.00,42650.00,43150.00,48385.002
2021-09-27T00:00:00,43150.01,44350.00,42914.04,44028.89,50572.406
2021-09-27T04:00:00,44028.89,44230.97,43623.60,43665.96,32254.405
2021-09-27T08:00:00,43662.70,44100.00,43330.00,43735.01,41911.370
2021-09-27T12:00:00,43735.00,44060.72,43019.00,43266.54,69178.265
2021-09-27T16:00:00,43266.54,43389.95,42825.78,42994.80,38182.083
2021-09-27T20:00:00,42994.81,43398.57,42059.13,42122.69,53213.077
2021-09-28T00:00:00,42122.69,42599.94,41900.67,42527.00,41436.854
2021-09-28T04:00:00,42527.72,42749.00,41629.01,41762.05,53234.934
2021-09-28T08:00:00,41763.93,42150.00,41505.01,42087.21,65640.105
2021-09-28T12:00:00,42085.72,42566.85,41254.41,41446.30,102616.356
2021-09-28T16:00:00,41443.37,41800.00,41100.53,41583.23,53505.248
2021-09-28T20:00:00,41583.24,41999.00,40854.00,41006.32,43312.041
2021-09-29T00:00:00,41002.96,42262.88,40708.73,42186.65,64818.763
2021-09-29T04:00:00,42186.67,42493.72,41965.82,42429.27,37378.049
2021-09-29T08:00:00,42429.28,42474.06,42109.59,42374.10,35147.306
2021-09-29T12:00:00,42374.10,42576.80,41613.30,41694.15,63478.681
2021-09-29T16:00:00,41694.15,41820.00,41040.01,41198.42,52244.170
2021-09-29T20:00:00,41198.42,41547.58,40887.00,41499.71,40240.620
2021-09-30T00:00:00,41499.70,43732.71,41387.78,43566.97,86918.959
2021-09-30T04:00:00,43566.97,43822.85,43206.00,43276.02,43483.797
2021-09-30T08:00:00,43276.02,43442.83,42710.40,43055.44,64065.893
2021-09-30T12:00:00,43055.44,43778.88,42820.00,43126.77,80977.781
2021-09-30T16:00:00,43126.77,44100.00,42810.06,43515.50,75584.320
2021-09-30T20:00:00,43515.27,43889.68,43071.56,43796.57,38154.896
2021-10-01T00:00:00,43799.49,44043.22,43260.01,43609.27,45391.977
2021-10-01T04:00:00,43609.27,44793.97,43437.00,44753.98,65176.097
2021-10-01T08:00:00,44753.98,47925.41,44679.84,47482.27,153071.888
2021-10-01T12:00:00,47482.28,47888.00,46756.58,47339.99,86174.404
2021-10-01T16:00:00,47340.00,48234.29,47210.92,48009.37,53638.134
2021-10-01T20:00:00,48009.51,48450.00,47710.74,48123.94,46039.268
2021-10-02T00:00:00,48123.93,48218.80,47429.21,47510.45,31301.876
2021-10-02T04:00:00,47510.44,47888.00,47410.00,47702.96,22551.259
2021-10-02T08:00:00,47701.38,47867.80,47450.81,47665.00,26612.509
2021-10-02T12:00:00,47664.99,48338.68,47600.00,47812.24,45374.946
2021-10-02T16:00:00,47812.23,48238.15,47638.09,48234.41,29378.231
2021-10-02T20:00:00,48233.07,48270.20,47536.67,47626.61,27347.167
2021-10-03T00:00:00,47626.62,47963.00,47071.26,47890.05,36685.496
2021-10-03T04:00:00,47890.05,48080.00,47776.58,47874.99,17733.513
2021-10-03T08:00:00,47875.00,48029.22,47601.26,47961.48,22173.035
2021-10-03T12:00:00,47961.47,48150.00,47790.42,47863.50,25559.597
2021-10-03T16:00:00,47863.51,49304.12,47809.00,48774.37,62363.762
2021-10-03T20:00:00,48774.38,48835.25,47608.55,48187.30,47894.972
2021-10-04T00:00:00,48187.99,48268.98,47284.66,47457.68,39500.198
2021-10-04T04:00:00,47457.30,47860.50,47214.58,47836.39,31049.402
2021-10-04T08:00:00,47836.40,47941.50,47349.34,47570.00,27790.641
2021-10-04T12:00:00,47569.99,48500.00,46885.29,47747.79,85178.016
2021-10-04T16:00:00,47747.79,49544.48,47680.61,49374.94,101626.686
2021-10-04T20:00:00,49368.39,49479.52,48551.07,49198.22,39279.894
2021-10-05T00:00:00,49199.78,49888.00,49009.21,49277.76,40188.705
2021-10-05T04:00:00,49277.77,49657.38,49061.00,49447.41,24470.730
2021-10-05T08:00:00,49444.97,50364.38,49360.00,49850.00,68221.705
2021-10-05T12:00:00,49849.99,50344.77,49574.23,49770.90,55415.104
2021-10-05T16:00:00,49770.91,51450.00,49614.59,51164.85,65944.517
2021-10-05T20:00:00,51164.86,51888.00,51080.00,51455.12,59803.052
2021-10-06T00:00:00,51460.22,51585.71,50905.00,51484.84,33086.689
2021-10-06T04:00:00,51484.84,51839.99,51164.43,51430.03,34665.448
2021-10-06T08:00:00,51430.03,51490.96,50410.00,51296.44,80723.672
2021-10-06T12:00:00,51296.44,56416.02,51248.94,55014.04,180865.745
2021-10-06T16:00:00,55014.04,55147.19,54510.00,55078.56,45790.527
2021-10-06T20:00:00,55078.55,55817.00,54840.00,55321.60,43599.667
2021-10-07T00:00:00,55327.45,55337.80,54145.42,54853.63,50480.746
2021-10-07T04:00:00,54853.63,55280.00,54325.00,54808.39,31968.056
2021-10-07T08:00:00,54807.63,54826.87,53861.03,54356.00,48013.385
2021-10-07T12:00:00,54354.98,54752.23,53374.34,53959.27,71239.286
2021-10-07T16:00:00,53959.28,54369.30,53455.30,54019.50,32294.730
2021-10-07T20:00:00,54019.50,54659.38,53650.00,53814.99,28978.342
2021-10-08T00:00:00,53814.99,54450.00,53740.70,53858.46,24389.543
2021-10-08T04:00:00,53858.47,55046.88,53647.30,54851.88,35562.654
2021-10-08T08:00:00,54851.89,56208.73,54785.00,55300.99,70861.259
2021-10-08T12:00:00,55301.00,55359.00,54000.00,54349.03,66584.854
2021-10-08T16:00:00,54349.04,54734.24,54070.87,54711.80,29271.929
2021-10-08T20:00:00,54713.17,54798.53,53768.00,53975.00,28539.796
2021-10-09T00:00:00,53974.99,54737.26,53656.66,54587.26,27436.925
2021-10-09T04:00:00,54587.26,55206.27,54400.81,54943.45,29433.798
2021-10-09T08:00:00,54943.46,55434.52,54509.02,54820.00,37225.088
2021-10-09T12:00:00,54820.01,55589.00,54820.01,55016.38,31975.210
2021-10-09T16:00:00,55016.38,55179.65,54600.00,54680.44,22046.930
2021-10-09T20:00:00,54680.44,55188.61,54342.36,54960.77,19377.442
2021-10-10T00:00:00,54960.79,55237.95,54101.00,55076.40,38153.180
2021-10-10T04:00:00,55075.01,56165.51,54871.85,55699.00,50205.002
2021-10-10T08:00:00,55699.00,55980.00,54710.00,55182.23,44971.352
2021-10-10T12:00:00,55182.24,55600.00,54641.00,55383.24,37217.943
2021-10-10T16:00:00,55383.23,55554.52,55007.18,55475.46,28703.442
2021-10-10T20:00:00,55475.45,56789.00,54329.39,54700.00,89821.899
2021-10-11T00:00:00,54700.00,56861.52,54458.00,56538.24,66036.472
2021-10-11T04:00:00,56538.24,57164.92,56158.31,56819.99,51461.605
2021-10-11T08:00:00,56820.00,56915.53,55910.00,56437.85,48793.216
2021-10-11T12:00:00,56437.85,57685.86,56150.51,57500.00,71561.859
2021-10-11T16:00:00,57500.00,57880.00,57200.84,57501.90,36940.918
2021-10-11T20:00:00,57501.90,57542.95,56810.00,57500.01,40073.980
2021-10-12T00:00:00,57500.01,57504.62,56440.01,56743.26,46972.517
2021-10-12T04:00:00,56743.25,57756.52,56584.76,57335.30,45249.453
2021-10-12T08:00:00,57335.31,57630.00,56707.43,57259.99,45040.040
2021-10-12T12:00:00,57259.99,57478.99,56060.00,56352.17,78185.277
2021-10-12T16:00:00,56352.17,56434.28,55151.32,55369.15,60127.754
2021-10-12T20:00:00,55369.14,56560.62,53750.00,56011.84,73572.734
2021-10-13T00:00:00,56011.83,56624.10,55823.28,56275.50,27038.614
2021-10-13T04:00:00,56275.51,56364.32,54569.16,54640.19,71600.312
2021-10-13T08:00:00,54638.97,55324.16,54271.24,55209.51,65531.917
2021-10-13T12:00:00,55209.51,56432.00,54520.00,56170.86,69768.586
2021-10-13T16:00:00,56170.08,57300.00,56080.00,57260.95,48615.929
2021-10-13T20:00:00,57260.94,57822.38,56622.90,57393.65,45158.960
2021-10-14T00:00:00,57393.65,58586.67,57168.15,58117.79,53273.162
2021-10-14T04:00:00,58117.79,58219.00,57363.23,57416.57,32598.366
2021-10-14T08:00:00,57416.58,58199.20,57224.70,57682.00,38956.471
2021-10-14T12:00:00,57682.27,57950.00,56980.31,57379.56,51669.384
2021-10-14T16:00:00,57379.56,58131.30,56800.00,57860.89,60182.291
2021-10-14T20:00:00,57860.89,57900.00,57234.17,57378.19,18040.077
2021-10-15T00:00:00,57377.12,59500.00,56900.00,59445.04,91087.911
2021-10-15T04:00:00,59445.05,60100.00,59159.93,59290.78,65894.165
2021-10-15T08:00:00,59290.79,59579.67,58802.41,59550.17,49766.066
2021-10-15T12:00:00,59549.16,60480.00,59211.00,60090.68,81571.548
2021-10-15T16:00:00,60086.78,61946.00,60040.55,61507.61,103722.803
2021-10-15T20:00:00,61507.60,63997.61,60806.75,61702.33,101324.020
2021-10-16T00:00:00,61702.33,61800.47,61151.00,61691.63,28876.543
2021-10-16T04:00:00,61691.62,62444.23,61587.06,61782.64,35285.876
2021-10-16T08:00:00,61782.65,62138.37,61410.04,61687.72,28927.002
2021-10-16T12:00:00,61687.72,61694.95,60500.00,60988.97,59945.091
2021-10-16T16:00:00,60988.97,61285.64,60220.00,60884.35,36673.603
2021-10-16T20:00:00,60884.34,61400.00,60519.38,60925.56,23543.784
2021-10-17T00:00:00,60925.56,61500.00,60531.00,61175.20,27985.160
2021-10-17T04:00:00,61175.21,61319.10,60360.00,60389.57,22807.513
2021-10-17T08:00:00,60389.57,61547.56,60375.57,61021.05,32646.335
2021-10-17T12:00:00,61021.05,61333.00,60530.43,60820.55,33998.820
2021-10-17T16:00:00,60820.55,61142.82,60418.29,60563.24,23039.178
2021-10-17T20:00:00,60563.23,61796.47,58850.00,61571.45,99655.508
2021-10-18T00:00:00,61571.45,62633.66,61442.01,62175.01,46856.454
2021-10-18T04:00:00,62175.00,62800.00,61806.31,61929.37,39720.952
2021-10-18T08:00:00,61929.38,62529.14,60620.00,60983.73,84981.117
2021-10-18T12:00:00,60983.73,62250.00,59897.61,62021.07,88260.636
2021-10-18T16:00:00,62021.07,62428.00,61070.30,61449.90,46621.257
2021-10-18T20:00:00,61449.91,62132.98,61128.32,62037.92,26838.065
2021-10-19T00:00:00,62037.92,63088.00,61694.65,62634.99,49481.100
2021-10-19T04:00:00,62634.83,62870.95,62018.13,62320.32,31437.363
2021-10-19T08:00:00,62320.32,62620.61,61800.00,62176.50,40335.260
2021-10-19T12:00:00,62176.50,63349.67,61300.00,62427.11,128526.158
2021-10-19T16:00:00,62427.10,64377.45,62350.00,64219.99,81231.926
2021-10-19T20:00:00,64219.99,64500.00,63712.00,64316.70,48231.911
2021-10-20T00:00:00,64314.75,64400.00,63750.00,63871.45,27908.532
2021-10-20T04:00:00,63871.46,64226.90,63518.81,64033.57,29726.212
2021-10-20T08:00:00,64033.57,64293.66,63777.00,63856.84,27122.188
2021-10-20T12:00:00,63856.08,67150.00,63828.00,66914.74,153773.157
2021-10-20T16:00:00,66918.39,67024.20,66223.39,66450.94,44838.798
2021-10-20T20:00:00,66450.95,66499.43,65535.80,66064.24,41368.981
2021-10-21T00:00:00,66064.25,66109.30,64200.00,65125.63,87198.033
2021-10-21T04:00:00,65125.63,65325.00,64214.00,65128.87,46399.910
2021-10-21T08:00:00,65128.88,66750.00,64100.00,64891.94,96807.550
2021-10-21T12:00:00,64893.03,65666.00,62000.00,63040.21,134977.491
2021-10-21T16:00:00,63040.21,63701.02,62464.21,62869.50,64597.079
2021-10-21T20:00:00,62869.50,63169.43,62020.82,62260.33,48630.395
2021-10-22T00:00:00,62260.33,63375.00,62181.91,63279.94,39587.387
2021-10-22T04:00:00,63279.94,63481.02,62511.00,63424.53,32980.396
2021-10-22T08:00:00,63424.53,63796.20,62900.33,63420.67,40556.274
2021-10-22T12:00:00,63420.67,63776.96,60550.00,60744.92,119962.530
2021-10-22T16:00:00,60744.55,61450.00,60011.90,61087.33,87908.191
2021-10-22T20:00:00,61086.99,61294.40,60154.08,60734.27,29364.749
2021-10-23T00:00:00,60734.28,61300.00,60393.56,61272.26,23897.751
2021-10-23T04:00:00,61272.25,61594.55,60740.00,60925.49,27338.755
2021-10-23T08:00:00,60925.49,61763.31,59622.00,61592.68,74469.381
2021-10-23T12:00:00,61592.68,61780.00,60740.00,61486.24,47607.373
2021-10-23T16:00:00,61486.24,61673.00,60955.02,61058.20,27844.673
2021-10-23T20:00:00,61058.19,61523.00,60856.84,61325.11,21395.545
2021-10-24T00:00:00,61325.09,61550.00,60848.13,61279.86,22131.745
2021-10-24T04:00:00,61279.86,61300.00,60610.00,60745.15,21450.534
2021-10-24T08:00:00,60745.15,61350.00,60213.53,60329.66,46018.967
2021-10-24T12:00:00,60329.65,61000.00,59664.12,59918.44,83442.205
2021-10-24T16:00:00,59918.45,60797.00,59504.46,60688.24,46040.513
2021-10-24T20:00:00,60688.25,61399.99,60613.71,60902.82,26732.857
2021-10-25T00:00:00,60902.82,62288.61,60701.00,62129.81,40482.013
2021-10-25T04:00:00,62129.80,62952.88,61850.00,62683.86,34493.218
2021-10-25T08:00:00,62683.87,63254.86,62551.01,62800.00,41841.612
2021-10-25T12:00:00,62800.00,63694.67,62646.58,63654.40,51307.222
2021-10-25T16:00:00,63654.39,63795.98,62700.00,62749.99,40775.377
2021-10-25T20:00:00,62749.99,63704.72,62595.27,63127.04,25301.658
2021-10-26T00:00:00,63129.25,63362.06,62674.17,62826.48,20284.521
2021-10-26T04:00:00,62826.48,62883.64,62244.87,62495.28,26769.566
2021-10-26T08:00:00,62495.36,63194.00,62482.26,62834.40,32745.684
2021-10-26T12:00:00,62834.39,62958.70,61851.37,62555.13,58225.820
2021-10-26T16:00:00,62558.21,62799.73,61950.00,62085.47,34482.116
2021-10-26T20:00:00,62085.47,62370.00,59838.05,60358.75,79749.217
2021-10-27T00:00:00,60358.74,60893.68,60180.00,60751.82,30927.778
2021-10-27T04:00:00,60751.82,61550.00,59942.71,59999.00,53871.002
2021-10-27T08:00:00,59998.99,60018.86,57865.00,58615.66,115740.278
2021-10-27T12:00:00,58615.66,59490.00,58292.07,58857.61,51749.198
2021-10-27T16:00:00,58857.61,59208.60,58233.00,59114.10,41720.975
2021-10-27T20:00:00,59114.09,59652.90,58422.50,58449.36,35103.165
2021-10-28T00:00:00,58449.36,59188.88,58100.00,58876.25,35335.867
2021-10-28T04:00:00,58876.35,59250.00,58707.70,59027.00,31414.041
2021-10-28T08:00:00,59027.00,61316.73,59026.80,60996.42,63108.204
2021-10-28T12:00:00,60996.41,61900.00,60893.00,61186.92,39734.268
2021-10-28T16:00:00,61186.92,61569.70,57550.00,61347.52,101150.535
2021-10-28T20:00:00,61347.51,62641.26,60364.07,60622.03,62580.201
2021-10-29T00:00:00,60622.02,62150.00,60222.00,61687.75,39600.182
2021-10-29T04:00:00,61687.75,61747.17,60415.01,60610.32,34033.945
2021-10-29T08:00:00,60610.33,61400.00,60447.21,60981.91,34308.015
2021-10-29T12:00:00,60981.91,62625.00,60754.84,62346.25,56767.016
2021-10-29T16:00:00,62346.26,63069.71,61950.00,62590.98,38908.071
2021-10-29T20:00:00,62590.98,62778.00,62111.00,62308.22,14738.544
2021-10-30T00:00:00,62308.21,62415.85,61661.16,61745.30,19494.317
2021-10-30T04:00:00,61745.29,61984.70,61308.00,61635.05,22044.413
2021-10-30T08:00:00,61638.83,62049.00,61068.92,61661.97,28607.941
2021-10-30T12:00:00,61663.39,62327.84,60631.23,61417.73,50033.648
2021-10-30T16:00:00,61416.62,61847.00,61130.02,61774.37,17943.483
2021-10-30T20:00:00,61774.37,62000.00,61243.69,61895.19,17917.721
2021-10-31T00:00:00,61895.19,62462.99,61642.84,61768.51,28672.972
2021-10-31T04:00:00,61768.51,61801.24,61111.00,61413.34,21899.629
2021-10-31T08:00:00,61413.33,61435.83,60333.00,60523.94,46618.964
2021-10-31T12:00:00,60523.94,60844.32,60008.00,60521.99,42225.542
2021-10-31T16:00:00,60522.00,60999.00,60260.00,60747.01,21733.660
2021-10-31T20:00:00,60747.01,61680.00,60570.15,61348.61,22448.757
2021-11-01T00:00:00,61347.14,61794.60,59600.00,59934.99,50562.038
2021-11-01T04:00:00,59931.23,62440.00,59400.00,62257.67,61642.346
2021-11-01T08:00:00,62257.67,62543.58,61701.04,61881.04,38855.920
2021-11-01T12:00:00,61881.04,62258.00,61350.00,61600.01,33596.189
2021-11-01T16:00:00,61600.00,61619.78,60376.00,61484.92,38713.701
2021-11-01T20:00:00,61484.92,61499.85,60432.00,60942.87,22788.167
2021-11-02T00:00:00,60942.87,61627.40,60659.58,61120.39,28982.462
2021-11-02T04:00:00,61120.39,61888.00,61107.38,61576.57,23604.763
2021-11-02T08:00:00,61579.48,63692.17,61417.81,62989.67,63013.040
2021-11-02T12:00:00,62989.66,64349.55,62982.68,64042.66,49351.259
2021-11-02T16:00:00,64042.66,64324.99,63300.00,63638.58,27320.050
2021-11-02T20:00:00,63638.59,63656.28,62651.35,63266.69,25320.488
2021-11-03T00:00:00,63266.69,63613.00,62800.00,63270.50,22638.652
2021-11-03T04:00:00,63270.50,63576.18,62777.97,63437.10,19047.805
2021-11-03T08:00:00,63437.10,63475.81,62930.00,63175.60,21927.314
2021-11-03T12:00:00,63175.59,63201.97,61623.56,62210.59,60556.881
2021-11-03T16:00:00,62210.59,63431.07,60300.00,62859.51,68494.414
2021-11-03T20:00:00,62859.60,63277.12,62760.34,62946.45,18525.117
2021-11-04T00:00:00,62946.45,63149.00,62237.00,62475.04,19317.587
2021-11-04T04:00:00,62475.00,62880.00,61850.10,61899.68,23752.380
2021-11-04T08:00:00,61899.68,62376.51,61300.00,61508.56,38273.704
2021-11-04T12:00:00,61511.34,62414.62,60833.20,61098.91,49708.066
2021-11-04T16:00:00,61099.97,61443.19,60703.00,61286.00,37596.828
2021-11-04T20:00:00,61286.08,61583.77,61035.15,61431.86,16028.514
2021-11-05T00:00:00,61433.90,62389.31,60863.62,62243.11,28653.052
2021-11-05T04:00:00,62243.10,62671.48,61914.91,62183.90,20780.244
2021-11-05T08:00:00,62183.91,62309.34,61235.00,61311.01,30237.973
2021-11-05T12:00:00,61311.03,62000.00,60762.00,60832.80,39379.747
2021-11-05T16:00:00,60832.80,61500.00,60777.00,61152.78,23840.178
2021-11-05T20:00:00,61152.78,61389.42,60781.39,61006.00,14678.443
2021-11-06T00:00:00,61006.00,61349.99,60863.69,61169.16,15231.634
2021-11-06T04:00:00,61169.15,61645.75,60517.38,60823.63,27772.665
2021-11-06T08:00:00,60825.87,61436.68,60155.00,60391.29,44458.205
2021-11-06T12:00:00,60391.28,60800.00,60100.00,60690.75,29557.603
2021-11-06T16:00:00,60690.76,61245.00,60450.00,61220.00,21295.596
2021-11-06T20:00:00,61220.00,61534.83,61137.91,61511.30,16603.415
2021-11-07T00:00:00,61511.30,62424.17,61368.26,62185.28,30046.115
2021-11-07T04:00:00,62185.29,62359.99,61729.31,61814.29,16256.467
2021-11-07T08:00:00,61814.29,62400.00,61528.00,61957.18,27930.550
2021-11-07T12:00:00,61957.18,62230.91,61750.00,61979.70,20909.992
2021-11-07T16:00:00,61979.69,62560.90,61977.53,62304.66,22086.417
2021-11-07T20:00:00,62304.66,63377.58,62194.00,63316.40,25648.667
2021-11-08T00:00:00,63316.40,65770.10,63308.70,65274.99,70925.975
2021-11-08T04:00:00,65274.99,66485.05,65110.00,65996.72,48003.386
2021-11-08T08:00:00,65996.72,66499.00,65666.61,66095.20,33008.317
2021-11-08T12:00:00,66098.00,66610.24,65235.51,66443.67,46969.933
2021-11-08T16:00:00,66443.68,66644.13,65807.00,65887.94,27662.518
2021-11-08T20:00:00,65887.94,67932.89,65614.69,67606.96,48362.017
2021-11-09T00:00:00,67606.96,68675.16,67174.10,68563.98,42655.277
2021-11-09T04:00:00,68563.99,68587.00,67654.42,67895.48,33480.414
2021-11-09T08:00:00,67898.70,68300.00,67401.83,67679.34,29176.852
2021-11-09T12:00:00,67679.34,68182.99,66700.00,66875.00,61448.796
2021-11-09T16:00:00,66874.99,67329.20,66300.00,66862.56,38622.289
2021-11-09T20:00:00,66862.55,67846.22,66701.75,67009.98,26460.206
2021-11-10T00:00:00,67010.65,67453.98,66426.09,66577.76,24127.994
2021-11-10T04:00:00,66577.76,66840.58,66300.00,66504.39,21940.337
2021-11-10T08:00:00,66504.40,67186.00,66443.82,66609.29,22141.734
2021-11-10T12:00:00,66609.28,69198.70,65850.00,68398.96,86732.022
2021-11-10T16:00:00,68398.96,68841.60,66625.00,66740.07,51984.277
2021-11-10T20:00:00,66740.07,67088.88,62400.51,64920.13,140909.209
2021-11-11T00:00:00,64920.13,65138.87,64147.12,64782.64,39500.105
2021-11-11T04:00:00,64782.64,65411.00,64430.75,65258.43,25059.263
2021-11-11T08:00:00,65259.14,65646.98,64615.00,65306.02,32596.214
2021-11-11T12:00:00,65304.45,65553.67,64450.00,64848.18,45213.237
2021-11-11T16:00:00,64848.19,65300.00,64625.00,65162.83,19811.235
2021-11-11T20:00:00,65162.83,65364.41,64788.00,64831.30,16099.221
2021-11-12T00:00:00,64831.20,65500.00,64105.00,64890.44,32665.674
2021-11-12T04:00:00,64890.44,65129.94,64250.48,64534.11,23397.892
2021-11-12T08:00:00,64534.58,65000.00,63558.61,63810.23,60971.711
2021-11-12T12:00:00,63810.23,64258.84,62900.00,63214.89,59969.843
2021-11-12T16:00:00,63214.90,64137.58,62313.00,63892.78,64246.023
2021-11-12T20:00:00,63892.78,64577.63,63739.17,64156.08,23325.182
2021-11-13T00:00:00,64156.08,64490.00,63610.75,63827.76,17361.868
2021-11-13T04:00:00,63827.76,64178.60,63555.36,64079.99,15003.153
2021-11-13T08:00:00,64079.99,64135.99,63430.01,63605.51,16628.159
2021-11-13T12:00:00,63605.52,64850.00,63462.63,64744.23,34616.590
2021-11-13T16:00:00,64744.22,65073.24,63842.37,63974.11,28126.702
2021-11-13T20:00:00,63974.11,64615.97,63960.32,64427.00,12730.021
2021-11-14T00:00:00,64426.99,65400.00,64426.99,64688.44,25824.172
2021-11-14T04:00:00,64688.45,65190.00,64506.00,64677.59,19684.672
2021-11-14T08:00:00,64677.60,64850.00,64103.00,64479.06,20833.938
2021-11-14T12:00:00,64479.07,64832.74,64024.60,64117.84,24863.392
2021-11-14T16:00:00,64117.84,64464.00,63640.00,64211.72,29576.463
2021-11-14T20:00:00,64211.73,65569.99,64087.60,65568.39,25642.064
2021-11-15T00:00:00,65568.38,66255.53,65562.96,65760.20,37903.212
2021-11-15T04:00:00,65760.19,65949.99,65550.00,65626.03,14774.073
2021-11-15T08:00:00,65626.04,66395.05,65326.39,65800.97,32258.829
2021-11-15T12:00:00,65800.97,65999.26,64308.00,64348.95,49533.702
2021-11-15T16:00:00,64348.95,64500.00,63666.00,64308.89,44930.234
2021-11-15T20:00:00,64308.90,64308.90,63351.58,63654.49,30626.552
2021-11-16T00:00:00,63654.49,63655.77,60385.00,60943.69,120191.417
2021-11-16T04:00:00,60943.68,61563.11,60283.72,60840.59,74316.828
2021-11-16T08:00:00,60840.60,61320.58,58397.14,60593.99,126415.902
2021-11-16T12:00:00,60593.87,61423.70,60031.99,60700.01,64367.275
2021-11-16T16:00:00,60700.01,60954.67,59800.00,60243.54,41310.995
2021-11-16T20:00:00,60243.54,61171.76,59143.03,60106.03,48423.289
2021-11-17T00:00:00,60106.03,60470.10,58571.42,59079.00,62067.663
2021-11-17T04:00:00,59079.01,60174.00,58600.36,59724.98,46003.470
2021-11-17T08:00:00,59724.97,60848.85,58336.68,60769.01,77233.221
2021-11-17T12:00:00,60769.01,60824.29,59355.00,59670.00,40557.842
2021-11-17T16:00:00,59670.00,60680.00,59426.48,60221.52,36955.775
2021-11-17T20:00:00,60225.25,60622.99,59661.21,60366.96,24570.902
2021-11-18T00:00:00,60366.97,60999.00,59865.61,59880.45,36756.701
2021-11-18T04:00:00,59880.45,60122.57,59533.54,59782.69,29428.028
2021-11-18T08:00:00,59782.70,59998.17,59002.27,59255.00,43849.784
2021-11-18T12:00:00,59255.00,59995.00,57534.99,58142.13,124595.319
2021-11-18T16:00:00,58134.86,58500.00,56600.00,57952.30,121385.937
2021-11-18T20:00:00,57952.31,58486.21,56505.48,56921.05,56005.903
2021-11-19T00:00:00,56921.04,57560.00,55604.00,55940.00,64900.219
2021-11-19T04:00:00,55940.00,56514.75,55852.86,56026.37,30915.485
2021-11-19T08:00:00,56025.80,57500.00,56016.50,57018.83,51371.673
2021-11-19T12:00:00,57018.91,58177.62,56730.97,57896.32,49922.026
2021-11-19T16:00:00,57889.37,58333.00,57694.28,58049.62,28740.975
2021-11-19T20:00:00,58048.02,58157.05,57555.00,58069.51,19505.743
2021-11-20T00:00:00,58069.52,58980.00,57960.00,58532.75,31151.934
2021-11-20T04:00:00,58532.75,58838.11,58264.24,58405.34,20725.834
2021-11-20T08:00:00,58400.34,58780.00,58350.02,58655.29,17163.163
2021-11-20T12:00:00,58655.28,58851.91,57532.00,57633.69,35108.608
2021-11-20T16:00:00,57633.69,59664.97,57372.00,59460.97,49012.591
2021-11-20T20:00:00,59460.97,59873.84,59331.86,59716.29,20535.212
2021-11-21T00:00:00,59716.28,59782.44,58564.56,58713.53,25100.378
2021-11-21T04:00:00,58713.53,59255.00,58585.28,59005.10,17302.632
2021-11-21T08:00:00,59005.10,59394.42,58518.88,58723.65,26861.597
2021-11-21T12:00:00,58722.02,59300.00,58681.00,59214.54,24602.374
2021-11-21T16:00:00,59214.54,60052.82,59141.08,59330.79,30890.018
2021-11-21T20:00:00,59330.79,59700.00,58550.00,58661.39,19130.272
2021-11-22T00:00:00,58648.87,58777.42,57100.00,57433.77,53164.000
2021-11-22T04:00:00,57433.76,57795.11,56800.00,57280.00,36003.396
2021-11-22T08:00:00,57280.00,57847.99,57000.00,57211.86,26793.553
2021-11-22T12:00:00,57212.20,59624.56,56577.00,58206.70,93340.737
2021-11-22T16:00:00,58206.71,58262.89,55791.13,56007.95,69926.489
2021-11-22T20:00:00,56008.25,56720.00,55600.00,56268.31,46956.706
2021-11-23T00:00:00,56268.31,57280.00,56002.27,56973.83,36061.770
2021-11-23T04:00:00,56973.83,57071.53,55849.03,56058.24,29658.795
2021-11-23T08:00:00,56055.21,57743.87,55250.00,56177.84,100005.252
2021-11-23T12:00:00,56176.01,57776.00,56120.35,56921.98,50882.049
2021-11-23T16:00:00,56921.97,57888.00,56916.93,57815.12,32770.972
2021-11-23T20:00:00,57815.12,57888.00,57422.64,57574.23,18411.487
2021-11-24T00:00:00,57574.24,57775.27,56166.04,56432.31,33135.560
2021-11-24T04:00:00,56432.31,56819.30,56260.98,56544.37,24124.796
2021-11-24T08:00:00,56544.38,57499.02,56333.82,56657.05,33944.835
2021-11-24T12:00:00,56657.04,57200.00,55900.00,56750.70,52939.771
2021-11-24T16:00:00,56750.70,57143.08,56516.33,56870.19,25100.642
2021-11-24T20:00:00,56870.19,57505.93,56767.60,57165.08,25438.153
2021-11-25T00:00:00,57165.09,58369.34,57146.46,57779.29,34242.814
2021-11-25T04:00:00,57779.29,57867.69,57029.00,57676.05,24437.128
2021-11-25T08:00:00,57676.04,58558.60,57375.38,58064.50,38043.560
2021-11-25T12:00:00,58064.51,59200.00,57960.00,59087.59,43975.202
2021-11-25T16:00:00,59087.68,59449.62,58710.00,58908.10,32545.559
2021-11-25T20:00:00,58908.09,59377.47,58555.00,58988.21,18668.390
2021-11-26T00:00:00,58988.36,59186.41,57914.38,57963.99,28865.986
2021-11-26T04:00:00,57963.99,58068.00,56680.18,57014.61,45280.684
2021-11-26T08:00:00,57014.61,57014.61,53708.21,53766.35,175798.676
2021-11-26T12:00:00,53766.35,54882.47,53500.00,54363.10,69121.639
2021-11-26T16:00:00,54363.10,54673.74,53935.37,54355.80,32885.947
2021-11-26T20:00:00,54355.80,54606.08,53530.00,53755.65,26697.987
2021-11-27T00:00:00,53755.66,54657.00,53640.69,54368.67,26946.355
2021-11-27T04:00:00,54368.66,54629.00,54224.95,54413.02,16225.013
2021-11-27T08:00:00,54413.01,55300.00,54301.92,54633.01,37275.685
2021-11-27T12:00:00,54633.01,55238.00,54504.23,54917.69,23858.397
2021-11-27T16:00:00,54917.68,55253.28,54656.59,54952.88,18633.894
2021-11-27T20:00:00,54952.88,55088.00,54024.69,54738.77,32179.773
2021-11-28T00:00:00,54738.77,54860.70,53700.00,54176.78,32593.901
2021-11-28T04:00:00,54176.78,54666.00,53958.93,54533.56,16992.683
2021-11-28T08:00:00,54533.55,54973.32,54166.30,54540.07,23038.182
2021-11-28T12:00:00,54540.07,54678.99,54061.00,54334.00,19361.504
2021-11-28T16:00:00,54332.26,54935.26,53245.00,54644.88,49287.972
2021-11-28T20:00:00,54642.30,57474.76,54642.30,57315.73,72326.373
2021-11-29T00:00:00,57315.72,58338.00,57174.00,57407.25,53579.906
2021-11-29T04:00:00,57407.24,57712.50,57215.93,57536.53,20529.854
2021-11-29T08:00:00,57536.52,57655.20,56715.00,56929.74,33015.482
2021-11-29T12:00:00,56929.75,57569.38,56866.61,57143.02,31379.541
2021-11-29T16:00:00,57143.02,58924.21,57031.00,57929.53,54319.128
2021-11-29T20:00:00,57929.53,58457.10,57700.06,57827.98,22287.555
2021-11-30T00:00:00,57827.97,58023.06,56800.16,57120.00,31773.291
2021-11-30T04:00:00,57120.01,57313.77,55900.00,56527.82,48485.300
2021-11-30T08:00:00,56532.13,57750.00,56270.00,57606.80,49903.936
2021-11-30T12:00:00,57609.29,59224.99,57260.00,57260.01,90310.801
2021-11-30T16:00:00,57260.01,58416.30,56520.00,57672.08,87393.278
2021-11-30T20:00:00,57672.08,57812.99,56768.69,56975.00,29757.542
2021-12-01T00:00:00,56978.06,57715.00,56669.49,57425.83,32025.524
2021-12-01T04:00:00,57425.82,57488.02,56710.00,57205.42,23787.105
2021-12-01T08:00:00,57205.42,57865.00,56750.00,57187.60,42655.778
2021-12-01T12:00:00,57187.61,58876.62,57033.29,58650.25,66391.115
2021-12-01T16:00:00,58650.14,59100.00,57055.55,57476.30,62226.222
2021-12-01T20:00:00,57476.30,57506.66,56500.00,57209.29,46873.360
2021-12-02T00:00:00,57209.28,57428.49,55800.00,56328.39,51697.736
2021-12-02T04:00:00,56328.40,56986.62,56238.90,56833.48,36358.475
2021-12-02T08:00:00,56833.47,57213.12,56070.24,56350.01,36291.735
2021-12-02T12:00:00,56350.01,57394.99,56046.20,56536.60,58676.376
2021-12-02T16:00:00,56536.61,56973.77,56039.96,56650.00,40717.024
2021-12-02T20:00:00,56650.00,57244.00,56391.00,56513.57,26243.909
2021-12-03T00:00:00,56513.56,56798.92,56101.81,56361.80,24630.393
2021-12-03T04:00:00,56361.79,57080.00,56283.46,56777.14,26680.986
2021-12-03T08:00:00,56777.13,57382.98,56472.45,57011.36,34275.026
2021-12-03T12:00:00,57010.13,57670.00,55800.00,56030.73,66946.249
2021-12-03T16:00:00,56026.67,56026.67,53768.57,53884.35,104156.750
2021-12-03T20:00:00,53884.35,54100.00,50604.00,53612.00,117442.612
2021-12-04T00:00:00,53611.86,53889.69,52002.79,52003.89,46209.014
2021-12-04T04:00:00,52014.66,52618.39,40888.89,47241.93,296139.304
2021-12-04T08:00:00,47241.92,47872.80,46102.36,46483.34,78691.266
2021-12-04T12:00:00,46483.34,48500.00,46479.67,48162.00,74594.808
2021-12-04T16:00:00,48162.00,49433.11,47744.00,49246.77,59206.997
2021-12-04T20:00:00,49244.03,49467.64,48499.13,49135.66,43933.600
2021-12-05T00:00:00,49135.66,49699.49,48317.31,49160.00,48747.988
2021-12-05T04:00:00,49160.00,49642.84,48805.00,49267.19,28816.705
2021-12-05T08:00:00,49267.19,49542.12,48711.40,49211.11,36831.771
2021-12-05T12:00:00,49211.04,49666.00,47755.00,47954.99,69612.077
2021-12-05T16:00:00,47954.99,49350.00,47900.00,48892.40,63957.743
2021-12-05T20:00:00,48892.40,49517.00,48480.00,49376.60,38468.098
2021-12-06T00:00:00,49373.83,49436.45,48274.02,49001.78,44375.571
2021-12-06T04:00:00,49001.53,49253.31,47695.18,48393.90,39729.982
2021-12-06T08:00:00,48398.07,49499.99,47000.00,48572.09,117027.778
2021-12-06T12:00:00,48571.17,48950.00,47816.98,48922.12,63688.760
2021-12-06T16:00:00,48923.27,49389.08,48647.62,49095.33,33750.285
2021-12-06T20:00:00,49095.33,50888.00,48751.00,50424.72,59138.653
2021-12-07T00:00:00,50424.72,51499.99,50322.30,50922.04,36758.614
2021-12-07T04:00:00,50922.05,51324.53,50756.55,50890.15,25703.999
2021-12-07T08:00:00,50892.43,51533.10,50811.00,51433.34,32265.317
2021-12-07T12:00:00,51433.34,51929.00,50639.00,51721.54,56930.414
2021-12-07T16:00:00,51717.31,51857.68,50652.19,50880.70,34078.677
2021-12-07T20:00:00,50880.69,50999.85,50012.00,50577.20,38933.597
2021-12-08T00:00:00,50577.20,50789.38,50105.00,50121.08,22479.730
2021-12-08T04:00:00,50121.09,50695.40,50079.04,50489.99,20829.668
2021-12-08T08:00:00,50489.99,50628.00,48820.00,49180.57,54568.633
2021-12-08T12:00:00,49180.57,51210.60,48533.33,50626.17,86105.795
2021-12-08T16:00:00,50625.94,50847.53,50044.00,50416.92,33060.268
2021-12-08T20:00:00,50416.93,50840.00,50066.00,50455.61,21185.790
2021-12-09T00:00:00,50459.61,50773.03,49401.74,49507.24,29192.326
2021-12-09T04:00:00,49506.76,50333.00,49142.00,49987.90,32799.879
2021-12-09T08:00:00,49987.91,49992.56,48861.01,49150.01,45683.388
2021-12-09T12:00:00,49150.00,49646.12,48062.50,48454.96,65882.899
2021-12-09T16:00:00,48452.02,48853.37,47501.00,47619.50,55660.684
2021-12-09T20:00:00,47619.49,48467.58,47312.89,47539.76,43866.910
2021-12-10T00:00:00,47539.34,48785.88,47438.00,48348.78,43997.441
2021-12-10T04:00:00,48348.77,48567.61,47540.00,47685.30,29560.784
2021-12-10T08:00:00,47685.30,48727.78,47624.47,48697.41,33302.976
2021-12-10T12:00:00,48697.40,50188.42,47743.00,47973.40,95523.594
2021-12-10T16:00:00,47973.40,48327.58,47221.32,48101.35,62325.059
2021-12-10T20:00:00,48101.35,48525.55,46828.23,47136.35,38264.575
2021-12-11T00:00:00,47132.31,48684.00,46724.35,48296.60,51226.667
2021-12-11T04:00:00,48296.60,48893.08,47758.89,48018.81,31341.975
2021-12-11T08:00:00,48018.54,48915.27,47835.90,48222.24,36619.756
2021-12-11T12:00:00,48222.23,48934.06,48150.00,48730.51,32932.693
2021-12-11T16:00:00,48730.51,49285.51,48370.00,48400.00,33165.848
2021-12-11T20:00:00,48400.00,49499.05,48379.95,49381.15,25673.053
2021-12-12T00:00:00,49379.51,49684.55,49010.01,49279.08,21990.553
2021-12-12T04:00:00,49279.09,49341.92,48800.14,49276.18,18507.905
2021-12-12T08:00:00,49276.19,49360.00,48616.16,49103.88,28512.545
2021-12-12T12:00:00,49103.90,49927.23,49088.29,49609.38,41937.863
2021-12-12T16:00:00,49609.39,50768.00,49500.00,50214.67,50560.223
2021-12-12T20:00:00,50214.67,50538.86,49863.56,50057.01,21925.196
2021-12-13T00:00:00,50057.02,50180.00,48411.47,48852.97,48460.376
2021-12-13T04:00:00,48852.96,49329.45,48555.72,48731.03,31194.786
2021-12-13T08:00:00,48731.02,49160.00,48078.20,48825.17,35244.336
2021-12-13T12:00:00,48824.53,48990.57,47000.00,47239.07,73371.395
2021-12-13T16:00:00,47239.07,47900.00,45600.00,46699.36,112620.663
2021-12-13T20:00:00,46699.36,47315.13,46208.55,46679.93,47659.766
2021-12-14T00:00:00,46679.93,47200.00,46255.60,46937.26,35804.089
2021-12-14T04:00:00,46937.26,47150.00,46309.44,46981.79,32736.936
2021-12-14T08:00:00,46981.78,47762.90,46768.01,47599.90,45927.870
2021-12-14T12:00:00,47599.90,47958.62,46590.00,46833.09,56207.231
2021-12-14T16:00:00,46833.08,47134.88,46435.25,46844.02,41922.355
2021-12-14T20:00:00,46844.15,48657.92,46825.33,48324.04,53615.146
2021-12-15T00:00:00,48324.00,48784.23,47830.00,48250.16,29305.954
2021-12-15T04:00:00,48250.17,48431.21,47913.77,48200.00,23871.151
2021-12-15T08:00:00,48199.99,48763.23,48069.85,48135.18,32277.139
2021-12-15T12:00:00,48135.19,48300.00,46545.21,46622.38,70193.797
2021-12-15T16:00:00,46621.85,49256.03,46518.73,48659.07,132449.756
2021-12-15T20:00:00,48656.02,49479.75,48520.00,48870.48,57142.094
2021-12-16T00:00:00,48870.48,49270.00,48710.00,48821.44,24583.273
2021-12-16T04:00:00,48822.43,49028.38,48503.13,48718.17,21891.147
2021-12-16T08:00:00,48718.16,49439.79,48610.00,49198.04,28955.162
2021-12-16T12:00:00,49198.05,49282.58,48244.05,48584.85,59807.805
2021-12-16T16:00:00,48584.84,48700.00,47667.52,47874.00,42714.147
2021-12-16T20:00:00,47874.00,48400.75,47500.00,47624.50,37922.653
2021-12-17T00:00:00,47629.10,47988.27,47358.66,47762.21,24954.848
2021-12-17T04:00:00,47762.20,47948.38,46700.00,46990.01,40882.063
2021-12-17T08:00:00,46990.00,47285.17,46748.79,47100.00,36356.234
2021-12-17T12:00:00,47100.01,47362.52,45373.11,46487.19,99017.771
2021-12-17T16:00:00,46490.50,47430.00,46351.41,46742.66,62015.642
2021-12-17T20:00:00,46742.66,47090.38,45500.00,46125.33,63231.577
2021-12-18T00:00:00,46125.33,46535.58,45438.43,46267.44,48155.570
2021-12-18T04:00:00,46267.45,46847.60,46046.01,46324.60,31335.257
2021-12-18T08:00:00,46327.75,47336.99,46169.17,47059.59,38943.395
2021-12-18T12:00:00,47055.71,47220.97,46550.00,46846.39,29805.153
2021-12-18T16:00:00,46845.24,46977.65,46310.00,46623.99,24012.194
2021-12-18T20:00:00,46623.99,47098.60,46506.52,46815.99,18754.846
2021-12-19T00:00:00,46815.99,47950.00,46399.37,47685.96,39911.690
2021-12-19T04:00:00,47685.96,48055.00,47422.24,47507.85,32383.652
2021-12-19T08:00:00,47507.85,47628.50,46800.00,47141.22,36281.681
2021-12-19T12:00:00,47141.22,48461.17,46844.13,47228.69,68570.303
2021-12-19T16:00:00,47230.34,47473.33,46447.05,46656.13,31033.635
2021-12-19T20:00:00,46658.72,47549.79,46450.00,46668.63,33517.580
2021-12-20T00:00:00,46668.65,47203.22,46200.00,46676.54,42052.681
2021-12-20T04:00:00,46676.54,47027.60,46069.65,46421.66,37480.623
2021-12-20T08:00:00,46421.66,46548.04,45736.00,46074.13,43299.535
2021-12-20T12:00:00,46074.13,46300.00,45530.67,45969.00,64165.180
2021-12-20T16:00:00,45969.13,46684.85,45850.33,46559.71,41520.360
2021-12-20T20:00:00,46559.71,47533.42,46559.71,46898.14,45285.880
2021-12-21T00:00:00,46896.82,48103.10,46650.00,47927.51,44660.755
2021-12-21T04:00:00,47927.52,48800.00,47925.00,48574.38,57862.219
2021-12-21T08:00:00,48574.39,49089.47,48425.77,48844.63,39374.386
2021-12-21T12:00:00,48842.65,49298.78,48295.67,48408.64,61266.779
2021-12-21T16:00:00,48408.64,48880.00,48327.00,48606.89,25865.288
2021-12-21T20:00:00,48606.89,49280.00,48453.55,48875.15,30978.931
2021-12-22T00:00:00,48875.88,49599.00,48571.37,49236.80,38612.406
2021-12-22T04:00:00,49237.13,49324.44,48908.00,49175.75,27330.125
2021-12-22T08:00:00,49175.75,49522.28,48830.00,48979.40,34543.290
2021-12-22T12:00:00,48979.41,49120.00,48420.02,48858.42,48215.448
2021-12-22T16:00:00,48858.42,49250.00,48500.15,48911.21,34270.969
2021-12-22T20:00:00,48911.21,49125.19,48514.22,48569.69,25491.451
2021-12-23T00:00:00,48569.69,48721.81,48020.00,48509.30,40285.592
2021-12-23T04:00:00,48509.29,48567.79,48034.03,48118.00,23330.348
2021-12-23T08:00:00,48118.01,48537.76,48067.57,48344.91,25355.563
2021-12-23T12:00:00,48341.46,48850.00,48310.04,48788.00,33714.000
2021-12-23T16:00:00,48788.00,51377.74,48656.98,51082.35,99972.670
2021-12-23T20:00:00,51082.35,51139.91,50533.87,50817.92,33227.307
2021-12-24T00:00:00,50817.94,51498.87,50633.19,51029.98,40600.277
2021-12-24T04:00:00,51029.99,51089.89,50730.79,50990.00,18735.070
2021-12-24T08:00:00,50989.99,51453.07,50837.03,50976.00,29344.850
2021-12-24T12:00:00,50976.00,51222.62,50379.25,50923.47,44030.016
2021-12-24T16:00:00,50923.47,51805.00,50720.00,51127.36,53166.512
2021-12-24T20:00:00,51127.36,51222.73,50470.00,50808.55,34332.000
2021-12-25T00:00:00,50809.37,51122.95,50600.00,50833.29,17276.190
2021-12-25T04:00:00,50833.29,51077.00,50650.00,50916.29,16306.840
2021-12-25T08:00:00,50916.30,51009.50,50550.00,50685.22,18819.754
2021-12-25T12:00:00,50686.71,50929.31,50634.00,50669.01,19525.973
2021-12-25T16:00:00,50669.01,51190.00,50105.00,50901.01,42827.781
2021-12-25T20:00:00,50901.01,51080.00,50341.41,50403.64,32905.900
2021-12-26T00:00:00,50403.64,50677.20,49611.45,49672.67,50236.523
2021-12-26T04:00:00,49672.68,49969.00,49616.00,49915.86,18703.555
2021-12-26T08:00:00,49915.87,50158.96,49350.00,49729.35,29899.118
2021-12-26T12:00:00,49729.35,50278.67,49624.11,50039.10,25389.585
2021-12-26T16:00:00,50039.10,50450.00,50004.15,50330.01,21876.853
2021-12-26T20:00:00,50330.00,51300.00,49899.42,50765.73,38694.982
2021-12-27T00:00:00,50765.73,51133.00,50450.00,51007.02,26801.538
2021-12-27T04:00:00,51007.02,51102.25,50630.76,50693.01,22776.056
2021-12-27T08:00:00,50693.01,50917.68,50501.71,50765.06,24228.779
2021-12-27T12:00:00,50765.07,51686.28,50582.00,51449.29,53958.429
2021-12-27T16:00:00,51449.29,52134.00,51200.00,51207.92,51489.513
2021-12-27T20:00:00,51207.93,51365.00,50620.02,50707.72,36970.948
2021-12-28T00:00:00,50707.72,50713.56,49500.00,49826.48,63833.496
2021-12-28T04:00:00,49826.47,49826.48,48555.00,49197.91,54337.141
2021-12-28T08:00:00,49197.91,49429.40,48745.18,49182.14,40077.647
2021-12-28T12:00:00,49182.13,49360.99,48113.26,48921.84,54869.147
2021-12-28T16:00:00,48921.83,48961.77,47290.00,47676.66,88235.093
2021-12-28T20:00:00,47676.66,48021.01,47294.52,47522.03,34730.816
2021-12-29T00:00:00,47522.02,48125.97,47420.00,47979.43,27210.090
2021-12-29T04:00:00,47979.44,48041.00,47512.59,47558.50,20596.079
2021-12-29T08:00:00,47561.68,48084.80,47381.00,47734.91,35436.138
2021-12-29T12:00:00,47734.91,48040.00,46559.46,47941.37,98456.836
2021-12-29T16:00:00,47941.37,48033.00,47000.00,47123.01,37327.094
2021-12-29T20:00:00,47123.00,47706.52,46000.00,46436.54,55769.141
2021-12-30T00:00:00,46436.53,46840.08,45880.00,46495.88,50296.858
2021-12-30T04:00:00,46495.87,47088.82,46471.22,46953.32,27564.357
2021-12-30T08:00:00,46953.31,47550.00,46650.00,47492.99,38603.655
2021-12-30T12:00:00,47493.00,47694.10,47101.09,47144.27,36403.503
2021-12-30T16:00:00,47144.80,47911.68,47058.19,47540.18,37670.154
2021-12-30T20:00:00,47540.18,47650.00,46700.00,47095.02,39392.761
2021-12-31T00:00:00,47095.02,47369.95,46803.81,47185.18,32634.143
2021-12-31T04:00:00,47185.18,47545.00,46828.70,47168.94,30888.372
2021-12-31T08:00:00,47168.94,48575.00,47051.42,47977.58,73628.822
2021-12-31T12:00:00,47977.58,48140.18,47810.00,48004.73,30532.946
2021-12-31T16:00:00,48004.76,48110.35,45656.00,45707.62,76988.381
2021-12-31T20:00:00,45707.62,46558.39,45650.00,46210.56,42513.339
2022-01-01T00:00:00,46210.57,46944.56,46210.55,46789.56,24921.419
2022-01-01T04:00:00,46789.55,47566.66,46605.00,47186.83,34840.019
2022-01-01T08:00:00,47186.83,47338.00,46700.09,46755.01,29421.287
2022-01-01T12:00:00,46755.01,47488.64,46755.01,47194.78,28293.730
2022-01-01T16:00:00,47194.77,47943.77,47157.59,47326.98,38466.496
2022-01-01T20:00:00,47326.99,47813.43,47202.47,47704.35,23490.633
2022-01-02T00:00:00,47704.35,47745.61,47263.28,47330.75,20840.181
2022-01-02T04:00:00,47330.76,47418.65,46749.99,47171.04,31316.560
2022-01-02T08:00:00,47171.39,47500.00,46963.66,47231.30,22208.407
2022-01-02T12:00:00,47231.29,47453.05,47002.47,47329.68,26792.140
2022-01-02T16:00:00,47329.68,48000.00,46605.68,46908.29,63863.450
2022-01-02T20:00:00,46908.66,47469.46,46815.75,47280.00,19774.355
2022-01-03T00:00:00,47280.01,47288.28,46717.26,46802.86,26291.881
2022-01-03T04:00:00,46802.86,47217.37,46750.00,47041.11,21333.244
2022-01-03T08:00:00,47042.77,47436.26,46777.00,47364.11,33235.580
2022-01-03T12:00:00,47364.11,47575.22,46560.00,46689.99,57712.063
2022-01-03T16:00:00,46689.99,46800.00,46260.40,46364.55,49363.789
2022-01-03T20:00:00,46364.56,46579.28,45665.40,46445.81,56845.236
2022-01-04T00:00:00,46445.80,46550.00,45931.61,46313.95,30816.389
2022-01-04T04:00:00,46313.95,46550.89,46020.50,46521.68,28851.557
2022-01-04T08:00:00,46521.69,46750.00,46270.54,46709.98,37737.680
2022-01-04T12:00:00,46709.97,47524.36,46390.84,46925.28,68631.828
2022-01-04T16:00:00,46925.28,46986.54,45445.57,46058.09,92895.654
2022-01-04T20:00:00,46058.09,46430.38,45750.00,45833.42,33216.642
2022-01-05T00:00:00,45833.41,46580.00,45710.23,46409.76,28814.127
2022-01-05T04:00:00,46412.87,46537.00,46243.10,46399.33,18289.792
2022-01-05T08:00:00,46399.34,47075.29,46095.40,46271.93,54891.578
2022-01-05T12:00:00,46271.93,46820.83,45900.00,46611.46,81299.270
2022-01-05T16:00:00,46611.47,46670.00,44128.22,44673.22,128210.848
2022-01-05T20:00:00,44671.93,44835.00,42270.00,43421.69,173971.954
2022-01-06T00:00:00,43421.70,43766.00,42801.00,42817.38,56177.064
2022-01-06T04:00:00,42821.05,43258.82,42566.73,43222.22,53675.887
2022-01-06T08:00:00,43222.22,43253.23,42385.83,42865.15,59278.161
2022-01-06T12:00:00,42865.14,43228.73,42629.75,42947.79,61959.766
2022-01-06T16:00:00,42947.78,43488.48,42742.00,43409.03,42221.222
2022-01-06T20:00:00,43409.03,43564.78,43000.00,43080.01,26197.751
2022-01-07T00:00:00,43080.01,43135.00,41500.00,41789.97,72499.775
2022-01-07T04:00:00,41789.97,41931.00,40900.00,41691.61,96980.039
2022-01-07T08:00:00,41699.41,42960.00,41601.96,42249.99,61787.693
2022-01-07T12:00:00,42250.00,42791.45,40456.56,41297.41,131096.797
2022-01-07T16:00:00,41297.14,42345.81,40900.00,41764.32,79067.223
2022-01-07T20:00:00,41763.67,42056.36,41300.00,41553.86,31783.322
2022-01-08T00:00:00,41553.87,42247.36,41553.86,41796.03,33066.323
2022-01-08T04:00:00,41796.03,41988.67,41711.35,41902.21,16857.004
2022-01-08T08:00:00,41902.21,42191.84,41747.64,41918.02,32638.282
2022-01-08T12:00:00,41918.02,42040.23,41300.00,41600.72,39542.944
2022-01-08T16:00:00,41600.72,41729.60,40500.00,40837.51,100299.812
2022-01-08T20:00:00,40837.50,42335.00,40722.22,41688.05,61332.859
2022-01-09T00:00:00,41688.05,42168.00,41380.00,41835.60,36586.352
2022-01-09T04:00:00,41835.60,42092.95,41666.00,41784.63,22050.977
2022-01-09T08:00:00,41784.62,42000.00,41400.00,41854.25,34959.754
2022-01-09T12:00:00,41854.26,41918.00,41170.00,41611.09,40736.574
2022-01-09T16:00:00,41611.09,42735.00,41550.00,42678.95,54244.795
2022-01-09T20:00:00,42678.96,42773.85,41755.00,41851.22,34556.500
2022-01-10T00:00:00,41851.22,42025.00,41572.00,41946.05,29063.854
2022-01-10T04:00:00,41946.05,42219.84,41801.63,42034.99,27296.153
2022-01-10T08:00:00,42035.00,42098.52,41422.00,41564.26,38659.985
2022-01-10T12:00:00,41564.26,41612.00,39610.00,40973.56,191731.906
2022-01-10T16:00:00,40973.56,42140.28,40502.10,41280.45,129699.635
2022-01-10T20:00:00,41280.45,41990.00,41144.14,41801.55,37192.583
2022-01-11T00:00:00,41801.55,42369.99,41537.00,42251.59,38923.481
2022-01-11T04:00:00,42251.60,42350.00,41950.00,42191.79,28211.101
2022-01-11T08:00:00,42191.81,42698.34,41561.25,41800.95,54600.484
2022-01-11T12:00:00,41800.07,42200.00,41255.00,41716.42,70410.719
2022-01-11T16:00:00,41716.41,43118.00,41662.16,42938.55,105655.963
2022-01-11T20:00:00,42938.55,43080.52,42586.58,42700.68,25958.943
2022-01-12T00:00:00,42700.69,42949.97,42415.00,42592.92,25398.301
2022-01-12T04:00:00,42592.91,42864.00,42450.00,42550.09,24257.707
2022-01-12T08:00:00,42550.10,43444.00,42487.74,42906.98,55508.866
2022-01-12T12:00:00,42906.98,44091.93,42848.38,43549.99,103073.726
2022-01-12T16:00:00,43550.00,43870.00,43300.00,43707.20,38298.922
2022-01-12T20:00:00,43708.98,44300.00,43604.00,43880.72,34801.772
2022-01-13T00:00:00,43880.72,44034.98,43419.11,43501.19,25184.537
2022-01-13T04:00:00,43501.18,43777.00,43480.37,43682.70,18454.877
2022-01-13T08:00:00,43682.70,43998.00,43466.76,43592.10,35161.982
2022-01-13T12:00:00,43592.10,44396.68,42847.86,43170.00,101156.462
2022-01-13T16:00:00,43170.00,43500.00,42511.49,42690.02,72060.145
2022-01-13T20:00:00,42690.01,42862.05,42301.16,42534.32,37271.177
2022-01-14T00:00:00,42538.72,42764.51,42350.00,42611.77,26118.078
2022-01-14T04:00:00,42611.04,42950.70,42557.83,42635.62,25171.362
2022-01-14T08:00:00,42635.64,42687.35,41807.22,41983.12,61165.784
2022-01-14T12:00:00,41983.12,43350.00,41666.00,43082.57,94050.754
2022-01-14T16:00:00,43082.58,43388.00,42758.46,43055.09,41991.268
2022-01-14T20:00:00,43055.10,43450.00,42976.94,43042.40,24019.831
2022-01-15T00:00:00,43042.40,43161.54,42846.58,42918.27,18172.760
2022-01-15T04:00:00,42918.27,43091.24,42676.19,43073.99,21502.380
2022-01-15T08:00:00,43073.99,43279.93,42856.31,42995.23,24779.190
2022-01-15T12:00:00,42998.20,43389.66,42530.64,43370.01,53299.809
2022-01-15T16:00:00,43370.00,43570.00,43200.34,43496.85,30500.863
2022-01-15T20:00:00,43496.85,43800.00,43058.57,43070.51,36394.155
2022-01-16T00:00:00,43070.51,43136.68,42816.00,42966.51,21680.661
2022-01-16T04:00:00,42966.51,43229.83,42835.00,43173.02,19685.639
2022-01-16T08:00:00,43173.02,43274.82,42750.00,42960.00,26377.981
2022-01-16T12:00:00,42960.00,43409.42,42531.69,43207.81,57634.189
2022-01-16T16:00:00,43208.01,43464.71,42768.87,42817.01,29378.379
2022-01-16T20:00:00,42817.01,43250.00,42731.07,43060.66,22693.626
2022-01-17T00:00:00,43060.66,43159.32,42606.00,42635.91,27198.485
2022-01-17T04:00:00,42636.30,42951.92,42222.00,42639.51,38889.007
2022-01-17T08:00:00,42638.10,42887.63,42555.01,42656.61,26231.901
2022-01-17T12:00:00,42656.61,42768.95,42345.78,42467.49,37730.884
2022-01-17T16:00:00,42467.49,42527.00,41826.00,42221.15,57281.534
2022-01-17T20:00:00,42221.14,42368.00,41523.68,42176.34,45416.534
2022-01-18T00:00:00,42176.34,42413.00,41953.90,42027.18,26401.352
2022-01-18T04:00:00,42027.18,42321.40,41855.00,42040.00,28273.791
2022-01-18T08:00:00,42040.00,42040.00,41379.39,41842.40,53114.385
2022-01-18T12:00:00,41842.40,41937.49,41260.00,41574.09,74084.757
2022-01-18T16:00:00,41574.09,41777.99,41370.64,41680.93,39393.236
2022-01-18T20:00:00,41680.94,42680.00,41486.00,42337.58,46204.944
2022-01-19T00:00:00,42337.58,42498.87,41550.00,41690.59,45861.101
2022-01-19T04:00:00,41690.61,41835.97,41133.73,41271.21,44726.027
2022-01-19T08:00:00,41271.21,42154.99,41115.64,42023.15,70232.904
2022-01-19T12:00:00,42023.97,42545.00,41828.00,41971.31,81370.997
2022-01-19T16:00:00,41971.31,42366.95,41683.33,41864.47,61136.253
2022-01-19T20:00:00,41864.46,41986.76,41557.00,41657.89,30624.813
2022-01-20T00:00:00,41656.90,42068.12,41631.30,41915.36,24616.155
2022-01-20T04:00:00,41915.35,42145.71,41756.64,42039.99,21627.880
2022-01-20T08:00:00,42040.00,42217.91,41803.00,42117.31,32685.076
2022-01-20T12:00:00,42117.32,43440.00,41923.00,43275.74,112378.669
2022-01-20T16:00:00,43275.75,43495.00,42810.00,42909.99,62557.723
2022-01-20T20:00:00,42909.99,42975.30,40550.00,40661.69,145952.549
2022-01-21T00:00:00,40662.06,41095.76,38200.00,38447.91,190332.367
2022-01-21T04:00:00,38447.92,39157.25,38419.12,39106.42,68697.007
2022-01-21T08:00:00,39106.43,39272.13,38645.16,38878.71,51331.454
2022-01-21T12:00:00,38878.72,39029.55,37648.16,38831.88,164801.884
2022-01-21T16:00:00,38831.88,39045.00,37805.00,37967.04,88881.025
2022-01-21T20:00:00,37967.04,38471.92,35380.92,36425.98,226277.172
2022-01-22T00:00:00,36426.46,36817.74,35947.20,36319.99,81267.516
2022-01-22T04:00:00,36319.99,36411.75,35101.00,35374.14,100575.875
2022-01-22T08:00:00,35377.17,35930.16,33950.00,35385.59,188021.304
2022-01-22T12:00:00,35383.04,36181.08,34800.00,34829.93,106490.777
2022-01-22T16:00:00,34829.93,35488.00,34211.50,34506.47,118674.765
2022-01-22T20:00:00,34506.48,35756.00,34404.63,35043.73,81242.667
2022-01-23T00:00:00,35043.73,35502.00,34800.00,35032.09,43478.667
2022-01-23T04:00:00,35032.08,35742.00,34920.64,35553.20,52786.990
2022-01-23T08:00:00,35552.00,36118.05,35315.84,35671.57,73916.856
2022-01-23T12:00:00,35671.56,36055.00,35021.12,35265.33,65186.126
2022-01-23T16:00:00,35265.32,35443.83,34588.80,34763.65,57028.697
2022-01-23T20:00:00,34763.65,36496.92,34687.13,36230.01,76975.567
2022-01-24T00:00:00,36230.00,36249.53,35144.67,35315.02,54944.390
2022-01-24T04:00:00,35315.03,35448.00,34798.20,34875.53,53335.384
2022-01-24T08:00:00,34875.54,35580.00,33005.33,33690.01,213651.211
2022-01-24T12:00:00,33690.00,34345.00,32853.83,34217.72,218066.539
2022-01-24T16:00:00,34218.81,36424.00,33758.49,36050.48,189038.451
2022-01-24T20:00:00,36050.46,37528.00,35936.65,36648.31,93964.727
2022-01-25T00:00:00,36648.30,36667.62,35942.59,36405.01,42911.754
2022-01-25T04:00:00,36402.55,36480.00,35693.00,36035.00,46686.852
2022-01-25T08:00:00,36033.41,36793.85,35993.84,36385.00,64687.349
2022-01-25T12:00:00,36384.99,37161.33,35950.41,36522.01,113892.414
2022-01-25T16:00:00,36526.33,37561.03,36480.52,37039.99,86729.467
2022-01-25T20:00:00,37039.99,37081.53,36404.17,36934.26,54627.681
2022-01-26T00:00:00,36934.26,37480.00,36536.00,37363.81,44102.324
2022-01-26T04:00:00,37363.81,37973.78,37125.00,37321.95,59484.763
2022-01-26T08:00:00,37321.96,38239.99,37311.81,38045.91,70811.350
2022-01-26T12:00:00,38045.92,38485.39,37566.00,37962.11,90755.824
2022-01-26T16:00:00,37962.11,38886.58,37363.22,37548.79,174483.135
2022-01-26T20:00:00,37548.79,37548.79,36232.42,36787.43,114819.988
2022-01-27T00:00:00,36787.42,37067.62,35471.53,35730.42,80090.886
2022-01-27T04:00:00,35730.42,36277.13,35673.67,36150.76,45168.023
2022-01-27T08:00:00,36151.81,36776.99,35788.02,36670.15,57824.352
2022-01-27T12:00:00,36670.14,37200.00,36451.61,36625.30,77370.159
2022-01-27T16:00:00,36625.29,36774.40,35850.00,36194.34,73057.779
2022-01-27T20:00:00,36194.33,37200.00,35513.13,37131.00,88495.723
2022-01-28T00:00:00,37131.00,37451.00,36601.16,37341.84,55618.483
2022-01-28T04:00:00,37342.54,37488.99,36766.00,36788.86,49705.575
2022-01-28T08:00:00,36788.86,36884.88,36309.00,36433.29,56963.316
2022-01-28T12:00:00,36433.29,37293.22,36149.02,37169.99,100314.742
2022-01-28T16:00:00,37169.99,37359.00,36750.00,37205.88,54635.766
2022-01-28T20:00:00,37205.88,38000.00,37118.98,37696.21,50271.261
2022-01-29T00:00:00,37696.22,37979.00,37431.10,37715.00,30569.454
2022-01-29T04:00:00,37715.00,37939.00,37575.06,37822.15,26772.493
2022-01-29T08:00:00,37822.15,37925.00,37550.00,37723.57,23928.858
2022-01-29T12:00:00,37723.57,38211.05,37252.00,37543.79,64654.344
2022-01-29T16:00:00,37543.79,37938.88,37297.34,37831.00,36527.600
2022-01-29T20:00:00,37832.37,38750.94,37807.90,38150.01,56205.015
2022-01-30T00:00:00,38150.00,38280.73,37716.38,37899.99,26640.056
2022-01-30T04:00:00,37900.00,38283.55,37880.06,38228.00,22596.856
2022-01-30T08:00:00,38228.00,38420.30,37800.00,38095.46,34747.003
2022-01-30T12:00:00,38095.46,38146.53,37706.10,37962.13,35624.410
2022-01-30T16:00:00,37962.61,38082.15,37419.90,37505.73,34844.098
2022-01-30T20:00:00,37505.73,38240.00,37334.83,37870.01,40576.702
2022-01-31T00:00:00,37870.00,37938.00,36620.00,36998.67,59198.630
2022-01-31T04:00:00,36998.67,37174.61,36794.81,37098.68,25195.949
2022-01-31T08:00:00,37098.68,37338.33,36880.00,37245.00,33956.838
2022-01-31T12:00:00,37245.00,37880.00,36800.00,37694.46,78767.952
2022-01-31T16:00:00,37694.46,38741.73,37650.17,38400.00,90238.499
2022-01-31T20:00:00,38400.01,38725.60,38220.00,38439.04,31082.524
2022-02-01T00:00:00,38439.04,38630.00,38145.00,38570.11,30282.319
2022-02-01T04:00:00,38570.10,38625.00,38220.08,38420.65,27168.881
2022-02-01T08:00:00,38420.65,39100.00,37969.00,38402.86,83908.211
2022-02-01T12:00:00,38402.86,39049.43,38170.89,38604.97,101041.918
2022-02-01T16:00:00,38605.26,39260.26,38322.00,38356.04,79037.464
2022-02-01T20:00:00,38356.04,38884.60,38345.00,38680.51,31915.328
2022-02-02T00:00:00,38680.51,38834.18,38350.00,38540.29,25995.784
2022-02-02T04:00:00,38540.28,38540.29,38173.30,38268.32,32967.668
2022-02-02T08:00:00,38269.00,38580.00,38205.38,38473.75,26550.353
2022-02-02T12:00:00,38473.74,38725.50,37338.14,37419.51,111614.839
2022-02-02T16:00:00,37419.53,37646.09,37052.00,37538.91,70061.154
2022-02-02T20:00:00,37538.90,37630.00,36529.81,36892.03,70381.136
2022-02-03T00:00:00,36892.05,37040.00,36700.00,36801.12,31557.404
2022-02-03T04:00:00,36801.12,37074.00,36764.00,36995.50,26381.127
2022-02-03T08:00:00,36995.50,37084.63,36250.00,36754.99,73514.476
2022-02-03T12:00:00,36754.99,36963.00,36204.30,36876.56,86926.339
2022-02-03T16:00:00,36876.56,37100.00,36431.79,36538.76,46202.179
2022-02-03T20:00:00,36538.76,37395.00,36256.00,37289.86,54074.703
2022-02-04T00:00:00,37287.33,37435.54,37011.00,37282.81,29031.865
2022-02-04T04:00:00,37282.80,38198.00,37226.41,37858.99,62919.964
2022-02-04T08:00:00,37859.00,38239.00,37778.88,37800.02,50036.920
2022-02-04T12:00:00,37800.02,39863.27,37278.93,39481.72,192162.067
2022-02-04T16:00:00,39481.72,40875.00,39426.91,40701.71,123507.677
2022-02-04T20:00:00,40703.33,41741.76,40357.04,41550.00,62447.277
2022-02-05T00:00:00,41550.00,41922.00,41155.45,41428.66,50762.567
2022-02-05T04:00:00,41428.67,41752.46,41352.85,41368.14,30117.916
2022-02-05T08:00:00,41367.74,41666.00,41194.62,41427.85,33173.440
2022-02-05T12:00:00,41427.85,41875.43,41300.00,41731.74,47248.057
2022-02-05T16:00:00,41731.74,41837.98,40920.00,41532.76,56042.460
2022-02-05T20:00:00,41532.76,41765.00,41316.72,41374.69,24839.630
2022-02-06T00:00:00,41374.68,41633.08,41313.01,41429.06,15577.328
2022-02-06T04:00:00,41429.06,41700.00,41300.00,41588.00,20909.245
2022-02-06T08:00:00,41586.94,41685.00,41438.81,41510.72,19093.225
2022-02-06T12:00:00,41510.71,42400.00,41100.00,41494.99,82359.264
2022-02-06T16:00:00,41494.99,41734.11,41385.56,41692.80,25959.495
2022-02-06T20:00:00,41692.80,42656.80,41458.15,42361.35,51425.393
2022-02-07T00:00:00,42361.34,42933.82,41609.76,42784.68,75383.810
2022-02-07T04:00:00,42784.68,43092.00,42540.65,42712.80,36380.325
2022-02-07T08:00:00,42712.79,42757.12,42201.68,42692.25,42599.829
2022-02-07T12:00:00,42692.25,43887.81,42450.64,43805.26,104841.085
2022-02-07T16:00:00,43805.26,44541.16,43470.09,44243.00,114083.185
2022-02-07T20:00:00,44243.00,44438.39,43725.00,43829.99,44765.540
2022-02-08T00:00:00,43829.99,44171.30,43550.00,44162.22,32645.437
2022-02-08T04:00:00,44162.22,45600.00,44063.38,44842.26,85672.728
2022-02-08T08:00:00,44842.27,44910.00,43520.00,43978.64,97055.673
2022-02-08T12:00:00,43978.64,43978.64,42822.00,43406.53,101164.232
2022-02-08T16:00:00,43406.53,43690.00,42641.00,42985.41,85265.726
2022-02-08T20:00:00,42985.41,44395.00,42929.35,44021.57,66211.625
2022-02-09T00:00:00,44021.58,44325.52,43089.08,43321.58,46646.688
2022-02-09T04:00:00,43321.57,43910.00,43111.00,43798.90,38291.094
2022-02-09T08:00:00,43798.90,43934.00,43164.79,43686.65,51492.680
2022-02-09T12:00:00,43685.62,44436.44,43600.00,43855.17,72521.238
2022-02-09T16:00:00,43855.18,44704.00,43600.00,44455.07,56171.968
2022-02-09T20:00:00,44455.13,44826.00,44200.00,44358.08,35146.394
2022-02-10T00:00:00,44358.09,44386.48,43550.00,43748.78,38691.373
2022-02-10T04:00:00,43748.77,44106.45,43531.10,44066.19,32297.560
2022-02-10T08:00:00,44066.19,45172.65,44030.00,44815.74,70518.552
2022-02-10T12:00:00,44815.73,45700.00,43136.96,44936.02,228288.504
2022-02-10T16:00:00,44936.81,45847.50,44311.39,44355.73,118729.233
2022-02-10T20:00:00,44355.72,44579.91,43288.36,43471.29,75396.853
2022-02-11T00:00:00,43471.30,43739.89,42555.00,43310.87,76810.946
2022-02-11T04:00:00,43310.87,43399.00,42777.00,43330.46,34134.604
2022-02-11T08:00:00,43329.87,43607.10,42811.42,43332.95,53524.527
2022-02-11T12:00:00,43332.94,43900.00,43226.21,43648.87,75153.488
2022-02-11T16:00:00,43648.86,43746.52,42046.11,42725.35,109487.572
2022-02-11T20:00:00,42727.97,42859.36,41914.23,42366.00,65535.056
2022-02-12T00:00:00,42365.99,42491.19,42150.00,42279.98,22443.791
2022-02-12T04:00:00,42279.99,42418.00,41711.00,42090.76,36733.607
2022-02-12T08:00:00,42090.75,42440.73,41838.68,42385.66,44270.171
2022-02-12T12:00:00,42386.01,42424.79,41756.57,42115.60,48108.457
2022-02-12T16:00:00,42115.61,42980.00,41981.72,42644.67,58651.074
2022-02-12T20:00:00,42644.66,42739.18,41540.00,42199.87,46062.225
2022-02-13T00:00:00,42199.88,42491.85,42035.60,42214.65,23847.546
2022-02-13T04:00:00,42214.65,42438.00,42101.83,42385.69,17997.913
2022-02-13T08:00:00,42385.69,42647.25,42222.00,42462.00,26909.072
2022-02-13T12:00:00,42462.00,42755.97,42158.01,42548.47,42536.442
2022-02-13T16:00:00,42549.59,42570.00,41850.00,42015.27,50126.475
2022-02-13T20:00:00,42015.26,42477.00,41922.53,42041.13,30650.564
2022-02-14T00:00:00,42041.12,42169.02,41526.00,41892.95,43798.733
2022-02-14T04:00:00,41892.94,42357.91,41720.23,42290.41,31531.644
2022-02-14T08:00:00,42290.41,42400.00,41906.44,42107.81,39708.867
2022-02-14T12:00:00,42107.81,42846.84,41950.00,42565.00,82094.764
2022-02-14T16:00:00,42565.00,42888.00,41783.11,42102.29,71326.145
2022-02-14T20:00:00,42102.28,42784.10,41971.57,42525.14,35530.780
2022-02-15T00:00:00,42525.14,43679.71,42406.23,43535.10,53247.791
2022-02-15T04:00:00,43535.10,43777.00,43368.10,43665.70,27010.686
2022-02-15T08:00:00,43665.80,44442.30,43579.40,44214.40,66566.243
2022-02-15T12:00:00,44214.30,44489.00,44000.10,44190.30,56126.270
2022-02-15T16:00:00,44190.30,44249.00,43850.00,43989.60,38558.184
2022-02-15T20:00:00,43989.70,44777.00,43939.20,44529.60,35226.247
2022-02-16T00:00:00,44529.70,44536.80,43885.00,43970.90,31320.914
2022-02-16T04:00:00,43970.90,44183.60,43650.40,44165.50,33867.667
2022-02-16T08:00:00,44165.60,44313.10,43860.00,44160.60,32542.713
2022-02-16T12:00:00,44160.70,44205.00,43277.80,43588.50,71318.908
2022-02-16T16:00:00,43591.60,44330.00,43336.50,44202.20,58647.276
2022-02-16T20:00:00,44202.10,44377.00,43820.00,43860.70,28092.809
2022-02-17T00:00:00,43860.80,44150.00,43555.70,43574.30,31513.320
2022-02-17T04:00:00,43574.30,43941.00,43320.10,43902.40,36810.479
2022-02-17T08:00:00,43902.30,44020.00,42890.00,43158.20,66102.146
2022-02-17T12:00:00,43158.30,43347.80,41664.00,41907.70,116895.344
2022-02-17T16:00:00,41907.80,42089.80,40711.00,41177.10,106116.646
2022-02-17T20:00:00,41177.10,41177.10,40020.10,40491.70,76521.049
2022-02-18T00:00:00,40491.80,40944.10,40273.00,40677.00,39384.765
2022-02-18T04:00:00,40677.00,40759.00,40467.00,40637.00,22165.491
2022-02-18T08:00:00,40637.10,40938.00,40073.10,40167.20,48186.807
2022-02-18T12:00:00,40167.20,40782.90,39605.80,39805.10,135316.386
2022-02-18T16:00:00,39805.20,40429.70,39422.00,40196.20,100326.422
2022-02-18T20:00:00,40196.20,40269.20,39712.70,39966.80,32299.911
2022-02-19T00:00:00,39966.80,40295.20,39896.80,40107.60,20450.295
2022-02-19T04:00:00,40107.70,40438.70,40053.00,40245.80,20114.636
2022-02-19T08:00:00,40246.10,40278.80,39620.30,39822.80,44978.130
2022-02-19T12:00:00,39822.80,40050.00,39610.30,39950.10,41785.860
2022-02-19T16:00:00,39950.10,40341.50,39811.20,39959.00,39707.420
2022-02-19T20:00:00,39957.90,40119.00,39777.00,40052.60,18588.334
2022-02-20T00:00:00,40052.60,40100.10,39660.30,39778.10,23054.423
2022-02-20T04:00:00,39778.10,39828.50,38553.50,38770.40,87319.496
2022-02-20T08:00:00,38770.30,38830.00,37905.00,38316.00,80018.535
2022-02-20T12:00:00,38316.00,38594.00,38000.00,38308.90,56242.356
2022-02-20T16:00:00,38309.00,38479.90,38162.00,38379.10,29253.352
2022-02-20T20:00:00,38379.20,38958.20,38026.20,38368.10,53852.282
2022-02-21T00:00:00,38367.90,39385.00,38177.00,38900.10,68441.788
2022-02-21T04:00:00,38900.00,39510.00,38883.60,39266.20,39550.103
2022-02-21T08:00:00,39266.00,39335.00,37314.50,37549.90,101600.800
2022-02-21T12:00:00,37550.00,39300.00,37171.20,38804.50,181683.274
2022-02-21T16:00:00,38804.50,39138.00,37530.00,38114.50,138733.605
2022-02-21T20:00:00,38114.50,38450.00,36762.00,36986.40,116382.245
2022-02-22T00:00:00,36986.40,37449.40,36310.10,36580.00,85764.986
2022-02-22T04:00:00,36580.10,37250.00,36500.00,36748.60,66126.344
2022-02-22T08:00:00,36748.70,37868.00,36727.10,37504.70,75416.597
2022-02-22T12:00:00,37504.70,38318.00,37260.00,37744.70,107726.302
2022-02-22T16:00:00,37744.60,38142.30,37350.00,38039.60,81747.993
2022-02-22T20:00:00,38039.70,38450.00,37736.00,38212.00,48531.275
2022-02-23T00:00:00,38212.10,38335.20,37500.40,37730.40,47089.349
2022-02-23T04:00:00,37730.40,38190.00,37687.70,38121.60,38072.803
2022-02-23T08:00:00,38121.50,39148.00,38052.80,38757.20,80640.954
2022-02-23T12:00:00,38757.30,39250.00,38433.00,38504.90,77306.212
2022-02-23T16:00:00,38505.00,38770.00,37522.00,37602.80,94397.828
2022-02-23T20:00:00,37600.90,37775.00,36963.20,37227.80,70549.109
2022-02-24T00:00:00,37227.90,37400.00,34673.10,34907.80,162571.113
2022-02-24T04:00:00,34907.80,35569.90,34303.70,35282.30,173189.378
2022-02-24T08:00:00,35282.30,35870.00,34763.20,35425.40,132369.489
2022-02-24T12:00:00,35425.40,36126.10,35036.70,35892.20,144996.937
2022-02-24T16:00:00,35892.20,37365.10,35700.10,37272.30,149591.851
2022-02-24T20:00:00,37272.30,40376.10,37252.80,38315.10,157102.139
2022-02-25T00:00:00,38316.20,39000.00,38116.30,38899.40,61487.741
2022-02-25T04:00:00,38899.00,38912.70,38260.00,38462.50,43619.074
2022-02-25T08:00:00,38462.50,38878.50,37999.20,38730.00,67379.295
2022-02-25T12:00:00,38730.00,39750.00,38669.60,39388.50,127808.421
2022-02-25T16:00:00,39388.50,39584.20,38519.20,38667.30,69050.423
2022-02-25T20:00:00,38667.30,39594.60,38585.00,39205.40,46971.412
2022-02-26T00:00:00,39205.40,40441.10,39053.40,39380.00,55893.631
2022-02-26T04:00:00,39380.00,39467.50,38935.60,39199.80,30895.399
2022-02-26T08:00:00,39199.80,39577.00,38561.70,38921.00,57873.226
2022-02-26T12:00:00,38921.00,39409.70,38757.20,39192.00,37963.774
2022-02-26T16:00:00,39192.00,39447.40,38800.00,39238.40,34047.193
2022-02-26T20:00:00,39238.40,39700.00,38888.00,39099.30,35218.978
2022-02-27T00:00:00,39099.30,39244.00,38162.00,38584.10,47846.479
2022-02-27T04:00:00,38584.20,38864.50,38434.60,38770.30,25455.641
2022-02-27T08:00:00,38769.80,39549.90,38605.00,39463.40,55589.691
2022-02-27T12:00:00,39463.40,39868.60,38500.00,39329.10,115539.758
2022-02-27T16:00:00,39330.10,39447.70,37460.30,37574.70,71921.082
2022-02-27T20:00:00,37574.70,38300.00,36934.60,37672.00,106844.596
2022-02-28T00:00:00,37672.10,38400.00,37414.40,37771.70,61394.924
2022-02-28T04:00:00,37773.50,38460.00,37418.20,38317.10,62198.277
2022-02-28T08:00:00,38317.40,38666.60,38052.70,38310.40,54388.305
2022-02-28T12:00:00,38310.40,40900.00,37891.00,40792.80,178721.525
2022-02-28T16:00:00,40792.80,41489.00,40674.60,41306.40,118561.524
2022-02-28T20:00:00,41306.50,44341.00,41220.70,43155.00,140126.606
2022-03-01T00:00:00,43155.00,43790.00,42850.00,43140.80,60518.915
2022-03-01T04:00:00,43140.90,43555.00,43023.20,43471.70,37006.847
2022-03-01T08:00:00,43471.70,44000.00,42765.40,43599.90,74110.717
2022-03-01T12:00:00,43600.00,44935.00,43324.80,43625.90,163585.943
2022-03-01T16:00:00,43626.00,44120.50,43202.10,43693.70,70038.141
2022-03-01T20:00:00,43693.80,44500.00,43666.00,44394.10,43223.083
2022-03-02T00:00:00,44393.60,44744.00,43817.00,44319.00,53499.181
2022-03-02T04:00:00,44320.30,44525.00,43646.00,43963.00,41657.857
2022-03-02T08:00:00,43962.80,44344.50,43728.80,44099.80,53375.749
2022-03-02T12:00:00,44099.90,45350.00,43321.00,44116.10,167740.842
2022-03-02T16:00:00,44116.10,44487.70,43412.00,43690.30,59121.346
2022-03-02T20:00:00,43690.40,44345.00,43661.80,43885.70,32208.746
2022-03-03T00:00:00,43885.80,44048.70,43165.10,43312.70,36168.687
2022-03-03T04:00:00,43312.80,43700.00,42858.00,43468.00,44952.237
2022-03-03T08:00:00,43468.00,43616.00,43056.20,43377.20,40145.830
2022-03-03T12:00:00,43377.30,44080.00,42333.00,42549.50,102603.821
2022-03-03T16:00:00,42549.50,42761.40,42051.00,42220.60,84431.570
2022-03-03T20:00:00,42220.60,42700.00,41831.00,42449.50,57263.687
2022-03-04T00:00:00,42449.60,42525.30,41050.00,41441.10,74477.161
2022-03-04T04:00:00,41441.10,41489.80,41069.70,41427.60,32946.002
2022-03-04T08:00:00,41427.70,41887.50,40800.00,41639.60,74542.746
2022-03-04T12:00:00,41643.40,41825.80,40540.00,40694.60,112845.938
2022-03-04T16:00:00,40694.60,40954.60,39650.00,39785.40,80557.285
2022-03-04T20:00:00,39785.30,39888.70,38521.00,39127.70,93769.242
2022-03-05T00:00:00,39127.70,39176.30,38547.60,39029.10,38296.958
2022-03-05T04:00:00,39029.10,39124.70,38702.20,39003.90,27670.341
2022-03-05T08:00:00,39004.00,39282.00,38754.50,39106.10,38882.501
2022-03-05T12:00:00,39106.50,39350.00,38866.10,39133.80,32945.096
2022-03-05T16:00:00,39133.80,39580.00,39104.10,39416.60,37526.047
2022-03-05T20:00:00,39416.70,39578.90,39267.00,39375.10,23426.950
2022-03-06T00:00:00,39375.00,39690.00,39250.20,39281.90,23293.051
2022-03-06T04:00:00,39282.00,39645.90,38766.00,39369.60,45556.074
2022-03-06T08:00:00,39369.70,39369.70,38056.00,38330.90,80127.946
2022-03-06T12:00:00,38329.10,39038.00,38266.00,38845.00,66448.930
2022-03-06T16:00:00,38845.00,39340.00,38474.60,38649.40,48289.587
2022-03-06T20:00:00,38649.40,39250.00,38111.00,38401.10,47989.672
2022-03-07T00:00:00,38401.10,38547.60,37529.90,37848.80,74983.678
2022-03-07T04:00:00,37848.90,38222.20,37738.10,37878.20,37339.642
2022-03-07T08:00:00,37878.20,38392.00,37630.60,38314.10,56249.761
2022-03-07T12:00:00,38314.30,39267.00,38314.30,39062.30,104505.192
2022-03-07T16:00:00,39062.30,39550.00,37150.80,37288.70,128966.328
2022-03-07T20:00:00,37290.00,38529.10,37134.00,37963.80,88209.915
2022-03-08T00:00:00,37963.70,38931.10,37853.00,38678.50,52210.899
2022-03-08T04:00:00,38678.60,38805.10,38000.00,38530.40,54181.591
2022-03-08T08:00:00,38530.40,39185.50,38450.00,38967.80,65088.915
2022-03-08T12:00:00,38967.80,39200.00,38259.00,38648.90,102811.627
2022-03-08T16:00:00,38649.80,39340.50,38117.90,38741.50,115241.489
2022-03-08T20:00:00,38741.40,38888.00,38358.70,38709.90,31927.846
2022-03-09T00:00:00,38709.90,41440.60,38638.70,41198.50,108319.652
2022-03-09T04:00:00,41198.40,41893.50,41194.90,41773.80,82800.208
2022-03-09T08:00:00,41770.60,42450.00,41605.00,42150.10,83163.060
2022-03-09T12:00:00,42150.00,42647.50,41642.90,42509.00,96730.457
2022-03-09T16:00:00,42508.90,42552.00,41760.00,42200.20,56088.316
2022-03-09T20:00:00,42200.20,42326.00,41671.10,41937.50,34958.118
2022-03-10T00:00:00,41939.50,42034.30,40500.00,40765.40,72554.240
2022-03-10T04:00:00,40765.40,40839.30,38652.90,39219.90,119058.249
2022-03-10T08:00:00,39220.00,39300.00,38740.10,39055.40,63543.300
2022-03-10T12:00:00,39055.30,40288.70,38512.00,39155.70,168079.602
2022-03-10T16:00:00,39154.30,39580.00,38869.20,39405.50,62782.382
2022-03-10T20:00:00,39405.60,39662.50,39000.00,39407.20,34627.413
2022-03-11T00:00:00,39407.10,39426.20,38200.10,38703.10,69355.961
2022-03-11T04:00:00,38703.10,39344.30,38310.80,39111.80,61525.339
2022-03-11T08:00:00,39111.60,40200.00,38780.00,39878.40,103949.336
2022-03-11T12:00:00,39878.30,40242.00,38888.00,39070.00,129527.860
2022-03-11T16:00:00,39070.00,39085.90,38500.10,38776.10,56629.129
2022-03-11T20:00:00,38776.00,39167.10,38287.00,38713.00,46091.267
2022-03-12T00:00:00,38713.10,39289.60,38630.00,39073.50,28631.993
2022-03-12T04:00:00,39073.60,39245.70,38909.50,39092.80,21680.147
2022-03-12T08:00:00,39092.70,39274.40,38929.90,39054.10,27209.838
2022-03-12T12:00:00,39054.10,39248.30,38637.90,39018.30,44094.489
2022-03-12T16:00:00,39019.60,39578.40,38900.00,39006.70,33925.401
2022-03-12T20:00:00,39006.80,39195.40,38700.00,38792.60,16952.957
2022-03-13T00:00:00,38792.70,39300.00,38667.50,39170.90,29586.864
2022-03-13T04:00:00,39170.50,39300.00,39051.60,39075.40,14572.880
2022-03-13T08:00:00,39075.40,39120.00,38511.80,38727.40,37774.363
2022-03-13T12:00:00,38727.30,39053.30,38333.00,38913.70,66028.279
2022-03-13T16:00:00,38913.30,39050.00,38828.70,38843.40,23770.682
2022-03-13T20:00:00,38843.40,38843.40,37500.00,37743.70,64890.626
2022-03-14T00:00:00,37743.00,38338.00,37522.10,38121.80,43254.049
2022-03-14T04:00:00,38121.70,39176.80,38100.90,39062.20,70825.957
2022-03-14T08:00:00,39062.20,39287.40,38816.20,38885.10,48663.799
2022-03-14T12:00:00,38885.00,39160.50,38602.90,38940.90,72733.719
2022-03-14T16:00:00,38939.30,39035.00,38400.00,38795.00,57145.711
2022-03-14T20:00:00,38795.00,39989.00,38579.90,39653.80,67435.123
2022-03-15T00:00:00,39651.60,39800.00,38597.90,38746.50,60136.865
2022-03-15T04:00:00,38746.40,39000.00,38073.80,38428.00,43326.982
2022-03-15T08:00:00,38428.10,38788.00,38236.60,38630.50,42225.669
2022-03-15T12:00:00,38630.50,39250.00,38437.00,39000.80,79937.193
2022-03-15T16:00:00,39000.80,39799.90,38910.00,39730.70,65332.605
2022-03-15T20:00:00,39730.70,39901.80,39209.80,39271.00,54059.929
2022-03-16T00:00:00,39270.90,41804.00,38700.00,39137.90,163761.876
2022-03-16T04:00:00,39137.90,39659.90,38900.20,39561.00,57419.128
2022-03-16T08:00:00,39560.90,40760.00,39538.00,40492.80,93404.937
2022-03-16T12:00:00,40492.90,41188.00,40232.30,40609.00,88466.478
2022-03-16T16:00:00,40609.00,40951.40,39270.00,40868.30,187248.971
2022-03-16T20:00:00,40868.40,41473.60,40750.00,41105.80,60288.271
2022-03-17T00:00:00,41105.90,41389.00,40807.30,40999.00,33109.184
2022-03-17T04:00:00,40999.00,41498.40,40540.10,40720.60,54705.057
2022-03-17T08:00:00,40720.60,40900.00,40442.80,40743.40,36224.686
2022-03-17T12:00:00,40743.40,41250.00,40700.00,40788.00,67124.294
2022-03-17T16:00:00,40788.30,40887.60,40530.00,40859.20,32809.091
2022-03-17T20:00:00,40859.30,41071.50,40618.60,40898.10,20016.482
2022-03-18T00:00:00,40898.00,40914.00,40170.10,40500.60,37338.343
2022-03-18T04:00:00,40500.50,40900.00,40411.00,40560.70,27054.174
2022-03-18T08:00:00,40562.10,40750.00,40084.20,40380.70,44095.082
2022-03-18T12:00:00,40380.70,41086.00,40265.30,40902.20,69200.849
2022-03-18T16:00:00,40902.20,42091.80,40874.20,42020.30,80635.529
2022-03-18T20:00:00,42020.30,42322.80,41622.00,41751.50,40810.466
2022-03-19T00:00:00,41751.60,41988.00,41500.00,41785.00,27757.307
2022-03-19T04:00:00,41785.10,41938.50,41519.30,41605.10,22803.948
2022-03-19T08:00:00,41605.00,41791.80,41563.50,41718.60,19320.905
2022-03-19T12:00:00,41718.60,42086.70,41627.90,41909.00,38527.754
2022-03-19T16:00:00,41909.00,42150.00,41780.00,42008.40,30786.280
2022-03-19T20:00:00,42008.50,42446.60,41702.80,42188.20,47263.760
2022-03-20T00:00:00,42188.20,42269.30,41755.50,41922.20,32053.556
2022-03-20T04:00:00,41922.20,41998.00,41728.80,41848.70,20874.541
2022-03-20T08:00:00,41848.70,41928.00,41555.00,41587.90,34169.603
2022-03-20T12:00:00,41587.90,41688.00,41200.00,41334.20,57048.566
2022-03-20T16:00:00,41334.20,41490.90,40900.00,41364.50,52616.638
2022-03-20T20:00:00,41364.50,41666.00,41065.00,41261.00,39011.225
2022-03-21T00:00:00,41261.00,41443.80,40430.00,40811.30,54067.529
2022-03-21T04:00:00,40811.70,41129.90,40676.94,41076.40,37195.035
2022-03-21T08:00:00,41076.50,41481.10,41055.80,41218.70,38733.020
2022-03-21T12:00:00,41218.80,41544.40,40727.70,41198.30,90353.677
2022-03-21T16:00:00,41198.30,41213.90,40730.10,41168.00,58618.963
2022-03-21T20:00:00,41168.10,41350.00,40933.00,40982.00,29428.236
2022-03-22T00:00:00,40982.00,42500.00,40852.00,42230.00,81952.561
2022-03-22T04:00:00,42230.00,43517.70,41995.30,42197.90,102801.768
2022-03-22T08:00:00,42198.00,43027.90,42063.30,42977.00,57475.719
2022-03-22T12:00:00,42976.90,43188.00,42552.00,42567.20,63496.691
2022-03-22T16:00:00,42567.10,42710.00,42200.00,42268.20,33967.114
2022-03-22T20:00:00,42268.30,42870.00,42224.30,42349.80,34603.821
2022-03-23T00:00:00,42349.90,42518.00,41842.40,42058.70,42605.861
2022-03-23T04:00:00,42058.70,42240.00,41731.30,42094.10,42770.231
2022-03-23T08:00:00,42094.20,42341.20,41852.00,42028.80,37988.761
2022-03-23T12:00:00,42028.70,42724.00,41860.90,42588.70,74521.475
2022-03-23T16:00:00,42588.70,42754.80,42025.00,42192.80,52088.877
2022-03-23T20:00:00,42192.90,43051.00,42160.50,42867.90,32656.535
2022-03-24T00:00:00,42867.80,43296.00,42622.20,42696.40,50478.932
2022-03-24T04:00:00,42696.30,43500.00,42696.30,43061.00,50125.651
2022-03-24T08:00:00,43060.90,43206.70,42800.00,42949.50,39573.169
2022-03-24T12:00:00,42949.50,44020.00,42525.00,43967.00,113201.493
2022-03-24T16:00:00,43970.70,44200.00,43741.80,43891.10,55798.968
2022-03-24T20:00:00,43891.00,44087.50,43782.30,43973.40,22261.844
2022-03-25T00:00:00,43973.20,44444.00,43831.40,43961.80,39722.817
2022-03-25T04:00:00,43961.80,44195.00,43880.00,43902.40,29589.881
2022-03-25T08:00:00,43902.40,44644.00,43575.10,44554.50,71018.436
2022-03-25T12:00:00,44554.50,45142.00,44188.00,44320.20,118133.222
2022-03-25T16:00:00,44320.20,44580.00,44000.00,44428.80,68740.177
2022-03-25T20:00:00,44428.70,44600.00,44210.70,44290.60,21415.589
2022-03-26T00:00:00,44290.60,44438.00,44041.00,44374.00,23277.021
2022-03-26T04:00:00,44374.00,44529.70,44322.20,44482.80,17136.754
2022-03-26T08:00:00,44482.80,44569.70,44300.10,44323.60,15494.729
2022-03-26T12:00:00,44323.60,44393.90,44118.30,44193.60,27731.177
2022-03-26T16:00:00,44193.60,44443.80,44128.00,44340.90,20238.357
2022-03-26T20:00:00,44340.90,44785.00,44210.10,44489.20,36834.549
2022-03-27T00:00:00,44489.30,44987.40,44456.50,44691.00,29609.910
2022-03-27T04:00:00,44691.00,44746.10,44509.90,44719.90,13597.896
2022-03-27T08:00:00,44719.90,44729.90,44470.00,44556.50,15735.677
2022-03-27T12:00:00,44556.40,44922.00,44416.00,44836.10,41931.347
2022-03-27T16:00:00,44836.10,45100.00,44653.10,44813.60,37088.116
2022-03-27T20:00:00,44813.50,47047.00,44700.00,46820.80,131317.282
2022-03-28T00:00:00,46820.90,47731.20,46651.20,47042.80,60037.976
2022-03-28T04:00:00,47042.90,47400.00,46755.20,46984.50,36122.177
2022-03-28T08:00:00,46984.50,47417.00,46834.80,47250.00,33601.066
2022-03-28T12:00:00,47249.90,47948.00,47100.10,47410.90,73893.933
2022-03-28T16:00:00,47410.90,48200.00,47292.50,47923.00,60928.768
2022-03-28T20:00:00,47922.50,48085.20,46855.00,47121.90,52981.862
2022-03-29T00:00:00,47121.80,47605.00,47042.50,47328.00,31100.595
2022-03-29T04:00:00,47328.00,47752.20,47309.80,47330.10,25680.250
2022-03-29T08:00:00,47330.00,47972.20,47320.00,47873.30,37411.748
2022-03-29T12:00:00,47873.40,48100.00,47312.00,47424.00,69202.800
2022-03-29T16:00:00,47424.00,47880.00,47112.00,47704.00,59925.539
2022-03-29T20:00:00,47704.70,47721.10,46911.00,47418.50,35719.903
2022-03-30T00:00:00,47418.50,47444.00,46535.00,47408.10,48241.089
2022-03-30T04:00:00,47408.10,47585.40,47125.40,47371.60,25926.861
2022-03-30T08:00:00,47371.50,47506.40,47048.00,47318.10,34206.870
2022-03-30T12:00:00,47318.00,47345.50,46850.00,47153.70,44306.798
2022-03-30T16:00:00,47151.00,47688.60,46819.90,47061.20,56866.462
2022-03-30T20:00:00,47061.10,47283.60,46826.40,47053.20,25461.812
2022-03-31T00:00:00,47053.10,47408.70,46950.00,47088.40,19812.873
2022-03-31T04:00:00,47088.30,47160.00,46890.00,47140.00,20626.002
2022-03-31T08:00:00,47140.00,47385.50,47066.50,47146.50,25693.015
2022-03-31T12:00:00,47146.50,47619.40,46200.00,46450.00,110215.774
2022-03-31T16:00:00,46450.10,46495.60,45469.30,45578.10,89155.681
2022-03-31T20:00:00,45578.10,45852.20,45185.00,45506.00,34334.265
2022-04-01T00:00:00,45505.90,45638.90,44206.20,44585.00,89363.390
2022-04-01T04:00:00,44584.90,45084.20,44530.80,44993.80,38742.921
2022-04-01T08:00:00,44993.70,45307.90,44965.00,45045.20,40632.630
2022-04-01T12:00:00,45045.10,46700.00,44680.90,46523.50,118137.026
2022-04-01T16:00:00,46523.60,46585.30,45883.90,46349.40,53206.891
2022-04-01T20:00:00,46349.50,46427.40,46056.60,46266.20,20651.695
2022-04-02T00:00:00,46266.20,47236.80,46056.80,46587.50,52165.385
2022-04-02T04:00:00,46587.40,46655.90,46395.70,46578.00,15133.621
2022-04-02T08:00:00,46577.90,46745.10,46469.10,46534.50,17724.764
2022-04-02T12:00:00,46534.40,46947.80,46112.50,46284.10,59272.368
2022-04-02T16:00:00,46284.00,46499.00,45600.00,46099.00,51207.088
2022-04-02T20:00:00,46099.10,46400.00,45720.00,45794.60,30910.131
2022-04-03T00:00:00,45792.30,46058.00,45501.00,45930.20,30873.693
2022-04-03T04:00:00,45930.20,46586.10,45911.10,46363.70,26302.141
2022-04-03T08:00:00,46363.70,46448.30,46068.50,46237.10,23653.506
2022-04-03T12:00:00,46237.10,46715.00,46169.60,46397.90,35409.566
2022-04-03T16:00:00,46398.00,46771.00,46192.20,46388.00,28698.181
2022-04-03T20:00:00,46388.00,47448.00,46222.00,46392.40,67651.926
2022-04-04T00:00:00,46392.30,46445.60,45735.00,45990.20,42374.023
2022-04-04T04:00:00,45990.30,46288.00,45800.00,46158.30,23490.619
2022-04-04T08:00:00,46158.30,46280.00,45780.00,46149.90,36542.874
2022-04-04T12:00:00,46149.90,46350.00,45532.00,45627.00,55233.473
2022-04-04T16:00:00,45627.00,45936.00,45094.00,45905.60,51616.296
2022-04-04T20:00:00,45905.70,46895.50,45700.00,46580.90,63539.256
2022-04-05T00:00:00,46580.90,46771.90,46404.80,46630.00,21984.062
2022-04-05T04:00:00,46630.10,46878.00,46533.90,46705.40,19602.092
2022-04-05T08:00:00,46705.40,46736.70,46501.00,46673.40,18116.502
2022-04-05T12:00:00,46673.30,47188.00,45622.00,45740.50,110629.437
2022-04-05T16:00:00,45740.50,46180.00,45422.00,46019.50,52387.947
2022-04-05T20:00:00,46019.50,46099.90,45300.00,45477.40,34804.599
2022-04-06T00:00:00,45477.50,45494.20,44349.70,45200.00,64058.744
2022-04-06T04:00:00,45199.90,45485.80,45100.30,45255.00,23516.974
2022-04-06T08:00:00,45254.90,45449.30,44630.00,44802.50,50709.741
2022-04-06T12:00:00,44802.50,44977.00,43666.00,44159.40,100038.925
2022-04-06T16:00:00,44159.40,44297.60,43100.00,43751.20,113075.044
2022-04-06T20:00:00,43751.20,44040.70,43110.00,43159.70,32959.947
2022-04-07T00:00:00,43159.80,43550.50,42685.00,43292.00,52924.039
2022-04-07T04:00:00,43292.50,43523.00,43200.00,43416.60,22854.326
2022-04-07T08:00:00,43416.60,43824.40,43250.00,43739.90,34927.552
2022-04-07T12:00:00,43739.90,43888.00,42996.00,43305.00,58847.550
2022-04-07T16:00:00,43305.00,43816.30,43251.20,43367.50,37113.879
2022-04-07T20:00:00,43370.90,43724.90,43173.00,43417.10,22900.634
2022-04-08T00:00:00,43417.10,43677.80,43279.50,43582.20,19156.890
2022-04-08T04:00:00,43582.20,43765.10,43392.00,43742.50,22954.279
2022-04-08T08:00:00,43742.40,43968.10,43238.30,43289.80,43587.431
2022-04-08T12:00:00,43289.90,43956.00,42728.00,43636.30,95764.621
2022-04-08T16:00:00,43636.30,43707.20,42298.20,42722.10,86392.167
2022-04-08T20:00:00,42722.00,42860.90,42074.00,42229.20,42240.441
2022-04-09T00:00:00,42229.10,42449.10,42100.30,42357.90,27424.741
2022-04-09T04:00:00,42357.90,42630.00,42319.10,42466.50,17040.358
2022-04-09T08:00:00,42466.40,42534.80,42300.00,42435.50,12745.498
2022-04-09T12:00:00,42435.50,42509.10,42150.00,42243.90,21128.220
2022-04-09T16:00:00,42243.90,42629.00,42164.00,42490.40,21970.226
2022-04-09T20:00:00,42490.30,42796.70,42365.00,42727.70,19413.611
2022-04-10T00:00:00,42727.80,42888.20,42562.20,42761.20,15094.614
2022-04-10T04:00:00,42761.20,42778.70,42555.00,42610.10,12944.429
2022-04-10T08:00:00,42610.10,42710.00,42419.90,42666.10,18217.850
2022-04-10T12:00:00,42666.10,42850.00,42500.10,42722.60,25651.329
2022-04-10T16:00:00,42722.50,43338.00,42650.00,43217.20,36181.119
2022-04-10T20:00:00,43217.20,43399.40,41838.00,42140.40,73815.129
2022-04-11T00:00:00,42140.30,42399.90,41650.00,42105.10,53350.521
2022-04-11T04:00:00,42105.10,42337.30,42072.70,42282.60,19804.084
2022-04-11T08:00:00,42282.50,42338.50,40933.60,41055.10,94103.342
2022-04-11T12:00:00,41055.10,41245.90,40536.00,40575.70,74701.844
2022-04-11T16:00:00,40575.60,40892.07,39730.20,39961.70,95324.570
2022-04-11T20:00:00,39961.00,40251.50,39136.70,39505.60,102245.659
2022-04-12T00:00:00,39505.60,39826.50,39250.00,39719.80,47188.903
2022-04-12T04:00:00,39719.70,40174.40,39600.00,40154.90,43312.372
2022-04-12T08:00:00,40154.90,40447.90,40017.60,40354.50,40962.827
2022-04-12T12:00:00,40356.00,40700.00,39761.30,40163.90,107357.185
2022-04-12T16:00:00,40163.90,40366.50,39231.10,39281.10,59002.292
2022-04-12T20:00:00,39286.10,40410.00,39224.00,40060.70,52060.052
2022-04-13T00:00:00,40060.70,40272.00,39569.80,40059.30,37966.028
2022-04-13T04:00:00,40059.20,40211.00,39831.10,40112.00,26879.019
2022-04-13T08:00:00,40112.00,40200.00,39657.00,39697.70,40381.975
2022-04-13T12:00:00,39697.60,41400.00,39600.60,41134.50,128150.718
2022-04-13T16:00:00,41134.40,41580.00,40800.00,41041.50,61932.082
2022-04-13T20:00:00,41041.40,41388.00,40960.50,41129.80,29601.109
2022-04-14T00:00:00,41129.80,41474.80,41041.90,41303.90,25206.638
2022-04-14T04:00:00,41303.90,41393.60,41130.00,41245.00,20750.631
2022-04-14T08:00:00,41244.90,41310.00,40822.70,40913.50,36339.161
2022-04-14T12:00:00,40913.50,41288.00,39908.00,39943.20,99058.056
2022-04-14T16:00:00,39943.20,40054.50,39522.00,39752.60,57564.378
2022-04-14T20:00:00,39752.70,39994.40,39633.90,39915.90,23047.527
2022-04-15T00:00:00,39915.90,40250.00,39734.20,40180.00,27216.985
2022-04-15T04:00:00,40180.00,40465.90,39930.90,40225.60,32665.577
2022-04-15T08:00:00,40225.60,40400.00,40005.60,40207.60,32665.676
2022-04-15T12:00:00,40207.60,40888.00,39849.20,40397.90,59353.456
2022-04-15T16:00:00,40397.90,40631.00,40188.00,40296.60,29936.593
2022-04-15T20:00:00,40296.50,40586.80,40260.90,40529.50,12842.384
2022-04-16T00:00:00,40529.60,40700.00,40384.20,40417.20,17329.861
2022-04-16T04:00:00,40417.10,40544.10,40350.00,40376.00,13496.445
2022-04-16T08:00:00,40376.00,40496.50,40263.00,40403.30,17934.880
2022-04-16T12:00:00,40403.20,40569.00,39944.90,40039.80,37601.945
2022-04-16T16:00:00,40039.70,40250.00,39981.90,40189.50,18062.646
2022-04-16T20:00:00,40189.40,40697.30,40162.70,40361.00,23279.280
2022-04-17T00:00:00,40360.90,40409.70,40094.30,40215.80,17963.213
2022-04-17T04:00:00,40215.70,40428.50,40207.40,40271.90,11893.997
2022-04-17T08:00:00,40271.90,40520.00,40262.10,40454.60,16004.743
2022-04-17T12:00:00,40454.60,40574.10,40164.00,40430.70,31384.873
2022-04-17T16:00:00,40430.60,40461.80,39768.00,40357.80,44606.041
2022-04-17T20:00:00,40357.90,40437.30,39510.00,39649.10,48478.957
2022-04-18T00:00:00,39649.10,39870.00,39550.00,39788.40,24145.388
2022-04-18T04:00:00,39788.30,39826.70,38465.70,38902.10,78716.662
2022-04-18T08:00:00,38902.20,39099.00,38780.00,38975.30,31897.029
2022-04-18T12:00:00,38975.40,39600.00,38975.30,39239.20,67980.812
2022-04-18T16:00:00,39239.20,41310.00,39022.10,40670.40,120338.235
2022-04-18T20:00:00,40670.40,41094.00,40607.10,40785.60,39357.193
2022-04-19T00:00:00,40785.70,41306.00,40575.00,40683.20,37223.733
2022-04-19T04:00:00,40683.20,40873.70,40543.70,40671.60,19436.105
2022-04-19T08:00:00,40671.60,41044.00,40550.00,40661.50,28292.543
2022-04-19T12:00:00,40661.50,41788.00,40629.60,41433.30,81780.723
2022-04-19T16:00:00,41432.10,41530.60,41143.70,41400.10,28934.136
2022-04-19T20:00:00,41400.00,41524.50,41187.30,41472.90,18737.031
2022-04-20T00:00:00,41472.90,41528.70,41211.60,41372.60,15643.503
2022-04-20T04:00:00,41372.50,41639.90,41250.00,41325.60,22115.177
2022-04-20T08:00:00,41325.60,42166.80,41281.70,42070.80,56941.934
2022-04-20T12:00:00,42070.70,42160.00,41037.30,41247.10,84586.898
2022-04-20T16:00:00,41247.00,41444.00,40800.00,41177.60,51498.554
2022-04-20T20:00:00,41177.50,41660.00,41118.20,41327.70,26596.361
2022-04-21T00:00:00,41326.00,41768.00,41292.00,41673.90,22093.892
2022-04-21T04:00:00,41673.90,41940.00,41398.00,41833.70,26747.921
2022-04-21T08:00:00,41833.70,42700.00,41716.40,42418.00,80675.975
2022-04-21T12:00:00,42418.00,42966.00,42100.00,42129.20,88503.323
2022-04-21T16:00:00,42129.20,42171.90,41204.00,41209.90,83638.792
2022-04-21T20:00:00,41208.60,41306.80,39630.00,40449.80,91490.053
2022-04-22T00:00:00,40449.70,40647.20,40200.70,40470.40,37718.237
2022-04-22T04:00:00,40470.50,40786.10,40264.60,40687.10,38209.330
2022-04-22T08:00:00,40687.10,40760.00,40111.00,40558.00,42201.250
2022-04-22T12:00:00,40558.10,40631.40,39300.10,39414.60,105294.481
2022-04-22T16:00:00,39414.50,39760.80,39133.00,39482.60,64193.064
2022-04-22T20:00:00,39482.60,39799.00,39377.80,39674.20,27319.391
2022-04-23T00:00:00,39674.30,39845.00,39371.30,39438.70,20340.094
2022-04-23T04:00:00,39439.80,39656.70,39259.00,39578.20,19881.618
2022-04-23T08:00:00,39578.20,39667.60,39469.60,39583.20,15741.460
2022-04-23T12:00:00,39583.30,39797.90,39506.20,39759.90,23388.862
2022-04-23T16:00:00,39759.90,40000.00,39630.00,39734.90,22873.032
2022-04-23T20:00:00,39734.80,39937.30,39275.50,39415.10,22821.751
2022-04-24T00:00:00,39413.80,39800.00,39384.40,39750.10,21686.005
2022-04-24T04:00:00,39750.10,39789.80,39602.80,39725.70,12268.867
2022-04-24T08:00:00,39725.70,39777.00,39524.10,39591.20,15957.447
2022-04-24T12:00:00,39591.30,39930.60,39320.00,39640.00,46663.580
2022-04-24T16:00:00,39639.90,39786.00,38884.10,39675.90,60310.872
2022-04-24T20:00:00,39675.90,39750.00,39401.70,39433.40,23484.991
2022-04-25T00:00:00,39433.40,39488.80,38620.00,39226.20,62235.335
2022-04-25T04:00:00,39226.10,39231.00,38111.00,38437.20,70508.172
2022-04-25T08:00:00,38437.20,38940.00,38170.00,38810.60,63612.890
2022-04-25T12:00:00,38810.60,39429.70,38604.10,38967.40,110655.760
2022-04-25T16:00:00,38967.40,40390.00,38900.00,40204.00,105046.140
2022-04-25T20:00:00,40204.00,40650.00,40026.80,40411.00,36819.596
2022-04-26T00:00:00,40411.00,40800.00,40366.10,40520.00,31726.344
2022-04-26T04:00:00,40520.00,40687.90,40354.20,40573.20,26866.442
2022-04-26T08:00:00,40573.10,40799.00,40200.00,40452.20,36332.152
2022-04-26T12:00:00,40452.30,40628.60,38530.20,38546.90,144252.423
2022-04-26T16:00:00,38547.00,38855.00,37782.20,38250.80,144520.941
2022-04-26T20:00:00,38250.60,38439.00,37671.80,38093.70,69433.896
2022-04-27T00:00:00,38093.70,38460.80,37844.50,38324.90,32985.371
2022-04-27T04:00:00,38324.80,39070.00,38282.20,39064.80,39998.148
2022-04-27T08:00:00,39070.00,39215.70,38614.30,38998.50,81545.943
2022-04-27T12:00:00,38998.50,39470.00,38402.00,38990.30,135632.996
2022-04-27T16:00:00,38990.30,39296.00,38650.00,38836.80,62748.903
2022-04-27T20:00:00,38837.80,39393.90,38810.10,39209.00,32734.004
2022-04-28T00:00:00,39209.00,39690.00,39127.00,39332.90,43229.672
2022-04-28T04:00:00,39333.00,39646.00,39200.50,39365.00,28178.268
2022-04-28T08:00:00,39365.00,39878.00,39340.00,39666.70,46692.623
2022-04-28T12:00:00,39666.60,40334.00,38861.80,39428.20,170791.947
2022-04-28T16:00:00,39428.10,40376.60,39301.10,39973.20,83320.484
2022-04-28T20:00:00,39974.70,40215.60,39597.40,39732.50,41330.414
2022-04-29T00:00:00,39732.50,39924.80,39249.60,39528.20,33566.822
2022-04-29T04:00:00,39528.20,39646.60,39360.00,39583.90,25990.175
2022-04-29T08:00:00,39584.00,39619.50,38586.70,38737.70,63221.924
2022-04-29T12:00:00,38737.80,39388.00,38612.00,38988.10,84207.712
2022-04-29T16:00:00,38988.00,39073.50,38160.00,38314.20,77897.928
2022-04-29T20:00:00,38315.20,38645.50,38284.00,38572.20,23231.814
2022-04-30T00:00:00,38572.20,38782.60,38530.00,38641.50,21437.764
2022-04-30T04:00:00,38641.40,38765.00,38471.60,38634.90,15931.255
2022-04-30T08:00:00,38634.90,38678.80,38514.00,38564.90,17060.919
2022-04-30T12:00:00,38564.90,38625.00,38135.00,38439.90,45274.679
2022-04-30T16:00:00,38439.80,38587.40,38180.00,38447.70,29622.994
2022-04-30T20:00:00,38447.80,38447.80,37550.00,37614.50,52482.771
2022-05-01T00:00:00,37614.40,38057.10,37350.00,38021.20,53051.764
2022-05-01T04:00:00,38021.30,38159.00,37868.80,37944.10,21135.285
2022-05-01T08:00:00,37944.00,38084.90,37834.20,37922.10,18692.953
2022-05-01T12:00:00,37922.00,38680.60,37812.00,38470.20,43973.391
2022-05-01T16:00:00,38470.40,38666.00,37713.80,37790.00,54591.569
2022-05-01T20:00:00,37789.90,38600.00,37625.00,38440.50,45104.500
2022-05-02T00:00:00,38440.20,38809.00,38340.00,38653.70,35971.297
2022-05-02T04:00:00,38653.60,39155.00,38572.80,38869.60,43496.716
2022-05-02T08:00:00,38869.60,39073.00,38460.00,38516.00,45329.458
2022-05-02T12:00:00,38515.90,39222.00,38218.00,38692.10,105912.341
2022-05-02T16:00:00,38692.20,38877.00,38032.20,38551.90,72610.928
2022-05-02T20:00:00,38552.00,38911.60,38267.30,38525.60,33524.625
2022-05-03T00:00:00,38525.50,38674.70,38315.10,38522.70,27785.974
2022-05-03T04:00:00,38522.60,38577.00,38386.60,38553.10,19824.995
2022-05-03T08:00:00,38553.00,38659.70,38250.00,38561.90,31656.970
2022-05-03T12:00:00,38561.90,38612.90,38126.00,38327.30,55595.245
2022-05-03T16:00:00,38327.20,38397.00,37500.10,37707.30,77026.729
2022-05-03T20:00:00,37707.30,38040.00,37515.10,37712.90,37096.309
2022-05-04T00:00:00,37713.00,38100.00,37655.20,37996.20,25725.367
2022-05-04T04:00:00,37996.30,38770.00,37923.70,38673.10,49227.772
2022-05-04T08:00:00,38673.10,39091.10,38643.80,38987.50,70896.667
2022-05-04T12:00:00,38987.50,39200.00,38650.00,38969.00,73704.545
2022-05-04T16:00:00,38969.10,40071.70,38600.00,39855.20,175250.153
2022-05-04T20:00:00,39855.20,39937.90,39608.10,39684.00,29694.314
2022-05-05T00:00:00,39684.10,39794.00,39550.30,39731.40,22124.848
2022-05-05T04:00:00,39731.30,39845.00,39515.80,39585.40,22147.530
2022-05-05T08:00:00,39585.40,39636.00,39410.00,39499.00,25671.699
2022-05-05T12:00:00,39499.00,39550.00,35535.10,36886.40,242107.223
2022-05-05T16:00:00,36886.50,37332.30,35388.00,36284.00,186123.835
2022-05-05T20:00:00,36281.30,36589.50,36107.10,36534.70,49033.865
2022-05-06T00:00:00,36533.70,36679.30,36128.80,36441.40,33726.308
2022-05-06T04:00:00,36442.50,36535.90,35800.00,36359.30,48495.881
2022-05-06T08:00:00,36359.30,36510.80,35550.00,35766.00,78237.250
2022-05-06T12:00:00,35765.90,36426.40,35200.00,35989.10,187779.732
2022-05-06T16:00:00,35989.10,36234.60,35800.00,35980.30,61135.759
2022-05-06T20:00:00,35981.50,36099.00,35843.80,35995.30,22604.310
2022-05-07T00:00:00,35995.20,36044.70,35730.00,35796.10,19443.036
2022-05-07T04:00:00,35796.10,35937.00,35702.90,35900.00,21211.600
2022-05-07T08:00:00,35900.00,36138.00,35860.60,36042.30,21843.962
2022-05-07T12:00:00,36042.30,36079.20,35840.20,35947.10,21134.147
2022-05-07T16:00:00,35947.10,35986.90,35831.60,35858.40,13519.464
2022-05-07T20:00:00,35858.30,35858.30,34700.00,35466.70,103112.624
2022-05-08T00:00:00,35466.70,35504.00,34150.00,34475.70,117058.276
2022-05-08T04:00:00,34475.70,34957.60,34316.90,34593.00,49870.222
2022-05-08T08:00:00,34592.90,34872.80,34500.00,34781.20,33011.382
2022-05-08T12:00:00,34780.50,34842.70,34256.50,34360.60,56965.243
2022-05-08T16:00:00,34360.60,34765.00,33665.00,34585.50,122422.882
2022-05-08T20:00:00,34585.50,34636.50,33870.00,34032.00,47544.579
2022-05-09T00:00:00,34032.10,34243.30,33255.00,33567.00,82584.636
2022-05-09T04:00:00,33567.00,33842.90,33327.70,33509.70,51110.977
2022-05-09T08:00:00,33509.70,33789.20,32620.00,33107.90,157966.313
2022-05-09T12:00:00,33108.00,33435.30,32044.00,32339.90,205646.254
2022-05-09T16:00:00,32340.00,32599.30,30300.00,30923.80,370990.762
2022-05-09T20:00:00,30930.20,31888.50,30003.60,30056.60,210480.770
2022-05-10T00:00:00,30056.00,31488.00,29701.40,30640.90,193239.648
2022-05-10T04:00:00,30640.80,32650.00,30591.80,31603.10,160984.632
2022-05-10T08:00:00,31602.80,32035.10,31231.00,31623.10,111076.978
2022-05-10T12:00:00,31623.10,32387.40,30828.10,31314.30,188046.309
2022-05-10T16:00:00,31314.30,31788.00,30949.80,31318.00,89761.771
2022-05-10T20:00:00,31318.00,31346.40,30129.60,31002.10,120069.623
2022-05-11T00:00:00,31002.10,31682.00,30612.20,31190.00,74659.367
2022-05-11T04:00:00,31190.00,31908.80,30188.00,30598.90,120154.604
2022-05-11T08:00:00,30598.90,32197.60,30366.50,31517.10,143866.722
2022-05-11T12:00:00,31517.10,32067.90,29000.00,30971.30,384537.729
2022-05-11T16:00:00,30971.40,31129.90,29156.50,29360.50,178618.810
2022-05-11T20:00:00,29360.50,29655.00,27651.00,29074.70,200038.740
2022-05-12T00:00:00,29077.90,30257.00,28333.00,28380.90,129993.771
2022-05-12T04:00:00,28380.80,28600.00,26631.00,28151.90,277899.131
2022-05-12T08:00:00,28151.40,29269.00,27450.00,28460.50,156759.380
2022-05-12T12:00:00,28460.50,29799.00,27888.80,29015.10,190330.787
2022-05-12T16:00:00,29015.00,29959.80,28161.30,28622.70,140723.741
2022-05-12T20:00:00,28622.20,29299.80,27968.60,29020.70,68768.779
2022-05-13T00:00:00,29020.80,30796.00,28730.40,30564.30,110267.016
2022-05-13T04:00:00,30564.40,31072.60,30153.00,30172.30,76486.077
2022-05-13T08:00:00,30172.40,30755.10,30160.60,30650.50,67835.381
2022-05-13T12:00:00,30652.10,31020.00,30200.00,30327.40,95355.476
2022-05-13T16:00:00,30327.50,30516.30,29369.70,30076.00,108752.998
2022-05-13T20:00:00,30076.00,30132.70,29180.10,29274.30,48923.157
2022-05-14T00:00:00,29274.20,29799.90,29209.80,29563.40,40050.660
2022-05-14T04:00:00,29563.40,29600.00,29203.30,29414.10,31048.855
2022-05-14T08:00:00,29414.00,29589.00,28812.40,29065.00,52594.926
2022-05-14T12:00:00,29065.30,29249.90,28644.00,28812.60,57131.969
2022-05-14T16:00:00,28812.50,29934.70,28602.30,29325.80,84282.613
2022-05-14T20:00:00,29325.80,30352.20,29271.20,30079.80,50647.872
2022-05-15T00:00:00,30079.50,30262.70,29533.10,29715.90,38849.805
2022-05-15T04:00:00,29716.00,30050.00,29448.00,29811.60,37827.052
2022-05-15T08:00:00,29811.50,30321.90,29525.10,30224.80,51358.098
2022-05-15T12:00:00,30225.90,30555.00,29747.60,30003.50,76900.440
2022-05-15T16:00:00,30003.40,30500.00,29919.50,30452.20,48951.780
2022-05-15T20:00:00,30452.10,31462.00,30346.40,31324.40,82885.964
2022-05-16T00:00:00,31324.30,31327.40,30201.00,30315.00,55931.697
2022-05-16T04:00:00,30314.90,30461.30,29280.00,29572.80,90895.415
2022-05-16T08:00:00,29572.70,30196.10,29417.30,29937.50,81539.021
2022-05-16T12:00:00,29939.60,30288.00,29309.50,29663.10,133342.385
2022-05-16T16:00:00,29663.10,29980.30,29052.30,29564.30,93245.148
2022-05-16T20:00:00,29564.30,30257.00,29530.00,29866.70,52289.500
2022-05-17T00:00:00,29866.40,30500.00,29750.10,30341.60,53785.837
2022-05-17T04:00:00,30341.60,30576.40,30223.00,30394.30,41165.689
2022-05-17T08:00:00,30394.20,30794.00,30258.30,30302.00,57387.036
2022-05-17T12:00:00,30302.00,30739.30,29928.00,30130.70,97153.144
2022-05-17T16:00:00,30130.70,30300.00,29420.00,30081.20,107114.574
2022-05-17T20:00:00,30081.20,30684.80,30027.00,30437.00,42018.239
2022-05-18T00:00:00,30437.00,30700.00,29700.00,29815.20,55307.323
2022-05-18T04:00:00,29815.30,30080.70,29633.40,29893.70,49436.063
2022-05-18T08:00:00,29893.70,30038.20,29724.00,29818.10,43024.315
2022-05-18T12:00:00,29818.10,29890.00,28850.00,28971.90,121263.956
2022-05-18T16:00:00,28971.90,29534.40,28726.70,29257.60,97700.501
2022-05-18T20:00:00,29257.50,29395.20,28629.60,28700.60,59968.299
2022-05-19T00:00:00,28700.60,29339.50,28670.50,29179.60,61412.793
2022-05-19T04:00:00,29179.50,29438.00,29014.20,29181.90,40690.292
2022-05-19T08:00:00,29182.00,29525.10,28838.80,29482.20,67650.277
2022-05-19T12:00:00,29482.20,30550.00,29345.00,30386.40,154452.064
2022-05-19T16:00:00,30386.40,30446.50,29953.20,29959.20,83371.963
2022-05-19T20:00:00,29959.30,30492.00,29932.00,30319.90,41279.335
2022-05-20T00:00:00,30319.90,30784.40,30121.40,30172.60,58522.199
2022-05-20T04:00:00,30172.50,30360.00,29839.30,30251.50,53881.596
2022-05-20T08:00:00,30251.60,30540.00,30105.80,30412.50,56094.454
2022-05-20T12:00:00,30412.40,30448.90,29058.50,29142.00,153032.453
2022-05-20T16:00:00,29141.40,29338.00,28702.00,29271.70,125748.866
2022-05-20T20:00:00,29269.50,29380.00,29110.00,29188.90,38159.603
2022-05-21T00:00:00,29188.90,29331.70,28927.00,29246.80,31974.304
2022-05-21T04:00:00,29246.70,29555.00,29187.40,29411.10,30205.379
2022-05-21T08:00:00,29411.10,29466.40,29131.80,29272.00,35202.230
2022-05-21T12:00:00,29271.90,29650.00,29167.10,29531.50,50185.967
2022-05-21T16:00:00,29531.40,29646.00,29375.90,29452.20,34685.962
2022-05-21T20:00:00,29452.20,29515.00,29295.50,29427.40,20550.247
2022-05-22T00:00:00,29427.40,29537.50,29308.30,29343.90,19324.922
2022-05-22T04:00:00,29343.80,29446.60,29223.60,29430.10,18871.105
2022-05-22T08:00:00,29430.10,30330.00,29400.00,29891.10,106993.651
2022-05-22T12:00:00,29891.10,30236.00,29664.60,29834.80,65218.648
2022-05-22T16:00:00,29834.80,30181.60,29730.60,29932.70,41970.625
2022-05-22T20:00:00,29932.70,30500.00,29900.00,30284.00,44737.489
2022-05-23T00:00:00,30284.00,30450.00,30040.10,30165.30,33480.228
2022-05-23T04:00:00,30165.20,30658.00,30100.00,30446.70,53478.268
2022-05-23T08:00:00,30446.80,30620.00,30271.20,30393.80,55361.212
2022-05-23T12:00:00,30393.80,30624.90,29907.20,30358.80,119952.262
2022-05-23T16:00:00,30358.80,30531.80,29050.00,29062.80,127047.223
2022-05-23T20:00:00,29062.60,29470.00,28840.70,29097.70,86401.557
2022-05-24T00:00:00,29097.80,29318.50,29040.00,29288.20,32491.136
2022-05-24T04:00:00,29288.10,29431.60,29229.40,29387.30,32242.468
2022-05-24T08:00:00,29387.30,29420.00,29100.80,29280.40,44269.441
2022-05-24T12:00:00,29280.30,29672.00,28637.60,29373.90,148995.370
2022-05-24T16:00:00,29374.00,29581.90,29080.00,29378.80,78913.332
2022-05-24T20:00:00,29378.80,29887.30,29250.00,29643.10,45212.702
2022-05-25T00:00:00,29643.00,30246.70,29539.30,30188.90,63679.270
2022-05-25T04:00:00,30189.00,30209.30,29658.40,29695.60,58500.166
2022-05-25T08:00:00,29695.70,29949.20,29338.30,29403.50,71565.846
2022-05-25T12:00:00,29403.50,29900.00,29330.00,29616.10,92207.869
2022-05-25T16:00:00,29616.00,30046.00,29415.70,29584.00,94318.170
2022-05-25T20:00:00,29584.00,29867.20,29525.50,29536.70,33188.163
2022-05-26T00:00:00,29536.70,29877.00,29480.10,29826.30,40614.383
2022-05-26T04:00:00,29826.40,29872.50,29505.10,29714.90,48790.439
2022-05-26T08:00:00,29715.00,29729.80,28840.00,28992.80,119624.382
2022-05-26T12:00:00,28992.90,29519.00,27952.10,29374.40,254144.426
2022-05-26T16:00:00,29374.50,29788.00,29351.50,29374.80,89840.999
2022-05-26T20:00:00,29374.80,29680.70,29164.10,29194.00,49122.457
2022-05-27T00:00:00,29194.00,29387.00,28825.60,29004.70,73459.257
2022-05-27T04:00:00,29004.80,29236.50,28617.80,28977.00,93288.844
2022-05-27T08:00:00,28977.90,29137.60,28750.50,28902.10,59463.605
2022-05-27T12:00:00,28902.00,29369.80,28621.90,28835.50,126052.469
2022-05-27T16:00:00,28835.60,29043.50,28259.60,28870.00,110110.565
2022-05-27T20:00:00,28869.90,29009.00,28512.40,28623.20,44264.144
2022-05-28T00:00:00,28623.30,28830.00,28520.00,28805.20,40358.153
2022-05-28T04:00:00,28805.30,28937.50,28735.50,28870.90,29003.677
2022-05-28T08:00:00,28871.00,28919.90,28755.00,28817.80,26175.284
2022-05-28T12:00:00,28817.80,29265.70,28782.80,28974.70,53265.841
2022-05-28T16:00:00,28974.70,29060.80,28800.00,29013.50,26281.861
2022-05-28T20:00:00,29013.40,29150.00,28942.00,29018.80,18559.467
2022-05-29T00:00:00,29018.80,29034.90,28825.00,28969.90,24536.361
2022-05-29T04:00:00,28969.90,29058.60,28905.20,29000.40,17880.090
2022-05-29T08:00:00,29000.40,29228.90,28941.00,29204.00,50680.288
2022-05-29T12:00:00,29204.00,29500.00,29150.00,29210.50,56149.723
2022-05-29T16:00:00,29210.60,29351.70,29067.90,29119.40,28222.679
2022-05-29T20:00:00,29119.40,29595.20,29073.40,29452.80,37670.793
2022-05-30T00:00:00,29452.60,30448.00,29301.10,30345.60,87554.686
2022-05-30T04:00:00,30345.60,30983.00,30225.40,30625.30,83838.223
2022-05-30T08:00:00,30625.30,30761.50,30557.50,30659.10,51045.518
2022-05-30T12:00:00,30659.00,30964.60,30255.00,30617.90,92312.094
2022-05-30T16:00:00,30618.00,30892.10,30555.60,30629.40,39023.889
2022-05-30T20:00:00,30629.50,32307.60,30533.00,31726.50,148937.766
2022-05-31T00:00:00,31726.50,31848.70,31425.10,31763.30,49490.258
2022-05-31T04:00:00,31763.30,31799.00,31431.60,31570.40,33402.420
2022-05-31T08:00:00,31570.50,31832.50,31494.90,31756.00,43761.927
2022-05-31T12:00:00,31755.50,32189.90,31222.00,32045.90,124764.281
2022-05-31T16:00:00,32045.90,32427.50,31562.00,31618.90,103291.937
2022-05-31T20:00:00,31618.50,31932.30,31586.20,31797.80,28977.442
2022-06-01T00:00:00,31797.90,31986.10,31610.10,31624.00,37326.652
2022-06-01T04:00:00,31624.00,31666.00,31358.00,31479.60,43663.505
2022-06-01T08:00:00,31479.60,31700.00,31427.50,31596.00,44477.213
2022-06-01T12:00:00,31596.00,31888.00,30710.10,30733.70,146447.073
2022-06-01T16:00:00,30733.60,30745.00,29874.40,30116.50,181741.873
2022-06-01T20:00:00,30116.50,30151.20,29300.00,29796.90,103336.440
2022-06-02T00:00:00,29796.90,29899.90,29566.10,29718.40,41282.867
2022-06-02T04:00:00,29718.50,30113.50,29633.20,29952.80,37033.707
2022-06-02T08:00:00,29952.80,30197.00,29845.20,30157.80,45168.227
2022-06-02T12:00:00,30157.80,30380.00,29579.90,30194.40,145003.095
2022-06-02T16:00:00,30194.40,30399.80,29948.60,30272.20,56471.275
2022-06-02T20:00:00,30272.20,30750.00,30215.00,30437.10,45965.516
2022-06-03T00:00:00,30437.10,30693.20,30330.40,30510.50,37266.905
2022-06-03T04:00:00,30510.40,30545.10,30256.90,30424.30,31337.681
2022-06-03T08:00:00,30424.20,30520.00,29653.40,29744.00,89532.065
2022-06-03T12:00:00,29744.00,29880.00,29220.00,29486.70,123783.417
2022-06-03T16:00:00,29486.80,29677.00,29381.60,29560.50,41404.948
2022-06-03T20:00:00,29560.40,29878.10,29545.40,29682.80,33785.361
2022-06-04T00:00:00,29682.80,29750.90,29465.00,29543.20,28745.555
2022-06-04T04:00:00,29543.30,29732.10,29529.70,29690.50,21037.706
2022-06-04T08:00:00,29690.40,29794.10,29575.00,29669.70,24996.716
2022-06-04T12:00:00,29669.80,29988.00,29456.00,29839.90,59768.926
2022-06-04T16:00:00,29839.90,29844.90,29592.40,29642.60,28069.119
2022-06-04T20:00:00,29642.60,29968.70,29615.40,29848.40,24902.512
2022-06-05T00:00:00,29848.50,29884.90,29663.00,29756.20,20643.090
2022-06-05T04:00:00,29755.80,29809.70,29630.30,29630.60,20043.255
2022-06-05T08:00:00,29630.60,29733.10,29524.00,29700.70,30390.842
2022-06-05T12:00:00,29700.70,29975.00,29611.30,29958.30,39272.629
2022-06-05T16:00:00,29958.40,30250.00,29746.40,30036.30,59603.340
2022-06-05T20:00:00,30036.30,30123.80,29794.60,29909.90,35432.675
2022-06-06T00:00:00,29910.00,31292.00,29876.20,31235.00,107749.284
2022-06-06T04:00:00,31235.00,31473.90,31130.70,31277.90,54711.469
2022-06-06T08:00:00,31277.80,31594.60,31261.20,31392.00,55046.401
2022-06-06T12:00:00,31392.10,31780.00,31138.40,31529.80,111901.784
2022-06-06T16:00:00,31529.70,31548.70,31053.00,31466.90,70328.152
2022-06-06T20:00:00,31466.90,31596.00,31269.80,31361.20,36785.784
2022-06-07T00:00:00,31361.20,31373.90,29190.00,29547.50,207983.991
2022-06-07T04:00:00,29547.50,29615.80,29370.60,29569.00,44895.538
2022-06-07T08:00:00,29569.10,29720.00,29320.00,29504.50,53380.304
2022-06-07T12:00:00,29504.60,30050.00,29384.50,29876.00,96227.315
2022-06-07T16:00:00,29876.00,31428.80,29730.00,31050.50,110428.800
2022-06-07T20:00:00,31050.40,31599.00,30303.30,31118.10,178799.037
2022-06-08T00:00:00,31118.00,31325.00,29825.00,30006.00,134352.178
2022-06-08T04:00:00,30006.00,30689.50,29856.10,30547.90,81896.542
2022-06-08T08:00:00,30547.90,30604.30,30321.00,30399.20,40885.219
2022-06-08T12:00:00,30399.20,30888.00,30031.60,30458.00,107853.755
2022-06-08T16:00:00,30461.00,30536.60,29900.00,30127.60,62697.668
2022-06-08T20:00:00,30126.20,30515.80,30090.00,30192.50,28001.275
2022-06-09T00:00:00,30192.60,30312.60,30055.30,30283.00,30853.227
2022-06-09T04:00:00,30283.00,30479.70,30217.20,30477.30,28021.800
2022-06-09T08:00:00,30477.40,30691.90,30256.70,30286.70,56673.429
2022-06-09T12:00:00,30286.70,30386.20,29914.50,30285.80,106526.459
2022-06-09T16:00:00,30285.90,30456.20,29956.00,30003.80,47315.057
2022-06-09T20:00:00,30003.80,30244.20,29952.60,30093.30,37922.203
2022-06-10T00:00:00,30093.40,30374.10,29470.50,30102.00,75329.617
2022-06-10T04:00:00,30102.00,30240.00,30025.30,30041.60,27697.396
2022-06-10T08:00:00,30041.60,30105.70,29853.20,30005.50,43915.463
2022-06-10T12:00:00,30005.40,30177.40,29200.00,29438.20,167438.993
2022-06-10T16:00:00,29438.20,29470.20,28805.00,28970.50,95878.044
2022-06-10T20:00:00,28970.60,29398.80,28953.10,29077.70,35669.146
2022-06-11T00:00:00,29077.70,29300.00,29033.70,29258.40,22825.746
2022-06-11T04:00:00,29258.50,29427.90,29234.10,29309.00,22706.213
2022-06-11T08:00:00,29309.00,29329.80,28550.00,28723.90,103243.737
2022-06-11T12:00:00,28723.90,28865.40,28227.70,28392.30,129264.554
2022-06-11T16:00:00,28392.60,28786.90,28080.00,28581.00,76696.495
2022-06-11T20:00:00,28581.10,28684.60,28238.00,28416.70,36631.069
2022-06-12T00:00:00,28416.60,28530.30,27244.90,27538.20,112863.926
2022-06-12T04:00:00,27538.20,27673.40,27162.70,27629.40,69180.569
2022-06-12T08:00:00,27629.50,27698.00,27324.50,27443.80,50142.276
2022-06-12T12:00:00,27443.90,28337.70,26850.00,28077.80,152771.167
2022-06-12T16:00:00,28077.80,28234.40,27404.00,27410.00,75610.280
2022-06-12T20:00:00,27410.00,27545.40,26538.70,26564.70,100265.913
2022-06-13T00:00:00,26564.70,26877.00,24864.20,25500.00,287621.507
2022-06-13T04:00:00,25499.90,26241.50,24552.00,24801.20,223032.813
2022-06-13T08:00:00,24801.10,24934.30,23464.30,23718.30,345225.993
2022-06-13T12:00:00,23718.20,24357.60,22559.70,23253.10,375411.507
2022-06-13T16:00:00,23255.30,24193.70,23094.00,23200.10,213129.615
2022-06-13T20:00:00,23200.10,23780.00,21900.00,22471.50,178100.125
2022-06-14T00:00:00,22471.40,22785.50,20823.00,22106.50,339820.328
2022-06-14T04:00:00,22106.50,23424.20,21755.40,22863.20,278050.561
2022-06-14T08:00:00,22863.30,22980.00,21712.00,21980.00,150177.780
2022-06-14T12:00:00,21980.00,22793.00,21797.70,22672.60,231421.003
2022-06-14T16:00:00,22672.60,22770.00,22111.00,22182.00,113788.647
2022-06-14T20:00:00,22182.00,22350.00,21350.00,22122.70,134351.477
2022-06-15T00:00:00,22122.70,22290.00,21400.00,21442.30,107872.735
2022-06-15T04:00:00,21442.30,21481.70,20617.20,20707.50,247622.016
2022-06-15T08:00:00,20707.50,21275.90,20100.20,21163.80,305479.509
2022-06-15T12:00:00,21163.80,21794.70,21030.40,21408.80,230516.134
2022-06-15T16:00:00,21408.80,22440.00,20179.90,21617.30,467297.892
2022-06-15T20:00:00,21616.80,22800.00,21428.80,22567.50,150512.883
2022-06-16T00:00:00,22567.50,23000.00,22152.50,22197.50,104620.331
2022-06-16T04:00:00,22197.50,22353.50,21635.30,21748.90,93075.521
2022-06-16T08:00:00,21748.90,21883.70,20852.00,21028.10,195883.211
2022-06-16T12:00:00,21028.20,21490.00,20739.00,21067.00,213956.492
2022-06-16T16:00:00,21067.70,21483.00,20800.00,20862.20,144247.827
2022-06-16T20:00:00,20862.20,21040.00,20222.00,20387.40,130850.838
2022-06-17T00:00:00,20387.40,21052.50,20228.00,20369.00,161879.595
2022-06-17T04:00:00,20369.10,21288.00,20305.60,21087.50,147586.025
2022-06-17T08:00:00,21087.90,21388.00,20833.00,20963.90,136853.278
2022-06-17T12:00:00,20963.90,21036.60,20375.50,20656.00,186987.444
2022-06-17T16:00:00,20656.00,20785.50,20430.30,20506.60,83908.202
2022-06-17T20:00:00,20506.60,20721.70,20350.00,20457.30,58938.713
2022-06-18T00:00:00,20457.30,20768.40,20300.80,20450.00,81381.337
2022-06-18T04:00:00,20449.90,20532.50,19000.00,19244.90,213559.941
2022-06-18T08:00:00,19245.00,19529.50,18690.00,19237.00,242483.135
2022-06-18T12:00:00,19237.00,19278.30,18904.00,18946.60,101852.568
2022-06-18T16:00:00,18946.70,19090.00,18020.90,18059.40,251644.647
2022-06-18T20:00:00,18059.50,19500.00,17593.20,18959.70,377669.760
2022-06-19T00:00:00,18959.70,19189.90,18215.80,18299.80,164915.866
2022-06-19T04:00:00,18299.80,18615.40,17935.90,18297.20,148750.988
2022-06-19T08:00:00,18297.10,20100.00,18255.50,19685.40,268577.781
2022-06-19T12:00:00,19685.40,19937.70,19111.00,19816.30,188811.137
2022-06-19T16:00:00,19816.30,20348.40,19363.80,20111.20,159055.026
2022-06-19T20:00:00,20111.10,20821.00,20036.80,20564.20,159164.876
2022-06-20T00:00:00,20564.30,20653.70,19630.00,19966.70,153679.430
2022-06-20T04:00:00,19966.70,20276.00,19763.00,20076.70,102586.475
2022-06-20T08:00:00,20076.70,21050.00,20010.00,20791.00,220888.310
2022-06-20T12:00:00,20790.90,21099.90,20352.00,20815.40,180288.243
2022-06-20T16:00:00,20815.40,20817.70,19814.80,20064.30,165811.225
2022-06-20T20:00:00,20064.40,20780.00,19996.50,20570.10,112562.447
2022-06-21T00:00:00,20570.00,20780.00,20337.80,20604.40,100187.917
2022-06-21T04:00:00,20604.40,21354.00,20466.10,21107.70,156957.323
2022-06-21T08:00:00,21107.80,21466.80,20905.00,20953.20,139170.758
2022-06-21T12:00:00,20953.30,21740.00,20841.30,21382.80,194948.424
2022-06-21T16:00:00,21382.90,21540.00,20863.60,20879.50,99932.540
2022-06-21T20:00:00,20879.60,21056.70,20535.20,20713.10,95976.974
2022-06-22T00:00:00,20713.10,20729.70,20246.50,20309.00,92584.065
2022-06-22T04:00:00,20309.00,20592.50,19920.00,20091.60,125554.155
2022-06-22T08:00:00,20091.60,20680.00,20032.70,20497.50,107119.530
2022-06-22T12:00:00,20497.60,20888.00,20023.10,20075.40,216205.137
2022-06-22T16:00:00,20075.40,20373.80,19830.00,20103.00,168382.161
2022-06-22T20:00:00,20103.00,20234.90,19745.70,19977.40,102339.145
2022-06-23T00:00:00,19977.50,20600.00,19874.00,20202.90,108125.938
2022-06-23T04:00:00,20202.90,20666.00,20152.00,20446.20,86741.862
2022-06-23T08:00:00,20446.20,20806.90,20433.80,20629.50,112454.988
2022-06-23T12:00:00,20629.50,20855.00,20264.70,20339.90,140045.442
2022-06-23T16:00:00,20339.90,20950.00,20158.10,20900.50,117339.124
2022-06-23T20:00:00,20900.40,21250.00,20655.00,21096.60,134045.686
2022-06-24T00:00:00,21096.60,21379.20,20963.00,21066.30,83233.608
2022-06-24T04:00:00,21066.40,21168.90,20732.50,20903.90,86212.667
2022-06-24T08:00:00,20903.80,21325.00,20736.00,21165.00,110412.275
2022-06-24T12:00:00,21165.00,21491.40,20807.00,20875.40,164350.516
2022-06-24T16:00:00,20875.50,21259.70,20771.50,21241.90,111113.727
2022-06-24T20:00:00,21241.80,21563.50,21130.20,21231.20,90127.985
2022-06-25T00:00:00,21231.20,21369.30,21110.00,21295.00,71447.042
2022-06-25T04:00:00,21295.00,21627.60,21170.00,21495.50,74474.740
2022-06-25T08:00:00,21495.50,21549.80,21308.00,21329.10,52891.918
2022-06-25T12:00:00,21329.20,21366.90,20894.00,20958.90,108646.855
2022-06-25T16:00:00,20959.00,21280.00,20907.50,21195.50,60691.493
2022-06-25T20:00:00,21195.40,21600.00,21130.00,21481.90,65965.399
2022-06-26T00:00:00,21481.90,21539.70,21263.70,21415.10,49149.297
2022-06-26T04:00:00,21415.10,21520.00,21324.50,21390.10,45236.458
2022-06-26T08:00:00,21390.10,21816.00,21355.00,21699.50,66665.057
2022-06-26T12:00:00,21699.40,21888.00,21180.00,21314.20,139640.053
2022-06-26T16:00:00,21314.20,21431.20,21116.50,21273.60,62348.234
2022-06-26T20:00:00,21273.60,21420.10,20952.00,21029.10,79748.637
2022-06-27T00:00:00,21029.10,21180.00,20908.80,21160.90,59311.202
2022-06-27T04:00:00,21160.90,21387.00,21127.20,21354.90,58748.254
2022-06-27T08:00:00,21354.90,21560.00,21277.00,21298.20,75321.574
2022-06-27T12:00:00,21298.10,21338.00,20575.00,20744.00,188997.844
2022-06-27T16:00:00,20744.00,20950.00,20500.00,20845.80,96729.392
2022-06-27T20:00:00,20845.80,20966.00,20666.00,20730.00,60226.743
2022-06-28T00:00:00,20730.00,20868.20,20510.00,20722.60,74327.842
2022-06-28T04:00:00,20722.60,20920.00,20691.90,20868.20,60006.808
2022-06-28T08:00:00,20868.30,21198.00,20855.80,20987.90,112085.876
2022-06-28T12:00:00,20987.80,21138.70,20575.20,20595.40,134940.377
2022-06-28T16:00:00,20595.70,20757.90,20209.10,20246.60,129503.779
2022-06-28T20:00:00,20246.70,20450.00,20188.00,20268.60,72051.426
2022-06-29T00:00:00,20268.70,20385.10,20140.50,20275.90,62400.474
2022-06-29T04:00:00,20275.90,20366.00,19887.10,20080.60,128029.977
2022-06-29T08:00:00,20080.50,20235.60,19817.20,20096.90,116544.781
2022-06-29T12:00:00,20096.90,20180.00,19882.60,20076.30,141521.865
2022-06-29T16:00:00,20076.30,20270.10,19920.00,20214.10,74336.735
2022-06-29T20:00:00,20212.80,20430.00,20037.70,20109.90,86072.158
2022-06-30T00:00:00,20109.90,20165.00,19932.40,20062.60,58234.411
2022-06-30T04:00:00,20062.50,20077.00,19300.00,19423.50,135409.211
2022-06-30T08:00:00,19423.10,19429.90,18902.00,19088.70,180156.683
2022-06-30T12:00:00,19088.70,19338.00,18702.00,19133.50,193562.819
2022-06-30T16:00:00,19133.40,19300.00,18843.00,18921.30,102335.838
2022-06-30T20:00:00,18921.30,19965.60,18563.00,19923.50,190282.453
2022-07-01T00:00:00,19923.30,20926.40,19649.50,19720.10,256703.703
2022-07-01T04:00:00,19720.60,19748.50,19303.00,19566.10,165563.996
2022-07-01T08:00:00,19566.10,19794.80,18948.80,19180.00,157457.563
2022-07-01T12:00:00,19179.90,19666.00,19115.10,19279.50,169455.629
2022-07-01T16:00:00,19279.40,19535.00,19237.60,19380.10,86300.974
2022-07-01T20:00:00,19379.30,19686.80,19207.60,19272.00,79917.498
2022-07-02T00:00:00,19272.00,19383.20,19043.60,19121.70,71071.844
2022-07-02T04:00:00,19121.80,19296.20,19096.70,19119.90,51960.677
2022-07-02T08:00:00,19120.00,19280.30,18959.00,19188.60,75303.773
2022-07-02T12:00:00,19188.70,19456.00,19136.20,19219.90,88740.018
2022-07-02T16:00:00,19219.90,19400.00,19181.60,19263.60,55461.923
2022-07-02T20:00:00,19263.60,19375.30,19183.40,19240.90,40313.290
2022-07-03T00:00:00,19241.00,19300.00,19150.10,19254.60,36842.209
2022-07-03T04:00:00,19254.60,19392.60,18780.10,19127.80,129678.976
2022-07-03T08:00:00,19127.70,19147.00,18921.90,19080.00,64058.229
2022-07-03T12:00:00,19080.10,19114.00,18955.00,19035.30,57015.023
2022-07-03T16:00:00,19035.30,19562.20,19008.70,19483.30,76212.840
2022-07-03T20:00:00,19483.50,19645.40,19200.00,19305.90,85701.054
2022-07-04T00:00:00,19306.00,19333.10,19046.30,19094.00,59479.086
2022-07-04T04:00:00,19094.00,19179.40,19071.60,19115.20,38446.371
2022-07-04T08:00:00,19115.10,19838.00,19102.30,19794.20,149700.773
2022-07-04T12:00:00,19794.20,20123.00,19494.40,19792.40,181557.409
2022-07-04T16:00:00,19792.40,20061.90,19666.30,19823.90,101114.027
2022-07-04T20:00:00,19824.00,20350.00,19719.50,20226.60,103012.521
2022-07-05T00:00:00,20226.30,20474.00,20150.00,20302.80,86131.787
2022-07-05T04:00:00,20302.80,20448.60,20159.00,20207.70,77724.731
2022-07-05T08:00:00,20207.80,20209.20,19461.90,19514.30,166940.042
2022-07-05T12:00:00,19514.30,19585.70,19291.60,19507.00,173192.649
2022-07-05T16:00:00,19507.00,20525.40,19478.00,20392.80,192925.414
2022-07-05T20:00:00,20392.90,20749.20,20102.00,20170.00,157324.244
2022-07-06T00:00:00,20170.10,20396.70,19753.00,19940.40,115695.634
2022-07-06T04:00:00,19940.40,20316.30,19850.00,20150.90,132223.451
2022-07-06T08:00:00,20151.00,20295.00,20033.80,20098.70,92750.207
2022-07-06T12:00:00,20098.70,20372.10,19950.00,20140.10,135567.596
2022-07-06T16:00:00,20140.10,20477.00,20125.30,20319.80,125018.559
2022-07-06T20:00:00,20319.80,20667.60,20259.20,20554.10,80821.011
2022-07-07T00:00:00,20554.20,20588.00,20373.60,20474.00,52230.802
2022-07-07T04:00:00,20474.00,20487.50,20244.90,20432.80,59811.020
2022-07-07T08:00:00,20432.80,20619.10,20384.50,20504.30,74776.458
2022-07-07T12:00:00,20504.30,21050.00,20367.90,20881.90,171393.624
2022-07-07T16:00:00,20882.00,21830.00,20816.20,21797.80,230249.691
2022-07-07T20:00:00,21797.90,21821.10,21515.00,21613.40,111380.021
2022-07-08T00:00:00,21614.50,22579.90,21570.40,22119.70,148760.804
2022-07-08T04:00:00,22119.70,22243.70,21707.00,21791.30,95950.181
2022-07-08T08:00:00,21791.30,21814.10,21309.00,21577.70,152079.958
2022-07-08T12:00:00,21577.80,22127.70,21175.20,21947.30,254130.850
2022-07-08T16:00:00,21947.40,21961.60,21515.00,21805.60,122365.576
2022-07-08T20:00:00,21805.50,22048.00,21568.00,21587.90,74857.126
2022-07-09T00:00:00,21587.80,21687.30,21400.00,21605.90,73341.006
2022-07-09T04:00:00,21606.00,21740.40,21477.40,21644.70,54604.242
2022-07-09T08:00:00,21644.70,21785.00,21309.60,21437.40,66473.796
2022-07-09T12:00:00,21437.40,21721.70,21373.20,21538.70,71625.682
2022-07-09T16:00:00,21538.60,22000.00,21503.10,21613.30,86821.469
2022-07-09T20:00:00,21613.20,21746.40,21530.00,21580.00,40506.171
2022-07-10T00:00:00,21580.00,21594.20,21095.40,21288.60,82344.671
2022-07-10T04:00:00,21288.60,21365.60,21152.80,21329.90,51200.937
2022-07-10T08:00:00,21329.90,21433.30,21161.60,21296.10,52095.251
2022-07-10T12:00:00,21294.60,21339.80,20808.20,20892.50,113767.568
2022-07-10T16:00:00,20892.50,21046.60,20600.00,20913.10,90635.921
2022-07-10T20:00:00,20913.00,21170.00,20670.70,20853.80,78132.191
2022-07-11T00:00:00,20853.80,20853.90,20449.30,20540.00,93710.541
2022-07-11T04:00:00,20540.00,20597.90,20345.80,20429.30,70535.804
2022-07-11T08:00:00,20429.30,20625.00,20405.80,20465.00,69976.612
2022-07-11T12:00:00,20465.10,20778.10,20260.00,20430.10,132353.603
2022-07-11T16:00:00,20430.20,20733.80,20384.00,20499.80,81859.339
2022-07-11T20:00:00,20499.90,20550.00,19870.00,19954.30,112810.088
2022-07-12T00:00:00,19954.30,19994.80,19780.00,19934.30,75346.940
2022-07-12T04:00:00,19934.20,20048.90,19618.20,19722.90,105992.070
2022-07-12T08:00:00,19722.90,19843.00,19552.40,19765.10,106267.951
2022-07-12T12:00:00,19765.00,19999.50,19680.80,19876.90,132675.241
2022-07-12T16:00:00,19876.90,19993.00,19252.50,19383.60,132420.341
2022-07-12T20:00:00,19383.70,19544.30,19228.30,19322.90,87858.180
2022-07-13T00:00:00,19322.90,19578.10,19260.00,19462.70,61122.080
2022-07-13T04:00:00,19462.70,19890.00,19410.30,19699.50,77968.177
2022-07-13T08:00:00,19699.80,19928.00,19660.00,19833.00,98019.460
2022-07-13T12:00:00,19833.00,20150.00,18901.00,19445.10,425365.258
2022-07-13T16:00:00,19445.10,20106.60,19228.10,19644.70,190623.822
2022-07-13T20:00:00,19644.70,20401.60,19575.50,20220.10,122839.368
2022-07-14T00:00:00,20220.10,20436.60,20153.30,20215.30,94239.348
2022-07-14T04:00:00,20215.30,20270.40,19894.00,19981.30,88149.619
2022-07-14T08:00:00,19981.30,20047.00,19617.40,19728.00,109721.677
2022-07-14T12:00:00,19728.10,20463.30,19600.00,20379.30,212665.816
2022-07-14T16:00:00,20379.40,20900.00,20130.00,20602.90,195480.497
2022-07-14T20:00:00,20603.00,20713.20,20425.60,20578.60,65732.573
2022-07-15T00:00:00,20578.60,20825.00,20364.30,20601.40,99723.286
2022-07-15T04:00:00,20601.40,20940.00,20481.20,20823.40,95645.304
2022-07-15T08:00:00,20823.30,21054.00,20711.30,20764.20,113397.671
2022-07-15T12:00:00,20764.30,21090.00,20754.10,20785.10,131185.242
2022-07-15T16:00:00,20785.10,21197.00,20622.00,21156.70,116440.097
2022-07-15T20:00:00,21156.70,21200.00,20755.00,20823.10,70372.092
2022-07-16T00:00:00,20823.10,20854.20,20600.00,20727.30,52241.851
2022-07-16T04:00:00,20727.40,20750.80,20471.00,20541.00,62235.670
2022-07-16T08:00:00,20541.00,20680.00,20534.30,20604.60,40441.410
2022-07-16T12:00:00,20604.70,20950.00,20583.60,20935.00,90829.260
2022-07-16T16:00:00,20934.90,21580.00,20919.10,21184.30,207108.221
2022-07-16T20:00:00,21184.30,21343.40,20900.00,21183.50,86350.458
2022-07-17T00:00:00,21183.60,21449.10,21071.70,21314.10,64744.701
2022-07-17T04:00:00,21314.10,21674.10,21222.00,21460.00,82656.016
2022-07-17T08:00:00,21460.00,21545.70,21210.10,21450.70,92398.545
2022-07-17T12:00:00,21450.70,21495.00,21070.00,21158.00,95511.282
2022-07-17T16:00:00,21158.00,21349.20,20810.40,21020.90,98795.304
2022-07-17T20:00:00,21020.90,21070.00,20742.00,20794.40,51431.880
2022-07-18T00:00:00,20794.40,21371.90,20764.40,21274.00,87705.945
2022-07-18T04:00:00,21274.10,22401.40,21158.70,22243.40,212697.006
2022-07-18T08:00:00,22243.30,22524.30,21972.00,22130.00,157527.528
2022-07-18T12:00:00,22129.90,22800.00,21900.70,22674.20,187389.400
2022-07-18T16:00:00,22673.60,22706.70,21385.70,21614.80,197850.704
2022-07-18T20:00:00,21614.90,22650.00,21420.00,22423.90,139697.151
2022-07-19T00:00:00,22423.50,22950.00,21800.00,21897.90,192530.541
2022-07-19T04:00:00,21898.00,22124.60,21575.00,21761.00,120021.377
2022-07-19T08:00:00,21760.90,22237.60,21686.30,21967.60,106687.834
2022-07-19T12:00:00,21967.60,23200.00,21967.50,23116.20,320286.054
2022-07-19T16:00:00,23117.10,23739.00,22942.40,23391.50,252335.512
2022-07-19T20:00:00,23390.60,23817.90,23146.50,23385.90,132167.764
2022-07-20T00:00:00,23385.90,23517.00,22922.00,23433.80,115584.304
2022-07-20T04:00:00,23433.90,23861.00,23300.00,23376.70,111668.484
2022-07-20T08:00:00,23377.00,23888.00,23298.50,23720.00,143898.221
2022-07-20T12:00:00,23720.10,24277.00,23556.90,24153.40,216817.447
2022-07-20T16:00:00,24153.50,24182.90,23420.00,23650.60,169500.029
2022-07-20T20:00:00,23650.60,23799.00,22912.40,23221.50,189179.330
2022-07-21T00:00:00,23221.50,23441.10,22662.80,22774.40,117420.420
2022-07-21T04:00:00,22774.40,23088.00,22636.00,22926.70,99143.866
2022-07-21T08:00:00,22926.60,23069.00,22444.00,22605.40,115941.577
2022-07-21T12:00:00,22605.50,22842.70,22340.20,22633.70,157575.770
2022-07-21T16:00:00,22633.70,23196.00,22625.30,23193.00,154628.552
2022-07-21T20:00:00,23193.00,23295.50,22930.30,23144.50,78833.281
2022-07-22T00:00:00,23144.50,23342.20,22850.00,22903.50,61593.966
2022-07-22T04:00:00,22903.50,23318.40,22803.00,23109.20,79589.288
2022-07-22T08:00:00,23109.30,23623.60,23060.00,23600.80,112893.693
2022-07-22T12:00:00,23600.70,23750.00,23217.00,23286.70,169406.621
2022-07-22T16:00:00,23286.70,23335.00,22531.90,22578.90,147305.314
2022-07-22T20:00:00,22579.00,22775.00,22500.00,22675.10,63119.052
2022-07-23T00:00:00,22675.00,22890.00,22540.10,22796.40,47116.600
2022-07-23T04:00:00,22796.40,22990.00,22654.70,22764.20,69690.110
2022-07-23T08:00:00,22764.20,22871.00,22204.20,22226.30,131399.986
2022-07-23T12:00:00,22226.80,22381.00,22032.00,22209.90,96487.398
2022-07-23T16:00:00,22209.90,22325.00,21933.50,22268.80,101377.464
2022-07-23T20:00:00,22266.50,22548.00,22210.00,22440.20,59816.115
2022-07-24T00:00:00,22440.10,22663.10,22286.00,22326.50,60618.983
2022-07-24T04:00:00,22326.40,22828.80,22256.40,22692.40,88436.062
2022-07-24T08:00:00,22692.40,22812.00,22470.00,22648.20,79453.307
2022-07-24T12:00:00,22648.10,22935.00,22428.10,22837.00,96659.445
2022-07-24T16:00:00,22837.00,22868.90,22626.00,22695.10,59302.403
2022-07-24T20:00:00,22695.10,22999.00,22503.00,22570.60,78488.753
2022-07-25T00:00:00,22570.60,22656.80,21763.30,21858.00,132346.300
2022-07-25T04:00:00,21858.10,21988.40,21734.10,21951.30,75898.142
2022-07-25T08:00:00,21951.20,22095.00,21860.20,21931.50,69946.378
2022-07-25T12:00:00,21931.60,21996.10,21650.00,21884.30,140631.397
2022-07-25T16:00:00,21884.40,22000.00,21544.50,21879.50,105432.332
2022-07-25T20:00:00,21879.60,22252.60,21232.00,21300.00,171516.106
2022-07-26T00:00:00,21300.00,21334.40,20820.80,21130.20,130755.612
2022-07-26T04:00:00,21130.20,21250.00,21000.00,21053.70,52267.748
2022-07-26T08:00:00,21053.70,21147.70,20922.50,21078.90,51550.794
2022-07-26T12:00:00,21078.90,21181.60,20689.60,20737.60,135871.682
2022-07-26T16:00:00,20737.60,21073.00,20730.30,20907.90,87956.232
2022-07-26T20:00:00,20907.80,21294.00,20803.60,21241.00,94096.835
2022-07-27T00:00:00,21241.00,21268.10,21031.00,21065.10,55115.866
2022-07-27T04:00:00,21065.20,21442.00,21054.40,21335.00,73775.917
2022-07-27T08:00:00,21335.00,21431.60,21102.50,21193.20,64188.633
2022-07-27T12:00:00,21193.20,21531.80,21151.90,21516.40,86649.905
2022-07-27T16:00:00,21516.50,23100.00,21431.00,22763.80,371373.751
2022-07-27T20:00:00,22763.80,22996.20,22570.70,22941.10,102266.231
2022-07-28T00:00:00,22941.10,23480.00,22691.00,23126.70,101139.632
2022-07-28T04:00:00,23126.80,23260.00,22880.00,22916.90,70065.109
2022-07-28T08:00:00,22916.40,23150.90,22809.80,23106.00,69181.001
2022-07-28T12:00:00,23106.00,23999.60,22583.10,23739.40,285080.094
2022-07-28T16:00:00,23739.40,24094.50,23661.70,23790.40,132080.804
2022-07-28T20:00:00,23790.40,24194.60,23720.00,23836.20,99195.196
2022-07-29T00:00:00,23836.20,23947.80,23700.00,23905.80,58752.193
2022-07-29T04:00:00,23905.60,24500.00,23818.20,23938.00,105626.491
2022-07-29T08:00:00,23938.00,24135.00,23548.00,23717.20,101928.680
2022-07-29T12:00:00,23717.20,24220.00,23426.30,24003.00,184078.363
2022-07-29T16:00:00,24003.00,24038.00,23600.00,23889.90,114250.442
2022-07-29T20:00:00,23891.20,24129.90,23691.10,23771.10,77700.882
2022-07-30T00:00:00,23771.00,23965.00,23667.80,23800.70,59039.607
2022-07-30T04:00:00,23800.70,23900.00,23621.80,23869.80,39139.129
2022-07-30T08:00:00,23869.80,24073.00,23726.00,23956.30,58671.975
2022-07-30T12:00:00,23956.40,24700.00,23911.00,24522.80,156601.767
2022-07-30T16:00:00,24522.80,24585.00,23841.60,23915.00,79980.578
2022-07-30T20:00:00,23914.90,24065.90,23505.00,23629.90,100391.760
2022-07-31T00:00:00,23630.00,23890.00,23511.30,23732.50,48508.909
2022-07-31T04:00:00,23732.50,23838.40,23656.20,23704.90,30995.465
2022-07-31T08:00:00,23704.90,23850.00,23555.00,23788.40,49464.809
2022-07-31T12:00:00,23788.40,23856.40,23598.40,23764.20,48333.793
2022-07-31T16:00:00,23764.20,24187.30,23340.00,23832.80,126974.999
2022-07-31T20:00:00,23832.80,23887.00,23222.00,23290.10,81691.875
2022-08-01T00:00:00,23290.10,23458.30,23251.00,23366.30,39170.981
2022-08-01T04:00:00,23366.20,23408.70,23100.00,23313.40,57129.944
2022-08-01T08:00:00,23313.30,23376.00,22933.50,23216.20,92024.390
2022-08-01T12:00:00,23216.20,23497.00,22955.00,23315.10,137584.923
2022-08-01T16:00:00,23315.10,23339.00,22836.20,22944.90,102738.543
2022-08-01T20:00:00,22945.00,23407.00,22900.00,23257.60,69729.511
2022-08-02T00:00:00,23257.60,23436.30,22777.00,22845.30,90849.368
2022-08-02T04:00:00,22845.30,22923.00,22700.00,22875.50,60603.986
2022-08-02T08:00:00,22875.50,22965.60,22603.00,22872.00,79906.674
2022-08-02T12:00:00,22872.00,23140.00,22657.00,22962.90,174906.063
2022-08-02T16:00:00,22962.80,23448.70,22846.30,22935.60,161782.725
2022-08-02T20:00:00,22935.70,23141.10,22897.30,22975.10,57179.096
2022-08-03T00:00:00,22975.10,23057.00,22665.30,22852.90,73558.518
2022-08-03T04:00:00,22852.90,23065.30,22793.00,22979.50,51680.698
2022-08-03T08:00:00,22979.60,23471.80,22979.20,23390.90,120689.258
2022-08-03T12:00:00,23391.00,23650.00,23200.00,23346.00,139399.872
2022-08-03T16:00:00,23345.90,23566.70,23246.00,23449.10,81547.670
2022-08-03T20:00:00,23450.20,23475.90,22707.00,22801.50,102385.752
2022-08-04T00:00:00,22801.50,23211.30,22780.80,23083.70,82489.427
2022-08-04T04:00:00,23083.70,23175.60,22810.00,22935.00,74751.639
2022-08-04T08:00:00,22934.90,22946.70,22750.00,22872.30,72066.733
2022-08-04T12:00:00,22872.30,23133.00,22728.50,22914.30,140599.183
2022-08-04T16:00:00,22914.20,22966.00,22370.00,22439.10,133919.196
2022-08-04T20:00:00,22439.10,22658.00,22435.00,22608.90,44442.638
2022-08-05T00:00:00,22608.90,23188.60,22580.60,23158.50,86942.109
2022-08-05T04:00:00,23158.50,23430.30,23055.00,23176.90,88102.335
2022-08-05T08:00:00,23176.90,23436.50,23087.00,23393.00,75731.757
2022-08-05T12:00:00,23393.10,23450.00,22867.80,22979.10,191943.613
2022-08-05T16:00:00,22979.10,23098.60,22746.90,22922.70,83267.463
2022-08-05T20:00:00,22922.60,23318.80,22831.60,23298.10,68004.853
2022-08-06T00:00:00,23298.00,23341.80,23140.80,23161.80,46526.815
2022-08-06T04:00:00,23161.80,23230.00,23130.80,23196.50,27369.113
2022-08-06T08:00:00,23196.40,23249.60,23083.20,23148.10,33006.319
2022-08-06T12:00:00,23148.20,23227.40,23146.10,23191.20,25400.597
2022-08-06T16:00:00,23191.20,23250.00,22975.00,23175.10,54899.805
2022-08-06T20:00:00,23175.10,23215.80,22883.60,22943.30,40456.745
2022-08-07T00:00:00,22943.20,23034.60,22830.90,22979.70,48262.022
2022-08-07T04:00:00,22979.80,23015.70,22930.00,23000.00,22310.995
2022-08-07T08:00:00,23000.00,23043.80,22878.10,23026.10,33873.876
2022-08-07T12:00:00,23026.20,23180.00,23000.00,23012.10,55373.037
2022-08-07T16:00:00,23012.20,23328.00,22984.00,23154.90,57978.263
2022-08-07T20:00:00,23155.00,23400.00,23042.20,23167.80,53713.869
2022-08-08T00:00:00,23167.90,23341.00,23153.10,23294.50,43076.056
2022-08-08T04:00:00,23294.50,23848.00,23267.70,23796.80,112409.014
2022-08-08T08:00:00,23796.80,24180.00,23757.40,24160.00,131696.120
2022-08-08T12:00:00,24159.90,24243.00,23880.00,23986.90,131317.203
2022-08-08T16:00:00,23986.80,24003.50,23775.20,23918.70,72218.514
2022-08-08T20:00:00,23918.90,24097.50,23666.00,23804.40,74367.312
2022-08-09T00:00:00,23804.30,23859.90,23617.60,23819.00,45588.240
2022-08-09T04:00:00,23819.00,23913.40,23744.50,23866.20,45536.396
2022-08-09T08:00:00,23866.20,23878.10,23165.00,23257.80,158171.309
2022-08-09T12:00:00,23257.70,23323.10,22850.00,23061.70,145926.846
2022-08-09T16:00:00,23061.60,23121.10,22963.00,23048.30,57483.095
2022-08-09T20:00:00,23048.30,23248.00,23042.10,23140.20,45581.057
2022-08-10T00:00:00,23140.10,23140.20,22608.00,22850.20,102497.551
2022-08-10T04:00:00,22850.20,22997.00,22819.90,22951.20,48937.392
2022-08-10T08:00:00,22951.20,23190.00,22951.20,23108.30,69457.088
2022-08-10T12:00:00,23108.30,24179.00,22993.70,23983.60,319236.099
2022-08-10T16:00:00,23983.60,24079.00,23454.00,23626.30,116105.454
2022-08-10T20:00:00,23626.30,24235.20,23612.00,23940.90,104504.620
2022-08-11T00:00:00,23941.00,24480.70,23907.60,24313.70,135180.805
2022-08-11T04:00:00,24313.60,24760.00,24277.10,24429.50,131739.622
2022-08-11T08:00:00,24429.40,24668.00,24344.60,24547.30,75880.827
2022-08-11T12:00:00,24547.20,24972.00,24261.80,24336.60,228432.712
2022-08-11T16:00:00,24336.40,24413.70,24069.70,24213.70,103530.295
2022-08-11T20:00:00,24214.20,24325.00,23840.60,23917.20,85690.984
2022-08-12T00:00:00,23917.30,24088.00,23750.00,23997.70,77511.681
2022-08-12T04:00:00,23997.70,24053.00,23864.80,23949.20,40532.479
2022-08-12T08:00:00,23949.20,24149.50,23560.00,23663.20,103313.015
2022-08-12T12:00:00,23663.20,23995.00,23642.40,23966.70,104057.733
2022-08-12T16:00:00,23966.70,24260.00,23938.50,24162.00,77550.579
2022-08-12T20:00:00,24162.00,24438.80,24031.00,24387.50,74768.558
2022-08-13T00:00:00,24387.50,24800.00,24319.30,24786.40,97910.910
2022-08-13T04:00:00,24786.50,24879.00,24540.80,24566.10,85905.954
2022-08-13T08:00:00,24566.10,24647.70,24267.50,24426.00,105318.070
2022-08-13T12:00:00,24425.90,24592.80,24282.00,24501.80,61755.172
2022-08-13T16:00:00,24501.80,24584.50,24321.60,24389.20,46937.126
2022-08-13T20:00:00,24389.20,24536.40,24309.70,24429.00,33266.427
2022-08-14T00:00:00,24429.00,24632.60,24332.10,24554.30,51331.577
2022-08-14T04:00:00,24554.30,25065.00,24484.40,24867.10,94220.309
2022-08-14T08:00:00,24867.20,24872.60,24511.00,24554.20,94591.205
2022-08-14T12:00:00,24554.30,24579.50,24379.30,24512.10,61061.029
2022-08-14T16:00:00,24512.00,24548.80,24138.00,24273.80,87399.410
2022-08-14T20:00:00,24273.90,24420.00,24162.00,24294.10,48710.790
2022-08-15T00:00:00,24294.10,25200.00,24150.00,24856.10,176947.900
2022-08-15T04:00:00,24856.20,24975.70,23916.70,24010.80,197596.855
2022-08-15T08:00:00,24010.70,24296.80,23860.20,24037.10,114243.758
2022-08-15T12:00:00,24037.20,24246.30,23890.10,24211.80,102011.544
2022-08-15T16:00:00,24211.80,24272.20,23951.00,23972.20,69416.497
2022-08-15T20:00:00,23972.20,24178.70,23762.00,24085.20,79174.167
2022-08-16T00:00:00,24085.20,24234.00,23843.80,24072.70,81978.074
2022-08-16T04:00:00,24072.60,24134.00,23788.00,24054.10,66146.749
2022-08-16T08:00:00,24054.40,24138.00,23954.60,24027.10,50490.746
2022-08-16T12:00:00,24026.40,24079.00,23650.00,23886.30,127827.332
2022-08-16T16:00:00,23886.20,24050.00,23676.50,23919.60,98598.382
2022-08-16T20:00:00,23919.70,23978.00,23795.50,23843.00,35878.711
2022-08-17T00:00:00,23843.00,24071.40,23815.80,23996.90,65927.449
2022-08-17T04:00:00,23997.00,24437.00,23754.00,23774.20,153483.068
2022-08-17T08:00:00,23774.20,23908.20,23672.00,23737.20,90827.839
2022-08-17T12:00:00,23737.10,23748.70,23312.90,23385.70,161103.310
2022-08-17T16:00:00,23385.70,23619.70,23231.90,23268.50,112692.329
2022-08-17T20:00:00,23268.50,23399.00,23170.00,23333.10,56566.908
2022-08-18T00:00:00,23333.10,23505.20,23280.00,23423.80,45094.727
2022-08-18T04:00:00,23423.80,23458.60,23318.90,23402.50,39849.461
2022-08-18T08:00:00,23402.50,23567.80,23336.10,23521.30,53349.177
2022-08-18T12:00:00,23521.20,23595.00,23340.90,23439.40,82442.819
2022-08-18T16:00:00,23439.50,23458.60,23220.70,23340.00,74187.967
2022-08-18T20:00:00,23339.90,23441.40,23101.00,23185.10,52774.855
2022-08-19T00:00:00,23185.00,23200.00,22702.00,22759.00,123098.889
2022-08-19T04:00:00,22759.00,22826.80,21220.00,21892.80,186167.069
2022-08-19T08:00:00,21892.90,21906.00,21235.80,21453.70,182850.917
2022-08-19T12:00:00,21453.70,21581.20,21250.00,21431.10,141320.365
2022-08-19T16:00:00,21431.00,21646.10,21133.00,21319.40,117009.421
2022-08-19T20:00:00,21319.40,21370.90,20760.00,20824.90,156163.164
2022-08-20T00:00:00,20825.00,21180.00,20783.80,21128.50,86261.961
2022-08-20T04:00:00,21128.60,21368.90,21069.50,21295.10,77169.341
2022-08-20T08:00:00,21295.20,21301.10,21107.20,21220.10,56741.418
2022-08-20T12:00:00,21220.10,21328.80,21191.50,21291.70,57119.721
2022-08-20T16:00:00,21291.80,21350.00,20933.20,20981.70,98537.711
2022-08-20T20:00:00,20981.70,21249.00,20742.90,21127.80,114676.890
2022-08-21T00:00:00,21127.70,21320.40,21111.10,21198.30,47577.880
2022-08-21T04:00:00,21198.20,21271.20,21055.00,21241.70,48520.543
2022-08-21T08:00:00,21241.70,21580.10,21217.00,21514.30,98932.948
2022-08-21T12:00:00,21514.40,21573.00,21300.00,21407.70,63268.934
2022-08-21T16:00:00,21407.70,21545.70,21318.50,21498.80,49791.753
2022-08-21T20:00:00,21498.90,21804.60,21259.70,21505.60,116190.366
2022-08-22T00:00:00,21505.60,21520.50,21355.00,21406.50,46954.726
2022-08-22T04:00:00,21406.50,21477.90,21038.60,21089.10,83216.917
2022-08-22T08:00:00,21089.20,21331.50,20858.60,21238.60,147398.793
2022-08-22T12:00:00,21238.60,21439.20,21071.50,21388.00,138339.680
2022-08-22T16:00:00,21388.00,21550.00,20950.00,21047.10,103772.069
2022-08-22T20:00:00,21047.10,21417.00,21030.00,21387.00,69082.412
2022-08-23T00:00:00,21387.00,21460.00,21213.10,21228.50,64213.857
2022-08-23T04:00:00,21228.50,21304.70,20874.80,21297.30,125701.499
2022-08-23T08:00:00,21297.20,21546.50,21279.00,21444.40,148075.530
2022-08-23T12:00:00,21444.40,21667.20,21319.60,21460.60,144902.651
2022-08-23T16:00:00,21460.70,21590.70,21350.00,21512.50,73618.116
2022-08-23T20:00:00,21512.60,21662.00,21418.90,21518.20,53233.617
2022-08-24T00:00:00,21518.20,21541.20,21132.30,21253.20,89527.788
2022-08-24T04:00:00,21253.10,21495.60,21224.10,21305.60,74717.861
2022-08-24T08:00:00,21305.60,21465.70,21254.20,21426.10,61558.392
2022-08-24T12:00:00,21426.10,21635.00,21364.60,21605.60,100064.737
2022-08-24T16:00:00,21605.60,21925.60,21596.10,21695.80,107029.148
2022-08-24T20:00:00,21695.90,21750.00,21350.00,21354.90,69830.272
2022-08-25T00:00:00,21355.00,21622.90,21295.30,21460.80,72236.763
2022-08-25T04:00:00,21460.80,21750.00,21455.40,21732.20,65842.252
2022-08-25T08:00:00,21732.20,21810.90,21601.00,21713.10,61377.230
2022-08-25T12:00:00,21713.20,21771.20,21475.00,21557.00,102528.866
2022-08-25T16:00:00,21557.00,21636.20,21385.50,21594.30,75917.003
2022-08-25T20:00:00,21594.40,21677.00,21504.00,21548.30,37855.878
2022-08-26T00:00:00,21548.30,21603.70,21421.00,21542.00,44411.779
2022-08-26T04:00:00,21541.90,21554.30,21311.00,21438.40,69239.787
2022-08-26T08:00:00,21438.30,21459.10,21000.00,21179.70,86131.281
2022-08-26T12:00:00,21179.60,21867.60,20560.00,20770.10,448846.774
2022-08-26T16:00:00,20769.60,20822.00,20518.00,20635.50,135342.449
2022-08-26T20:00:00,20635.50,20740.60,20100.00,20228.70,112502.286
2022-08-27T00:00:00,20228.70,20367.70,20125.00,20189.90,75409.491
2022-08-27T04:00:00,20189.90,20263.00,19901.00,20255.00,104997.504
2022-08-27T08:00:00,20255.00,20263.70,20126.20,20198.60,47373.908
2022-08-27T12:00:00,20198.50,20230.00,19744.00,19966.10,112671.730
2022-08-27T16:00:00,19966.00,20088.10,19825.70,20007.10,75584.485
2022-08-27T20:00:00,20007.00,20088.90,19845.00,20023.90,53560.906
2022-08-28T00:00:00,20024.00,20155.00,19918.00,19978.70,52157.138
2022-08-28T04:00:00,19978.80,20075.40,19923.00,20045.00,34450.319
2022-08-28T08:00:00,20045.00,20098.00,19926.00,20021.90,42814.641
2022-08-28T12:00:00,20021.90,20048.40,19793.80,20007.50,87656.315
2022-08-28T16:00:00,20007.60,20140.00,19942.00,19962.50,66919.213
2022-08-28T20:00:00,19962.60,20035.00,19508.00,19547.50,102407.569
2022-08-29T00:00:00,19547.50,19945.00,19539.40,19854.60,104276.439
2022-08-29T04:00:00,19854.10,19928.00,19732.00,19885.30,64282.310
2022-08-29T08:00:00,19885.30,19914.60,19754.10,19812.00,55771.540
2022-08-29T12:00:00,19812.00,20365.60,19795.10,20249.10,214173.514
2022-08-29T16:00:00,20249.10,20440.00,20070.40,20090.50,102318.652
2022-08-29T20:00:00,20090.50,20335.00,20069.30,20275.50,57254.214
2022-08-30T00:00:00,20275.50,20282.40,20100.00,20261.30,53863.635
2022-08-30T04:00:00,20261.40,20574.00,20246.20,20423.30,108222.156
2022-08-30T08:00:00,20423.30,20496.60,20321.20,20395.80,66014.745
2022-08-30T12:00:00,20395.90,20440.00,19634.40,19743.80,252515.418
2022-08-30T16:00:00,19743.70,20085.00,19524.40,19937.10,201304.400
2022-08-30T20:00:00,19937.20,20046.80,19739.00,19803.10,85794.639
2022-08-31T00:00:00,19803.20,20449.00,19787.90,20392.60,131758.873
2022-08-31T04:00:00,20392.70,20496.00,20178.90,20247.50,85524.668
2022-08-31T08:00:00,20247.50,20397.10,20121.00,20308.00,95848.894
2022-08-31T12:00:00,20307.90,20419.00,19850.00,20130.50,199733.768
2022-08-31T16:00:00,20130.60,20329.00,19870.20,20217.70,130762.014
2022-08-31T20:00:00,20217.70,20288.70,19959.80,20041.50,68011.122
2022-09-01T00:00:00,20041.40,20198.30,19910.00,20016.90,87773.133
2022-09-01T04:00:00,20017.00,20127.90,19790.40,19885.70,84579.416
2022-09-01T08:00:00,19885.60,20115.10,19810.10,20060.90,90974.072
2022-09-01T12:00:00,20061.00,20084.10,19644.70,19775.80,179308.754
2022-09-01T16:00:00,19775.70,19930.00,19555.00,19857.40,156176.105
2022-09-01T20:00:00,19857.50,20171.00,19830.40,20122.50,92783.241
2022-09-02T00:00:00,20122.60,20264.80,19947.90,20145.10,72954.770
2022-09-02T04:00:00,20145.10,20290.00,20023.20,20100.50,59237.022
2022-09-02T08:00:00,20100.40,20168.80,19978.00,20082.40,58803.402
2022-09-02T12:00:00,20082.40,20434.30,20013.00,20344.80,205092.145
2022-09-02T16:00:00,20344.80,20368.00,19736.00,19899.30,222614.135
2022-09-02T20:00:00,19899.30,20018.70,19850.90,19941.00,50346.342
2022-09-03T00:00:00,19941.00,20050.00,19854.30,19890.30,43419.740
2022-09-03T04:00:00,19890.30,19957.50,19740.10,19808.20,46872.789
2022-09-03T08:00:00,19808.10,19862.10,19700.60,19790.00,59778.967
2022-09-03T12:00:00,19789.90,19894.00,19740.10,19764.30,45476.908
2022-09-03T16:00:00,19764.30,19826.40,19628.70,19702.90,59876.323
2022-09-03T20:00:00,19702.90,19840.00,19666.60,19820.70,29816.262
2022-09-04T00:00:00,19820.70,19847.90,19728.10,19766.00,27815.422
2022-09-04T04:00:00,19766.00,19801.70,19600.00,19618.50,41328.581
2022-09-04T08:00:00,19618.40,19850.40,19570.00,19843.00,83434.724
2022-09-04T12:00:00,19843.00,19930.00,19631.20,19781.60,103116.685
2022-09-04T16:00:00,19781.60,19947.60,19713.00,19872.70,84354.991
2022-09-04T20:00:00,19872.80,20022.40,19809.00,19992.70,56747.781
2022-09-05T00:00:00,19992.70,20046.70,19801.00,19871.90,63827.839
2022-09-05T04:00:00,19871.90,19900.00,19668.00,19740.00,75269.707
2022-09-05T08:00:00,19739.90,19794.70,19620.20,19692.90,68683.695
2022-09-05T12:00:00,19692.90,19944.00,19659.50,19848.10,105263.916
2022-09-05T16:00:00,19848.10,19904.50,19660.00,19700.90,80856.224
2022-09-05T20:00:00,19700.90,19850.00,19686.90,19784.90,52805.029
2022-09-06T00:00:00,19784.90,20174.70,19665.00,19780.20,186484.465
2022-09-06T04:00:00,19780.30,19940.00,19724.00,19900.70,79991.334
2022-09-06T08:00:00,19900.70,20023.20,19850.00,19909.20,90226.747
2022-09-06T12:00:00,19909.20,19987.50,19650.40,19810.10,160616.009
2022-09-06T16:00:00,19810.20,19847.10,18700.00,18813.00,317000.757
2022-09-06T20:00:00,18813.10,19066.60,18600.00,18781.50,111169.830
2022-09-07T00:00:00,18781.40,18861.90,18500.00,18736.30,110548.940
2022-09-07T04:00:00,18736.20,18833.00,18664.20,18791.50,58734.217
2022-09-07T08:00:00,18791.40,18848.00,18679.90,18729.50,48997.764
2022-09-07T12:00:00,18729.40,18960.00,18663.60,18863.30,117302.112
2022-09-07T16:00:00,18863.30,19188.00,18844.80,18982.10,118730.560
2022-09-07T20:00:00,18982.10,19455.00,18980.00,19287.00,141323.100
2022-09-08T00:00:00,19287.00,19373.80,19139.40,19209.10,57668.302
2022-09-08T04:00:00,19209.10,19370.00,19047.90,19164.00,81988.462
2022-09-08T08:00:00,19164.00,19400.00,19133.60,19303.10,72229.691
2022-09-08T12:00:00,19303.10,19370.60,19003.80,19240.40,192764.562
2022-09-08T16:00:00,19240.50,19342.40,19080.00,19341.70,84694.505
2022-09-08T20:00:00,19341.70,19450.00,19245.50,19309.30,47923.122
2022-09-09T00:00:00,19309.30,19965.80,19283.00,19936.00,113228.819
2022-09-09T04:00:00,19936.00,20804.90,19916.50,20623.60,272891.074
2022-09-09T08:00:00,20623.60,21188.00,20618.50,20931.70,199066.741
2022-09-09T12:00:00,20931.70,21345.00,20912.20,21258.50,177041.840
2022-09-09T16:00:00,21258.50,21438.00,21117.00,21280.00,135340.194
2022-09-09T20:00:00,21280.10,21666.00,21178.00,21352.00,94928.432
2022-09-10T00:00:00,21352.00,21382.30,21153.60,21294.50,56809.384
2022-09-10T04:00:00,21294.40,21670.00,21240.00,21274.90,101079.462
2022-09-10T08:00:00,21275.00,21384.00,21246.00,21279.00,44186.616
2022-09-10T12:00:00,21278.90,21355.60,21112.20,21213.30,74767.461
2022-09-10T16:00:00,21213.30,21637.70,21166.50,21569.40,96842.059
2022-09-10T20:00:00,21569.40,21825.00,21349.90,21639.50,117858.224
2022-09-11T00:00:00,21639.50,21673.00,21436.80,21537.40,55267.276
2022-09-11T04:00:00,21537.40,21632.00,21336.00,21599.90,62358.688
2022-09-11T08:00:00,21600.00,21726.00,21550.00,21601.90,58186.856
2022-09-11T12:00:00,21601.90,21761.50,21450.10,21633.90,72608.410
2022-09-11T16:00:00,21634.00,21883.40,21518.20,21610.50,77800.344
2022-09-11T20:00:00,21610.50,21848.80,21438.50,21820.30,94757.752
2022-09-12T00:00:00,21820.30,22388.00,21540.00,21649.20,231080.904
2022-09-12T04:00:00,21649.20,22222.00,21617.10,22180.90,101572.197
2022-09-12T08:00:00,22180.80,22450.00,21961.10,22301.00,166535.267
2022-09-12T12:00:00,22301.00,22471.00,22003.90,22106.00,154970.820
2022-09-12T16:00:00,22105.90,22446.00,22010.00,22415.00,99333.273
2022-09-12T20:00:00,22414.90,22474.00,22244.00,22386.00,65109.471
2022-09-13T00:00:00,22386.00,22440.00,22048.40,22225.70,84001.661
2022-09-13T04:00:00,22225.70,22659.90,22172.80,22267.80,113936.313
2022-09-13T08:00:00,22267.90,22706.00,22181.50,22516.30,128969.522
2022-09-13T12:00:00,22516.20,22850.00,20729.00,20823.90,492978.934
2022-09-13T16:00:00,20823.90,20920.60,20030.50,20272.00,269096.890
2022-09-13T20:00:00,20272.00,20408.40,19840.00,20162.50,129786.607
2022-09-14T00:00:00,20162.60,20528.50,20031.10,20313.20,108109.350
2022-09-14T04:00:00,20313.20,20395.20,20124.60,20235.30,57924.968
2022-09-14T08:00:00,20235.40,20413.10,20050.00,20219.80,79529.920
2022-09-14T12:00:00,20219.90,20380.30,20061.80,20165.60,142764.284
2022-09-14T16:00:00,20165.60,20228.90,19600.00,19935.10,187325.632
2022-09-14T20:00:00,19935.10,20384.40,19843.90,20217.00,86148.443
2022-09-15T00:00:00,20217.00,20258.70,19903.50,20015.90,81335.875
2022-09-15T04:00:00,20015.90,20315.00,19947.40,20195.20,117038.725
2022-09-15T08:00:00,20195.10,20213.30,20010.20,20140.90,72756.597
2022-09-15T12:00:00,20140.90,20188.70,19453.00,19728.80,233718.455
2022-09-15T16:00:00,19728.80,19936.30,19640.00,19774.90,99238.016
2022-09-15T20:00:00,19774.90,19880.80,19561.50,19690.80,61774.399
2022-09-16T00:00:00,19690.80,19810.00,19573.10,19738.40,56205.319
2022-09-16T04:00:00,19738.30,19849.60,19715.10,19730.50,40737.357
2022-09-16T08:00:00,19730.40,19878.00,19603.00,19856.00,72924.908
2022-09-16T12:00:00,19856.10,19863.10,19385.20,19653.30,178152.124
2022-09-16T16:00:00,19653.30,19653.30,19300.00,19605.90,139063.128
2022-09-16T20:00:00,19605.90,19819.50,19602.80,19792.50,57525.968
2022-09-17T00:00:00,19792.40,20068.80,19757.60,19875.00,77056.764
2022-09-17T04:00:00,19875.10,19985.00,19775.00,19834.00,46289.950
2022-09-17T08:00:00,19834.10,19907.50,19800.00,19800.80,30845.150
2022-09-17T12:00:00,19800.80,20019.00,19739.40,19951.60,59023.908
2022-09-17T16:00:00,19951.70,20182.60,19926.00,20001.20,79403.517
2022-09-17T20:00:00,20001.10,20137.00,19930.00,20102.00,42059.269
2022-09-18T00:00:00,20102.00,20105.30,19938.40,19990.90,42846.441
2022-09-18T04:00:00,19991.00,20087.60,19941.60,20041.20,26556.607
2022-09-18T08:00:00,20041.30,20093.90,19750.10,19915.20,98907.568
2022-09-18T12:00:00,19915.20,20019.00,19707.00,19804.50,91600.816
2022-09-18T16:00:00,19804.40,19869.90,19556.70,19715.60,125781.740
2022-09-18T20:00:00,19715.50,19742.50,19325.80,19404.50,114223.302
2022-09-19T00:00:00,19404.50,19507.00,18655.00,18766.20,163689.789
2022-09-19T04:00:00,18766.20,18863.90,18215.00,18459.60,175552.280
2022-09-19T08:00:00,18459.70,18788.00,18360.00,18672.60,120769.619
2022-09-19T12:00:00,18672.60,19424.40,18665.00,19071.10,257844.368
2022-09-19T16:00:00,19071.10,19572.10,18868.20,19504.70,169575.881
2022-09-19T20:00:00,19504.70,19686.30,19408.00,19528.60,106344.415
2022-09-20T00:00:00,19528.60,19625.00,19148.40,19353.70,92307.733
2022-09-20T04:00:00,19353.80,19581.50,19223.00,19349.90,93723.273
2022-09-20T08:00:00,19349.90,19417.60,19148.20,19209.60,95198.489
2022-09-20T12:00:00,19209.60,19256.90,18759.70,19225.60,250377.906
2022-09-20T16:00:00,19225.70,19316.70,18690.10,18985.20,195711.780
2022-09-20T20:00:00,18985.30,19087.50,18777.60,18866.80,67304.751
2022-09-21T00:00:00,18866.70,19050.00,18824.90,19011.80,51612.643
2022-09-21T04:00:00,19011.70,19123.00,18784.20,18938.80,89008.670
2022-09-21T08:00:00,18938.70,19198.00,18811.40,19155.60,92042.006
2022-09-21T12:00:00,19155.50,19476.20,19077.00,19182.50,191477.797
2022-09-21T16:00:00,19182.60,20154.10,18343.00,18990.30,519529.590
2022-09-21T20:00:00,18990.30,19063.90,18084.30,18447.50,224398.273
2022-09-22T00:00:00,18447.50,18777.60,18345.20,18677.60,111993.338
2022-09-22T04:00:00,18677.70,18962.10,18610.10,18923.80,107802.202
2022-09-22T08:00:00,18923.80,19279.20,18897.30,19220.10,173819.785
2022-09-22T12:00:00,19220.00,19310.00,18782.70,18975.50,212238.703
2022-09-22T16:00:00,18975.50,19483.10,18767.60,19304.20,161690.371
2022-09-22T20:00:00,19304.20,19504.80,19150.00,19392.50,85353.992
2022-09-23T00:00:00,19392.50,19459.60,19218.00,19384.00,65865.255
2022-09-23T04:00:00,19384.00,19492.00,19191.10,19216.40,67577.698
2022-09-23T08:00:00,19216.50,19265.40,18828.00,18854.50,141674.976
2022-09-23T12:00:00,18854.40,19063.20,18518.50,18704.40,250866.281
2022-09-23T16:00:00,18704.40,18840.70,18561.10,18798.70,172798.304
2022-09-23T20:00:00,18798.30,19398.00,18791.20,19280.70,139711.232
2022-09-24T00:00:00,19280.70,19304.50,19020.00,19113.30,76246.033
2022-09-24T04:00:00,19113.40,19177.00,18914.40,18985.60,56593.805
2022-09-24T08:00:00,18985.60,19113.00,18931.80,19044.70,56140.750
2022-09-24T12:00:00,19044.80,19217.00,19000.90,19115.20,71862.120
2022-09-24T16:00:00,19115.20,19187.80,19042.50,19093.00,40480.895
2022-09-24T20:00:00,19093.00,19140.80,18798.00,18911.00,75834.612
2022-09-25T00:00:00,18910.90,19052.00,18902.10,19044.50,38381.521
2022-09-25T04:00:00,19044.40,19121.90,18929.20,19089.20,41130.612
2022-09-25T08:00:00,19089.10,19196.00,18973.50,19108.00,47830.036
2022-09-25T12:00:00,19108.10,19135.00,18834.00,18978.30,93704.479
2022-09-25T16:00:00,18978.40,19115.90,18856.00,18906.50,93131.352
2022-09-25T20:00:00,18906.60,18943.00,18621.00,18799.70,96283.603
2022-09-26T00:00:00,18799.70,18939.70,18711.90,18862.70,82968.714
2022-09-26T04:00:00,18862.70,18924.10,18671.00,18902.30,96944.908
2022-09-26T08:00:00,18902.30,19311.50,18795.70,18864.70,220632.771
2022-09-26T12:00:00,18864.70,19273.10,18808.00,19103.90,206037.034
2022-09-26T16:00:00,19103.80,19255.00,18958.60,19191.00,113652.801
2022-09-26T20:00:00,19190.90,19245.50,19061.80,19216.30,57571.290
2022-09-27T00:00:00,19216.30,20296.10,19182.00,20091.90,270740.855
2022-09-27T04:00:00,20092.00,20368.00,19951.10,20174.20,145136.381
2022-09-27T08:00:00,20174.20,20332.00,20084.00,20221.10,105721.859
2022-09-27T12:00:00,20221.00,20375.00,19860.40,19885.30,224079.253
2022-09-27T16:00:00,19885.30,19948.10,18801.50,19068.70,467957.321
2022-09-27T20:00:00,19068.70,19159.20,18911.70,19070.10,86930.489
2022-09-28T00:00:00,19070.10,19228.30,18460.00,18736.00,201932.428
2022-09-28T04:00:00,18736.00,18870.80,18610.30,18770.60,104608.563
2022-09-28T08:00:00,18770.50,19140.00,18558.60,18947.60,232626.610
2022-09-28T12:00:00,18947.60,19496.60,18929.60,19477.90,273882.698
2022-09-28T16:00:00,19477.90,19667.00,19250.00,19534.70,221849.648
2022-09-28T20:00:00,19534.70,19787.60,19380.50,19407.30,106322.825
2022-09-29T00:00:00,19407.40,19596.00,19271.00,19497.30,97147.935
2022-09-29T04:00:00,19497.40,19620.00,19259.40,19353.10,111116.926
2022-09-29T08:00:00,19353.20,19537.00,19294.00,19454.30,104599.328
2022-09-29T12:00:00,19454.20,19467.10,18827.20,19280.70,365642.863
2022-09-29T16:00:00,19280.70,19648.80,19114.20,19399.30,245462.904
2022-09-29T20:00:00,19399.30,19620.00,19373.50,19582.50,67708.268
2022-09-30T00:00:00,19582.50,19698.60,19305.00,19394.00,104286.782
2022-09-30T04:00:00,19394.00,19633.60,19381.80,19560.80,78385.946
2022-09-30T08:00:00,19560.80,19625.00,19383.90,19430.30,83071.687
2022-09-30T12:00:00,19430.30,20172.70,19066.00,19749.40,448282.047
2022-09-30T16:00:00,19749.50,19865.20,19457.00,19467.00,229282.837
2022-09-30T20:00:00,19466.80,19531.40,19222.90,19411.70,128153.635
2022-10-01T00:00:00,19411.60,19474.00,19338.00,19408.00,41953.673
2022-10-01T04:00:00,19408.00,19412.60,19254.90,19305.50,53323.626
2022-10-01T08:00:00,19305.50,19358.60,19140.00,19304.20,61805.766
2022-10-01T12:00:00,19304.30,19396.50,19230.30,19322.80,54809.529
2022-10-01T16:00:00,19322.90,19345.00,19200.00,19257.00,52287.761
2022-10-01T20:00:00,19257.00,19332.00,19190.40,19304.00,30276.654
2022-10-02T00:00:00,19304.00,19338.80,19225.80,19301.20,29989.242
2022-10-02T04:00:00,19301.20,19389.00,19213.60,19276.50,53818.320
2022-10-02T08:00:00,19276.50,19292.90,19025.00,19180.90,97677.512
2022-10-02T12:00:00,19181.00,19239.60,19060.00,19137.50,60035.509
2022-10-02T16:00:00,19137.10,19339.20,19121.90,19253.60,60304.973
2022-10-02T20:00:00,19253.60,19292.70,18896.00,19049.40,113144.895
2022-10-03T00:00:00,19049.30,19250.00,18950.80,19159.40,75723.076
2022-10-03T04:00:00,19159.40,19309.90,19054.10,19190.00,77211.692
2022-10-03T08:00:00,19190.00,19250.00,19116.30,19240.50,52350.240
2022-10-03T12:00:00,19240.50,19489.90,19126.80,19329.90,199685.964
2022-10-03T16:00:00,19330.00,19646.80,19300.10,19537.70,154201.700
2022-10-03T20:00:00,19537.80,19723.70,19503.70,19622.00,62643.657
2022-10-04T00:00:00,19621.90,19719.70,19480.10,19588.10,58416.008
2022-10-04T04:00:00,19588.00,19969.50,19546.40,19957.00,134730.279
2022-10-04T08:00:00,19957.00,20159.30,19805.40,19930.00,172341.010
2022-10-04T12:00:00,19930.00,20300.00,19899.10,20092.20,180082.997
2022-10-04T16:00:00,20092.20,20272.00,19871.00,20213.50,128713.939
2022-10-04T20:00:00,20213.60,20500.00,20142.30,20333.00,122394.529
2022-10-05T00:00:00,20332.90,20356.10,20136.60,20184.90,58837.835
2022-10-05T04:00:00,20185.00,20290.00,20071.10,20218.90,70202.850
2022-10-05T08:00:00,20218.80,20236.90,19953.00,20026.10,108903.501
2022-10-05T12:00:00,20026.10,20066.00,19707.00,19994.60,218781.293
2022-10-05T16:00:00,19994.60,20350.00,19946.00,20112.50,184262.388
2022-10-05T20:00:00,20112.50,20205.80,19964.30,20150.00,78589.282
2022-10-06T00:00:00,20149.90,20436.00,20134.60,20346.60,121380.742
2022-10-06T04:00:00,20346.60,20443.90,20154.00,20214.70,103246.762
2022-10-06T08:00:00,20214.70,20252.40,20077.10,20238.00,91881.924
2022-10-06T12:00:00,20238.00,20322.00,19867.50,20004.40,278377.510
2022-10-06T16:00:00,20004.30,20264.10,19934.00,20005.90,117930.634
2022-10-06T20:00:00,20005.90,20069.00,19843.30,19954.00,69217.097
2022-10-07T00:00:00,19954.00,20046.00,19936.90,19976.00,41357.938
2022-10-07T04:00:00,19976.10,20004.30,19800.00,19916.80,70255.047
2022-10-07T08:00:00,19916.70,20017.70,19905.60,19990.30,56677.553
2022-10-07T12:00:00,19990.30,20067.00,19454.20,19574.10,322420.732
2022-10-07T16:00:00,19574.10,19599.70,19304.40,19453.00,127856.845
2022-10-07T20:00:00,19453.10,19635.70,19433.70,19520.90,54838.987
2022-10-08T00:00:00,19520.90,19619.60,19478.00,19494.50,35208.781
2022-10-08T04:00:00,19494.50,19537.20,19416.30,19489.80,37563.653
2022-10-08T08:00:00,19489.80,19539.30,19441.10,19526.30,32793.206
2022-10-08T12:00:00,19526.40,19532.60,19411.00,19480.00,38154.428
2022-10-08T16:00:00,19479.90,19522.80,19430.00,19460.10,31323.042
2022-10-08T20:00:00,19460.00,19473.90,19200.00,19406.20,78214.091
2022-10-09T00:00:00,19406.30,19444.20,19320.40,19357.90,33291.778
2022-10-09T04:00:00,19358.00,19429.00,19310.00,19398.20,33760.768
2022-10-09T08:00:00,19398.30,19550.00,19365.00,19461.00,60965.687
2022-10-09T12:00:00,19460.90,19538.30,19452.70,19524.50,43892.201
2022-10-09T16:00:00,19524.50,19543.00,19333.00,19459.80,52917.495
2022-10-09T20:00:00,19459.90,19493.90,19359.30,19430.00,42350.866
2022-10-10T00:00:00,19430.00,19513.00,19390.00,19441.20,44385.314
2022-10-10T04:00:00,19441.10,19467.30,19361.00,19401.30,41189.061
2022-10-10T08:00:00,19401.30,19409.00,19113.70,19323.20,148874.515
2022-10-10T12:00:00,19323.30,19430.00,19214.00,19261.70,125651.743
2022-10-10T16:00:00,19261.70,19355.50,19100.00,19204.90,133824.422
2022-10-10T20:00:00,19205.00,19279.90,19000.00,19124.00,66995.849
2022-10-11T00:00:00,19124.10,19125.70,18935.70,19039.70,107038.240
2022-10-11T04:00:00,19039.60,19114.60,19005.00,19075.10,62329.442
2022-10-11T08:00:00,19075.10,19157.30,19025.00,19149.90,63209.053
2022-10-11T12:00:00,19149.90,19260.00,18850.00,19137.60,229953.540
2022-10-11T16:00:00,19137.60,19175.70,18910.30,18991.30,106552.116
2022-10-11T20:00:00,18991.30,19059.50,18982.30,19055.00,34275.933
2022-10-12T00:00:00,19055.00,19122.40,19019.80,19041.50,46045.411
2022-10-12T04:00:00,19041.50,19193.90,19037.60,19103.40,63730.827
2022-10-12T08:00:00,19103.40,19190.00,19081.30,19107.20,52907.926
2022-10-12T12:00:00,19107.20,19179.90,18924.30,19130.50,141098.260
2022-10-12T16:00:00,19130.60,19170.00,19030.60,19132.30,64084.028
2022-10-12T20:00:00,19132.30,19240.00,19122.40,19148.00,38903.836
2022-10-13T00:00:00,19148.10,19166.70,19010.00,19080.70,47757.577
2022-10-13T04:00:00,19080.70,19105.00,18945.00,19000.10,66592.964
2022-10-13T08:00:00,19000.00,19034.80,18550.00,18744.90,189234.962
2022-10-13T12:00:00,18745.00,19043.70,17917.80,18947.70,478454.750
2022-10-13T16:00:00,18947.70,19498.60,18892.80,19360.90,250946.963
2022-10-13T20:00:00,19360.90,19488.00,19320.00,19365.50,71627.785
2022-10-14T00:00:00,19365.40,19947.90,19330.10,19806.30,174440.622
2022-10-14T04:00:00,19806.20,19843.30,19560.50,19633.20,102892.090
2022-10-14T08:00:00,19633.20,19738.80,19520.00,19588.30,109831.582
2022-10-14T12:00:00,19588.40,19843.50,19300.00,19352.90,270952.058
2022-10-14T16:00:00,19352.90,19395.00,19096.50,19160.00,152580.485
2022-10-14T20:00:00,19160.10,19209.70,19059.60,19164.60,50756.373
2022-10-15T00:00:00,19164.60,19218.80,19125.90,19190.70,30928.603
2022-10-15T04:00:00,19190.70,19199.60,19120.20,19159.00,22708.939
2022-10-15T08:00:00,19159.10,19176.90,19027.30,19160.80,61591.647
2022-10-15T12:00:00,19160.80,19188.00,19080.70,19119.50,45159.734
2022-10-15T16:00:00,19119.50,19154.90,19045.00,19091.90,30572.858
2022-10-15T20:00:00,19091.90,19122.30,18966.00,19060.40,50558.404
2022-10-16T00:00:00,19060.40,19159.70,19058.00,19111.40,27654.674
2022-10-16T04:00:00,19111.40,19150.00,19101.00,19124.20,19381.039
2022-10-16T08:00:00,19124.10,19188.00,19080.00,19136.70,38237.868
2022-10-16T12:00:00,19136.70,19168.60,19095.50,19148.60,28377.813
2022-10-16T16:00:00,19148.70,19376.80,19108.40,19369.90,55795.802
2022-10-16T20:00:00,19369.80,19415.90,19092.00,19251.90,98473.996
2022-10-17T00:00:00,19251.80,19296.60,19148.00,19178.40,38443.768
2022-10-17T04:00:00,19178.30,19311.60,19156.00,19285.00,47855.009
2022-10-17T08:00:00,19285.00,19541.10,19237.00,19452.80,112876.410
2022-10-17T12:00:00,19452.80,19666.00,19414.50,19524.50,181721.274
2022-10-17T16:00:00,19524.40,19580.00,19430.40,19519.30,69640.272
2022-10-17T20:00:00,19519.30,19618.90,19463.00,19540.60,51783.026
2022-10-18T00:00:00,19540.70,19613.00,19475.90,19539.90,51391.637
2022-10-18T04:00:00,19539.90,19706.40,19524.50,19655.80,81734.350
2022-10-18T08:00:00,19655.80,19663.00,19457.50,19555.80,88688.122
2022-10-18T12:00:00,19555.70,19674.00,19275.00,19364.10,187486.665
2022-10-18T16:00:00,19364.10,19434.40,19081.00,19209.60,137666.952
2022-10-18T20:00:00,19209.60,19425.90,19190.00,19320.90,87375.428
2022-10-19T00:00:00,19320.90,19349.80,19210.00,19276.00,41315.246
2022-10-19T04:00:00,19276.00,19300.00,19136.00,19210.00,58989.958
2022-10-19T08:00:00,19210.00,19274.80,19133.40,19193.20,65403.305
2022-10-19T12:00:00,19193.20,19300.00,19050.00,19259.80,124872.491
2022-10-19T16:00:00,19259.80,19271.30,19082.00,19223.60,67703.251
2022-10-19T20:00:00,19223.70,19239.40,19070.80,19116.70,46086.207
2022-10-20T00:00:00,19116.60,19158.80,18882.40,19033.20,85056.904
2022-10-20T04:00:00,19033.20,19199.60,19031.70,19138.00,68876.025
2022-10-20T08:00:00,19138.00,19249.20,19098.00,19199.00,59101.242
2022-10-20T12:00:00,19198.90,19350.00,19120.00,19244.30,126988.352
2022-10-20T16:00:00,19244.20,19244.30,18954.70,19055.80,138535.695
2022-10-20T20:00:00,19055.80,19092.00,18912.40,19034.70,59068.830
2022-10-21T00:00:00,19034.80,19126.80,18991.70,19044.00,42920.968
2022-10-21T04:00:00,19044.00,19075.10,18982.20,19019.40,38347.648
2022-10-21T08:00:00,19019.40,19033.00,18885.30,18934.30,76281.011
2022-10-21T12:00:00,18934.20,19170.00,18600.00,19158.70,275533.924
2022-10-21T16:00:00,19158.60,19238.70,19080.00,19178.80,115282.479
2022-10-21T20:00:00,19178.80,19240.00,19128.00,19150.90,33512.875
2022-10-22T00:00:00,19151.00,19175.60,19103.50,19142.00,25684.772
2022-10-22T04:00:00,19142.00,19167.90,19124.70,19155.30,17041.655
2022-10-22T08:00:00,19155.20,19178.60,19128.40,19168.90,20976.902
2022-10-22T12:00:00,19168.90,19250.00,19143.30,19223.70,52378.099
2022-10-22T16:00:00,19223.80,19236.80,19122.00,19175.10,38570.393
2022-10-22T20:00:00,19175.00,19217.10,19164.10,19195.10,19403.221
2022-10-23T00:00:00,19195.10,19211.10,19155.00,19188.90,18722.742
2022-10-23T04:00:00,19188.80,19214.00,19136.00,19151.60,29127.474
2022-10-23T08:00:00,19151.60,19177.10,19118.00,19142.00,27340.008
2022-10-23T12:00:00,19142.10,19204.90,19050.00,19180.60,48995.342
2022-10-23T16:00:00,19180.60,19527.00,19160.30,19492.20,125087.405
2022-10-23T20:00:00,19492.30,19690.00,19436.10,19560.70,109338.571
2022-10-24T00:00:00,19560.60,19593.30,19333.00,19384.00,86135.596
2022-10-24T04:00:00,19384.00,19384.00,19235.40,19318.40,80527.069
2022-10-24T08:00:00,19318.40,19435.80,19287.40,19412.60,65383.115
2022-10-24T12:00:00,19412.50,19439.80,19146.00,19291.70,148518.765
2022-10-24T16:00:00,19291.80,19415.20,19215.40,19335.90,60405.461
2022-10-24T20:00:00,19335.90,19406.90,19289.40,19318.10,35706.530
2022-10-25T00:00:00,19318.10,19356.00,19242.20,19332.70,39756.935
2022-10-25T04:00:00,19332.70,19369.00,19264.00,19296.90,33635.521
2022-10-25T08:00:00,19296.90,19315.00,19228.00,19291.00,45608.097
2022-10-25T12:00:00,19291.00,19799.90,19250.00,19740.30,219375.722
2022-10-25T16:00:00,19740.30,20415.00,19711.90,20266.80,317676.364
2022-10-25T20:00:00,20266.70,20289.60,19970.60,20068.30,121253.895
2022-10-26T00:00:00,20068.30,20297.70,20041.10,20238.60,73247.237
2022-10-26T04:00:00,20238.60,20368.30,20126.00,20333.70,77757.055
2022-10-26T08:00:00,20333.60,20800.00,20270.00,20595.90,184513.166
2022-10-26T12:00:00,20596.00,21030.00,20329.10,20835.70,302453.835
2022-10-26T16:00:00,20835.60,20985.40,20631.70,20754.40,130454.115
2022-10-26T20:00:00,20754.50,20897.40,20688.60,20758.30,73439.574
2022-10-27T00:00:00,20758.40,20837.80,20561.50,20744.30,59498.206
2022-10-27T04:00:00,20744.30,20863.70,20670.00,20703.60,54132.429
2022-10-27T08:00:00,20703.60,20742.90,20450.00,20613.10,100770.956
2022-10-27T12:00:00,20613.10,20773.10,20420.00,20554.00,186001.906
2022-10-27T16:00:00,20554.10,20670.00,20488.30,20620.00,53178.772
2022-10-27T20:00:00,20620.00,20625.60,20170.00,20285.50,161327.776
2022-10-28T00:00:00,20285.60,20326.90,20150.00,20284.30,70996.898
2022-10-28T04:00:00,20284.30,20299.80,20050.10,20069.90,73550.107
2022-10-28T08:00:00,20069.90,20238.00,20010.10,20163.40,83028.849
2022-10-28T12:00:00,20163.40,20585.00,19951.00,20473.20,214309.059
2022-10-28T16:00:00,20473.20,20740.00,20438.80,20597.30,114299.051
2022-10-28T20:00:00,20597.30,20725.00,20557.00,20582.80,39354.918
2022-10-29T00:00:00,20582.70,20822.60,20547.80,20745.20,56988.576
2022-10-29T04:00:00,20745.20,20768.30,20608.90,20765.70,50548.165
2022-10-29T08:00:00,20765.80,21088.00,20637.00,20688.70,158669.605
2022-10-29T12:00:00,20688.60,20939.00,20669.30,20913.20,103487.031
2022-10-29T16:00:00,20913.20,20974.90,20743.20,20827.10,75043.026
2022-10-29T20:00:00,20827.10,20890.90,20696.00,20796.70,37480.767
2022-10-30T00:00:00,20796.70,20828.00,20694.60,20767.70,27297.637
2022-10-30T04:00:00,20767.70,20925.20,20731.50,20842.50,43880.541
2022-10-30T08:00:00,20841.80,20876.00,20622.10,20760.20,72025.485
2022-10-30T12:00:00,20760.20,20771.00,20607.10,20667.60,58713.584
2022-10-30T16:00:00,20667.70,20693.40,20520.40,20637.30,51795.481
2022-10-30T20:00:00,20637.20,20739.40,20503.00,20615.60,41676.962
2022-10-31T00:00:00,20615.50,20664.30,20416.00,20507.90,55164.521
2022-10-31T04:00:00,20507.80,20582.80,20445.20,20537.20,40321.312
2022-10-31T08:00:00,20537.20,20838.70,20441.40,20722.10,100156.625
2022-10-31T12:00:00,20722.10,20746.30,20225.40,20390.40,178190.073
2022-10-31T16:00:00,20390.50,20523.50,20318.50,20358.80,71420.368
2022-10-31T20:00:00,20358.80,20514.10,20343.60,20482.00,33544.367
2022-11-01T00:00:00,20482.10,20578.00,20429.60,20471.30,41397.455
2022-11-01T04:00:00,20471.30,20649.00,20455.80,20590.20,48087.000
2022-11-01T08:00:00,20590.20,20687.00,20477.50,20511.70,63102.765
2022-11-01T12:00:00,20511.80,20558.40,20320.00,20435.60,99511.246
2022-11-01T16:00:00,20435.60,20511.00,20366.80,20438.60,42827.185
2022-11-01T20:00:00,20438.60,20494.40,20419.40,20472.10,19750.536
2022-11-02T00:00:00,20472.10,20549.90,20400.00,20511.00,35407.129
2022-11-02T04:00:00,20511.00,20550.00,20343.40,20414.20,49841.428
2022-11-02T08:00:00,20414.20,20529.90,20323.00,20423.00,60009.619
2022-11-02T12:00:00,20423.00,20450.00,20352.30,20400.20,45694.925
2022-11-02T16:00:00,20400.20,20796.00,20100.00,20241.10,376975.578
2022-11-02T20:00:00,20241.20,20273.60,20050.00,20140.10,83607.082
2022-11-03T00:00:00,20140.20,20334.00,20111.00,20299.40,55383.428
2022-11-03T04:00:00,20299.30,20400.00,20270.80,20293.80,51958.954
2022-11-03T08:00:00,20293.70,20329.90,20038.60,20124.30,71215.533
2022-11-03T12:00:00,20124.30,20327.60,20026.00,20241.00,128488.783
2022-11-03T16:00:00,20241.10,20304.80,20169.20,20253.70,34370.149
2022-11-03T20:00:00,20253.60,20260.70,20149.20,20199.70,30704.214
2022-11-04T00:00:00,20199.80,20316.00,20171.60,20309.20,35410.810
2022-11-04T04:00:00,20309.30,20677.00,20296.00,20603.30,106949.307
2022-11-04T08:00:00,20603.30,20665.00,20533.20,20547.00,60734.001
2022-11-04T12:00:00,20547.10,21297.00,20350.00,20829.30,386297.687
2022-11-04T16:00:00,20829.20,21100.00,20660.00,21097.30,177529.745
2022-11-04T20:00:00,21097.20,21200.00,21040.60,21137.60,57593.665
2022-11-05T00:00:00,21137.60,21473.70,21071.10,21436.50,93221.318
2022-11-05T04:00:00,21436.40,21455.70,21352.60,21374.40,35559.701
2022-11-05T08:00:00,21374.40,21426.00,21226.80,21395.50,64262.119
2022-11-05T12:00:00,21395.50,21412.00,21202.80,21289.70,57249.357
2022-11-05T16:00:00,21289.70,21339.00,21250.10,21321.50,29400.799
2022-11-05T20:00:00,21321.60,21373.10,21227.00,21289.90,24290.078
2022-11-06T00:00:00,21289.80,21355.80,21162.20,21226.90,40699.165
2022-11-06T04:00:00,21226.90,21243.20,21133.80,21185.30,29802.221
2022-11-06T08:00:00,21185.20,21301.00,21166.10,21247.10,42651.174
2022-11-06T12:00:00,21247.10,21278.90,21180.00,21233.70,35361.461
2022-11-06T16:00:00,21233.80,21272.30,21144.80,21186.70,44654.264
2022-11-06T20:00:00,21186.60,21202.00,20863.30,20900.00,83980.361
2022-11-07T00:00:00,20900.00,21062.60,20811.00,20907.60,99825.860
2022-11-07T04:00:00,20907.60,20913.80,20606.00,20628.10,109342.628
2022-11-07T08:00:00,20628.10,20808.40,20563.20,20724.40,94293.748
2022-11-07T12:00:00,20724.40,20793.20,20620.00,20756.20,85160.521
2022-11-07T16:00:00,20756.30,20885.60,20641.60,20836.40,68633.777
2022-11-07T20:00:00,20836.40,20878.40,20374.00,20578.60,97151.782
2022-11-08T00:00:00,20578.50,20664.40,20111.10,20140.60,134243.871
2022-11-08T04:00:00,20140.60,20235.00,19335.00,19785.60,294507.597
2022-11-08T08:00:00,19785.60,19787.70,19560.00,19689.00,85159.375
2022-11-08T12:00:00,19688.90,19737.50,19200.00,19513.80,208044.958
2022-11-08T16:00:00,19513.80,20685.00,16830.00,18238.00,996111.854
2022-11-08T20:00:00,18238.00,18722.00,17798.80,18534.00,328408.658
2022-11-09T00:00:00,18533.90,18574.90,17976.40,18303.30,157362.162
2022-11-09T04:00:00,18303.30,18498.50,18163.00,18224.90,112780.527
2022-11-09T08:00:00,18225.00,18245.20,17229.30,17800.40,385550.428
2022-11-09T12:00:00,17800.30,18008.00,16884.00,17098.40,471835.520
2022-11-09T16:00:00,17096.80,17308.00,16403.00,16764.50,435847.028
2022-11-09T20:00:00,16764.50,16885.10,15462.60,15905.00,502230.747
2022-11-10T00:00:00,15905.00,16556.70,15730.00,16351.70,227863.407
2022-11-10T04:00:00,16351.70,16891.00,16184.70,16739.50,195621.803
2022-11-10T08:00:00,16739.50,16940.00,16250.20,16388.10,202280.240
2022-11-10T12:00:00,16388.10,17947.50,16375.50,17541.60,444259.472
2022-11-10T16:00:00,17541.60,17987.00,17101.00,17438.60,247600.192
2022-11-10T20:00:00,17438.60,18230.00,17360.10,17588.00,179468.488
2022-11-11T00:00:00,17588.00,17678.00,16880.00,17052.30,153660.874
2022-11-11T04:00:00,17052.40,17479.20,16994.90,17397.30,125301.566
2022-11-11T08:00:00,17397.30,17524.90,17208.70,17339.90,93569.549
2022-11-11T12:00:00,17340.00,17550.00,16343.00,16864.80,339327.713
2022-11-11T16:00:00,16864.70,17037.80,16528.10,16842.60,143530.861
2022-11-11T20:00:00,16842.60,17145.00,16538.00,17058.30,99954.039
2022-11-12T00:00:00,17058.40,17110.80,16765.00,16899.00,54367.460
2022-11-12T04:00:00,16899.10,16930.00,16623.80,16811.30,72323.720
2022-11-12T08:00:00,16811.40,16975.00,16716.60,16859.60,60387.186
2022-11-12T12:00:00,16859.60,16996.00,16746.70,16925.40,58486.175
2022-11-12T16:00:00,16925.50,16957.90,16820.00,16885.40,31243.027
2022-11-12T20:00:00,16885.30,16889.30,16752.30,16806.90,27648.149
2022-11-13T00:00:00,16806.90,16950.00,16771.00,16906.10,28927.034
2022-11-13T04:00:00,16905.80,16914.10,16550.00,16765.50,60272.220
2022-11-13T08:00:00,16765.40,16786.20,16413.80,16651.80,83564.901
2022-11-13T12:00:00,16651.80,16710.20,16512.60,16568.40,52082.694
2022-11-13T16:00:00,16568.40,16616.10,16455.20,16547.60,46374.694
2022-11-13T20:00:00,16547.60,16578.80,16210.30,16321.20,78521.293
2022-11-14T00:00:00,16321.30,16399.50,15900.00,16130.00,122618.564
2022-11-14T04:00:00,16130.00,16894.50,15805.50,16813.00,234671.573
2022-11-14T08:00:00,16813.10,16921.60,16635.00,16740.80,108402.937
2022-11-14T12:00:00,16740.90,17188.00,16405.20,16582.70,246261.155
2022-11-14T16:00:00,16582.60,16666.00,16165.60,16245.00,124077.126
2022-11-14T20:00:00,16245.10,16760.10,16182.30,16605.20,98361.129
2022-11-15T00:00:00,16605.30,16882.10,16516.70,16808.80,73860.468
2022-11-15T04:00:00,16809.00,16931.80,16628.00,16834.90,77504.200
2022-11-15T08:00:00,16834.90,16992.00,16695.00,16774.50,112941.806
2022-11-15T12:00:00,16774.60,17127.20,16720.00,16978.00,173648.811
2022-11-15T16:00:00,16977.70,17060.80,16606.00,16847.40,144387.389
2022-11-15T20:00:00,16847.40,16931.10,16728.20,16888.30,67006.784
2022-11-16T00:00:00,16888.30,17007.40,16756.70,16959.80,55775.350
2022-11-16T04:00:00,16959.70,16969.00,16786.80,16814.00,53884.306
2022-11-16T08:00:00,16814.10,16840.60,16634.70,16695.20,95645.149
2022-11-16T12:00:00,16695.20,16709.20,16358.00,16424.10,194031.471
2022-11-16T16:00:00,16424.40,16636.80,16391.70,16548.00,77760.102
2022-11-16T20:00:00,16548.00,16770.60,16486.20,16650.60,60145.267
2022-11-17T00:00:00,16650.70,16741.70,16499.00,16517.40,49584.823
2022-11-17T04:00:00,16517.30,16613.50,16403.30,16602.00,60401.824
2022-11-17T08:00:00,16602.00,16624.70,16456.00,16587.80,54522.159
2022-11-17T12:00:00,16587.80,16710.00,16420.20,16526.80,121811.053
2022-11-17T16:00:00,16526.70,16740.00,16508.80,16614.70,80453.463
2022-11-17T20:00:00,16614.70,16738.00,16603.30,16682.10,42215.963
2022-11-18T00:00:00,16682.10,16984.40,16672.00,16845.60,97882.789
2022-11-18T04:00:00,16845.70,16856.30,16716.60,16739.80,49781.490
2022-11-18T08:00:00,16739.70,16844.90,16666.70,16744.00,66225.104
2022-11-18T12:00:00,16744.00,16813.70,16600.00,16686.80,74694.988
2022-11-18T16:00:00,16686.70,16725.90,16541.10,16648.00,66313.304
2022-11-18T20:00:00,16648.00,16719.70,16611.10,16689.70,33715.167
2022-11-19T00:00:00,16689.70,16696.80,16566.80,16622.20,26049.832
2022-11-19T04:00:00,16622.30,16641.70,16543.80,16592.20,27752.994
2022-11-19T08:00:00,16592.20,16675.20,16574.10,16669.30,24934.679
2022-11-19T12:00:00,16669.30,16677.70,16624.10,16648.50,23585.962
2022-11-19T16:00:00,16648.50,16655.00,16600.10,16619.70,19717.221
2022-11-19T20:00:00,16619.60,16814.50,16619.00,16692.90,49782.227
2022-11-20T00:00:00,16693.00,16743.90,16658.80,16672.80,26084.956
2022-11-20T04:00:00,16672.90,16733.30,16660.80,16710.20,19753.533
2022-11-20T08:00:00,16710.10,16725.90,16458.10,16517.50,87151.423
2022-11-20T12:00:00,16517.60,16624.90,16454.20,16570.30,55584.194
2022-11-20T16:00:00,16570.40,16604.00,16520.80,16582.00,23789.303
2022-11-20T20:00:00,16581.90,16587.70,16167.10,16272.60,115235.805
2022-11-21T00:00:00,16272.70,16284.30,15888.00,16067.20,135182.528
2022-11-21T04:00:00,16067.30,16304.30,15947.70,16032.20,105132.269
2022-11-21T08:00:00,16032.10,16150.00,15955.20,16077.60,80262.718
2022-11-21T12:00:00,16077.60,16273.00,16020.90,16122.70,94795.644
2022-11-21T16:00:00,16122.60,16131.70,15555.00,15712.80,200749.225
2022-11-21T20:00:00,15712.80,15884.10,15443.20,15773.00,174096.981
2022-11-22T00:00:00,15772.90,15960.00,15740.00,15841.00,80874.678
2022-11-22T04:00:00,15841.10,15874.40,15610.30,15754.90,80806.481
2022-11-22T08:00:00,15754.90,15818.60,15653.80,15742.30,73356.371
2022-11-22T12:00:00,15742.30,16309.00,15680.00,16232.80,212388.676
2022-11-22T16:00:00,16232.80,16282.40,16040.00,16160.50,85462.525
2022-11-22T20:00:00,16160.60,16250.00,16080.00,16220.60,46444.913
2022-11-23T00:00:00,16220.50,16583.40,16155.50,16577.90,123123.200
2022-11-23T04:00:00,16577.90,16659.10,16439.20,16572.90,65044.727
2022-11-23T08:00:00,16572.90,16694.00,16489.50,16577.00,75552.908
2022-11-23T12:00:00,16577.00,16593.50,16338.00,16415.90,104850.367
2022-11-23T16:00:00,16415.90,16703.40,16313.10,16466.90,117943.540
2022-11-23T20:00:00,16466.80,16670.00,16415.60,16595.80,60200.168
2022-11-24T00:00:00,16595.80,16800.00,16528.00,16703.20,82625.707
2022-11-24T04:00:00,16702.80,16728.60,16605.00,16613.80,49644.644
2022-11-24T08:00:00,16613.80,16631.10,16481.60,16567.10,65330.769
2022-11-24T12:00:00,16567.10,16598.00,16450.00,16549.00,57970.098
2022-11-24T16:00:00,16548.90,16669.60,16506.70,16569.00,67214.977
2022-11-24T20:00:00,16568.90,16628.00,16527.20,16592.40,28238.223
2022-11-25T00:00:00,16592.50,16610.00,16460.10,16480.30,42900.709
2022-11-25T04:00:00,16480.20,16493.40,16331.70,16453.80,67404.034
2022-11-25T08:00:00,16453.70,16583.90,16400.00,16523.50,58204.124
2022-11-25T12:00:00,16523.50,16577.90,16432.00,16505.40,63964.805
2022-11-25T16:00:00,16505.30,16545.60,16451.00,16516.00,34984.583
2022-11-25T20:00:00,16515.90,16639.90,16471.60,16516.10,39101.861
2022-11-26T00:00:00,16516.20,16699.10,16505.20,16615.00,51126.185
2022-11-26T04:00:00,16614.90,16644.30,16522.60,16576.90,37107.204
2022-11-26T08:00:00,16576.90,16631.50,16549.70,16572.80,32673.180
2022-11-26T12:00:00,16572.70,16680.00,16471.50,16506.40,60167.627
2022-11-26T16:00:00,16506.40,16526.00,16413.70,16480.70,34854.190
2022-11-26T20:00:00,16480.60,16539.90,16369.10,16449.20,37473.273
2022-11-27T00:00:00,16449.20,16576.10,16441.00,16520.00,29565.552
2022-11-27T04:00:00,16520.10,16594.20,16519.40,16553.90,27615.709
2022-11-27T08:00:00,16553.90,16589.00,16505.50,16544.40,31288.273
2022-11-27T12:00:00,16544.30,16578.40,16510.20,16566.20,27072.493
2022-11-27T16:00:00,16566.30,16573.50,16513.00,16546.90,21824.618
2022-11-27T20:00:00,16546.90,16588.00,16396.00,16422.60,52003.700
2022-11-28T00:00:00,16422.50,16475.00,16040.00,16168.90,147621.712
2022-11-28T04:00:00,16169.00,16239.10,16131.50,16215.10,41682.953
2022-11-28T08:00:00,16215.10,16262.70,16170.00,16205.00,41043.245
2022-11-28T12:00:00,16205.00,16300.00,16101.60,16136.70,87235.407
2022-11-28T16:00:00,16136.70,16390.40,15984.10,16215.10,154227.497
2022-11-28T20:00:00,16215.20,16266.90,16181.10,16204.50,25327.055
2022-11-29T00:00:00,16204.60,16299.90,16088.00,16279.10,52867.266
2022-11-29T04:00:00,16279.10,16535.00,16272.10,16455.90,94383.908
2022-11-29T08:00:00,16456.00,16543.00,16422.40,16488.00,58215.199
2022-11-29T12:00:00,16488.00,16502.80,16312.60,16384.80,95079.754
2022-11-29T16:00:00,16384.90,16471.50,16335.10,16418.20,53114.858
2022-11-29T20:00:00,16418.10,16521.90,16415.80,16433.20,37749.869
2022-11-30T00:00:00,16433.30,17082.20,16421.50,16836.70,191179.202
2022-11-30T04:00:00,16836.80,16916.30,16811.90,16874.10,51969.614
2022-11-30T08:00:00,16874.10,16926.20,16830.00,16871.40,37015.750
2022-11-30T12:00:00,16871.30,16888.50,16750.80,16856.80,83414.941
2022-11-30T16:00:00,16856.80,17138.70,16700.00,17051.50,169808.829
2022-11-30T20:00:00,17051.50,17248.30,17018.00,17153.30,86936.614
2022-12-01T00:00:00,17153.40,17222.10,17080.00,17143.80,57460.869
2022-12-01T04:00:00,17143.80,17161.10,17054.00,17062.60,38761.809
2022-12-01T08:00:00,17062.50,17132.90,17030.00,17096.90,42965.272
2022-12-01T12:00:00,17096.90,17348.50,16887.10,16970.50,186470.492
2022-12-01T16:00:00,16970.50,16991.70,16893.10,16945.40,49083.591
2022-12-01T20:00:00,16945.50,16982.40,16851.20,16970.50,36309.276
2022-12-02T00:00:00,16970.50,17038.00,16852.40,16893.90,50361.076
2022-12-02T04:00:00,16893.90,16967.20,16874.00,16947.10,26262.365
2022-12-02T08:00:00,16947.00,17042.20,16925.30,16987.10,41920.501
2022-12-02T12:00:00,16987.00,17096.30,16760.00,16928.90,142491.482
2022-12-02T16:00:00,16928.90,16989.20,16894.00,16979.30,34314.667
2022-12-02T20:00:00,16979.20,17088.40,16971.80,17083.00,39689.124
2022-12-03T00:00:00,17083.00,17160.00,17002.50,17012.30,35341.121
2022-12-03T04:00:00,17012.30,17024.70,16915.70,16954.70,33256.132
2022-12-03T08:00:00,16954.70,16978.00,16881.40,16938.50,35412.513
2022-12-03T12:00:00,16938.60,16972.80,16912.00,16953.80,25135.471
2022-12-03T16:00:00,16953.90,16975.00,16930.10,16945.30,18122.143
2022-12-03T20:00:00,16945.40,16949.00,16850.10,16879.50,37989.862
2022-12-04T00:00:00,16879.50,17046.00,16874.10,16951.80,38304.993
2022-12-04T04:00:00,16951.90,17075.90,16951.80,16987.90,37125.211
2022-12-04T08:00:00,16987.90,17044.90,16892.00,16938.40,41377.136
2022-12-04T12:00:00,16938.40,17061.60,16908.00,17022.20,52514.795
2022-12-04T16:00:00,17022.20,17150.00,16965.10,17077.60,84837.954
2022-12-04T20:00:00,17077.60,17206.20,17061.60,17099.50,37930.779
2022-12-05T00:00:00,17099.50,17340.00,17068.00,17190.10,86288.459
2022-12-05T04:00:00,17190.10,17430.00,17185.20,17303.70,113444.676
2022-12-05T08:00:00,17303.70,17378.30,17270.10,17302.20,54258.229
2022-12-05T12:00:00,17302.20,17302.20,17010.00,17073.80,117815.961
2022-12-05T16:00:00,17073.80,17124.60,16860.60,16919.50,107798.877
2022-12-05T20:00:00,16919.50,16981.10,16892.20,16958.30,40355.188
2022-12-06T00:00:00,16958.20,17094.60,16957.80,16995.40,53853.208
2022-12-06T04:00:00,16995.40,17013.60,16949.10,16993.60,33273.403
2022-12-06T08:00:00,16993.70,17034.70,16899.90,16974.60,57639.535
2022-12-06T12:00:00,16974.60,17023.30,16920.00,16974.90,69024.422
2022-12-06T16:00:00,16974.90,17010.00,16901.60,16964.10,56413.953
2022-12-06T20:00:00,16964.10,17100.00,16946.30,17078.60,51126.092
2022-12-07T00:00:00,17078.70,17130.00,17011.00,17017.40,42347.692
2022-12-07T04:00:00,17017.40,17036.60,16719.10,16755.40,97331.109
2022-12-07T08:00:00,16755.40,16826.00,16655.00,16787.10,68360.933
2022-12-07T12:00:00,16787.20,16886.50,16754.60,16829.10,70617.018
2022-12-07T16:00:00,16829.10,16839.70,16768.50,16807.50,34665.520
2022-12-07T20:00:00,16807.40,16856.80,16783.80,16828.00,24456.653
2022-12-08T00:00:00,16828.00,16880.00,16772.50,16825.60,38479.412
2022-12-08T04:00:00,16825.60,16837.70,16776.90,16816.70,28765.766
2022-12-08T08:00:00,16816.80,16855.10,16710.40,16842.00,44048.422
2022-12-08T12:00:00,16842.00,16948.70,16792.80,16907.70,88430.300
2022-12-08T16:00:00,16907.70,17294.90,16901.00,17241.90,143901.415
2022-12-08T20:00:00,17241.90,17289.00,17144.60,17216.00,58532.020
2022-12-09T00:00:00,17216.00,17288.70,17179.10,17194.00,42568.695
2022-12-09T04:00:00,17194.00,17227.10,17180.50,17203.70,23222.115
2022-12-09T08:00:00,17203.70,17260.60,17190.50,17231.90,34072.588
2022-12-09T12:00:00,17231.80,17365.40,17060.00,17170.40,130055.394
2022-12-09T16:00:00,17170.30,17178.50,17112.00,17134.90,28838.384
2022-12-09T20:00:00,17135.00,17149.00,17052.00,17122.00,31474.007
2022-12-10T00:00:00,17122.00,17159.90,17106.50,17140.00,19761.717
2022-12-10T04:00:00,17140.00,17170.20,17122.00,17144.60,17751.416
2022-12-10T08:00:00,17144.50,17165.00,17105.00,17159.90,20902.227
2022-12-10T12:00:00,17159.90,17228.60,17132.00,17200.30,36351.612
2022-12-10T16:00:00,17200.30,17220.00,17151.00,17166.30,20946.808
2022-12-10T20:00:00,17166.30,17175.60,17081.00,17120.00,26181.427
2022-12-11T00:00:00,17120.10,17163.40,17114.00,17147.70,16510.061
2022-12-11T04:00:00,17147.60,17189.00,17144.70,17173.40,18948.471
2022-12-11T08:00:00,17173.40,17175.60,17132.40,17160.80,16708.791
2022-12-11T12:00:00,17160.80,17161.10,17121.00,17145.50,19880.891
2022-12-11T16:00:00,17145.50,17265.00,17124.90,17169.50,46356.060
2022-12-11T20:00:00,17169.60,17169.70,17060.00,17077.30,52599.837
2022-12-12T00:00:00,17077.30,17078.60,16865.00,16909.00,93215.464
2022-12-12T04:00:00,16909.00,16939.00,16894.30,16916.20,27433.055
2022-12-12T08:00:00,16916.20,16998.90,16895.50,16977.80,36001.638
2022-12-12T12:00:00,16977.80,17050.00,16912.80,16999.90,71821.147
2022-12-12T16:00:00,17000.00,17038.40,16973.90,17035.70,25169.941
2022-12-12T20:00:00,17035.60,17237.90,17035.60,17200.00,82215.013
2022-12-13T00:00:00,17200.00,17229.00,17114.60,17143.20,36929.287
2022-12-13T04:00:00,17143.10,17197.90,17076.00,17157.00,55625.343
2022-12-13T08:00:00,17156.90,17512.90,17146.70,17436.80,122406.120
2022-12-13T12:00:00,17436.90,18100.00,17390.30,17749.60,263224.252
2022-12-13T16:00:00,17749.50,17836.80,17617.90,17740.60,85131.142
2022-12-13T20:00:00,17740.50,17818.00,17704.50,17777.10,33535.147
2022-12-14T00:00:00,17777.10,17844.90,17749.50,17782.40,30721.609
2022-12-14T04:00:00,17782.40,17816.70,17734.80,17807.10,22263.983
2022-12-14T08:00:00,17807.10,17880.00,17784.00,17823.80,37760.719
2022-12-14T12:00:00,17823.90,18111.50,17814.00,18054.80,137064.630
2022-12-14T16:00:00,18054.80,18400.00,17704.30,17789.50,301024.945
2022-12-14T20:00:00,17789.50,17944.40,17659.40,17803.90,98675.813
2022-12-15T00:00:00,17804.00,17849.50,17560.00,17724.90,74507.679
2022-12-15T04:00:00,17724.90,17744.30,17675.90,17686.00,27803.765
2022-12-15T08:00:00,17685.90,17716.60,17608.00,17712.10,52699.528
2022-12-15T12:00:00,17712.10,17714.60,17355.00,17424.00,146628.881
2022-12-15T16:00:00,17424.00,17467.70,17310.00,17435.10,78980.398
2022-12-15T20:00:00,17435.00,17449.70,17258.00,17351.80,56663.786
2022-12-16T00:00:00,17351.90,17419.90,17338.30,17418.90,35550.559
2022-12-16T04:00:00,17418.80,17528.00,17365.40,17496.60,41640.970
2022-12-16T08:00:00,17496.60,17510.50,16910.00,17018.60,188849.287
2022-12-16T12:00:00,17018.70,17076.90,16870.60,16961.80,107277.504
2022-12-16T16:00:00,16961.80,16969.50,16700.00,16856.50,114774.620
2022-12-16T20:00:00,16856.60,16945.60,16521.10,16624.10,134057.305
2022-12-17T00:00:00,16624.10,16720.20,16571.80,16667.50,66363.998
2022-12-17T04:00:00,16667.50,16764.00,16647.70,16738.00,45722.670
2022-12-17T08:00:00,16737.90,16750.00,16652.30,16700.60,37850.073
2022-12-17T12:00:00,16700.60,16719.40,16633.10,16692.40,40974.804
2022-12-17T16:00:00,16692.30,16713.40,16639.00,16684.20,23775.354
2022-12-17T20:00:00,16684.10,16790.00,16677.40,16768.00,33778.374
2022-12-18T00:00:00,16768.10,16775.00,16695.70,16736.50,19014.025
2022-12-18T04:00:00,16736.50,16795.00,16709.50,16739.90,26928.603
2022-12-18T08:00:00,16739.90,16758.70,16656.00,16702.20,35341.455
2022-12-18T12:00:00,16702.20,16727.90,16663.30,16676.40,25280.386
2022-12-18T16:00:00,16676.40,16790.00,16670.00,16745.60,41996.189
2022-12-18T20:00:00,16745.70,16872.00,16715.10,16730.30,37337.555
2022-12-19T00:00:00,16730.40,16809.60,16620.40,16673.60,49601.728
2022-12-19T04:00:00,16673.50,16744.00,16664.00,16714.40,28214.603
2022-12-19T08:00:00,16714.50,16776.60,16702.70,16725.30,27329.823
2022-12-19T12:00:00,16725.20,16757.70,16656.40,16660.20,54277.784
2022-12-19T16:00:00,16660.30,16694.90,16511.90,16549.30,97414.221
2022-12-19T20:00:00,16549.30,16642.10,16210.00,16429.20,87890.393
2022-12-20T00:00:00,16429.20,16880.20,16390.30,16718.00,109994.556
2022-12-20T04:00:00,16717.90,16870.00,16682.30,16796.10,69915.337
2022-12-20T08:00:00,16796.20,16853.00,16755.20,16805.10,47552.517
2022-12-20T12:00:00,16805.20,17049.60,16684.00,16910.90,131483.196
2022-12-20T16:00:00,16910.80,16927.50,16763.60,16894.70,81655.657
2022-12-20T20:00:00,16894.60,16918.70,16825.20,16887.20,35569.835
2022-12-21T00:00:00,16887.30,16918.20,16776.00,16829.80,33529.575
2022-12-21T04:00:00,16829.90,16848.20,16761.20,16809.20,27534.062
2022-12-21T08:00:00,16809.10,16889.20,16788.00,16872.40,31352.995
2022-12-21T12:00:00,16872.40,16924.20,16694.20,16854.60,72649.874
2022-12-21T16:00:00,16854.60,16858.60,16717.00,16746.80,36319.230
2022-12-21T20:00:00,16746.90,16830.70,16721.00,16819.60,26366.599
2022-12-22T00:00:00,16819.70,16852.80,16802.30,16844.50,19470.669
2022-12-22T04:00:00,16844.50,16850.00,16778.00,16820.00,20542.365
2022-12-22T08:00:00,16820.00,16861.90,16794.20,16827.60,27422.832
2022-12-22T12:00:00,16827.60,16837.60,16600.00,16631.50,98813.975
2022-12-22T16:00:00,16631.50,16662.80,16556.10,16658.30,63297.216
2022-12-22T20:00:00,16658.30,16849.40,16643.60,16815.50,77063.904
2022-12-23T00:00:00,16815.50,16895.00,16764.00,16823.50,40208.220
2022-12-23T04:00:00,16823.50,16849.00,16801.00,16842.00,24893.707
2022-12-23T08:00:00,16842.00,16887.80,16805.20,16837.40,30513.335
2022-12-23T12:00:00,16837.30,16960.00,16690.00,16825.90,123959.289
2022-12-23T16:00:00,16826.00,16852.50,16806.60,16838.50,18874.204
2022-12-23T20:00:00,16838.50,16843.00,16762.50,16776.40,26104.665
2022-12-24T00:00:00,16776.30,16834.70,16774.40,16833.30,15312.893
2022-12-24T04:00:00,16833.30,16850.00,16797.00,16840.30,15980.866
2022-12-24T08:00:00,16840.20,16841.00,16814.00,16819.20,12975.412
2022-12-24T12:00:00,16819.30,16832.10,16807.70,16830.20,12508.365
2022-12-24T16:00:00,16830.30,16859.90,16815.20,16834.60,12443.844
2022-12-24T20:00:00,16834.60,16847.10,16803.60,16828.90,13189.410
2022-12-25T00:00:00,16829.00,16844.00,16815.30,16824.00,8339.966
2022-12-25T04:00:00,16824.10,16826.20,16788.00,16816.80,13041.858
2022-12-25T08:00:00,16816.70,16828.10,16808.00,16814.90,10124.306
2022-12-25T12:00:00,16815.00,16850.00,16700.00,16784.10,58570.279
2022-12-25T16:00:00,16784.20,16811.30,16723.60,16786.70,29179.355
2022-12-25T20:00:00,16786.60,16840.20,16746.00,16824.40,24820.079
2022-12-26T00:00:00,16824.50,16892.00,16813.20,16887.10,28620.905
2022-12-26T04:00:00,16887.20,16919.80,16830.00,16836.60,24738.987
2022-12-26T08:00:00,16836.70,16863.00,16811.00,16854.00,20279.232
2022-12-26T12:00:00,16854.10,16858.90,16781.10,16801.20,26504.163
2022-12-26T16:00:00,16801.10,16856.50,16792.00,16834.90,21061.266
2022-12-26T20:00:00,16834.90,16936.80,16810.20,16912.90,26924.146
2022-12-27T00:00:00,16912.80,16968.00,16830.00,16868.10,42682.907
2022-12-27T04:00:00,16868.10,16888.00,16843.00,16859.60,15232.900
2022-12-27T08:00:00,16859.60,16874.80,16800.60,16823.70,30792.726
2022-12-27T12:00:00,16823.60,16833.40,16723.20,16790.70,66673.069
2022-12-27T16:00:00,16790.70,16795.40,16580.00,16681.30,78151.443
2022-12-27T20:00:00,16681.30,16714.10,16646.30,16698.20,29295.519
2022-12-28T00:00:00,16698.20,16745.00,16541.00,16643.30,58603.691
2022-12-28T04:00:00,16643.20,16672.30,16580.60,16639.00,40102.069
2022-12-28T08:00:00,16639.10,16683.90,16623.30,16672.00,27228.635
2022-12-28T12:00:00,16672.00,16778.30,16560.70,16571.30,96232.220
2022-12-28T16:00:00,16571.30,16660.00,16555.80,16589.60,48646.397
2022-12-28T20:00:00,16589.70,16607.30,16455.60,16539.00,73836.846
2022-12-29T00:00:00,16538.90,16588.60,16485.10,16553.20,34024.879
2022-12-29T04:00:00,16553.10,16575.30,16529.50,16553.00,22366.398
2022-12-29T08:00:00,16553.00,16628.60,16514.60,16593.80,40553.131
2022-12-29T12:00:00,16593.80,16659.00,16584.00,16610.10,52351.625
2022-12-29T16:00:00,16610.10,16647.80,16589.00,16608.10,26803.582
2022-12-29T20:00:00,16608.00,16649.00,16551.00,16630.30,32491.916
2022-12-30T00:00:00,16630.30,16641.10,16576.30,16593.90,19882.213
2022-12-30T04:00:00,16593.90,16608.50,16410.00,16467.50,62732.710
2022-12-30T08:00:00,16467.60,16524.90,16453.00,16489.50,38916.057
2022-12-30T12:00:00,16489.60,16568.50,16320.00,16547.70,104487.149
2022-12-30T16:00:00,16547.70,16569.80,16510.00,16520.80,34830.474
2022-12-30T20:00:00,16520.80,16666.60,16520.50,16601.20,34781.887
2022-12-31T00:00:00,16601.20,16611.50,16546.50,16549.10,15952.362
2022-12-31T04:00:00,16549.00,16565.60,16530.00,16564.40,15304.144
2022-12-31T08:00:00,16564.40,16581.80,16538.00,16565.60,18890.316
2022-12-31T12:00:00,16565.50,16640.00,16546.20,16586.00,37418.928
2022-12-31T16:00:00,16586.10,16609.30,16562.00,16564.30,15398.520
2022-12-31T20:00:00,16564.30,16569.70,16461.80,16537.60,31497.886
2023-01-01T00:00:00,16537.50,16557.10,16504.00,16529.30,14206.373
2023-01-01T04:00:00,16529.20,16545.70,16488.00,16519.60,17998.501
2023-01-01T08:00:00,16519.50,16549.80,16496.80,16549.80,15117.276
2023-01-01T12:00:00,16549.80,16565.90,16524.60,16553.10,15542.884
2023-01-01T16:00:00,16553.00,16615.80,16552.60,16596.10,25971.416
2023-01-01T20:00:00,16596.10,16618.80,16579.10,16610.30,16666.515
2023-01-02T00:00:00,16610.40,16700.70,16541.20,16654.60,36641.746
2023-01-02T04:00:00,16654.70,16767.80,16612.80,16712.50,53335.472
2023-01-02T08:00:00,16712.60,16764.00,16696.00,16728.50,37550.631
2023-01-02T12:00:00,16728.40,16744.80,16665.00,16729.20,35861.236
2023-01-02T16:00:00,16729.20,16732.90,16702.60,16730.50,16549.997
2023-01-02T20:00:00,16730.50,16799.00,16650.00,16666.00,35222.094
2023-01-03T00:00:00,16665.90,16699.70,16639.50,16684.50,22052.463
2023-01-03T04:00:00,16684.40,16774.00,16675.20,16723.10,29397.355
2023-01-03T08:00:00,16723.10,16750.50,16691.70,16714.20,22008.402
2023-01-03T12:00:00,16714.20,16764.90,16610.00,16670.80,73811.270
2023-01-03T16:00:00,16670.90,16680.10,16600.30,16637.70,35119.476
2023-01-03T20:00:00,16637.60,16688.20,16636.00,16667.20,20681.239
2023-01-04T00:00:00,16667.30,16870.00,16645.70,16855.90,70080.094
2023-01-04T04:00:00,16855.90,16904.40,16832.30,16862.50,44883.714
2023-01-04T08:00:00,16862.50,16913.60,16824.50,16826.80,34682.195
2023-01-04T12:00:00,16826.70,16852.10,16759.30,16846.50,60474.144
2023-01-04T16:00:00,16846.50,16984.60,16777.70,16835.90,109451.837
2023-01-04T20:00:00,16835.90,16860.90,16766.00,16842.10,30175.854
2023-01-05T00:00:00,16842.20,16869.00,16800.00,16819.00,19519.003
2023-01-05T04:00:00,16819.00,16840.70,16782.40,16816.10,16536.812
2023-01-05T08:00:00,16816.10,16830.00,16775.10,16827.00,23157.987
2023-01-05T12:00:00,16827.00,16872.80,16740.40,16836.60,68886.546
2023-01-05T16:00:00,16836.70,16867.80,16794.00,16856.40,29189.477
2023-01-05T20:00:00,16856.30,16863.40,16810.00,16823.80,19079.522
2023-01-06T00:00:00,16823.80,16865.00,16795.60,16825.10,21068.091
2023-01-06T04:00:00,16825.00,16828.00,16773.00,16785.60,23858.147
2023-01-06T08:00:00,16785.60,16805.30,16685.20,16731.40,43531.809
2023-01-06T12:00:00,16731.50,16843.00,16664.80,16834.20,102292.922
2023-01-06T16:00:00,16834.10,16960.00,16801.60,16932.60,57987.086
2023-01-06T20:00:00,16932.70,17030.00,16881.00,16943.80,68235.574
2023-01-07T00:00:00,16943.90,16973.60,16924.80,16944.40,18044.048
2023-01-07T04:00:00,16944.30,16945.00,16915.80,16939.80,10556.131
2023-01-07T08:00:00,16939.80,16946.40,16903.00,16912.30,13458.257
2023-01-07T12:00:00,16912.30,16944.00,16900.10,16934.50,16729.551
2023-01-07T16:00:00,16934.50,16939.60,16910.40,16937.30,9360.224
2023-01-07T20:00:00,16937.30,16945.80,16922.90,16936.50,9824.894
2023-01-08T00:00:00,16936.50,16949.30,16905.00,16939.00,15067.481
2023-01-08T04:00:00,16938.90,16947.50,16927.50,16945.50,7997.895
2023-01-08T08:00:00,16945.50,16960.00,16917.80,16918.60,15529.951
2023-01-08T12:00:00,16918.50,17015.60,16912.70,16991.00,27054.754
2023-01-08T16:00:00,16990.90,17015.10,16910.20,16920.30,31184.044
2023-01-08T20:00:00,16920.30,17181.10,16916.50,17124.70,60883.193
2023-01-09T00:00:00,17124.60,17245.10,17098.20,17188.10,85195.766
2023-01-09T04:00:00,17188.10,17248.00,17171.70,17189.70,35863.212
2023-01-09T08:00:00,17189.80,17277.70,17180.00,17232.20,50754.112
2023-01-09T12:00:00,17232.20,17325.00,17181.90,17260.40,80374.648
2023-01-09T16:00:00,17260.40,17387.80,17259.60,17285.70,77463.239
2023-01-09T20:00:00,17285.60,17302.30,17118.30,17169.70,70626.832
2023-01-10T00:00:00,17169.60,17227.70,17140.40,17199.90,27484.953
2023-01-10T04:00:00,17199.90,17228.00,17181.80,17194.70,18254.506
2023-01-10T08:00:00,17194.60,17278.00,17181.20,17244.40,37043.974
2023-01-10T12:00:00,17244.30,17368.70,17204.40,17317.50,92804.006
2023-01-10T16:00:00,17317.60,17448.00,17273.30,17424.10,73564.943
2023-01-10T20:00:00,17424.10,17485.40,17393.30,17428.80,48167.989
2023-01-11T00:00:00,17428.80,17500.00,17360.00,17407.70,42391.318
2023-01-11T04:00:00,17407.70,17456.00,17380.00,17437.10,25910.734
2023-01-11T08:00:00,17437.10,17464.00,17399.50,17428.70,24797.868
2023-01-11T12:00:00,17428.60,17429.70,17306.40,17325.30,62512.096
2023-01-11T16:00:00,17325.20,17550.90,17320.30,17540.60,86222.612
2023-01-11T20:00:00,17540.70,18013.20,17501.40,17935.70,144442.478
2023-01-12T00:00:00,17935.60,18400.00,17902.40,18217.20,167796.474
2023-01-12T04:00:00,18217.10,18233.00,18070.00,18129.30,51547.124
2023-01-12T08:00:00,18129.20,18220.00,18062.00,18194.50,45869.521
2023-01-12T12:00:00,18194.40,18377.40,17907.30,18077.70,322077.479
2023-01-12T16:00:00,18077.60,19062.50,18045.70,18877.20,328471.599
2023-01-12T20:00:00,18877.30,19120.00,18758.50,18838.00,124572.563
2023-01-13T00:00:00,18838.10,18881.70,18711.00,18871.60,48452.132
2023-01-13T04:00:00,18871.50,18875.40,18770.50,18817.70,30968.560
2023-01-13T08:00:00,18817.70,19050.00,18803.90,18911.70,102429.252
2023-01-13T12:00:00,18911.70,19299.20,18801.40,19252.50,200754.386
2023-01-13T16:00:00,19252.60,19398.00,19053.00,19354.20,170550.150
2023-01-13T20:00:00,19354.10,19997.80,19307.40,19924.20,253653.352
2023-01-14T00:00:00,19924.30,21544.00,19882.60,20996.30,400698.970
2023-01-14T04:00:00,20996.20,21060.00,20801.30,20913.10,75865.279
2023-01-14T08:00:00,20913.00,21045.00,20257.30,20733.40,208916.952
2023-01-14T12:00:00,20733.30,21240.00,20544.00,20796.90,186889.050
2023-01-14T16:00:00,20796.90,20930.50,20670.70,20796.80,78649.063
2023-01-14T20:00:00,20796.80,21092.00,20773.90,20962.80,59647.369
2023-01-15T00:00:00,20962.80,21012.00,20556.00,20736.50,96644.108
2023-01-15T04:00:00,20736.50,20798.00,20673.90,20750.00,34775.593
2023-01-15T08:00:00,20750.10,20780.00,20581.40,20737.40,63521.557
2023-01-15T12:00:00,20737.40,21028.00,20661.10,20925.00,82803.419
2023-01-15T16:00:00,20925.00,21073.80,20670.00,20877.20,106046.834
2023-01-15T20:00:00,20877.30,20970.00,20750.00,20882.70,44695.048
2023-01-16T00:00:00,20882.70,21449.30,20780.20,21084.30,175273.721
2023-01-16T04:00:00,21084.30,21276.00,21048.00,21116.00,55958.607
2023-01-16T08:00:00,21116.00,21121.70,20619.00,20821.70,101732.641
2023-01-16T12:00:00,20821.80,21079.90,20606.60,21000.60,114395.111
2023-01-16T16:00:00,21000.60,21431.00,20921.00,21314.40,133530.799
2023-01-16T20:00:00,21314.50,21498.00,21056.00,21188.30,85257.322
2023-01-17T00:00:00,21188.20,21308.90,20827.80,21129.60,81669.204
2023-01-17T04:00:00,21129.60,21237.00,21062.10,21134.70,40393.627
2023-01-17T08:00:00,21134.80,21252.00,21077.70,21218.60,49711.091
2023-01-17T12:00:00,21218.60,21640.00,21024.30,21175.60,233119.434
2023-01-17T16:00:00,21175.70,21426.00,21080.30,21337.20,86362.443
2023-01-17T20:00:00,21337.30,21410.80,21123.10,21130.90,56134.794
2023-01-18T00:00:00,21130.80,21376.30,21103.60,21254.10,58477.632
2023-01-18T04:00:00,21254.10,21317.90,21226.60,21307.70,26297.724
2023-01-18T08:00:00,21307.80,21318.10,21132.10,21201.60,45098.726
2023-01-18T12:00:00,21201.70,21672.00,20810.00,21035.50,269472.012
2023-01-18T16:00:00,21035.50,21138.00,20386.00,20905.10,320910.719
2023-01-18T20:00:00,20905.00,20937.80,20621.10,20680.00,93528.704
2023-01-19T00:00:00,20680.10,20822.00,20659.90,20748.90,43011.055
2023-01-19T04:00:00,20748.90,20882.00,20745.10,20818.20,31250.694
2023-01-19T08:00:00,20818.20,20848.00,20707.40,20741.30,39443.519
2023-01-19T12:00:00,20741.30,20962.70,20661.00,20870.70,108038.963
2023-01-19T16:00:00,20870.80,21140.00,20786.80,21090.00,86336.685
2023-01-19T20:00:00,21090.10,21183.90,20913.40,21068.30,66652.701
2023-01-20T00:00:00,21068.30,21223.20,21011.40,21086.20,49417.658
2023-01-20T04:00:00,21086.20,21125.00,20856.40,20954.20,54029.169
2023-01-20T08:00:00,20954.10,20991.90,20895.40,20957.60,33135.271
2023-01-20T12:00:00,20957.50,21250.00,20952.20,21139.70,103649.424
2023-01-20T16:00:00,21139.70,21535.00,21136.10,21494.20,157224.305
2023-01-20T20:00:00,21494.10,22750.00,21493.80,22661.10,326189.373
2023-01-21T00:00:00,22661.00,22812.40,22422.00,22541.70,91102.531
2023-01-21T04:00:00,22541.80,22678.60,22511.20,22631.50,32823.977
2023-01-21T08:00:00,22631.60,23330.00,22555.00,22903.50,266330.182
2023-01-21T12:00:00,22903.50,23288.00,22847.80,22996.20,145710.162
2023-01-21T16:00:00,22996.20,23390.00,22980.00,23271.90,130707.129
2023-01-21T20:00:00,23271.90,23298.20,22670.00,22781.90,98007.119
2023-01-22T00:00:00,22781.80,22974.30,22600.20,22766.10,77074.223
2023-01-22T04:00:00,22766.00,22967.00,22720.00,22893.20,41651.721
2023-01-22T08:00:00,22893.20,22934.10,22733.00,22785.50,45038.944
2023-01-22T12:00:00,22785.60,23080.20,22631.10,22792.90,106358.408
2023-01-22T16:00:00,22793.00,22962.80,22681.00,22720.00,72710.666
2023-01-22T20:00:00,22720.00,22770.00,22287.00,22704.60,139695.849
2023-01-23T00:00:00,22704.70,22825.90,22645.60,22657.60,47573.102
2023-01-23T04:00:00,22657.60,22793.30,22596.80,22692.40,36713.329
2023-01-23T08:00:00,22692.40,22960.00,22661.90,22906.50,68826.107
2023-01-23T12:00:00,22906.40,23160.00,22500.00,22852.00,183939.268
2023-01-23T16:00:00,22852.10,23193.10,22653.00,22789.60,135640.765
2023-01-23T20:00:00,22789.60,23043.90,22756.10,22913.10,53110.269
2023-01-24T00:00:00,22913.30,23142.00,22863.30,23078.20,51857.971
2023-01-24T04:00:00,23078.20,23158.70,23000.00,23052.30,37575.800
2023-01-24T08:00:00,23052.30,23086.40,22760.00,22912.00,80599.104
2023-01-24T12:00:00,22912.10,23036.00,22677.90,22924.00,126440.595
2023-01-24T16:00:00,22924.00,23085.10,22782.00,23015.00,67270.843
2023-01-24T20:00:00,23015.10,23073.60,22450.00,22627.40,141871.503
2023-01-25T00:00:00,22627.50,22699.00,22310.50,22641.00,97898.966
2023-01-25T04:00:00,22641.10,22766.70,22600.00,22703.90,34838.121
2023-01-25T08:00:00,22703.90,22730.00,22460.80,22595.90,57559.621
2023-01-25T12:00:00,22595.80,22747.10,22327.20,22573.30,127913.984
2023-01-25T16:00:00,22573.40,22757.00,22508.10,22743.40,64912.438
2023-01-25T20:00:00,22743.40,23837.40,22743.40,23060.60,309663.477
2023-01-26T00:00:00,23060.60,23278.70,23040.10,23129.40,61160.895
2023-01-26T04:00:00,23129.50,23189.30,22885.70,22961.30,50565.793
2023-01-26T08:00:00,22961.30,23041.10,22843.80,22985.40,54116.524
2023-01-26T12:00:00,22985.40,23241.90,22856.00,22947.30,155481.049
2023-01-26T16:00:00,22947.20,23099.10,22850.00,23063.40,64169.464
2023-01-26T20:00:00,23063.40,23161.00,22955.00,23001.90,42267.061
2023-01-27T00:00:00,23001.90,23068.70,22516.60,22762.20,86055.897
2023-01-27T04:00:00,22762.20,23098.00,22750.00,23068.10,58836.674
2023-01-27T08:00:00,23068.10,23080.00,22900.10,22964.50,38844.896
2023-01-27T12:00:00,22964.40,23145.30,22830.00,22928.80,121070.961
2023-01-27T16:00:00,22928.80,23280.20,22919.00,23246.70,84096.917
2023-01-27T20:00:00,23246.80,23500.00,22940.00,23068.00,121014.962
2023-01-28T00:00:00,23068.10,23185.00,23033.90,23109.00,30607.076
2023-01-28T04:00:00,23108.90,23124.30,22942.90,22984.30,29492.397
2023-01-28T08:00:00,22984.30,23011.40,22880.00,22973.40,36651.176
2023-01-28T12:00:00,22973.40,23038.00,22870.80,23004.70,49477.228
2023-01-28T16:00:00,23004.60,23050.60,22968.10,23033.10,19771.548
2023-01-28T20:00:00,23033.20,23036.20,22935.10,23015.90,20401.518
2023-01-29T00:00:00,23016.00,23520.00,22961.50,23190.00,125541.185
2023-01-29T04:00:00,23190.00,23266.00,23143.10,23200.40,26823.648
2023-01-29T08:00:00,23200.40,23680.00,23151.00,23430.00,114678.629
2023-01-29T12:00:00,23430.00,23675.80,23351.60,23522.70,88615.332
2023-01-29T16:00:00,23522.70,23962.70,23473.70,23896.60,134522.960
2023-01-29T20:00:00,23896.50,23910.10,23600.00,23740.30,71846.477
2023-01-30T00:00:00,23740.20,23804.60,23568.00,23700.80,50623.845
2023-01-30T04:00:00,23700.80,23767.00,23600.00,23648.10,35817.696
2023-01-30T08:00:00,23648.00,23678.60,23001.00,23075.20,178463.464
2023-01-30T12:00:00,23075.20,23295.80,22930.00,23178.60,114367.727
2023-01-30T16:00:00,23178.60,23247.00,22600.00,22783.70,110669.265
2023-01-30T20:00:00,22783.60,22837.00,22484.20,22819.90,82595.410
2023-01-31T00:00:00,22819.90,22913.60,22715.30,22826.70,45917.886
2023-01-31T04:00:00,22826.60,22980.00,22735.50,22967.70,43431.989
2023-01-31T08:00:00,22967.70,22986.80,22803.00,22856.90,46060.100
2023-01-31T12:00:00,22857.00,23200.00,22843.40,23113.90,113354.585
2023-01-31T16:00:00,23114.00,23221.60,23072.80,23154.60,49408.861
2023-01-31T20:00:00,23154.60,23330.00,22804.00,23119.40,105553.545
2023-02-01T00:00:00,23119.50,23177.70,22988.00,23127.30,41016.975
2023-02-01T04:00:00,23127.40,23160.40,23011.50,23071.00,33068.509
2023-02-01T08:00:00,23070.90,23100.00,22911.30,23076.10,50557.370
2023-02-01T12:00:00,23076.10,23143.60,22935.30,22975.70,71259.336
2023-02-01T16:00:00,22975.60,23495.00,22747.00,23379.90,215468.368
2023-02-01T20:00:00,23379.80,23852.40,23320.00,23730.00,160059.153
2023-02-02T00:00:00,23730.10,24281.40,23694.50,23852.20,136849.095
2023-02-02T04:00:00,23852.10,23927.50,23660.00,23787.00,48942.495
2023-02-02T08:00:00,23787.00,23860.00,23750.40,23827.00,34286.886
2023-02-02T12:00:00,23827.00,23950.00,23520.00,23843.30,152792.644
2023-02-02T16:00:00,23843.40,24149.00,23723.50,23804.90,131579.732
2023-02-02T20:00:00,23804.80,23933.50,23365.00,23493.10,111289.486
2023-02-03T00:00:00,23493.00,23592.00,23412.00,23534.90,53873.247
2023-02-03T04:00:00,23535.00,23568.50,23450.00,23457.10,25571.080
2023-02-03T08:00:00,23457.10,23540.00,23328.80,23532.90,57784.896
2023-02-03T12:00:00,23532.90,23712.70,23222.00,23601.10,189870.022
2023-02-03T16:00:00,23601.10,23719.90,23296.40,23308.20,91933.801
2023-02-03T20:00:00,23308.20,23465.40,23201.00,23424.70,51798.392
2023-02-04T00:00:00,23424.70,23464.00,23330.10,23340.80,26184.717
2023-02-04T04:00:00,23340.80,23358.20,23250.00,23322.40,28301.188
2023-02-04T08:00:00,23322.40,23376.80,23288.30,23359.20,19759.758
2023-02-04T12:00:00,23359.20,23591.40,23335.40,23420.10,70032.864
2023-02-04T16:00:00,23420.10,23474.40,23355.00,23427.30,25724.048
2023-02-04T20:00:00,23427.40,23450.00,23258.00,23322.60,27115.818
2023-02-05T00:00:00,23322.60,23367.50,23211.00,23343.40,34347.877
2023-02-05T04:00:00,23343.30,23436.00,23327.50,23377.00,20096.361
2023-02-05T08:00:00,23377.00,23418.70,23344.60,23354.10,20554.304
2023-02-05T12:00:00,23354.20,23373.60,23000.00,23094.20,103064.491
2023-02-05T16:00:00,23094.20,23155.50,22741.00,22889.50,131414.742
2023-02-05T20:00:00,22889.60,23025.00,22787.80,22929.20,47187.259
2023-02-06T00:00:00,22929.30,23094.00,22817.10,22891.90,41294.353
2023-02-06T04:00:00,22892.00,22924.00,22600.00,22873.00,59449.417
2023-02-06T08:00:00,22873.10,22935.00,22733.90,22876.10,48625.312
2023-02-06T12:00:00,22876.10,23054.90,22735.00,23040.50,94677.280
2023-02-06T16:00:00,23040.50,23159.40,22922.20,23026.20,105678.626
2023-02-06T20:00:00,23026.30,23026.30,22622.10,22757.70,67435.155
2023-02-07T00:00:00,22757.80,22897.20,22742.40,22870.90,36711.889
2023-02-07T04:00:00,22870.90,22977.80,22854.80,22905.60,30656.926
2023-02-07T08:00:00,22905.50,23061.00,22854.80,22970.40,48655.029
2023-02-07T12:00:00,22970.40,23032.10,22869.00,22898.80,52655.275
2023-02-07T16:00:00,22898.90,23368.60,22762.00,23086.10,209739.145
2023-02-07T20:00:00,23086.10,23300.00,23024.30,23234.10,68855.230
2023-02-08T00:00:00,23234.10,23450.00,23220.30,23250.60,49143.645
2023-02-08T04:00:00,23250.50,23283.50,23173.70,23226.90,24682.484
2023-02-08T08:00:00,23227.00,23232.20,23123.10,23152.80,32606.039
2023-02-08T12:00:00,23152.80,23194.30,22849.90,22862.40,103077.568
2023-02-08T16:00:00,22862.40,23029.90,22662.90,22867.30,131915.737
2023-02-08T20:00:00,22867.40,22977.00,22766.40,22955.90,42040.008
2023-02-09T00:00:00,22955.90,23007.80,22407.50,22511.60,114802.191
2023-02-09T04:00:00,22511.60,22731.80,22341.10,22668.70,83990.713
2023-02-09T08:00:00,22668.80,22766.00,22648.10,22677.40,42168.627
2023-02-09T12:00:00,22677.50,22840.00,22550.00,22603.80,112744.024
2023-02-09T16:00:00,22603.80,22614.70,21862.10,22027.30,212791.892
2023-02-09T20:00:00,22027.30,22074.50,21684.70,21793.40,165797.903
2023-02-10T00:00:00,21793.30,21933.80,21751.10,21817.50,45873.626
2023-02-10T04:00:00,21817.50,21914.00,21595.80,21901.90,68530.266
2023-02-10T08:00:00,21902.00,21917.80,21707.20,21726.60,48382.894
2023-02-10T12:00:00,21726.70,21897.00,21484.00,21649.00,120581.027
2023-02-10T16:00:00,21648.90,21794.40,21550.10,21764.00,86735.680
2023-02-10T20:00:00,21764.00,21785.40,21405.00,21618.60,69883.004
2023-02-11T00:00:00,21618.60,21718.80,21594.40,21668.80,34549.115
2023-02-11T04:00:00,21668.80,21704.90,21630.60,21681.90,17658.503
2023-02-11T08:00:00,21681.90,21696.20,21646.60,21689.20,16676.368
2023-02-11T12:00:00,21689.20,21770.00,21651.10,21727.00,37452.033
2023-02-11T16:00:00,21726.90,21728.70,21600.00,21652.60,34876.801
2023-02-11T20:00:00,21652.60,21891.90,21635.50,21851.30,48036.847
2023-02-12T00:00:00,21851.20,21874.70,21752.90,21772.10,23886.521
2023-02-12T04:00:00,21772.10,21806.90,21754.00,21788.20,13809.719
2023-02-12T08:00:00,21788.20,21959.00,21788.10,21877.60,38816.768
2023-02-12T12:00:00,21877.60,22000.50,21750.00,21931.40,66423.472
2023-02-12T16:00:00,21931.40,22080.90,21901.00,21983.10,57543.929
2023-02-12T20:00:00,21983.10,22018.50,21618.00,21771.10,76306.684
2023-02-13T00:00:00,21771.00,21865.40,21606.00,21800.90,67134.107
2023-02-13T04:00:00,21800.90,21888.00,21781.50,21857.20,37460.868
2023-02-13T08:00:00,21857.10,21865.10,21410.00,21595.90,140932.155
2023-02-13T12:00:00,21595.90,21688.00,21544.80,21553.30,76257.797
2023-02-13T16:00:00,21553.30,21668.00,21338.00,21597.80,134846.671
2023-02-13T20:00:00,21597.90,21840.00,21552.50,21766.20,54964.095
2023-02-14T00:00:00,21766.10,21806.50,21670.80,21691.80,31405.193
2023-02-14T04:00:00,21691.80,21780.00,21676.50,21759.90,24174.292
2023-02-14T08:00:00,21760.00,21880.00,21659.10,21798.90,47434.581
2023-02-14T12:00:00,21798.90,22320.00,21485.20,22033.30,325421.325
2023-02-14T16:00:00,22033.40,22230.80,21910.20,22196.70,121281.491
2023-02-14T20:00:00,22196.80,22275.00,22110.40,22187.40,49074.627
2023-02-15T00:00:00,22187.40,22190.80,22038.50,22088.90,35580.160
2023-02-15T04:00:00,22088.90,22164.40,22061.20,22097.50,23896.173
2023-02-15T08:00:00,22097.40,22500.00,22075.90,22433.00,86066.327
2023-02-15T12:00:00,22433.00,22924.90,22432.90,22798.10,207159.107
2023-02-15T16:00:00,22798.00,23345.70,22730.10,23310.60,165039.216
2023-02-15T20:00:00,23310.60,24420.00,23285.90,24332.60,306935.488
2023-02-16T00:00:00,24332.70,24934.10,24287.00,24741.00,149506.526
2023-02-16T04:00:00,24741.00,24764.60,24427.00,24630.80,85116.457
2023-02-16T08:00:00,24630.80,24678.00,24520.90,24580.00,48543.148
2023-02-16T12:00:00,24580.00,25104.80,24312.00,25090.20,214278.319
2023-02-16T16:00:00,25090.20,25290.00,24620.00,24879.00,224316.013
2023-02-16T20:00:00,24879.10,24884.10,23518.00,23526.60,237702.696
2023-02-17T00:00:00,23526.60,23924.70,23350.00,23839.10,125666.630
2023-02-17T04:00:00,23839.00,23885.70,23612.00,23636.00,59676.035
2023-02-17T08:00:00,23635.90,23870.00,23520.00,23792.60,80667.332
2023-02-17T12:00:00,23792.60,24293.60,23701.10,24131.40,225818.466
2023-02-17T16:00:00,24131.30,24562.90,23916.00,24526.70,205070.186
2023-02-17T20:00:00,24526.80,25043.20,24031.10,24581.50,225818.499
2023-02-18T00:00:00,24581.30,24799.20,24502.60,24619.90,50759.107
2023-02-18T04:00:00,24619.90,24684.80,24430.60,24522.80,34345.925
2023-02-18T08:00:00,24522.70,24614.00,24436.40,24525.60,36886.129
2023-02-18T12:00:00,24525.70,24750.00,24494.40,24670.00,55534.135
2023-02-18T16:00:00,24670.00,24887.50,24564.00,24610.10,61293.542
2023-02-18T20:00:00,24610.00,24673.40,24516.70,24636.90,22736.718
2023-02-19T00:00:00,24636.80,24777.00,24626.50,24687.00,29006.051
2023-02-19T04:00:00,24687.00,24867.60,24553.60,24576.70,59061.967
2023-02-19T08:00:00,24576.60,24710.40,24556.90,24665.40,34964.341
2023-02-19T12:00:00,24665.30,25073.50,24655.70,24929.70,103284.266
2023-02-19T16:00:00,24929.70,25200.00,24259.20,24512.50,235530.475
2023-02-19T20:00:00,24512.50,24578.40,24179.40,24265.90,81659.528
2023-02-20T00:00:00,24265.90,24471.10,23827.00,24414.90,127984.816
2023-02-20T04:00:00,24414.90,24555.50,24398.70,24500.10,50498.564
2023-02-20T08:00:00,24500.10,24990.00,24361.20,24895.90,159438.885
2023-02-20T12:00:00,24896.00,25140.00,24720.20,24944.60,167345.352
2023-02-20T16:00:00,24944.70,24955.10,24585.10,24878.50,102254.274
2023-02-20T20:00:00,24878.40,24891.50,24651.20,24849.90,38879.181
2023-02-21T00:00:00,24849.90,25120.00,24787.20,24926.20,76679.867
2023-02-21T04:00:00,24926.20,25053.90,24855.20,25004.60,46758.131
2023-02-21T08:00:00,25004.60,25347.60,24525.00,24572.60,217844.464
2023-02-21T12:00:00,24572.60,24786.60,24388.00,24554.00,141571.537
2023-02-21T16:00:00,24554.00,24745.00,24267.20,24607.70,140748.886
2023-02-21T20:00:00,24607.70,24640.20,24150.00,24443.40,105687.690
2023-02-22T00:00:00,24443.30,24468.50,23851.50,24198.80,128324.856
2023-02-22T04:00:00,24198.70,24220.20,23925.50,24059.60,84541.648
2023-02-22T08:00:00,24059.50,24215.90,23855.30,24156.40,93248.828
2023-02-22T12:00:00,24156.40,24231.70,23621.00,23707.80,185032.015
2023-02-22T16:00:00,23707.50,23970.00,23572.00,23781.70,157258.798
2023-02-22T20:00:00,23781.70,24209.60,23730.00,24171.30,82007.956
2023-02-23T00:00:00,24171.30,24588.00,24115.00,24444.30,105146.844
2023-02-23T04:00:00,24444.30,24516.00,24301.10,24365.30,53133.370
2023-02-23T08:00:00,24365.20,24483.00,23630.00,23767.60,159754.629
2023-02-23T12:00:00,23767.60,24215.00,23590.00,23940.00,246653.668
2023-02-23T16:00:00,23940.00,24047.40,23711.50,23962.20,126451.880
2023-02-23T20:00:00,23962.30,24061.60,23750.00,23928.80,60199.023
2023-02-24T00:00:00,23928.70,24138.60,23879.00,23945.10,59502.415
2023-02-24T04:00:00,23945.10,23974.60,23754.00,23821.50,55400.746
2023-02-24T08:00:00,23821.60,23970.00,23741.50,23876.40,60283.249
2023-02-24T12:00:00,23876.30,24029.30,23310.50,23337.20,231721.267
2023-02-24T16:00:00,23337.10,23339.30,22800.00,23172.30,235087.972
2023-02-24T20:00:00,23172.30,23333.00,22966.00,23175.60,89582.293
2023-02-25T00:00:00,23175.50,23210.50,23032.00,23064.90,32612.850
2023-02-25T04:00:00,23064.90,23119.10,23010.10,23108.70,26914.175
2023-02-25T08:00:00,23108.70,23147.60,22897.40,22974.00,59947.250
2023-02-25T12:00:00,22973.90,23075.00,22845.60,22996.40,61274.986
2023-02-25T16:00:00,22996.40,23078.70,22905.00,22975.70,46659.541
2023-02-25T20:00:00,22975.70,23176.10,22700.00,23146.20,83386.846
2023-02-26T00:00:00,23146.20,23243.20,23050.00,23201.80,38352.322
2023-02-26T04:00:00,23201.80,23217.80,23077.20,23142.70,31491.179
2023-02-26T08:00:00,23142.80,23286.50,23102.80,23244.20,42192.201
2023-02-26T12:00:00,23244.20,23332.40,23115.40,23239.70,63502.842
2023-02-26T16:00:00,23239.80,23533.00,23130.00,23491.00,93742.282
2023-02-26T20:00:00,23491.00,23675.00,23310.00,23545.30,102114.230
2023-02-27T00:00:00,23545.20,23634.90,23424.40,23541.00,47678.291
2023-02-27T04:00:00,23541.00,23547.00,23331.00,23411.10,53778.498
2023-02-27T08:00:00,23411.10,23445.90,23320.00,23420.00,46822.503
2023-02-27T12:00:00,23419.90,23888.00,23369.10,23546.50,184987.748
2023-02-27T16:00:00,23546.50,23603.90,23140.00,23262.50,166667.763
2023-02-27T20:00:00,23262.50,23580.00,23088.00,23480.00,76820.163
2023-02-28T00:00:00,23480.00,23539.00,23336.00,23454.30,44084.232
2023-02-28T04:00:00,23454.30,23456.20,23210.00,23223.30,44074.367
2023-02-28T08:00:00,23223.40,23420.00,23190.20,23381.60,51908.370
2023-02-28T12:00:00,23381.50,23571.10,23300.50,23511.20,126298.911
2023-02-28T16:00:00,23511.10,23592.80,23195.10,23251.00,90462.656
2023-02-28T20:00:00,23251.10,23333.40,23010.00,23129.60,100091.302
2023-03-01T00:00:00,23129.70,23488.20,23008.40,23431.60,94869.432
2023-03-01T04:00:00,23431.60,23852.60,23414.80,23709.60,119744.837
2023-03-01T08:00:00,23709.60,24022.70,23670.30,23736.80,87997.318
2023-03-01T12:00:00,23736.90,23880.00,23558.00,23702.80,137452.515
2023-03-01T16:00:00,23702.90,23739.00,23316.30,23342.90,97637.359
2023-03-01T20:00:00,23342.80,23667.50,23281.60,23619.80,79548.850
2023-03-02T00:00:00,23619.80,23790.50,23414.10,23487.10,66503.537
2023-03-02T04:00:00,23487.10,23535.90,23325.00,23381.90,49671.496
2023-03-02T08:00:00,23381.80,23460.00,23326.30,23405.60,48950.758
2023-03-02T12:00:00,23405.70,23422.80,23183.00,23350.30,124403.213
2023-03-02T16:00:00,23350.30,23497.00,23222.10,23456.60,77176.896
2023-03-02T20:00:00,23456.70,23560.00,23372.20,23457.10,52550.701
2023-03-03T00:00:00,23457.10,23468.50,21883.20,22306.30,265796.815
2023-03-03T04:00:00,22306.40,22399.00,22234.00,22347.80,58370.469
2023-03-03T08:00:00,22347.80,22474.00,22300.00,22333.90,48913.566
2023-03-03T12:00:00,22333.90,22495.20,22120.10,22323.90,111464.429
2023-03-03T16:00:00,22324.00,22437.90,22217.20,22348.30,64926.046
2023-03-03T20:00:00,22348.30,22366.00,22126.00,22342.80,59046.812
2023-03-04T00:00:00,22342.80,22379.20,22312.10,22339.40,24078.215
2023-03-04T04:00:00,22339.40,22400.00,22262.20,22346.60,29930.134
2023-03-04T08:00:00,22346.60,22367.40,22311.00,22338.10,17632.287
2023-03-04T12:00:00,22338.00,22390.00,22292.90,22306.30,22528.758
2023-03-04T16:00:00,22306.20,22335.50,22204.00,22238.70,29511.608
2023-03-04T20:00:00,22238.70,22358.50,22147.50,22335.70,51628.209
2023-03-05T00:00:00,22335.80,22650.00,22174.90,22374.20,113479.717
2023-03-05T04:00:00,22374.20,22461.80,22354.20,22365.20,30140.514
2023-03-05T08:00:00,22365.20,22439.60,22302.00,22380.10,31592.000
2023-03-05T12:00:00,22380.10,22480.00,22380.10,22424.40,32097.491
2023-03-05T16:00:00,22424.50,22450.60,22357.00,22394.00,21185.383
2023-03-05T20:00:00,22394.00,22555.00,22310.00,22419.40,53766.640
2023-03-06T00:00:00,22419.30,22499.40,22240.10,22378.00,65552.847
2023-03-06T04:00:00,22378.00,22429.60,22306.00,22380.90,27604.231
2023-03-06T08:00:00,22380.90,22443.90,22345.30,22370.00,29029.706
2023-03-06T12:00:00,22369.90,22594.50,22348.00,22543.60,69925.596
2023-03-06T16:00:00,22543.60,22576.10,22350.00,22382.80,72720.927
2023-03-06T20:00:00,22382.90,22437.50,22307.90,22397.10,34143.090
2023-03-07T00:00:00,22397.10,22550.00,22364.20,22449.10,38691.872
2023-03-07T04:00:00,22449.10,22467.80,22402.50,22408.40,18027.854
2023-03-07T08:00:00,22408.50,22419.70,22303.30,22339.80,42943.905
2023-03-07T12:00:00,22339.80,22482.60,21908.00,22307.50,241400.376
2023-03-07T16:00:00,22307.60,22387.60,22039.00,22118.60,111947.459
2023-03-07T20:00:00,22118.50,22223.40,21929.00,22187.10,95482.633
2023-03-08T00:00:00,22187.10,22276.40,22073.30,22141.80,51149.471
2023-03-08T04:00:00,22141.80,22155.50,21800.00,21962.20,89535.711
2023-03-08T08:00:00,21962.20,22135.00,21932.80,22061.20,56848.317
2023-03-08T12:00:00,22061.10,22222.00,21880.00,22129.50,148584.459
2023-03-08T16:00:00,22129.60,22209.20,21936.00,21993.70,77456.277
2023-03-08T20:00:00,21993.80,22127.40,21540.50,21695.40,124293.732
2023-03-09T00:00:00,21695.30,21798.00,21616.50,21762.60,53609.885
2023-03-09T04:00:00,21762.60,21766.00,21660.00,21680.90,30228.746
2023-03-09T08:00:00,21680.90,21694.50,21511.10,21664.40,84936.590
2023-03-09T12:00:00,21664.40,21823.00,21550.00,21637.40,128925.274
2023-03-09T16:00:00,21637.40,21666.40,20750.00,20845.60,317672.041
2023-03-09T20:00:00,20845.60,20858.40,20003.50,20348.30,336530.824
2023-03-10T00:00:00,20348.40,20351.80,19752.00,20042.10,228402.264
2023-03-10T04:00:00,20042.10,20052.00,19757.00,19942.90,144189.872
2023-03-10T08:00:00,19943.00,19967.60,19521.60,19750.00,189712.340
2023-03-10T12:00:00,19749.90,20293.00,19650.00,19995.00,377610.370
2023-03-10T16:00:00,19995.00,20298.00,19815.60,20015.30,193622.340
2023-03-10T20:00:00,20014.50,20232.50,19835.00,20140.30,104598.079
2023-03-11T00:00:00,20140.30,20674.50,20124.80,20381.20,207973.491
2023-03-11T04:00:00,20381.30,20424.70,19812.20,19844.30,139732.217
2023-03-11T08:00:00,19844.40,20200.00,19752.50,20077.60,150200.028
2023-03-11T12:00:00,20077.50,20195.00,20017.30,20052.30,70208.550
2023-03-11T16:00:00,20052.30,20348.30,19968.30,20210.00,96711.737
2023-03-11T20:00:00,20209.90,20531.00,20206.70,20447.30,88653.535
2023-03-12T00:00:00,20447.30,20490.00,20298.30,20367.40,69581.272
2023-03-12T04:00:00,20367.70,20429.70,20262.20,20335.60,39349.368
2023-03-12T08:00:00,20335.60,20488.50,20326.80,20435.00,51563.089
2023-03-12T12:00:00,20434.90,20452.30,20270.00,20347.90,73260.469
2023-03-12T16:00:00,20347.80,21350.00,20332.50,20770.50,320423.397
2023-03-12T20:00:00,20770.60,22184.00,20750.80,21986.20,327344.807
2023-03-13T00:00:00,21986.20,22598.00,21856.00,22221.70,220127.800
2023-03-13T04:00:00,22221.80,22500.00,22213.80,22451.60,107550.891
2023-03-13T08:00:00,22451.50,22542.00,21804.00,22092.60,212765.433
2023-03-13T12:00:00,22092.60,24517.20,21945.00,24009.00,677353.141
2023-03-13T16:00:00,24009.00,24437.90,23777.00,24314.60,228551.466
2023-03-13T20:00:00,24314.60,24350.00,23935.70,24119.50,88633.445
2023-03-14T00:00:00,24119.50,24507.00,23990.00,24379.90,103809.190
2023-03-14T04:00:00,24379.90,24850.00,24148.00,24251.90,154883.625
2023-03-14T08:00:00,24252.30,24844.40,24121.70,24747.30,156510.376
2023-03-14T12:00:00,24747.40,26489.90,24405.00,25911.30,572682.237
2023-03-14T16:00:00,25911.30,26025.70,24222.00,25065.50,344601.197
2023-03-14T20:00:00,25066.40,25184.00,23951.00,24682.50,240076.010
2023-03-15T00:00:00,24682.50,25088.00,24318.00,24741.60,126773.008
2023-03-15T04:00:00,24741.60,24940.00,24609.40,24892.00,66779.179
2023-03-15T08:00:00,24892.00,24937.70,24266.00,24782.60,173691.809
2023-03-15T12:00:00,24782.60,25200.00,24364.70,24480.10,376951.657
2023-03-15T16:00:00,24480.00,24534.40,23888.00,24379.80,279276.742
2023-03-15T20:00:00,24379.80,24645.40,24222.60,24288.00,78584.034
2023-03-16T00:00:00,24287.90,24440.00,24120.50,24271.90,68553.169
2023-03-16T04:00:00,24271.90,24694.90,24178.00,24614.50,88010.463
2023-03-16T08:00:00,24614.50,25060.00,24370.00,24821.40,175784.630
2023-03-16T12:00:00,24821.40,25030.00,24516.00,24880.60,182794.492
2023-03-16T16:00:00,24880.70,25167.90,24590.90,24945.90,128630.721
2023-03-16T20:00:00,24945.90,25097.80,24602.50,24990.40,91673.471
2023-03-17T00:00:00,24990.50,25896.50,24875.30,25769.90,202957.831
2023-03-17T04:00:00,25769.90,26200.00,25638.80,26046.90,159158.385
2023-03-17T08:00:00,26046.90,26980.00,25912.50,26914.10,276537.249
2023-03-17T12:00:00,26914.10,26930.00,26120.00,26412.60,264742.761
2023-03-17T16:00:00,26412.70,26850.00,26250.00,26830.00,166531.946
2023-03-17T20:00:00,26830.00,27763.40,26571.20,27384.00,271230.892
2023-03-18T00:00:00,27383.90,27726.40,27050.00,27293.30,145608.554
2023-03-18T04:00:00,27293.40,27600.00,27205.00,27351.90,67348.421
2023-03-18T08:00:00,27351.90,27500.00,27050.00,27440.00,87883.227
2023-03-18T12:00:00,27439.90,27658.40,27037.00,27218.90,147089.406
2023-03-18T16:00:00,27218.90,27490.00,26555.50,27322.90,196552.142
2023-03-18T20:00:00,27322.80,27453.30,26790.00,26907.00,95750.566
2023-03-19T00:00:00,26907.00,27269.10,26901.60,27194.70,54712.469
2023-03-19T04:00:00,27194.80,27282.70,26815.90,26963.40,62219.778
2023-03-19T08:00:00,26963.40,27192.00,26868.70,27152.20,69530.397
2023-03-19T12:00:00,27152.20,27799.90,27090.00,27534.30,164948.133
2023-03-19T16:00:00,27533.70,28383.60,27456.00,28245.30,261335.865
2023-03-19T20:00:00,28245.40,28397.00,27722.40,27955.70,146620.436
2023-03-20T00:00:00,27955.80,28048.00,27120.60,27264.30,154695.612
2023-03-20T04:00:00,27264.30,28261.90,27140.00,28168.50,139390.542
2023-03-20T08:00:00,28168.50,28483.20,27881.20,28176.80,202307.208
2023-03-20T12:00:00,28176.80,28254.30,27570.00,27679.70,185779.965
2023-03-20T16:00:00,27679.70,28031.00,27445.00,27769.50,159678.784
2023-03-20T20:00:00,27769.60,28180.80,27566.80,27704.10,95371.337
2023-03-21T00:00:00,27704.10,27940.00,27653.70,27773.00,53957.050
2023-03-21T04:00:00,27773.10,27960.70,27288.00,27490.90,105693.226
2023-03-21T08:00:00,27490.90,28172.50,27382.50,28026.10,143510.008
2023-03-21T12:00:00,28026.10,28252.50,27706.00,28028.70,166353.668
2023-03-21T16:00:00,28028.70,28460.00,27921.50,28111.30,165393.834
2023-03-21T20:00:00,28111.20,28200.00,27902.00,28091.10,50579.928
2023-03-22T00:00:00,28091.10,28286.30,27930.00,28137.70,62536.552
2023-03-22T04:00:00,28137.60,28280.00,28002.60,28088.20,54361.466
2023-03-22T08:00:00,28088.20,28213.70,27962.10,28113.50,61658.449
2023-03-22T12:00:00,28113.50,28758.10,28090.40,28586.20,220961.586
2023-03-22T16:00:00,28586.10,28881.00,26620.00,26654.10,512273.440
2023-03-22T20:00:00,26653.30,27425.30,26590.00,27233.80,168601.777
2023-03-23T00:00:00,27233.80,27421.80,27101.00,27343.70,63845.694
2023-03-23T04:00:00,27343.70,27680.00,27231.30,27616.40,84538.137
2023-03-23T08:00:00,27616.30,27735.00,27420.00,27573.40,67047.240
2023-03-23T12:00:00,27573.50,28777.00,27267.00,28574.50,280955.401
2023-03-23T16:00:00,28574.60,28645.20,27757.10,28362.50,222300.561
2023-03-23T20:00:00,28362.50,28439.00,27945.80,28284.10,89487.014
2023-03-24T00:00:00,28284.00,28369.10,28120.00,28211.30,44984.892
2023-03-24T04:00:00,28211.30,28334.00,28078.40,28269.90,45073.281
2023-03-24T08:00:00,28270.00,28289.10,27312.50,27558.40,144031.611
2023-03-24T12:00:00,27558.40,28260.00,27523.00,27997.20,208669.320
2023-03-24T16:00:00,27997.20,28040.00,27501.00,27811.30,128438.580
2023-03-24T20:00:00,27811.40,27854.40,26960.00,27438.90,124877.686
2023-03-25T00:00:00,27439.00,27648.40,27400.00,27568.60,42513.558
2023-03-25T04:00:00,27568.60,27598.00,27360.00,27473.50,39018.021
2023-03-25T08:00:00,27473.50,27524.70,27302.00,27445.60,49158.275
2023-03-25T12:00:00,27445.70,27788.00,27340.00,27631.40,74902.160
2023-03-25T16:00:00,27631.40,27721.00,27131.80,27179.50,83903.179
2023-03-25T20:00:00,27179.40,27522.00,27139.70,27447.30,46178.862
2023-03-26T00:00:00,27447.20,27640.00,27400.00,27517.30,38527.410
2023-03-26T04:00:00,27517.20,27560.00,27444.70,27492.40,25075.949
2023-03-26T08:00:00,27492.40,27991.50,27460.90,27852.10,73218.713
2023-03-26T12:00:00,27852.00,28186.90,27677.30,27790.10,146722.281
2023-03-26T16:00:00,27790.10,27934.70,27590.60,27814.10,49048.115
2023-03-26T20:00:00,27814.00,28138.30,27655.70,27954.30,67164.517
2023-03-27T00:00:00,27954.30,28019.40,27757.40,27878.40,44345.130
2023-03-27T04:00:00,27878.40,27929.20,27650.00,27794.50,50007.614
2023-03-27T08:00:00,27794.50,27986.80,27760.10,27879.90,51239.037
2023-03-27T12:00:00,27879.90,27917.40,26480.00,26887.30,308699.095
2023-03-27T16:00:00,26887.30,27300.00,26838.80,26956.80,134145.374
2023-03-27T20:00:00,26956.90,27246.90,26860.00,27112.00,53998.572
2023-03-28T00:00:00,27112.00,27162.50,26800.00,26955.50,65014.849
2023-03-28T04:00:00,26955.60,27132.00,26864.00,26947.20,58412.238
2023-03-28T08:00:00,26947.30,27150.00,26610.00,27046.70,128644.691
2023-03-28T12:00:00,27046.80,27200.00,26820.10,26984.90,123639.089
2023-03-28T16:00:00,26984.80,27500.00,26720.30,27412.10,151133.821
2023-03-28T20:00:00,27412.10,27482.50,27080.00,27249.70,58236.084
2023-03-29T00:00:00,27249.70,27465.70,27223.60,27354.10,46690.555
2023-03-29T04:00:00,27354.10,28210.70,27333.70,28077.70,154440.639
2023-03-29T08:00:00,28077.80,28649.90,28025.50,28347.50,170742.766
2023-03-29T12:00:00,28347.50,28589.50,28211.50,28426.30,132706.077
2023-03-29T16:00:00,28426.40,28444.00,28119.50,28406.10,91922.458
2023-03-29T20:00:00,28406.20,28500.00,28200.00,28338.50,59350.476
2023-03-30T00:00:00,28338.60,29184.80,28066.00,28470.50,244943.146
2023-03-30T04:00:00,28470.40,28760.00,28425.00,28706.60,79859.667
2023-03-30T08:00:00,28706.50,28734.20,28469.00,28630.10,63603.014
2023-03-30T12:00:00,28630.00,28683.50,28146.40,28282.80,132433.793
2023-03-30T16:00:00,28282.80,28285.10,27654.10,27971.30,176918.772
2023-03-30T20:00:00,27971.40,28187.70,27762.30,28015.00,73207.708
2023-03-31T00:00:00,28015.00,28367.90,27900.00,28152.30,82802.246
2023-03-31T04:00:00,28152.20,28214.80,27500.00,27733.30,101966.835
2023-03-31T08:00:00,27733.30,27978.30,27670.00,27916.00,76287.669
2023-03-31T12:00:00,27916.00,28675.30,27860.20,28488.50,217230.739
2023-03-31T16:00:00,28488.60,28533.90,28250.10,28459.00,81771.513
2023-03-31T20:00:00,28458.90,28632.50,28322.00,28454.90,51498.288
2023-04-01T00:00:00,28454.80,28845.30,28400.00,28532.00,65781.338
2023-04-01T04:00:00,28532.10,28617.80,28328.00,28416.10,46755.745
2023-04-01T08:00:00,28416.10,28476.90,28350.00,28365.50,28874.662
2023-04-01T12:00:00,28365.40,28430.00,28180.00,28387.20,49661.974
2023-04-01T16:00:00,28387.20,28430.00,28259.20,28368.30,28679.320
2023-04-01T20:00:00,28368.40,28575.00,28365.00,28443.80,36734.183
2023-04-02T00:00:00,28443.70,28516.50,28340.00,28463.00,28921.926
2023-04-02T04:00:00,28463.00,28483.70,28366.00,28401.30,21969.846
2023-04-02T08:00:00,28401.30,28432.90,28287.00,28344.90,30770.077
2023-04-02T12:00:00,28344.90,28352.50,28022.00,28110.20,92591.724
2023-04-02T16:00:00,28110.10,28218.20,27820.00,27933.70,83183.919
2023-04-02T20:00:00,27933.70,28197.60,27825.20,28161.20,59221.178
2023-04-03T00:00:00,28161.30,28171.30,27552.40,27738.10,92246.758
2023-04-03T04:00:00,27738.10,27951.90,27559.20,27946.50,59558.174
2023-04-03T08:00:00,27946.50,28540.00,27944.00,28243.40,169915.848
2023-04-03T12:00:00,28243.30,28370.00,27933.00,28032.50,141711.342
2023-04-03T16:00:00,28034.10,28230.00,27863.00,28071.80,99518.632
2023-04-03T20:00:00,28071.80,28084.00,27166.00,27786.10,178714.809
2023-04-04T00:00:00,27786.10,27950.00,27650.20,27843.70,57048.555
2023-04-04T04:00:00,27843.60,28141.60,27753.20,28013.20,58199.402
2023-04-04T08:00:00,28013.20,28450.00,27909.30,28274.60,106225.317
2023-04-04T12:00:00,28274.70,28392.50,27935.20,28011.70,113740.258
2023-04-04T16:00:00,28011.70,28250.00,27952.80,28171.10,56580.848
2023-04-04T20:00:00,28171.00,28300.00,28061.50,28155.20,40576.232
2023-04-05T00:00:00,28155.10,28800.00,28085.80,28536.10,125905.052
2023-04-05T04:00:00,28536.10,28615.00,28433.40,28515.70,38202.006
2023-04-05T08:00:00,28515.70,28593.00,28432.40,28544.00,37263.294
2023-04-05T12:00:00,28543.90,28741.00,27830.10,28014.90,208759.520
2023-04-05T16:00:00,28015.00,28300.00,27775.00,28229.10,99424.748
2023-04-05T20:00:00,28229.20,28290.00,28110.00,28154.00,34158.218
2023-04-06T00:00:00,28154.00,28166.70,27855.00,28117.40,57949.765
2023-04-06T04:00:00,28117.40,28117.50,27889.00,27896.80,36721.731
2023-04-06T08:00:00,27896.70,28024.60,27684.20,27934.90,78981.475
2023-04-06T12:00:00,27935.00,28175.00,27724.00,28079.30,102413.306
2023-04-06T16:00:00,28079.30,28156.20,27931.30,28005.00,45472.386
2023-04-06T20:00:00,28005.00,28112.00,27873.50,28022.80,34378.119
2023-04-07T00:00:00,28022.90,28096.00,27911.00,28022.20,27954.246
2023-04-07T04:00:00,28022.20,28052.20,27755.00,27822.00,43965.699
2023-04-07T08:00:00,27822.10,27954.00,27772.60,27830.00,47983.634
2023-04-07T12:00:00,27829.90,27981.10,27776.50,27930.20,58901.765
2023-04-07T16:00:00,27930.20,27940.60,27842.20,27886.40,18629.237
2023-04-07T20:00:00,27886.30,27975.00,27822.90,27890.70,21815.597
2023-04-08T00:00:00,27890.70,28069.90,27850.10,28005.90,26709.114
2023-04-08T04:00:00,28005.90,28153.60,27954.00,28073.80,38189.946
2023-04-08T08:00:00,28073.80,28107.70,27975.50,27997.70,22421.507
2023-04-08T12:00:00,27997.70,28047.90,27925.10,28004.30,23432.443
2023-04-08T16:00:00,28004.30,28010.50,27855.00,27909.10,29141.062
2023-04-08T20:00:00,27909.20,27977.10,27866.40,27924.90,19235.488
2023-04-09T00:00:00,27924.90,28078.10,27907.70,28012.00,30081.571
2023-04-09T04:00:00,28011.90,28055.00,27820.00,27888.20,47649.419
2023-04-09T08:00:00,27888.20,27927.00,27762.80,27919.30,31551.572
2023-04-09T12:00:00,27919.30,27960.00,27777.00,27873.60,35449.263
2023-04-09T16:00:00,27873.60,28290.60,27860.30,28132.40,69130.263
2023-04-09T20:00:00,28132.40,28539.10,28077.10,28309.40,91999.792
2023-04-10T00:00:00,28309.40,28420.00,28230.00,28269.80,39158.156
2023-04-10T04:00:00,28269.80,28308.00,28180.00,28278.20,32457.910
2023-04-10T08:00:00,28278.30,28383.00,28258.70,28294.30,33714.023
2023-04-10T12:00:00,28294.30,28590.00,28153.60,28427.70,91957.051
2023-04-10T16:00:00,28427.70,29300.00,28368.90,29164.90,244253.752
2023-04-10T20:00:00,29164.90,29840.00,29058.00,29623.10,138521.033
2023-04-11T00:00:00,29623.10,30491.00,29573.90,30105.80,202989.715
2023-04-11T04:00:00,30105.70,30160.00,29752.10,30095.30,75212.768
2023-04-11T08:00:00,30095.30,30140.00,29966.00,30045.00,53203.501
2023-04-11T12:00:00,30045.10,30280.00,29938.90,30179.40,117522.262
2023-04-11T16:00:00,30179.50,30564.00,30017.80,30121.90,112939.472
2023-04-11T20:00:00,30122.00,30269.90,29896.00,30185.10,67110.773
2023-04-12T00:00:00,30185.10,30350.00,29811.00,29914.80,93503.580
2023-04-12T04:00:00,29914.80,30063.00,29829.50,29979.40,47788.578
2023-04-12T08:00:00,29979.50,30041.20,29881.40,30003.70,37903.678
2023-04-12T12:00:00,30003.70,30480.00,29620.00,29948.00,266359.400
2023-04-12T16:00:00,29948.00,30087.70,29736.00,29789.50,77609.156
2023-04-12T20:00:00,29789.50,29970.00,29761.90,29875.00,40504.038
2023-04-13T00:00:00,29874.90,30270.00,29836.70,30057.30,52435.953
2023-04-13T04:00:00,30057.20,30120.00,29980.10,30054.10,28862.315
2023-04-13T08:00:00,30054.00,30369.00,30025.70,30149.20,92038.937
2023-04-13T12:00:00,30149.10,30648.90,30116.50,30422.50,147335.344
2023-04-13T16:00:00,30422.60,30539.70,30242.10,30323.10,76467.563
2023-04-13T20:00:00,30323.00,30385.20,30185.00,30362.70,39042.382
2023-04-14T00:00:00,30362.70,30950.00,30293.00,30684.60,143783.626
2023-04-14T04:00:00,30684.50,31059.00,30665.90,30739.90,95052.482
2023-04-14T08:00:00,30739.90,30819.30,30647.00,30790.00,51819.143
2023-04-14T12:00:00,30789.90,30840.00,30080.10,30226.70,173876.177
2023-04-14T16:00:00,30226.70,30340.80,29925.00,30311.20,102233.968
2023-04-14T20:00:00,30311.10,30500.00,30260.00,30453.10,48626.219
2023-04-15T00:00:00,30453.00,30599.90,30270.00,30367.10,41220.216
2023-04-15T04:00:00,30367.00,30464.00,30327.40,30416.60,20229.732
2023-04-15T08:00:00,30416.60,30460.00,30340.60,30371.00,24960.612
2023-04-15T12:00:00,30370.90,30432.10,30270.70,30319.90,32820.069
2023-04-15T16:00:00,30319.90,30333.00,30186.00,30318.80,38861.655
2023-04-15T20:00:00,30318.90,30350.00,30220.40,30280.40,22141.798
2023-04-16T00:00:00,30280.40,30311.00,30102.00,30249.00,26508.945
2023-04-16T04:00:00,30249.00,30397.40,30240.50,30330.80,21303.215
2023-04-16T08:00:00,30330.80,30345.10,30210.00,30220.10,23037.583
2023-04-16T12:00:00,30220.10,30363.20,30142.50,30324.70,40131.078
2023-04-16T16:00:00,30324.70,30560.00,30252.30,30306.00,57612.650
2023-04-16T20:00:00,30306.00,30399.90,30170.90,30286.60,41632.548
2023-04-17T00:00:00,30286.60,30307.40,29714.10,29966.50,111581.657
2023-04-17T04:00:00,29966.50,29994.60,29822.00,29831.10,33276.831
2023-04-17T08:00:00,29831.20,29913.60,29283.80,29558.10,93915.974
2023-04-17T12:00:00,29558.10,29589.40,29219.90,29346.50,131855.384
2023-04-17T16:00:00,29346.50,29565.00,29316.30,29459.60,55047.782
2023-04-17T20:00:00,29459.60,29524.00,29370.00,29420.00,29840.920
2023-04-18T00:00:00,29420.10,29485.00,29078.10,29431.70,65673.969
2023-04-18T04:00:00,29431.60,29790.00,29426.60,29756.80,59863.930
2023-04-18T08:00:00,29756.80,30378.00,29678.20,30369.70,120369.892
2023-04-18T12:00:00,30369.70,30480.00,30082.80,30170.20,143790.876
2023-04-18T16:00:00,30170.10,30269.70,29927.60,30205.80,89098.270
2023-04-18T20:00:00,30205.80,30450.00,30132.90,30365.80,54392.333
2023-04-19T00:00:00,30365.80,30410.00,30107.20,30199.90,42292.844
2023-04-19T04:00:00,30199.90,30326.90,29960.00,30064.80,57670.911
2023-04-19T08:00:00,30064.70,30067.10,28800.00,29299.90,224711.531
2023-04-19T12:00:00,29300.00,29490.00,29015.00,29247.90,98329.930
2023-04-19T16:00:00,29248.00,29357.20,29033.00,29210.60,61620.315
2023-04-19T20:00:00,29210.50,29309.70,28557.30,28795.10,159240.579
2023-04-20T00:00:00,28795.00,28994.40,28520.20,28850.10,91900.129
2023-04-20T04:00:00,28850.00,29078.00,28803.50,28857.70,58960.584
2023-04-20T08:00:00,28857.70,28938.00,28575.60,28601.60,68189.911
2023-04-20T12:00:00,28601.50,28940.00,28300.00,28492.30,164293.111
2023-04-20T16:00:00,28492.40,28650.00,27983.00,28091.20,186202.872
2023-04-20T20:00:00,28091.20,28358.40,27995.10,28229.90,69632.679
2023-04-21T00:00:00,28229.90,28368.90,28076.10,28309.10,58395.542
2023-04-21T04:00:00,28309.20,28332.30,27800.00,28142.30,119795.709
2023-04-21T08:00:00,28142.40,28225.80,27904.40,28054.50,80831.360
2023-04-21T12:00:00,28054.50,28300.00,27954.40,28032.80,126677.763
2023-04-21T16:00:00,28032.80,28086.40,27188.00,27273.60,211114.733
2023-04-21T20:00:00,27273.60,27400.00,27100.00,27252.50,91017.726
2023-04-22T00:00:00,27252.60,27360.00,27126.00,27309.90,45729.471
2023-04-22T04:00:00,27309.90,27387.80,27204.50,27268.40,36075.068
2023-04-22T08:00:00,27268.40,27310.00,27166.00,27276.10,42889.652
2023-04-22T12:00:00,27276.10,27556.10,27219.50,27477.10,82203.755
2023-04-22T16:00:00,27477.10,27780.00,27470.50,27604.70,86509.805
2023-04-22T20:00:00,27604.60,27888.00,27554.60,27807.20,52141.270
2023-04-23T00:00:00,27807.20,27807.30,27390.30,27545.20,66658.757
2023-04-23T04:00:00,27545.20,27738.50,27519.20,27704.60,32611.861
2023-04-23T08:00:00,27704.70,27760.00,27463.40,27632.80,49943.657
2023-04-23T12:00:00,27632.80,27729.00,27279.70,27460.20,70478.522
2023-04-23T16:00:00,27460.20,27679.60,27307.00,27453.30,74820.167
2023-04-23T20:00:00,27453.30,27642.60,27388.30,27576.00,37569.391
2023-04-24T00:00:00,27575.90,28000.00,27410.00,27780.00,99571.446
2023-04-24T04:00:00,27780.10,27782.30,27331.00,27440.80,65884.391
2023-04-24T08:00:00,27440.90,27544.00,27140.00,27540.00,101737.772
2023-04-24T12:00:00,27539.90,27700.00,27208.00,27256.00,135196.378
2023-04-24T16:00:00,27255.90,27577.00,26919.30,27373.80,141565.215
2023-04-24T20:00:00,27373.80,27547.10,27305.20,27497.50,37313.066
2023-04-25T00:00:00,27497.40,27583.60,27305.30,27337.60,43907.361
2023-04-25T04:00:00,27337.60,27452.80,27222.70,27252.30,45282.567
2023-04-25T08:00:00,27252.40,27430.00,27176.60,27382.10,66538.637
2023-04-25T12:00:00,27382.20,27466.00,27200.00,27329.50,74964.782
2023-04-25T16:00:00,27329.50,27787.50,27302.40,27596.10,115386.167
2023-04-25T20:00:00,27596.20,28379.90,27596.20,28286.70,162175.001
2023-04-26T00:00:00,28286.70,28473.00,28232.80,28296.20,71407.185
2023-04-26T04:00:00,28296.10,28588.00,28285.90,28365.00,62803.722
2023-04-26T08:00:00,28364.90,29146.40,28357.10,28940.70,213528.425
2023-04-26T12:00:00,28940.70,30048.20,28940.60,29803.00,306318.812
2023-04-26T16:00:00,29803.10,29899.00,27644.20,27871.90,297334.630
2023-04-26T20:00:00,27871.90,28729.10,27200.00,28395.90,333531.894
2023-04-27T00:00:00,28396.00,29480.00,28365.30,28876.60,231823.014
2023-04-27T04:00:00,28876.60,29272.60,28612.70,28880.00,112459.212
2023-04-27T08:00:00,28880.10,29139.20,28768.00,28921.20,98201.412
2023-04-27T12:00:00,28921.20,29600.00,28650.00,29136.70,206699.481
2023-04-27T16:00:00,29136.60,29898.00,29001.00,29659.90,204824.129
2023-04-27T20:00:00,29659.90,29781.70,29239.20,29459.00,98577.491
2023-04-28T00:00:00,29459.00,29591.10,29314.90,29412.80,78696.354
2023-04-28T04:00:00,29412.80,29560.90,29382.90,29473.90,49552.737
2023-04-28T08:00:00,29473.80,29493.70,29110.40,29226.00,86710.553
2023-04-28T12:00:00,29225.90,29463.30,28870.00,29133.90,170065.295
2023-04-28T16:00:00,29134.00,29433.40,29080.30,29317.60,89994.009
2023-04-28T20:00:00,29317.60,29417.90,29250.00,29300.00,33331.207
2023-04-29T00:00:00,29300.00,29387.70,29180.00,29328.80,39776.622
2023-04-29T04:00:00,29328.80,29443.90,29275.00,29333.90,36929.533
2023-04-29T08:00:00,29333.80,29349.90,29225.00,29323.40,35064.791
2023-04-29T12:00:00,29323.40,29385.00,29200.20,29258.10,38754.353
2023-04-29T16:00:00,29258.00,29300.00,29000.40,29222.00,47665.322
2023-04-29T20:00:00,29222.10,29258.60,29115.60,29212.70,19822.623
2023-04-30T00:00:00,29212.70,29217.70,29067.40,29168.00,25444.574
2023-04-30T04:00:00,29168.00,29287.50,29158.60,29252.00,24448.044
2023-04-30T08:00:00,29251.90,29349.90,29150.00,29184.60,33318.971
2023-04-30T12:00:00,29184.60,29950.00,29169.90,29644.20,142401.479
2023-04-30T16:00:00,29644.40,29860.00,29200.00,29346.00,117019.249
2023-04-30T20:00:00,29346.00,29471.00,29145.30,29223.00,75166.529
2023-05-01T00:00:00,29223.00,29325.50,28333.00,28545.60,143426.630
2023-05-01T04:00:00,28545.60,28700.00,28200.00,28610.00,77991.238
2023-05-01T08:00:00,28609.90,28659.20,28464.60,28510.60,39461.984
2023-05-01T12:00:00,28510.60,28618.00,28052.10,28158.30,130179.626
2023-05-01T16:00:00,28158.50,28402.30,27780.00,27833.90,148882.200
2023-05-01T20:00:00,27833.90,28143.00,27650.00,28054.40,85032.810
2023-05-02T00:00:00,28054.50,28131.90,27899.70,28031.90,44341.090
2023-05-02T04:00:00,28031.90,28158.00,27854.00,28045.00,39868.257
2023-05-02T08:00:00,28045.10,28121.80,27921.60,28076.10,39176.734
2023-05-02T12:00:00,28076.20,28778.00,27900.00,28521.10,231570.662
2023-05-02T16:00:00,28521.00,28888.00,28412.00,28676.40,110133.821
2023-05-02T20:00:00,28676.50,28820.00,28600.60,28656.50,48455.705
2023-05-03T00:00:00,28656.40,28682.10,28324.40,28505.40,58108.623
2023-05-03T04:00:00,28505.50,28674.00,28407.30,28638.30,44177.432
2023-05-03T08:00:00,28638.40,28758.90,28515.00,28535.10,52281.205
2023-05-03T12:00:00,28535.00,28567.00,28080.00,28292.70,135071.937
2023-05-03T16:00:00,28292.60,28800.00,28200.00,28308.80,229709.193
2023-05-03T20:00:00,28308.80,29258.40,28267.30,29018.40,157117.840
2023-05-04T00:00:00,29018.40,29176.60,28938.50,29084.70,48827.682
2023-05-04T04:00:00,29084.70,29228.10,29022.40,29048.60,50341.471
2023-05-04T08:00:00,29048.70,29380.00,28967.40,29145.00,78089.723
2023-05-04T12:00:00,29145.00,29221.50,28660.00,28850.00,145934.750
2023-05-04T16:00:00,28850.00,28966.00,28660.00,28883.20,73790.969
2023-05-04T20:00:00,28883.20,28913.30,28731.20,28826.00,29440.989
2023-05-05T00:00:00,28826.00,29551.00,28802.80,29187.00,115027.039
2023-05-05T04:00:00,29187.00,29264.30,29025.00,29059.00,52721.949
2023-05-05T08:00:00,29058.90,29185.60,29010.00,29137.50,44105.557
2023-05-05T12:00:00,29137.60,29437.50,28618.30,29347.40,192645.919
2023-05-05T16:00:00,29347.50,29693.00,29304.00,29548.70,133203.275
2023-05-05T20:00:00,29548.70,29650.00,29440.00,29491.50,40781.438
2023-05-06T00:00:00,29491.50,29840.00,29335.00,29360.10,76988.632
2023-05-06T04:00:00,29360.00,29430.00,29225.30,29350.20,42728.114
2023-05-06T08:00:00,29350.20,29359.20,29108.00,29264.50,58055.462
2023-05-06T12:00:00,29264.50,29266.70,28333.00,28557.90,181672.364
2023-05-06T16:00:00,28557.90,28963.90,28519.40,28831.90,77210.531
2023-05-06T20:00:00,28831.90,28869.90,28620.20,28837.80,38973.798
2023-05-07T00:00:00,28837.90,29137.00,28730.20,28790.80,63343.561
2023-05-07T04:00:00,28790.80,28943.00,28771.90,28891.90,27761.690
2023-05-07T08:00:00,28891.80,28950.00,28691.20,28826.50,44539.548
2023-05-07T12:00:00,28826.50,29088.30,28825.00,28933.10,58996.190
2023-05-07T16:00:00,28933.10,29019.90,28753.60,28894.00,46812.975
2023-05-07T20:00:00,28894.00,28947.70,28370.00,28419.40,66956.679
2023-05-08T00:00:00,28419.50,28624.60,28000.00,28188.00,142837.352
2023-05-08T04:00:00,28188.10,28249.00,27800.00,27957.80,82354.151
2023-05-08T08:00:00,27957.70,27977.60,27550.00,27922.20,108980.277
2023-05-08T12:00:00,27922.20,28074.90,27651.50,27874.10,110121.512
2023-05-08T16:00:00,27874.20,27918.00,27260.90,27329.10,148637.520
2023-05-08T20:00:00,27329.00,27686.50,27250.00,27659.80,65257.965
2023-05-09T00:00:00,27659.80,27747.90,27528.20,27612.50,46056.079
2023-05-09T04:00:00,27612.40,27661.70,27423.90,27649.30,47560.102
2023-05-09T08:00:00,27649.30,27719.00,27502.30,27663.90,42312.157
2023-05-09T12:00:00,27663.90,27815.60,27316.80,27385.80,119288.926
2023-05-09T16:00:00,27385.80,27739.60,27334.60,27704.70,78744.119
2023-05-09T20:00:00,27704.70,27769.40,27501.30,27610.20,33703.303
2023-05-10T00:00:00,27610.20,27848.70,27605.00,27668.80,47318.156
2023-05-10T04:00:00,27668.90,27712.00,27507.00,27532.40,32310.414
2023-05-10T08:00:00,27532.30,27669.80,27457.80,27660.70,39879.662
2023-05-10T12:00:00,27660.60,28297.00,27623.40,28141.20,213950.080
2023-05-10T16:00:00,28141.20,28290.00,26666.60,27683.60,289613.920
2023-05-10T20:00:00,27683.60,27979.80,27177.00,27582.90,99430.444
2023-05-11T00:00:00,27583.00,27611.50,27352.30,27435.10,56879.457
2023-05-11T04:00:00,27435.10,27544.10,27382.40,27437.50,39192.274
2023-05-11T08:00:00,27437.50,27478.60,27220.00,27393.20,55275.014
2023-05-11T12:00:00,27393.20,27630.00,26924.00,27166.30,187266.555
2023-05-11T16:00:00,27166.30,27214.40,26688.80,26831.40,146708.743
2023-05-11T20:00:00,26831.50,27050.80,26787.30,26956.40,53500.320
2023-05-12T00:00:00,26956.40,27090.00,26515.00,26574.80,90812.315
2023-05-12T04:00:00,26574.70,26699.20,26100.10,26294.10,131694.685
2023-05-12T08:00:00,26294.00,26425.80,26220.00,26333.00,54978.691
2023-05-12T12:00:00,26332.90,26599.40,26254.20,26307.70,98862.763
2023-05-12T16:00:00,26307.60,26480.00,25751.00,26445.20,132224.157
2023-05-12T20:00:00,26445.10,26882.80,26347.50,26785.10,107072.897
2023-05-13T00:00:00,26785.20,26974.10,26678.50,26794.60,56653.067
2023-05-13T04:00:00,26794.60,26862.90,26674.90,26759.30,32070.296
2023-05-13T08:00:00,26759.20,26864.80,26727.30,26814.30,27857.048
2023-05-13T12:00:00,26814.40,26897.00,26722.80,26802.00,40717.301
2023-05-13T16:00:00,26802.00,27051.50,26755.00,26822.60,54284.517
2023-05-13T20:00:00,26822.60,26928.60,26730.00,26762.70,31112.700
2023-05-14T00:00:00,26762.80,26865.40,26557.00,26853.60,47551.697
2023-05-14T04:00:00,26853.60,26888.70,26778.20,26839.90,20315.573
2023-05-14T08:00:00,26839.90,26879.20,26780.00,26794.80,18182.978
2023-05-14T12:00:00,26794.80,27200.00,26730.00,27071.40,86298.935
2023-05-14T16:00:00,27071.40,27115.10,26809.00,26865.00,53779.117
2023-05-14T20:00:00,26865.00,26947.20,26826.60,26901.90,21451.127
2023-05-15T00:00:00,26901.90,27279.00,26694.40,27216.30,100134.610
2023-05-15T04:00:00,27216.40,27550.00,27165.10,27398.60,93928.690
2023-05-15T08:00:00,27398.60,27472.50,27288.00,27323.20,39961.711
2023-05-15T12:00:00,27323.20,27525.00,27200.00,27383.00,79836.823
2023-05-15T16:00:00,27383.00,27650.00,27300.60,27410.10,97469.170
2023-05-15T20:00:00,27410.10,27410.10,27100.00,27152.50,38932.072
2023-05-16T00:00:00,27152.50,27284.70,26832.00,27118.70,90185.098
2023-05-16T04:00:00,27118.70,27243.60,26971.00,27240.60,49329.282
2023-05-16T08:00:00,27240.60,27274.20,26978.60,27049.30,62608.697
2023-05-16T12:00:00,27049.30,27127.40,26880.10,27027.90,89162.317
2023-05-16T16:00:00,27027.90,27144.00,26862.00,26917.90,53087.558
2023-05-16T20:00:00,26917.90,27046.20,26881.20,27024.80,28799.999
2023-05-17T00:00:00,27024.70,27238.50,26969.70,27052.10,48161.970
2023-05-17T04:00:00,27052.10,27092.40,26700.00,26831.90,53789.861
2023-05-17T08:00:00,26831.80,26907.50,26558.00,26626.50,84616.009
2023-05-17T12:00:00,26626.40,26830.00,26527.50,26788.00,106131.008
2023-05-17T16:00:00,26788.10,27441.70,26730.00,27377.10,129947.055
2023-05-17T20:00:00,27377.00,27500.00,27259.50,27395.80,67419.315
2023-05-18T00:00:00,27395.70,27482.70,27280.00,27357.30,35846.271
2023-05-18T04:00:00,27357.20,27445.90,27139.00,27375.10,61937.260
2023-05-18T08:00:00,27375.10,27429.20,27320.30,27391.90,42133.547
2023-05-18T12:00:00,27391.80,27471.50,27007.10,27075.20,145244.456
2023-05-18T16:00:00,27075.20,27100.00,26335.30,26719.30,200861.276
2023-05-18T20:00:00,26719.30,27060.00,26671.10,26809.30,58949.169
2023-05-19T00:00:00,26809.40,26922.50,26733.40,26825.00,37542.604
2023-05-19T04:00:00,26825.00,26950.00,26801.50,26841.90,28781.823
2023-05-19T08:00:00,26842.00,26918.60,26773.00,26843.80,32361.524
2023-05-19T12:00:00,26843.80,27180.00,26611.20,26869.90,157634.157
2023-05-19T16:00:00,26870.00,26966.80,26763.20,26826.40,50110.954
2023-05-19T20:00:00,26826.50,26913.70,26791.00,26870.10,17666.894
2023-05-20T00:00:00,26870.10,26902.00,26813.50,26849.20,13932.879
2023-05-20T04:00:00,26849.20,26862.10,26824.80,26841.80,9537.697
2023-05-20T08:00:00,26841.90,26911.00,26841.80,26868.60,15215.481
2023-05-20T12:00:00,26868.50,26969.80,26857.10,26936.00,25544.438
2023-05-20T16:00:00,26936.00,27144.40,26900.10,27054.30,52033.700
2023-05-20T20:00:00,27054.30,27129.90,26952.80,27089.50,21251.159
2023-05-21T00:00:00,27089.60,27288.00,27050.00,27166.50,38117.636
2023-05-21T04:00:00,27166.40,27166.50,27031.00,27044.50,23955.740
2023-05-21T08:00:00,27044.60,27077.70,26750.00,26818.10,59909.536
2023-05-21T12:00:00,26818.00,26969.60,26788.00,26885.00,50401.693
2023-05-21T16:00:00,26885.10,26928.00,26817.00,26889.20,24421.545
2023-05-21T20:00:00,26889.10,26915.00,26642.00,26732.80,41970.275
2023-05-22T00:00:00,26732.80,26772.40,26500.00,26637.70,60333.993
2023-05-22T04:00:00,26637.70,26898.90,26630.40,26830.70,46118.467
2023-05-22T08:00:00,26830.80,26892.40,26750.00,26819.90,31113.301
2023-05-22T12:00:00,26819.90,27097.80,26690.00,26863.20,129893.083
2023-05-22T16:00:00,26863.30,26927.60,26765.00,26857.00,41038.257
2023-05-22T20:00:00,26857.00,26955.90,26818.00,26840.20,19533.419
2023-05-23T00:00:00,26840.20,27430.00,26782.60,27354.60,112108.995
2023-05-23T04:00:00,27354.70,27527.50,27202.20,27295.80,83809.328
2023-05-23T08:00:00,27295.80,27344.00,27243.20,27326.90,32695.377
2023-05-23T12:00:00,27327.00,27383.00,27159.30,27310.70,63502.505
2023-05-23T16:00:00,27310.80,27319.40,27080.00,27171.60,55692.994
2023-05-23T20:00:00,27171.70,27244.00,27139.00,27209.90,21367.419
2023-05-24T00:00:00,27209.90,27212.90,26644.20,26770.00,105289.512
2023-05-24T04:00:00,26770.00,26810.00,26566.50,26664.20,72171.252
2023-05-24T08:00:00,26664.20,26834.00,26650.00,26731.70,47356.312
2023-05-24T12:00:00,26731.70,26731.70,26060.00,26306.90,189840.762
2023-05-24T16:00:00,26306.90,26387.30,26145.40,26241.60,69968.498
2023-05-24T20:00:00,26241.60,26476.00,26228.20,26313.80,50565.341
2023-05-25T00:00:00,26313.90,26384.50,25850.00,26171.00,94944.153
2023-05-25T04:00:00,26171.10,26289.00,26111.00,26118.90,40575.044
2023-05-25T08:00:00,26118.90,26345.30,26107.80,26282.50,40284.053
2023-05-25T12:00:00,26282.50,26489.50,26151.40,26216.90,110196.106
2023-05-25T16:00:00,26216.90,26644.00,26193.50,26457.90,80074.610
2023-05-25T20:00:00,26458.00,26545.80,26420.60,26461.80,28461.259
2023-05-26T00:00:00,26461.70,26532.00,26324.20,26425.70,38579.969
2023-05-26T04:00:00,26425.70,26527.80,26313.90,26491.30,34980.918
2023-05-26T08:00:00,26491.20,26547.30,26411.00,26451.90,32939.619
2023-05-26T12:00:00,26451.80,26925.00,26342.90,26737.50,137774.569
2023-05-26T16:00:00,26737.50,26829.00,26601.00,26755.20,61511.083
2023-05-26T20:00:00,26755.30,26796.60,26670.00,26689.90,18689.388
2023-05-27T00:00:00,26689.80,26775.80,26621.00,26739.50,21434.056
2023-05-27T04:00:00,26739.60,26776.40,26695.20,26715.30,15097.708
2023-05-27T08:00:00,26715.20,26726.20,26655.10,26687.70,19863.179
2023-05-27T12:00:00,26687.60,26774.90,26528.60,26682.10,47080.958
2023-05-27T16:00:00,26682.20,26845.80,26605.00,26721.60,38259.082
2023-05-27T20:00:00,26721.70,26890.00,26714.50,26841.60,21946.952
2023-05-28T00:00:00,26841.60,27240.50,26746.00,27174.40,89784.520
2023-05-28T04:00:00,27174.50,27279.00,27113.40,27218.90,40838.873
2023-05-28T08:00:00,27219.00,27387.00,27127.80,27146.00,42170.252
2023-05-28T12:00:00,27145.90,27266.00,27081.70,27264.10,37547.894
2023-05-28T16:00:00,27264.10,27780.00,27200.10,27518.40,113292.894
2023-05-28T20:00:00,27518.50,28252.80,27515.10,28055.70,116480.961
2023-05-29T00:00:00,28055.80,28442.00,27904.00,27947.90,103587.637
2023-05-29T04:00:00,27948.00,28040.00,27822.70,27895.00,60707.279
2023-05-29T08:00:00,27895.00,27966.70,27730.00,27908.10,48976.302
2023-05-29T12:00:00,27908.10,27945.40,27570.60,27622.10,81226.571
2023-05-29T16:00:00,27622.00,27734.40,27513.50,27624.00,75215.644
2023-05-29T20:00:00,27624.10,27803.50,27533.80,27722.00,41577.116
2023-05-30T00:00:00,27722.10,27933.00,27569.30,27815.00,45946.311
2023-05-30T04:00:00,27815.00,27839.30,27659.30,27721.00,36391.136
2023-05-30T08:00:00,27721.10,28038.60,27697.10,28005.90,63354.986
2023-05-30T12:00:00,28005.80,28014.90,27602.00,27665.00,102527.366
2023-05-30T16:00:00,27665.00,27849.80,27530.00,27836.40,56925.601
2023-05-30T20:00:00,27836.40,27846.00,27636.00,27680.10,29233.913
2023-05-31T00:00:00,27680.00,27825.00,27550.00,27646.50,39039.737
2023-05-31T04:00:00,27646.50,27668.70,26942.00,27150.40,156776.303
2023-05-31T08:00:00,27150.40,27198.00,26980.00,27087.90,56728.662
2023-05-31T12:00:00,27087.90,27219.60,26835.50,26900.10,119487.274
2023-05-31T16:00:00,26900.00,27121.10,26826.00,26999.50,58703.953
2023-05-31T20:00:00,26999.50,27290.00,26992.00,27201.10,40645.961
2023-06-01T00:00:00,27201.10,27347.90,26600.00,26768.60,121061.589
2023-06-01T04:00:00,26768.60,26876.60,26742.00,26790.20,39307.686
2023-06-01T08:00:00,26790.10,26945.40,26776.70,26881.70,36263.422
2023-06-01T12:00:00,26881.60,26974.00,26773.20,26884.20,59027.621
2023-06-01T16:00:00,26884.20,27180.00,26635.00,26851.60,111799.742
2023-06-01T20:00:00,26851.60,26934.00,26697.10,26805.30,37327.512
2023-06-02T00:00:00,26805.30,27015.50,26477.60,26985.10,85456.975
2023-06-02T04:00:00,26985.20,27200.00,26937.30,27038.30,61632.613
2023-06-02T08:00:00,27038.30,27181.10,27038.30,27118.50,36192.900
2023-06-02T12:00:00,27118.50,27249.30,26840.50,27081.30,120542.039
2023-06-02T16:00:00,27081.30,27279.00,26985.10,27231.60,57272.534
2023-06-02T20:00:00,27231.50,27290.00,27132.00,27227.80,30013.032
2023-06-03T00:00:00,27227.80,27230.40,27077.00,27130.90,25058.623
2023-06-03T04:00:00,27130.90,27209.20,27098.00,27161.30,17689.692
2023-06-03T08:00:00,27161.40,27173.80,27100.00,27121.00,16660.540
2023-06-03T12:00:00,27121.00,27340.20,27110.00,27292.70,35777.121
2023-06-03T16:00:00,27292.80,27312.00,27000.00,27084.90,50814.584
2023-06-03T20:00:00,27084.90,27119.50,26900.00,27054.90,36463.540
2023-06-04T00:00:00,27054.90,27098.70,26935.30,27048.40,25275.090
2023-06-04T04:00:00,27048.30,27154.00,27015.00,27141.00,23617.719
2023-06-04T08:00:00,27141.00,27245.00,27110.00,27190.90,29667.465
2023-06-04T12:00:00,27190.80,27290.00,27150.00,27166.90,38245.649
2023-06-04T16:00:00,27167.00,27218.00,27150.00,27205.00,17756.474
2023-06-04T20:00:00,27205.00,27460.00,27026.00,27102.40,83709.147
2023-06-05T00:00:00,27102.40,27125.00,26755.00,26835.90,80451.139
2023-06-05T04:00:00,26835.80,26861.40,26719.90,26819.20,52410.386
2023-06-05T08:00:00,26819.20,26831.20,26647.00,26760.10,48150.374
2023-06-05T12:00:00,26760.20,26809.90,25971.00,25991.90,190153.229
2023-06-05T16:00:00,25991.90,26072.20,25360.10,25618.50,269202.748
2023-06-05T20:00:00,25618.40,25850.00,25496.20,25714.70,60134.672
2023-06-06T00:00:00,25714.60,25783.20,25585.40,25719.80,45585.085
2023-06-06T04:00:00,25719.80,25809.90,25685.30,25706.40,32812.859
2023-06-06T08:00:00,25706.30,25786.30,25624.10,25676.00,37440.876
2023-06-06T12:00:00,25676.00,26139.00,25321.60,26051.20,252404.577
2023-06-06T16:00:00,26051.20,27238.90,26051.20,27073.20,249451.290
2023-06-06T20:00:00,27073.30,27358.10,26884.00,27221.50,113750.962
2023-06-07T00:00:00,27221.50,27394.40,26714.30,26897.00,114373.103
2023-06-07T04:00:00,26896.90,26973.90,26741.00,26786.70,47010.017
2023-06-07T08:00:00,26786.80,26968.00,26330.80,26888.30,151149.929
2023-06-07T12:00:00,26888.40,26900.00,26230.00,26333.90,202615.316
2023-06-07T16:00:00,26333.90,26548.00,26220.00,26469.20,80719.705
2023-06-07T20:00:00,26469.20,26483.50,26111.00,26325.90,64176.467
2023-06-08T00:00:00,26325.90,26459.50,26195.40,26332.00,45884.902
2023-06-08T04:00:00,26332.00,26516.30,26270.60,26431.50,44715.213
2023-06-08T08:00:00,26431.60,26494.10,26352.30,26421.40,31664.967
2023-06-08T12:00:00,26421.50,26800.00,26283.40,26705.90,127003.344
2023-06-08T16:00:00,26705.80,26720.70,26387.90,26526.30,56835.377
2023-06-08T20:00:00,26526.30,26645.70,26472.10,26485.90,27001.036
2023-06-09T00:00:00,26486.00,26589.90,26236.00,26469.50,59149.513
2023-06-09T04:00:00,26469.60,26575.50,26411.40,26482.70,33723.828
2023-06-09T08:00:00,26482.70,26679.50,26476.80,26599.80,49448.532
2023-06-09T12:00:00,26599.90,26775.00,26436.80,26465.10,78006.116
2023-06-09T16:00:00,26465.20,26521.10,26371.00,26400.00,45711.815
2023-06-09T20:00:00,26399.90,26490.00,26385.00,26468.10,17679.394
2023-06-10T00:00:00,26468.20,26525.00,26250.00,26312.60,53812.515
2023-06-10T04:00:00,26312.60,26340.10,25445.00,25637.20,239103.411
2023-06-10T08:00:00,25637.30,25743.90,25556.40,25718.70,45062.365
2023-06-10T12:00:00,25718.70,25718.70,25559.50,25620.00,36077.085
2023-06-10T16:00:00,25619.90,26144.00,25300.00,25738.20,188175.676
2023-06-10T20:00:00,25738.20,25919.50,25666.70,25826.60,46686.517
2023-06-11T00:00:00,25826.60,25850.00,25674.30,25714.70,33043.104
2023-06-11T04:00:00,25714.70,25820.10,25621.30,25728.00,31162.773
2023-06-11T08:00:00,25728.00,25839.00,25682.70,25784.90,25758.698
2023-06-11T12:00:00,25784.90,25795.40,25661.00,25741.20,28819.212
2023-06-11T16:00:00,25741.10,26100.00,25726.70,26021.00,85800.036
2023-06-11T20:00:00,26021.10,26199.00,25726.20,25909.90,74781.740
2023-06-12T00:00:00,25910.00,26025.10,25600.00,25779.60,67095.778
2023-06-12T04:00:00,25779.60,25896.00,25729.90,25793.30,30361.002
2023-06-12T08:00:00,25793.20,26097.70,25768.80,25975.70,60565.670
2023-06-12T12:00:00,25975.70,25983.20,25722.00,25809.30,55282.739
2023-06-12T16:00:00,25809.30,25962.50,25640.00,25816.80,60408.850
2023-06-12T20:00:00,25816.70,25961.00,25795.10,25894.80,25186.429
2023-06-13T00:00:00,25894.80,26155.50,25806.00,26054.60,70391.032
2023-06-13T04:00:00,26054.70,26125.00,25963.70,26060.20,34095.200
2023-06-13T08:00:00,26060.30,26284.70,26044.90,26178.10,67198.597
2023-06-13T12:00:00,26178.10,26430.50,25708.00,25750.90,185012.596
2023-06-13T16:00:00,25750.90,25973.00,25727.00,25891.20,49220.461
2023-06-13T20:00:00,25891.20,25949.70,25790.60,25918.00,28618.868
2023-06-14T00:00:00,25918.00,26045.80,25897.60,25970.70,33269.028
2023-06-14T04:00:00,25970.70,25996.40,25820.00,25884.10,30116.376
2023-06-14T08:00:00,25884.10,26022.00,25872.50,25967.20,28960.713
2023-06-14T12:00:00,25967.30,26077.00,25915.60,25976.40,41580.783
2023-06-14T16:00:00,25976.40,26099.30,25750.00,25860.50,105003.697
2023-06-14T20:00:00,25860.50,25872.90,24796.80,25115.90,225751.005
2023-06-15T00:00:00,25115.90,25198.80,25015.20,25054.80,41759.388
2023-06-15T04:00:00,25054.80,25063.40,24856.00,24974.60,67274.456
2023-06-15T08:00:00,24974.60,25042.50,24777.00,25007.00,68636.788
2023-06-15T12:00:00,25007.00,25100.00,24910.90,24948.40,70290.723
2023-06-15T16:00:00,24948.40,25516.40,24918.20,25443.00,112855.954
2023-06-15T20:00:00,25443.10,25750.00,25205.00,25586.10,113154.066
2023-06-16T00:00:00,25586.00,25596.00,25420.10,25545.70,43049.905
2023-06-16T04:00:00,25545.70,25620.00,25461.00,25526.10,40458.494
2023-06-16T08:00:00,25526.10,25610.00,25453.00,25462.80,43200.142
2023-06-16T12:00:00,25462.90,25896.00,25142.10,25832.40,151837.917
2023-06-16T16:00:00,25832.40,26526.90,25756.00,26371.20,216937.577
2023-06-16T20:00:00,26371.10,26450.00,26273.70,26336.00,37660.921
2023-06-17T00:00:00,26335.90,26362.20,26170.80,26253.40,36661.055
2023-06-17T04:00:00,26253.40,26900.00,26230.00,26587.60,107938.264
2023-06-17T08:00:00,26587.70,26649.00,26455.00,26497.50,43152.994
2023-06-17T12:00:00,26497.50,26579.10,26288.50,26399.90,64566.845
2023-06-17T16:00:00,26399.90,26528.40,26364.30,26466.20,31768.742
2023-06-17T20:00:00,26466.10,26590.00,26452.20,26508.90,21650.496
2023-06-18T00:00:00,26508.80,26540.80,26367.80,26538.40,27032.825
2023-06-18T04:00:00,26538.40,26675.10,26457.20,26572.00,40704.717
2023-06-18T08:00:00,26572.00,26587.90,26443.50,26488.50,27593.456
2023-06-18T12:00:00,26488.50,26566.00,26425.80,26547.50,33224.650
2023-06-18T16:00:00,26547.50,26649.60,26511.20,26641.60,32518.414
2023-06-18T20:00:00,26641.60,26709.40,26230.90,26329.70,80903.422
2023-06-19T00:00:00,26329.60,26459.00,26241.20,26393.50,32200.784
2023-06-19T04:00:00,26393.40,26468.50,26354.80,26415.30,19572.100
2023-06-19T08:00:00,26415.20,26448.70,26350.20,26438.60,24996.502
2023-06-19T12:00:00,26438.50,26569.70,26328.00,26431.10,65548.161
2023-06-19T16:00:00,26431.10,27077.00,26290.30,26672.80,200219.917
2023-06-19T20:00:00,26672.80,26852.80,26638.90,26828.50,57996.294
2023-06-20T00:00:00,26828.60,27177.30,26782.60,26880.70,79486.167
2023-06-20T04:00:00,26880.70,27024.20,26733.60,26820.40,58297.568
2023-06-20T08:00:00,26820.50,26898.60,26688.20,26895.20,41628.652
2023-06-20T12:00:00,26895.20,27125.50,26633.90,27054.20,114387.910
2023-06-20T16:00:00,27054.30,28145.00,26983.30,27973.80,340072.600
2023-06-20T20:00:00,27973.70,28397.80,27855.60,28290.60,124303.400
2023-06-21T00:00:00,28290.70,29086.60,28236.40,28704.60,169807.166
2023-06-21T04:00:00,28704.60,29000.00,28668.50,28860.40,75606.358
2023-06-21T08:00:00,28860.40,29223.60,28783.00,28913.50,108461.131
2023-06-21T12:00:00,28913.50,30018.30,28858.20,29837.00,322373.018
2023-06-21T16:00:00,29836.90,30822.00,29745.50,30105.50,365241.928
2023-06-21T20:00:00,30105.60,30195.80,29766.00,29988.50,81984.826
2023-06-22T00:00:00,29988.50,30488.00,29880.00,30283.70,84397.757
2023-06-22T04:00:00,30283.70,30341.50,30000.00,30094.50,59869.993
2023-06-22T08:00:00,30094.50,30244.50,29800.00,29919.30,92709.438
2023-06-22T12:00:00,29919.40,30353.90,29500.10,29837.30,177543.354
2023-06-22T16:00:00,29837.30,30236.00,29811.90,30208.80,101073.409
2023-06-22T20:00:00,30208.70,30260.00,29858.40,29875.00,45457.791
2023-06-23T00:00:00,29875.00,30049.00,29792.00,30002.40,46051.180
2023-06-23T04:00:00,30002.40,30079.90,29910.00,29927.00,29527.682
2023-06-23T08:00:00,29926.90,30195.70,29899.90,30125.30,57808.102
2023-06-23T12:00:00,30125.20,31500.00,29901.10,31232.90,269771.237
2023-06-23T16:00:00,31232.90,31440.50,30601.00,30873.70,228949.781
2023-06-23T20:00:00,30873.70,30943.40,30441.10,30673.40,66965.089
2023-06-24T00:00:00,30673.50,30790.00,30388.60,30719.50,57323.090
2023-06-24T04:00:00,30719.50,30750.00,30550.00,30563.40,29137.580
2023-06-24T08:00:00,30563.30,30739.60,30542.40,30674.90,30744.164
2023-06-24T12:00:00,30674.80,30796.50,30262.00,30390.90,72309.098
2023-06-24T16:00:00,30390.80,30688.90,30222.00,30622.20,58691.368
2023-06-24T20:00:00,30622.20,30622.30,30395.00,30524.20,31333.988
2023-06-25T00:00:00,30524.20,30780.00,30456.90,30742.00,36315.838
2023-06-25T04:00:00,30742.00,31053.20,30652.80,30714.00,79266.773
2023-06-25T08:00:00,30714.00,30754.20,30565.20,30710.00,36842.297
2023-06-25T12:00:00,30710.00,30732.90,30425.00,30574.10,60922.334
2023-06-25T16:00:00,30574.10,30649.60,30311.00,30420.00,49478.271
2023-06-25T20:00:00,30420.00,30564.00,30252.60,30458.00,38707.641
2023-06-26T00:00:00,30458.00,30542.40,29920.00,30285.00,87301.166
2023-06-26T04:00:00,30284.90,30580.00,30153.60,30395.60,60412.330
2023-06-26T08:00:00,30395.50,30420.60,30115.10,30315.10,45961.531
2023-06-26T12:00:00,30315.10,30667.30,30241.30,30400.50,86040.677
2023-06-26T16:00:00,30400.70,30425.70,29890.10,30233.90,106775.619
2023-06-26T20:00:00,30233.90,30283.80,30086.10,30260.10,28608.033
2023-06-27T00:00:00,30260.10,30488.00,30213.00,30360.00,41157.089
2023-06-27T04:00:00,30360.00,30470.00,30222.50,30404.50,36501.042
2023-06-27T08:00:00,30404.50,30800.00,30322.20,30720.10,81853.383
2023-06-27T12:00:00,30720.10,30998.50,30351.00,30487.40,147090.862
2023-06-27T16:00:00,30487.40,30762.40,30435.90,30638.40,57462.807
2023-06-27T20:00:00,30638.40,30738.80,30533.10,30683.20,42008.165
2023-06-28T00:00:00,30683.20,30701.80,30306.40,30441.80,52611.527
2023-06-28T04:00:00,30441.80,30479.50,30127.00,30176.00,53845.270
2023-06-28T08:00:00,30176.00,30377.00,30126.60,30294.30,42990.331
2023-06-28T12:00:00,30294.40,30485.00,29992.50,30399.80,125197.930
2023-06-28T16:00:00,30399.80,30457.00,29804.60,30080.40,101722.691
2023-06-28T20:00:00,30080.50,30209.60,29929.20,30066.30,40288.685
2023-06-29T00:00:00,30066.30,30234.80,30036.10,30162.30,34206.224
2023-06-29T04:00:00,30162.30,30420.00,30125.40,30333.90,37925.711
2023-06-29T08:00:00,30333.90,30744.40,30320.30,30660.60,98223.357
2023-06-29T12:00:00,30660.70,30837.00,30380.00,30468.30,113767.956
2023-06-29T16:00:00,30468.20,30661.90,30405.60,30571.50,54373.149
2023-06-29T20:00:00,30571.50,30630.00,30222.00,30439.90,43576.449
2023-06-30T00:00:00,30439.90,30876.40,30337.40,30734.30,74469.724
2023-06-30T04:00:00,30734.40,31300.00,30604.00,30759.10,144771.236
2023-06-30T08:00:00,30759.20,30940.00,30709.90,30897.70,52591.102
2023-06-30T12:00:00,30897.70,31127.30,29500.00,30052.00,346709.184
2023-06-30T16:00:00,30052.00,30729.50,29908.30,30360.30,155211.239
2023-06-30T20:00:00,30360.20,30537.30,30324.40,30460.20,35578.820
2023-07-01T00:00:00,30460.20,30527.20,30362.00,30391.20,29778.267
2023-07-01T04:00:00,30391.20,30462.80,30311.30,30448.10,23531.509
2023-07-01T08:00:00,30448.10,30589.80,30405.00,30508.50,23695.114
2023-07-01T12:00:00,30508.50,30668.20,30490.80,30561.50,32888.967
2023-07-01T16:00:00,30561.50,30626.00,30533.80,30600.50,16091.915
2023-07-01T20:00:00,30600.50,30605.10,30534.30,30573.60,9534.474
2023-07-02T00:00:00,30573.60,30650.00,30458.00,30505.20,27111.655
2023-07-02T04:00:00,30505.30,30553.20,30462.10,30504.70,16551.148
2023-07-02T08:00:00,30504.70,30553.90,30477.00,30537.20,13555.813
2023-07-02T12:00:00,30537.20,30626.20,30149.90,30491.40,61816.405
2023-07-02T16:00:00,30491.40,30709.20,30358.30,30552.80,47231.098
2023-07-02T20:00:00,30552.70,30800.00,30425.00,30612.70,65600.069
2023-07-03T00:00:00,30612.70,30798.30,30575.30,30747.90,35710.620
2023-07-03T04:00:00,30748.00,30785.30,30601.70,30662.80,33689.441
2023-07-03T08:00:00,30662.90,30693.70,30577.50,30619.60,24118.202
2023-07-03T12:00:00,30619.70,31179.00,30559.40,31068.00,104391.150
2023-07-03T16:00:00,31068.00,31395.20,30810.20,31254.10,115662.573
2023-07-03T20:00:00,31254.00,31300.50,30875.20,31149.00,56721.250
2023-07-04T00:00:00,31149.00,31319.40,31083.60,31189.80,43191.597
2023-07-04T04:00:00,31189.80,31210.70,30860.00,30902.30,53472.779
2023-07-04T08:00:00,30902.20,31078.50,30856.00,31056.50,45148.630
2023-07-04T12:00:00,31056.40,31080.00,30869.10,30959.30,38716.425
2023-07-04T16:00:00,30959.30,31145.00,30600.00,30685.30,94152.133
2023-07-04T20:00:00,30685.20,30840.00,30655.70,30756.10,26150.696
2023-07-05T00:00:00,30756.10,30875.20,30737.80,30857.30,18763.350
2023-07-05T04:00:00,30857.30,30862.60,30742.90,30765.90,19242.008
2023-07-05T08:00:00,30765.90,30797.40,30326.00,30395.00,90362.983
2023-07-05T12:00:00,30395.00,30438.10,30175.80,30345.00,93102.565
2023-07-05T16:00:00,30345.10,30579.60,30321.20,30420.00,47167.111
2023-07-05T20:00:00,30420.00,30525.10,30369.60,30488.40,26258.561
2023-07-06T00:00:00,30488.40,30555.60,30305.00,30477.70,27525.436
2023-07-06T04:00:00,30477.60,30846.80,30420.60,30792.30,59327.661
2023-07-06T08:00:00,30792.20,31568.00,30686.00,30833.00,227988.566
2023-07-06T12:00:00,30833.00,30866.40,29865.00,30390.30,270998.539
2023-07-06T16:00:00,30390.30,30450.70,30140.00,30294.60,65824.698
2023-07-06T20:00:00,30294.60,30336.30,29818.00,29874.40,69602.319
2023-07-07T00:00:00,29874.30,30154.90,29680.00,30122.10,73967.626
2023-07-07T04:00:00,30122.10,30297.30,29904.40,29992.90,54680.044
2023-07-07T08:00:00,29992.90,30188.80,29957.60,30104.00,37803.361
2023-07-07T12:00:00,30103.90,30430.00,30012.10,30375.40,105396.246
2023-07-07T16:00:00,30375.50,30443.60,30100.00,30227.90,46214.504
2023-07-07T20:00:00,30227.80,30337.00,30197.10,30327.90,19739.873
2023-07-08T00:00:00,30328.00,30380.00,30240.00,30260.00,20274.344
2023-07-08T04:00:00,30260.00,30269.20,30122.00,30174.80,26594.583
2023-07-08T08:00:00,30174.80,30315.00,30135.30,30185.30,25385.741
2023-07-08T12:00:00,30185.30,30224.50,30132.50,30196.70,15361.803
2023-07-08T16:00:00,30196.80,30313.00,30026.80,30100.00,31842.636
2023-07-08T20:00:00,30100.00,30280.00,30037.50,30269.30,19275.386
2023-07-09T00:00:00,30269.20,30397.00,30232.10,30277.60,29538.533
2023-07-09T04:00:00,30277.60,30289.10,30218.20,30250.00,12970.718
2023-07-09T08:00:00,30250.00,30300.00,30219.10,30257.30,13831.500
2023-07-09T12:00:00,30257.20,30443.40,30163.60,30336.80,52366.130
2023-07-09T16:00:00,30336.90,30336.90,30180.00,30227.70,20913.947
2023-07-09T20:00:00,30227.70,30238.30,30042.00,30147.80,32675.435
2023-07-10T00:00:00,30147.80,30235.00,29928.80,30144.90,57315.967
2023-07-10T04:00:00,30145.00,30151.00,30034.20,30100.00,22884.999
2023-07-10T08:00:00,30100.00,30233.10,29966.60,30221.50,37764.713
2023-07-10T12:00:00,30221.60,30359.70,30131.00,30297.60,62189.014
2023-07-10T16:00:00,30297.50,30830.00,30223.50,30824.50,91867.895
2023-07-10T20:00:00,30824.50,31040.00,30100.00,30396.90,157092.949
2023-07-11T00:00:00,30396.90,30599.00,30348.70,30461.00,45182.060
2023-07-11T04:00:00,30460.90,30660.00,30416.40,30528.50,37039.062
2023-07-11T08:00:00,30528.60,30557.80,30325.00,30391.30,38953.602
2023-07-11T12:00:00,30391.40,30804.90,30261.40,30585.50,98194.832
2023-07-11T16:00:00,30585.50,30684.60,30383.90,30565.50,52691.726
2023-07-11T20:00:00,30565.50,30640.00,30492.80,30608.40,26843.465
2023-07-12T00:00:00,30608.30,30672.00,30485.00,30581.30,28484.393
2023-07-12T04:00:00,30581.30,30849.20,30555.00,30730.80,50264.091
2023-07-12T08:00:00,30730.70,30807.50,30639.10,30765.30,33657.850
2023-07-12T12:00:00,30765.40,30980.50,30447.00,30510.20,198943.496
2023-07-12T16:00:00,30510.10,30529.00,30186.00,30268.10,84461.464
2023-07-12T20:00:00,30268.10,30408.80,30220.50,30368.90,29246.963
2023-07-13T00:00:00,30368.90,30423.00,30257.10,30283.70,25819.244
2023-07-13T04:00:00,30283.60,30414.00,30233.00,30355.10,29140.813
2023-07-13T08:00:00,30355.10,30624.00,30328.20,30530.60,59604.531
2023-07-13T12:00:00,30530.60,31205.30,30446.40,30915.40,176453.536
2023-07-13T16:00:00,30915.50,31850.00,30700.00,31600.60,291866.546
2023-07-13T20:00:00,31600.50,31693.70,30993.80,31441.70,113138.840
2023-07-14T00:00:00,31441.60,31640.00,31321.40,31445.40,60468.943
2023-07-14T04:00:00,31445.40,31457.70,31068.50,31096.00,47214.511
2023-07-14T08:00:00,31095.90,31284.90,31076.50,31206.40,43894.191
2023-07-14T12:00:00,31206.40,31364.90,31037.40,31236.50,60181.765
2023-07-14T16:00:00,31236.60,31272.70,29876.60,30099.90,267411.025
2023-07-14T20:00:00,30099.90,30299.90,29965.00,30293.30,59521.811
2023-07-15T00:00:00,30293.30,30380.00,30220.20,30276.00,29471.378
2023-07-15T04:00:00,30276.00,30349.70,30241.00,30317.60,18539.329
2023-07-15T08:00:00,30317.70,30360.00,30258.90,30298.50,17263.000
2023-07-15T12:00:00,30298.50,30348.40,30237.00,30290.50,19740.322
2023-07-15T16:00:00,30290.40,30341.50,30238.10,30309.70,16143.855
2023-07-15T20:00:00,30309.70,30309.80,30251.00,30276.40,10464.590
2023-07-16T00:00:00,30276.50,30325.00,30050.00,30174.10,43029.584
2023-07-16T04:00:00,30174.10,30300.90,30120.00,30253.00,20092.465
2023-07-16T08:00:00,30253.00,30338.50,30250.00,30293.60,19595.425
2023-07-16T12:00:00,30293.60,30441.60,30254.10,30366.00,36284.911
2023-07-16T16:00:00,30365.90,30391.80,30179.00,30239.50,29423.897
2023-07-16T20:00:00,30239.60,30349.60,30110.60,30216.80,25379.658
2023-07-17T00:00:00,30216.90,30329.70,30161.00,30295.90,22700.198
2023-07-17T04:00:00,30295.90,30313.90,30220.20,30265.30,13248.650
2023-07-17T08:00:00,30265.20,30309.40,29910.00,30145.00,67733.832
2023-07-17T12:00:00,30145.00,30300.00,30015.90,30163.40,66486.808
2023-07-17T16:00:00,30163.40,30224.40,29630.00,29870.00,122153.882
2023-07-17T20:00:00,29869.90,30282.90,29864.60,30126.10,51790.057
2023-07-18T00:00:00,30126.00,30227.50,30061.30,30063.80,23756.585
2023-07-18T04:00:00,30063.80,30110.90,29908.10,29951.90,38504.713
2023-07-18T08:00:00,29952.00,30098.50,29784.00,29871.90,60543.637
2023-07-18T12:00:00,29872.00,30028.60,29657.10,29895.10,98912.984
2023-07-18T16:00:00,29895.10,29954.30,29400.00,29708.10,88550.243
2023-07-18T20:00:00,29708.20,29859.00,29678.00,29845.60,27128.255
2023-07-19T00:00:00,29845.70,30067.70,29826.70,30048.00,46282.264
2023-07-19T04:00:00,30048.00,30178.50,29950.10,29984.00,41398.750
2023-07-19T08:00:00,29984.10,30038.40,29852.20,30004.70,36932.397
2023-07-19T12:00:00,30004.70,30130.00,29745.00,29939.80,89658.235
2023-07-19T16:00:00,29939.70,30088.10,29855.50,30032.40,50777.186
2023-07-19T20:00:00,30032.40,30042.00,29811.00,29895.50,33370.022
2023-07-20T00:00:00,29895.50,30037.90,29866.00,29937.00,23383.135
2023-07-20T04:00:00,29937.00,30240.20,29912.10,30195.50,54428.409
2023-07-20T08:00:00,30195.60,30420.00,30151.60,30274.00,79217.962
2023-07-20T12:00:00,30274.00,30302.90,29600.00,29792.80,146334.281
2023-07-20T16:00:00,29792.90,29863.00,29468.80,29744.40,78409.883
2023-07-20T20:00:00,29744.50,29880.20,29652.70,29791.00,28490.094
2023-07-21T00:00:00,29791.00,29949.50,29705.90,29884.30,38621.219
2023-07-21T04:00:00,29884.30,29893.30,29729.60,29757.80,26891.176
2023-07-21T08:00:00,29757.80,29838.80,29710.30,29764.80,28024.428
2023-07-21T12:00:00,29764.80,29904.70,29764.70,29852.00,46739.642
2023-07-21T16:00:00,29852.00,30056.20,29762.00,29865.10,63156.101
2023-07-21T20:00:00,29865.10,29942.70,29819.40,29891.40,17712.508
2023-07-22T00:00:00,29891.50,29985.30,29873.60,29886.60,18181.062
2023-07-22T04:00:00,29886.70,29986.00,29822.00,29933.00,26673.540
2023-07-22T08:00:00,29932.90,29969.60,29847.90,29874.10,22981.220
2023-07-22T12:00:00,29874.10,29895.00,29806.60,29883.90,24285.778
2023-07-22T16:00:00,29883.90,29892.50,29783.60,29820.60,17262.524
2023-07-22T20:00:00,29820.50,29831.30,29602.20,29783.50,33991.832
2023-07-23T00:00:00,29783.50,29884.00,29718.90,29832.50,29826.520
2023-07-23T04:00:00,29832.50,29974.60,29832.50,29900.90,34347.504
2023-07-23T08:00:00,29900.90,29950.00,29870.90,29881.50,15675.657
2023-07-23T12:00:00,29881.50,29922.70,29836.20,29886.00,14726.508
2023-07-23T16:00:00,29885.90,30368.20,29885.90,30083.10,92494.175
2023-07-23T20:00:00,30083.10,30135.00,29909.00,30070.80,37643.482
2023-07-24T00:00:00,30070.90,30091.70,29650.20,29705.60,70284.057
2023-07-24T04:00:00,29705.70,29862.90,29639.70,29816.40,41874.076
2023-07-24T08:00:00,29816.40,29820.90,28904.40,29259.60,137130.388
2023-07-24T12:00:00,29259.70,29262.60,28830.00,29085.80,124595.259
2023-07-24T16:00:00,29085.90,29147.00,28982.50,29106.90,41486.808
2023-07-24T20:00:00,29106.80,29200.00,29075.50,29163.80,18811.829
2023-07-25T00:00:00,29163.80,29174.50,29033.00,29099.60,27479.779
2023-07-25T04:00:00,29099.60,29155.40,29060.00,29132.30,17709.951
2023-07-25T08:00:00,29132.30,29277.60,29106.30,29117.60,35393.284
2023-07-25T12:00:00,29117.60,29333.00,29058.00,29167.00,65595.464
2023-07-25T16:00:00,29167.00,29379.50,29165.50,29189.00,36685.898
2023-07-25T20:00:00,29189.00,29247.90,29171.30,29216.30,13574.242
2023-07-26T00:00:00,29216.20,29414.60,29083.00,29228.00,47519.046
2023-07-26T04:00:00,29228.10,29315.00,29100.00,29205.30,27037.859
2023-07-26T08:00:00,29205.40,29229.30,29145.20,29163.90,16394.134
2023-07-26T12:00:00,29163.90,29349.30,29152.40,29307.20,42475.796
2023-07-26T16:00:00,29307.30,29500.00,29172.00,29390.30,94415.230
2023-07-26T20:00:00,29390.30,29670.50,29260.00,29336.00,90685.517
2023-07-27T00:00:00,29336.00,29436.70,29286.20,29388.10,22249.763
2023-07-27T04:00:00,29388.10,29485.90,29366.00,29396.90,27656.693
2023-07-27T08:00:00,29396.90,29558.40,29380.00,29493.90,34054.531
2023-07-27T12:00:00,29494.00,29495.10,29218.10,29278.00,55284.049
2023-07-27T16:00:00,29278.00,29324.50,29065.50,29152.60,63642.422
2023-07-27T20:00:00,29152.60,29225.00,29117.70,29209.70,20489.076
2023-07-28T00:00:00,29209.80,29299.90,29171.30,29239.80,23272.406
2023-07-28T04:00:00,29239.80,29255.50,29125.50,29126.90,19221.001
2023-07-28T08:00:00,29126.90,29239.40,29112.80,29195.30,25255.902
2023-07-28T12:00:00,29195.40,29535.70,29192.50,29379.00,93071.263
2023-07-28T16:00:00,29379.00,29391.60,29180.60,29303.40,48155.711
2023-07-28T20:00:00,29303.50,29358.00,29267.30,29299.90,12323.584
2023-07-29T00:00:00,29300.00,29381.40,29280.60,29355.70,12079.215
2023-07-29T04:00:00,29355.60,29397.90,29271.70,29283.00,16468.927
2023-07-29T08:00:00,29283.00,29321.10,29237.50,29253.20,17802.940
2023-07-29T12:00:00,29253.20,29334.40,29246.20,29284.80,18876.177
2023-07-29T16:00:00,29284.80,29340.00,29276.00,29328.00,12008.201
2023-07-29T20:00:00,29328.00,29368.80,29328.00,29339.10,9865.259
2023-07-30T00:00:00,29339.10,29345.90,29292.00,29300.20,9189.052
2023-07-30T04:00:00,29300.10,29317.50,29251.90,29280.00,11221.774
2023-07-30T08:00:00,29280.10,29318.10,29211.20,29301.30,20506.002
2023-07-30T12:00:00,29301.30,29442.50,29260.00,29337.10,40656.643
2023-07-30T16:00:00,29337.20,29399.50,29100.00,29187.20,37631.169
2023-07-30T20:00:00,29187.20,29274.00,29006.00,29271.10,50696.613
2023-07-31T00:00:00,29271.20,29525.80,29250.00,29411.80,49619.636
2023-07-31T04:00:00,29411.80,29434.50,29343.00,29363.70,19913.782
2023-07-31T08:00:00,29363.80,29411.50,29317.40,29395.90,19231.234
2023-07-31T12:00:00,29395.80,29461.40,29208.90,29231.30,58218.187
2023-07-31T16:00:00,29231.30,29263.00,29100.00,29146.50,50449.539
2023-07-31T20:00:00,29146.40,29285.30,29102.30,29220.80,32949.344
2023-08-01T00:00:00,29220.80,29337.30,28684.70,28820.10,88466.948
2023-08-01T04:00:00,28820.10,28959.00,28785.30,28921.20,38804.599
2023-08-01T08:00:00,28921.20,28986.50,28850.10,28853.00,26312.292
2023-08-01T12:00:00,28852.90,28973.60,28550.00,28942.90,92928.706
2023-08-01T16:00:00,28943.00,29330.00,28850.20,29263.60,98361.121
2023-08-01T20:00:00,29263.50,29735.00,29170.00,29701.20,97454.977
2023-08-02T00:00:00,29701.20,30059.90,29607.60,29622.50,133633.098
2023-08-02T04:00:00,29622.50,29719.50,29550.00,29570.10,45298.470
2023-08-02T08:00:00,29570.20,29571.00,29360.00,29552.90,75164.964
2023-08-02T12:00:00,29552.80,29599.00,29156.00,29312.60,97917.626
2023-08-02T16:00:00,29312.50,29357.00,28906.30,29141.80,115887.845
2023-08-02T20:00:00,29141.80,29229.10,29050.30,29170.10,23823.489
2023-08-03T00:00:00,29170.20,29273.10,29110.00,29170.10,24131.103
2023-08-03T04:00:00,29170.10,29185.20,29005.00,29034.00,28883.917
2023-08-03T08:00:00,29034.00,29193.50,28955.40,29134.20,39270.953
2023-08-03T12:00:00,29134.10,29440.00,29068.00,29244.40,78353.291
2023-08-03T16:00:00,29244.40,29359.90,29119.30,29265.70,49258.672
2023-08-03T20:00:00,29265.60,29352.40,29150.00,29180.20,32070.006
2023-08-04T00:00:00,29180.10,29244.40,29079.60,29152.60,24448.761
2023-08-04T04:00:00,29152.60,29243.90,29120.30,29201.60,18873.441
2023-08-04T08:00:00,29201.60,29250.00,29121.30,29157.20,22514.238
2023-08-04T12:00:00,29157.20,29323.80,29116.00,29258.80,53716.396
2023-08-04T16:00:00,29258.80,29273.60,28919.90,29021.00,61493.335
2023-08-04T20:00:00,29021.00,29115.00,28780.00,29101.10,48349.502
2023-08-05T00:00:00,29101.10,29145.00,29051.10,29082.60,15877.382
2023-08-05T04:00:00,29082.60,29089.20,29020.50,29037.90,11796.275
2023-08-05T08:00:00,29037.90,29083.00,29030.10,29040.60,10686.415
2023-08-05T12:00:00,29040.60,29072.90,28960.00,29032.40,25947.755
2023-08-05T16:00:00,29032.50,29092.10,28997.40,29056.90,11614.747
2023-08-05T20:00:00,29056.90,29084.30,29041.50,29057.70,6586.050
2023-08-06T00:00:00,29057.70,29070.30,29023.40,29053.50,8174.351
2023-08-06T04:00:00,29053.50,29100.00,29028.00,29081.40,11457.437
2023-08-06T08:00:00,29081.30,29132.00,29036.00,29067.00,15861.601
2023-08-06T12:00:00,29067.00,29067.70,28978.50,29001.00,18943.151
2023-08-06T16:00:00,29001.10,29095.00,28983.70,29076.90,18067.007
2023-08-06T20:00:00,29077.00,29199.00,29025.00,29075.90,30590.893
2023-08-07T00:00:00,29075.90,29220.70,29005.50,29148.90,29961.046
2023-08-07T04:00:00,29148.80,29186.60,29036.50,29084.70,22738.520
2023-08-07T08:00:00,29084.70,29146.20,29031.00,29085.80,23220.442
2023-08-07T12:00:00,29085.90,29148.80,28771.00,28853.20,85465.104
2023-08-07T16:00:00,28853.20,29177.00,28682.30,29144.90,101877.164
2023-08-07T20:00:00,29144.90,29274.50,29107.70,29202.70,34490.163
2023-08-08T00:00:00,29202.70,29255.00,29132.40,29182.80,21205.290
2023-08-08T04:00:00,29182.80,29330.00,29170.20,29177.00,30113.085
2023-08-08T08:00:00,29177.00,29439.00,29160.00,29428.00,46193.521
2023-08-08T12:00:00,29428.10,29666.00,29336.60,29517.50,130658.527
2023-08-08T16:00:00,29517.50,29944.80,29516.10,29866.40,136368.699
2023-08-08T20:00:00,29866.40,30250.00,29674.10,29759.00,94730.679
2023-08-09T00:00:00,29758.90,29874.50,29628.00,29710.00,44098.378
2023-08-09T04:00:00,29710.00,29809.80,29650.00,29807.90,33679.663
2023-08-09T08:00:00,29807.80,29905.80,29715.60,29877.10,39109.948
2023-08-09T12:00:00,29877.10,30149.70,29663.00,29749.40,112574.075
2023-08-09T16:00:00,29749.30,29764.90,29366.00,29404.20,94943.469
2023-08-09T20:00:00,29404.30,29619.70,29362.00,29572.80,37604.168
2023-08-10T00:00:00,29572.90,29650.00,29550.40,29568.90,26398.735
2023-08-10T04:00:00,29568.90,29613.20,29477.20,29504.00,26126.032
2023-08-10T08:00:00,29504.00,29553.00,29461.40,29490.00,21083.327
2023-08-10T12:00:00,29490.00,29729.80,29380.00,29452.80,101443.007
2023-08-10T16:00:00,29452.90,29472.60,29303.70,29435.50,46278.886
2023-08-10T20:00:00,29435.40,29480.00,29413.70,29443.70,13216.051
2023-08-11T00:00:00,29443.70,29489.50,29336.00,29400.70,19307.071
2023-08-11T04:00:00,29400.70,29481.90,29367.30,29406.70,18382.821
2023-08-11T08:00:00,29406.80,29441.60,29333.90,29435.00,21937.072
2023-08-11T12:00:00,29435.00,29565.10,29339.90,29383.00,67829.510
2023-08-11T16:00:00,29382.90,29420.00,29220.00,29387.80,41293.164
2023-08-11T20:00:00,29387.80,29437.20,29382.90,29415.50,10294.370
2023-08-12T00:00:00,29415.50,29450.00,29360.00,29388.00,11511.455
2023-08-12T04:00:00,29388.00,29417.20,29375.70,29410.20,7457.781
2023-08-12T08:00:00,29410.20,29424.90,29378.60,29416.70,9821.475
2023-08-12T12:00:00,29416.70,29445.30,29395.70,29426.00,10838.163
2023-08-12T16:00:00,29426.00,29470.00,29401.20,29407.50,10798.789
2023-08-12T20:00:00,29407.60,29422.70,29385.10,29420.70,5810.372
2023-08-13T00:00:00,29420.80,29447.40,29380.10,29401.80,9679.096
2023-08-13T04:00:00,29401.80,29401.90,29343.80,29385.50,11731.661
2023-08-13T08:00:00,29385.60,29400.70,29362.00,29374.00,7336.398
2023-08-13T12:00:00,29374.00,29382.60,29349.00,29362.80,9904.960
2023-08-13T16:00:00,29362.80,29463.00,29316.20,29426.10,20860.595
2023-08-13T20:00:00,29426.00,29434.90,29256.60,29293.30,24677.795
2023-08-14T00:00:00,29293.30,29415.00,29070.00,29390.00,68307.546
2023-08-14T04:00:00,29390.00,29466.30,29379.40,29410.50,22179.194
2023-08-14T08:00:00,29410.40,29486.00,29371.40,29399.80,24534.443
2023-08-14T12:00:00,29399.80,29665.00,29319.90,29592.90,80846.779
2023-08-14T16:00:00,29592.80,29686.70,29233.00,29353.80,81315.670
2023-08-14T20:00:00,29353.70,29465.80,29323.20,29419.50,17851.751
2023-08-15T00:00:00,29419.50,29446.50,29355.90,29386.90,14493.260
2023-08-15T04:00:00,29386.90,29422.90,29338.90,29396.90,14399.408
2023-08-15T08:00:00,29396.90,29446.50,29340.20,29357.10,22179.354
2023-08-15T12:00:00,29357.10,29492.10,29294.90,29315.20,46749.748
2023-08-15T16:00:00,29315.10,29358.90,29050.00,29172.40,71365.384
2023-08-15T20:00:00,29172.40,29234.60,29125.80,29188.80,22102.805
2023-08-16T00:00:00,29188.90,29257.40,29174.60,29216.70,18146.820
2023-08-16T04:00:00,29216.70,29223.50,29100.00,29187.00,25778.007
2023-08-16T08:00:00,29187.00,29209.00,29086.00,29154.90,25949.939
2023-08-16T12:00:00,29154.90,29206.60,29030.00,29098.00,54132.727
2023-08-16T16:00:00,29097.90,29229.60,28940.00,29105.50,75411.961
2023-08-16T20:00:00,29105.40,29132.40,28705.10,28714.40,81123.498
2023-08-17T00:00:00,28714.40,28775.90,28288.60,28643.50,100604.312
2023-08-17T04:00:00,28643.50,28694.90,28590.20,28613.00,27425.195
2023-08-17T08:00:00,28613.10,28627.80,28469.20,28540.00,39605.756
2023-08-17T12:00:00,28540.00,28569.30,27855.00,27920.90,182544.677
2023-08-17T16:00:00,27920.90,28078.00,27700.00,27889.40,133611.979
2023-08-17T20:00:00,27889.40,27915.80,24581.00,26609.70,384716.301
2023-08-18T00:00:00,26609.70,26818.00,26307.10,26385.90,78941.150
2023-08-18T04:00:00,26386.00,26597.70,26150.00,26413.80,75871.993
2023-08-18T08:00:00,26413.80,26595.20,26365.00,26479.50,49121.525
2023-08-18T12:00:00,26479.50,26489.60,25918.20,25993.10,130570.320
2023-08-18T16:00:00,25993.10,26300.00,25600.00,26053.40,151020.850
2023-08-18T20:00:00,26053.40,26235.00,25989.50,26042.10,36849.478
2023-08-19T00:00:00,26042.00,26147.60,25910.00,25958.70,28906.528
2023-08-19T04:00:00,25958.60,25998.00,25783.40,25906.80,38367.552
2023-08-19T08:00:00,25906.70,25992.80,25871.00,25885.20,26956.868
2023-08-19T12:00:00,25885.30,26216.40,25858.00,26201.00,50264.714
2023-08-19T16:00:00,26201.00,26269.40,26012.30,26112.60,42478.885
2023-08-19T20:00:00,26112.60,26143.70,26016.60,26088.30,15244.606
2023-08-20T00:00:00,26088.40,26197.00,26027.90,26090.90,17904.105
2023-08-20T04:00:00,26090.90,26153.40,26029.20,26073.60,13250.608
2023-08-20T08:00:00,26073.60,26187.80,26041.40,26163.90,19743.709
2023-08-20T12:00:00,26163.80,26209.60,25948.50,26095.00,40356.224
2023-08-20T16:00:00,26095.00,26149.00,25982.30,26122.10,21311.961
2023-08-20T20:00:00,26122.10,26285.00,26122.00,26175.90,28523.243
2023-08-21T00:00:00,26175.90,26183.20,26052.50,26076.70,19223.035
2023-08-21T04:00:00,26076.80,26174.40,25985.00,26012.00,32357.565
2023-08-21T08:00:00,26011.90,26079.80,25861.00,26020.70,43891.805
2023-08-21T12:00:00,26020.80,26193.60,25800.00,25925.10,78006.665
2023-08-21T16:00:00,25925.10,26159.90,25921.10,26086.20,34324.296
2023-08-21T20:00:00,26086.20,26280.00,26067.50,26115.40,24701.899
2023-08-22T00:00:00,26115.40,26128.20,26010.30,26042.20,15716.085
2023-08-22T04:00:00,26042.20,26108.70,25981.60,26091.60,18541.380
2023-08-22T08:00:00,26091.70,26100.00,26014.60,26039.00,15537.931
2023-08-22T12:00:00,26039.00,26087.20,25900.00,25923.00,44564.037
2023-08-22T16:00:00,25923.00,26048.00,25693.60,25767.20,116546.068
2023-08-22T20:00:00,25767.10,26060.00,25280.00,26044.40,102208.075
2023-08-23T00:00:00,26044.50,26177.00,25974.10,25992.10,35799.369
2023-08-23T04:00:00,25992.00,26170.00,25967.10,26045.30,36125.446
2023-08-23T08:00:00,26045.30,26085.60,25887.40,25928.10,31581.275
2023-08-23T12:00:00,25928.10,26187.00,25800.00,26134.30,89252.364
2023-08-23T16:00:00,26134.30,26806.00,26113.70,26615.20,149537.665
2023-08-23T20:00:00,26615.20,26714.80,26201.00,26419.20,70672.909
2023-08-24T00:00:00,26419.20,26535.90,26334.00,26430.00,29657.857
2023-08-24T04:00:00,26430.00,26509.60,26370.10,26460.70,23503.450
2023-08-24T08:00:00,26460.80,26568.30,26395.00,26433.80,33863.857
2023-08-24T12:00:00,26433.80,26433.90,25972.50,25987.30,100356.806
2023-08-24T16:00:00,25987.30,26148.00,25835.00,26025.90,68869.989
2023-08-24T20:00:00,26026.00,26200.00,25918.50,26164.60,30501.378
2023-08-25T00:00:00,26164.60,26177.00,26000.00,26095.20,21737.926
2023-08-25T04:00:00,26095.20,26102.90,25960.00,25969.30,28255.721
2023-08-25T08:00:00,25969.40,26118.70,25968.90,26087.70,23053.719
2023-08-25T12:00:00,26087.70,26300.00,25754.40,25917.40,138297.912
2023-08-25T16:00:00,25917.30,26059.80,25820.00,25961.90,45731.022
2023-08-25T20:00:00,25961.80,26078.00,25944.40,26051.70,17754.194
2023-08-26T00:00:00,26051.70,26129.40,26018.10,26076.40,13952.932
2023-08-26T04:00:00,26076.40,26079.20,26033.70,26039.70,8045.871
2023-08-26T08:00:00,26039.80,26048.70,25985.00,26035.90,12714.098
2023-08-26T12:00:00,26036.00,26070.00,25969.00,26040.20,12983.317
2023-08-26T16:00:00,26040.20,26048.50,25990.20,26023.00,8875.066
2023-08-26T20:00:00,26023.10,26038.70,25975.50,26004.30,7354.578
2023-08-27T00:00:00,26004.30,26021.60,25955.60,26009.60,9486.116
2023-08-27T04:00:00,26009.70,26041.90,26009.60,26028.50,7936.958
2023-08-27T08:00:00,26028.50,26087.70,26018.90,26049.00,13550.247
2023-08-27T12:00:00,26049.00,26173.60,26040.20,26110.80,21791.010
2023-08-27T16:00:00,26110.90,26169.80,26020.00,26112.10,22000.852
2023-08-27T20:00:00,26112.20,26123.80,26025.20,26087.70,11740.215
2023-08-28T00:00:00,26087.60,26092.10,25970.30,26002.00,26342.016
2023-08-28T04:00:00,26002.00,26024.70,25850.40,25923.00,30904.881
2023-08-28T08:00:00,25923.10,25994.80,25853.50,25992.80,27052.356
2023-08-28T12:00:00,25992.80,26244.60,25980.00,26093.30,68569.758
2023-08-28T16:00:00,26093.40,26182.80,25902.20,25981.60,41869.582
2023-08-28T20:00:00,25981.70,26170.00,25931.80,26106.50,25253.458
2023-08-29T00:00:00,26106.50,26200.00,26050.10,26068.30,22733.617
2023-08-29T04:00:00,26068.40,26080.40,25974.10,25992.00,20248.279
2023-08-29T08:00:00,25992.10,26038.30,25905.20,25962.20,33062.319
2023-08-29T12:00:00,25962.20,27690.00,25951.70,27411.40,362949.333
2023-08-29T16:00:00,27411.40,28168.00,27337.60,27820.00,200945.529
2023-08-29T20:00:00,27820.00,27875.00,27517.50,27700.10,60294.869
2023-08-30T00:00:00,27700.10,27758.20,27265.00,27379.30,66092.614
2023-08-30T04:00:00,27379.20,27464.00,27360.00,27427.20,23307.828
2023-08-30T08:00:00,27427.10,27493.60,27290.70,27323.50,35589.834
2023-08-30T12:00:00,27323.40,27450.00,26950.00,27192.00,125823.008
2023-08-30T16:00:00,27191.90,27277.70,27053.00,27167.30,42830.020
2023-08-30T20:00:00,27167.40,27335.60,27165.50,27290.40,21670.612
2023-08-31T00:00:00,27290.40,27290.50,27166.00,27207.80,16078.298
2023-08-31T04:00:00,27207.80,27285.00,27200.80,27249.10,16560.475
2023-08-31T08:00:00,27249.20,27674.30,27175.80,27291.80,53026.501
2023-08-31T12:00:00,27291.80,27305.10,26733.80,26909.50,102909.965
2023-08-31T16:00:00,26909.40,26913.90,25876.60,26148.70,224162.459
2023-08-31T20:00:00,26148.70,26180.00,25617.80,25928.00,90168.579
2023-09-01T00:00:00,25928.00,26094.10,25918.90,26071.50,27071.631
2023-09-01T04:00:00,26071.40,26086.20,25962.10,25975.20,18796.654
2023-09-01T08:00:00,25975.30,26068.30,25941.70,26033.70,23768.858
2023-09-01T12:00:00,26033.60,26151.60,25555.00,25798.00,118639.496
2023-09-01T16:00:00,25798.00,25958.10,25312.00,25637.10,134918.148
2023-09-01T20:00:00,25637.20,25928.50,25557.30,25795.60,37990.137
2023-09-02T00:00:00,25795.60,25829.90,25740.60,25786.10,12087.023
2023-09-02T04:00:00,25786.10,25841.40,25754.70,25783.90,13773.944
2023-09-02T08:00:00,25783.90,25848.00,25760.40,25800.10,18478.625
2023-09-02T12:00:00,25800.10,25975.00,25771.10,25880.00,31798.193
2023-09-02T16:00:00,25880.10,25926.50,25750.90,25821.60,22126.255
2023-09-02T20:00:00,25821.60,25899.30,25805.40,25855.80,9378.824
2023-09-03T00:00:00,25855.80,25899.90,25810.80,25850.00,10366.408
2023-09-03T04:00:00,25850.00,25943.60,25849.90,25941.40,11059.332
2023-09-03T08:00:00,25941.50,25943.70,25862.50,25930.40,11620.083
2023-09-03T12:00:00,25930.50,26115.00,25802.80,25858.20,42781.009
2023-09-03T16:00:00,25858.20,26033.30,25777.00,25997.60,31902.907
2023-09-03T20:00:00,25997.50,26135.20,25915.00,25962.10,25287.093
2023-09-04T00:00:00,25962.10,26099.30,25864.00,25974.10,22003.637
2023-09-04T04:00:00,25974.10,26005.70,25896.00,25953.80,14593.385
2023-09-04T08:00:00,25953.80,26000.00,25845.20,25878.00,20972.285
2023-09-04T12:00:00,25877.90,25961.50,25707.50,25803.90,53696.836
2023-09-04T16:00:00,25803.90,25936.90,25794.90,25881.00,22170.000
2023-09-04T20:00:00,25881.10,25911.20,25610.00,25814.00,39711.730
2023-09-05T00:00:00,25814.00,25833.10,25531.20,25681.80,30824.270
2023-09-05T04:00:00,25681.70,25747.80,25660.80,25724.70,20015.690
2023-09-05T08:00:00,25724.70,25800.00,25639.00,25771.20,29224.310
2023-09-05T12:00:00,25771.30,25900.00,25610.00,25747.90,67199.276
2023-09-05T16:00:00,25747.90,25837.70,25668.00,25670.40,25402.722
2023-09-05T20:00:00,25670.40,25792.40,25660.00,25779.70,13973.677
2023-09-06T00:00:00,25779.70,25858.50,25758.10,25770.10,16399.582
2023-09-06T04:00:00,25770.10,25780.90,25711.00,25715.00,14492.862
2023-09-06T08:00:00,25715.10,25766.60,25701.00,25722.10,13681.083
2023-09-06T12:00:00,25722.00,25769.30,25530.00,25576.30,58993.312
2023-09-06T16:00:00,25576.30,26052.00,25326.00,25679.40,127581.603
2023-09-06T20:00:00,25679.50,25776.00,25641.60,25747.40,19974.218
2023-09-07T00:00:00,25747.40,25830.60,25710.30,25824.70,14048.995
2023-09-07T04:00:00,25824.60,25838.00,25735.20,25750.90,15151.927
2023-09-07T08:00:00,25751.00,25751.00,25680.00,25695.50,14981.411
2023-09-07T12:00:00,25695.50,25824.70,25602.30,25766.70,49351.912
2023-09-07T16:00:00,25766.70,25971.70,25760.00,25867.10,48160.796
2023-09-07T20:00:00,25867.10,26451.00,25843.30,26240.70,115654.861
2023-09-08T00:00:00,26240.70,26437.50,26181.60,26235.60,36619.154
2023-09-08T04:00:00,26235.60,26378.40,26171.00,26244.10,33675.232
2023-09-08T08:00:00,26244.00,26257.90,25630.00,25828.90,92561.921
2023-09-08T12:00:00,25828.90,25945.70,25777.40,25829.80,36852.238
2023-09-08T16:00:00,25829.90,25885.00,25707.00,25883.70,35345.758
2023-09-08T20:00:00,25883.60,25923.10,25834.50,25899.80,14215.458
2023-09-09T00:00:00,25899.90,25900.10,25835.00,25866.20,10539.396
2023-09-09T04:00:00,25866.20,25886.60,25820.00,25871.00,10439.268
2023-09-09T08:00:00,25871.00,25896.10,25834.30,25850.80,10348.675
2023-09-09T12:00:00,25850.70,25921.50,25781.50,25881.90,19660.804
2023-09-09T16:00:00,25881.90,25940.60,25834.30,25858.00,10147.831
2023-09-09T20:00:00,25858.00,25908.50,25843.70,25892.60,6773.836
2023-09-10T00:00:00,25892.60,25893.90,25816.60,25851.10,10214.868
2023-09-10T04:00:00,25851.10,25864.20,25727.80,25843.00,21004.581
2023-09-10T08:00:00,25843.10,25856.10,25780.00,25782.90,13734.798
2023-09-10T12:00:00,25783.00,25827.00,25702.00,25764.10,23275.085
2023-09-10T16:00:00,25764.10,25854.50,25508.70,25786.70,45647.698
2023-09-10T20:00:00,25786.70,26037.30,25758.00,25828.40,49095.383
2023-09-11T00:00:00,25828.40,25864.90,25639.80,25727.40,32476.954
2023-09-11T04:00:00,25727.40,25895.00,25707.90,25801.30,25284.435
2023-09-11T08:00:00,25801.40,25817.90,25555.00,25591.90,60165.089
2023-09-11T12:00:00,25591.80,25749.70,24915.00,25102.50,202778.650
2023-09-11T16:00:00,25102.40,25240.60,24975.00,25008.30,65270.071
2023-09-11T20:00:00,25008.20,25210.00,24888.00,25150.40,41241.175
2023-09-12T00:00:00,25150.40,25949.00,25116.40,25788.20,109017.337
2023-09-12T04:00:00,25788.20,25989.60,25600.80,25810.20,95929.589
2023-09-12T08:00:00,25810.20,26330.90,25720.00,26087.20,107776.089
2023-09-12T12:00:00,26087.20,26397.00,26021.00,26192.40,104597.363
2023-09-12T16:00:00,26192.30,26580.00,25868.00,26052.00,134082.429
2023-09-12T20:00:00,26052.10,26150.00,25762.00,25825.80,40646.871
2023-09-13T00:00:00,25825.80,25974.00,25750.00,25868.40,33520.940
2023-09-13T04:00:00,25868.30,26099.50,25835.00,25865.70,46661.975
2023-09-13T08:00:00,25865.70,26246.20,25850.80,26184.70,64369.473
2023-09-13T12:00:00,26184.80,26382.00,26007.90,26229.10,100568.974
2023-09-13T16:00:00,26229.20,26400.00,26038.00,26129.50,70495.521
2023-09-13T20:00:00,26129.40,26294.00,26129.40,26209.90,19635.835
2023-09-14T00:00:00,26209.90,26536.70,26106.60,26253.80,76521.139
2023-09-14T04:00:00,26253.80,26380.00,26150.00,26332.30,31773.158
2023-09-14T08:00:00,26332.20,26483.50,26253.00,26431.50,35924.143
2023-09-14T12:00:00,26431.60,26790.00,26326.00,26679.90,143119.612
2023-09-14T16:00:00,26680.00,26880.00,26530.20,26662.00,62676.122
2023-09-14T20:00:00,26662.00,26713.20,26461.00,26510.30,30652.297
2023-09-15T00:00:00,26510.30,26617.80,26428.60,26602.60,27710.077
2023-09-15T04:00:00,26602.70,26647.00,26535.00,26554.40,20708.984
2023-09-15T08:00:00,26554.40,26691.50,26353.70,26415.30,43587.614
2023-09-15T12:00:00,26415.30,26520.00,26206.60,26311.10,69223.358
2023-09-15T16:00:00,26311.10,26435.60,26301.90,26386.90,24017.623
2023-09-15T20:00:00,26386.90,26890.00,26357.30,26591.10,66409.114
2023-09-16T00:00:00,26591.10,26763.50,26558.30,26602.40,32987.327
2023-09-16T04:00:00,26602.40,26608.80,26453.30,26486.00,32167.809
2023-09-16T08:00:00,26486.00,26574.30,26430.00,26510.70,31565.807
2023-09-16T12:00:00,26510.60,26566.40,26470.30,26493.60,15417.412
2023-09-16T16:00:00,26493.60,26610.00,26483.50,26524.20,19314.111
2023-09-16T20:00:00,26524.10,26570.00,26492.00,26546.90,9029.999
2023-09-17T00:00:00,26547.00,26548.30,26400.00,26511.10,24901.582
2023-09-17T04:00:00,26511.10,26560.70,26476.00,26482.60,12207.039
2023-09-17T08:00:00,26482.60,26614.30,26480.30,26553.90,18581.011
2023-09-17T12:00:00,26553.90,26598.70,26507.90,26537.00,15183.422
2023-09-17T16:00:00,26536.90,26539.00,26454.40,26491.30,18907.859
2023-09-17T20:00:00,26491.20,26526.00,26377.40,26514.20,24458.481
2023-09-18T00:00:00,26514.20,26740.70,26358.60,26646.20,59011.231
2023-09-18T04:00:00,26646.20,26796.00,26550.10,26701.70,34889.774
2023-09-18T08:00:00,26701.80,27235.00,26666.40,27184.70,117551.370
2023-09-18T12:00:00,27184.60,27397.00,27115.00,27258.80,99944.871
2023-09-18T16:00:00,27258.80,27296.80,26611.20,26803.20,131940.936
2023-09-18T20:00:00,26803.20,26869.20,26713.30,26749.90,29200.850
2023-09-19T00:00:00,26749.90,26828.50,26653.20,26805.10,28690.386
2023-09-19T04:00:00,26805.10,26860,26740,26836.10,18919.448
2023-09-19T08:00:00,26836,27470,26834.30,27224.30,126172.926
2023-09-19T12:00:00,27224.40,27480,26868,27413.40,148480.216
2023-09-19T16:00:00,27413.30,27472.50,27051.50,27172.10,78562.344
2023-09-19T20:00:00,27172.10,27213,26970,27196,32686.427
2023-09-20T00:00:00,27195.90,27381,27070.20,27106.40,46102.861
2023-09-20T04:00:00,27106.40,27149.80,26923.30,27089.50,42439.459
2023-09-20T08:00:00,27089.50,27182,26930.30,27085.40,49758.677
2023-09-20T12:00:00,27085.50,27228.80,26980.20,27168.70,57533.026
2023-09-20T16:00:00,27168.70,27297.90,26740,26916.60,107628.888
2023-09-20T20:00:00,26916.50,27235,26901.50,27107.70,45458.536
2023-09-21T00:00:00,27107.70,27149,26917.40,27027,30052.613
2023-09-21T04:00:00,27026.90,27092.40,26966.10,26978.40,23776.774
2023-09-21T08:00:00,26978.40,27008,26612.50,26722.70,93622.742
2023-09-21T12:00:00,26722.80,26769.80,26360.10,26567.70,114858.409
2023-09-21T16:00:00,26567.60,26685.70,26530.80,26589.10,36731.887
2023-09-21T20:00:00,26589.10,26611.20,26484,26552.60,18950.444
2023-09-22T00:00:00,26552.60,26655.90,26452.90,26616.80,37106.938
2023-09-22T04:00:00,26616.90,26697.50,26559.40,26660.90,22750.565
2023-09-22T08:00:00,26660.90,26737.70,26573,26630,29533.611
2023-09-22T12:00:00,26630.10,26688.20,26540.60,26619.90,37446.737
2023-09-22T16:00:00,26619.90,26632.50,26514,26525.10,26689.549
2023-09-22T20:00:00,26525,26588,26468.50,26566.70,20007.248
2023-09-23T00:00:00,26566.70,26606.20,26510.30,26519.10,12073.369
2023-09-23T04:00:00,26519,26575,26492.20,26572,10417.851
2023-09-23T08:00:00,26571.90,26583.70,26540.90,26562.50,6701.253
2023-09-23T12:00:00,26562.50,26580,26530.10,26567.50,9319.412
2023-09-23T16:00:00,26567.40,26620.60,26545.40,26594.40,11673.719
2023-09-23T20:00:00,26594.40,26600,26542,26563.10,7650.880
2023-09-24T00:00:00,26563,26581,26545,26559.90,5356.621
2023-09-24T04:00:00,26559.90,26563.70,26529.60,26552.40,7566.917
2023-09-24T08:00:00,26552.40,26604.10,26552.40,26587.60,9640.933
2023-09-24T12:00:00,26587.50,26618.70,26547.40,26566,9585.646
2023-09-24T16:00:00,26566,26739.90,26300,26432.50,70195.077
2023-09-24T20:00:00,26432.50,26512,26081,26232.40,44287.579
2023-09-25T00:00:00,26232.40,26327.20,25965,26148.60,70354.152
2023-09-25T04:00:00,26148.50,26186,26025,26176.80,29109.864
2023-09-25T08:00:00,26176.70,26223,26010,26064.60,33861.773
2023-09-25T12:00:00,26064.50,26289.90,25977,26230.90,58173.701
2023-09-25T16:00:00,26231,26419.40,26205.20,26318.60,53507.097
2023-09-25T20:00:00,26318.60,26440,26247.60,26290.50,23379.249
2023-09-26T00:00:00,26290.50,26388,26221,26338.80,20252.741
2023-09-26T04:00:00,26338.80,26353.30,26241.40,26256.30,15914.017
2023-09-26T08:00:00,26256.30,26322.40,26170.10,26262.40,29884.397
2023-09-26T12:00:00,26262.40,26296.60,26073.80,26114.80,54594.034
2023-09-26T16:00:00,26114.80,26289.90,26100.80,26235.80,36140.137
2023-09-26T20:00:00,26235.80,26280.90,26080,26208.80,23705.843
2023-09-27T00:00:00,26208.70,26281.50,26189.10,26266.90,18602.743
2023-09-27T04:00:00,26266.90,26280.10,26220.90,26233.40,10642.421
2023-09-27T08:00:00,26233.40,26840,26209,26755.80,110026.569
2023-09-27T12:00:00,26755.70,26849.90,26050,26293.40,148747.146
2023-09-27T16:00:00,26293.40,26303.70,26100,26258.60,42912.849
2023-09-27T20:00:00,26258.60,26374.90,26211.60,26359.60,22071.112
2023-09-28T00:00:00,26359.60,26549.90,26325.20,26363.80,49942.892
2023-09-28T04:00:00,26363.90,26496.70,26331.30,26445.70,28674.300
2023-09-28T08:00:00,26445.70,26620,26373.80,26464.40,45294.642
2023-09-28T12:00:00,26464.30,27075,26450,27012.30,132544.747
2023-09-28T16:00:00,27012.30,27308.70,26837.30,27088.50,134967.954
2023-09-28T20:00:00,27088.50,27157.20,26880,27011.80,38163.323
2023-09-29T00:00:00,27011.70,27130.20,26850,26944.60,42839.718
2023-09-29T04:00:00,26944.60,27231.50,26878.60,27168,39122.680
2023-09-29T08:00:00,27167.90,27168,26943,26958.30,35285.347
2023-09-29T12:00:00,26958.30,27098,26625,26874.80,112690.562
2023-09-29T16:00:00,26874.90,26944.60,26731,26912.70,33353.821
2023-09-29T20:00:00,26912.60,26979,26850.10,26890.90,14105.515
2023-09-30T00:00:00,26890.90,26934.90,26870.40,26904.10,10407.031
2023-09-30T04:00:00,26904.10,26949.50,26895.80,26915.90,9597.371
2023-09-30T08:00:00,26915.90,26987.60,26906,26924.30,13578.452
2023-09-30T12:00:00,26924.30,27085,26890.40,26986.20,28820.462
2023-09-30T16:00:00,26986.20,27032.70,26958,27011.20,14178.557
2023-09-30T20:00:00,27011.20,27070.40,26929.80,26950.90,15735.281
2023-10-01T00:00:00,26951,27039.70,26939,27033,10992.693
2023-10-01T04:00:00,27032.90,27148,27004.20,27092.10,19731.287
2023-10-01T08:00:00,27092.10,27279.50,27070.50,27174.20,39467.035
2023-10-01T12:00:00,27174.20,27219.70,27067.40,27135.80,29636.282
2023-10-01T16:00:00,27135.80,27142.50,27021.40,27091.10,18484.665
2023-10-01T20:00:00,27091,28365.20,27015,27981.40,122070.984
2023-10-02T00:00:00,27981.40,28231,27811.60,28114.80,63793.400
2023-10-02T04:00:00,28114.90,28428.20,27880,28299.10,82541.474
2023-10-02T08:00:00,28299.20,28477,28177,28183.20,85556.305
2023-10-02T12:00:00,28183.10,28613,27971,28015,142209.369
2023-10-02T16:00:00,28015,28115,27614.60,27955.30,130189.706
2023-10-02T20:00:00,27955.30,27955.40,27255,27477.60,88987.466
2023-10-03T00:00:00,27477.70,27627.90,27366.10,27585.80,39247.385
2023-10-03T04:00:00,27585.80,27665,27510.10,27528.10,24066.057
2023-10-03T08:00:00,27528,27630,27458.30,27549.10,33099.203
2023-10-03T12:00:00,27549.10,27569.20,27212.30,27332,90415.792
2023-10-03T16:00:00,27332.10,27479.50,27230,27263.80,47928.263
2023-10-03T20:00:00,27263.80,27459.70,27123,27412,48321.199
2023-10-04T00:00:00,27412,27500,27163.90,27416.30,57221.782
2023-10-04T04:00:00,27416.30,27442,27335.80,27442,18072.198
2023-10-04T08:00:00,27442,27627.60,27420.50,27559.90,43059.287
2023-10-04T12:00:00,27560,27619.40,27317.10,27388.30,55560.806
2023-10-04T16:00:00,27388.30,27830,27385.80,27606,72614.286
2023-10-04T20:00:00,27606.30,27824,27550,27759.80,34255.963
2023-10-05T00:00:00,27759.70,27890,27631,27638.10,34804.893
2023-10-05T04:00:00,27638,27688.40,27533.10,27595.30,23303.247
2023-10-05T08:00:00,27595.40,27764.90,27578.10,27710.70,26856.381
2023-10-05T12:00:00,27710.60,28110,27380,27540,182212.597
2023-10-05T16:00:00,27540,27609.90,27333.50,27457.10,80769.835
2023-10-05T20:00:00,27457.10,27497.20,27368.50,27398.40,22243.134
2023-10-06T00:00:00,27398.30,27582.80,27382.60,27544.80,28560.582
2023-10-06T04:00:00,27544.80,27644,27450,27626.80,29148.850
2023-10-06T08:00:00,27626.80,27785,27571.10,27750,52630.037
2023-10-06T12:00:00,27750,28035.60,27156,27926.50,192446.196
2023-10-06T16:00:00,27926.60,28030,27773,27939.10,74173.973
2023-10-06T20:00:00,27939.10,28450,27861,27916.30,61486.266
2023-10-07T00:00:00,27916.30,27944.60,27822.10,27890.90,26866.234
2023-10-07T04:00:00,27891,27933,27858.40,27878.20,13365.886
2023-10-07T08:00:00,27878.10,28018.70,27865.40,27929.40,28790.238
2023-10-07T12:00:00,27929.40,27974.80,27882.60,27926.40,17899.853
2023-10-07T16:00:00,27926.50,27952.60,27831.80,27849.70,19860.578
2023-10-07T20:00:00,27849.70,27947.80,27838.50,27943,10266.356
2023-10-08T00:00:00,27943,28082,27924.90,28049.90,23359.962
2023-10-08T04:00:00,28050,28061.50,27864.60,27892.40,28017.337
2023-10-08T08:00:00,27892.40,27927,27758.90,27799.20,31081.884
2023-10-08T12:00:00,27799.20,27989.80,27671,27883.50,50314.194
2023-10-08T16:00:00,27883.50,27937.10,27791,27880.40,23250.062
2023-10-08T20:00:00,27880.30,27968.70,27780.40,27901.20,22356.868
2023-10-09T00:00:00,27901.20,27977,27780.30,27911.90,26462.524
2023-10-09T04:00:00,27911.90,27934,27800,27804.60,18810.001
2023-10-09T08:00:00,27804.60,27834.80,27392,27455.90,93264.706
2023-10-09T12:00:00,27456,27567.20,27358.20,27433,60971.215
2023-10-09T16:00:00,27433.10,27739.60,27250,27607.60,99593.955
2023-10-09T20:00:00,27607.70,27644,27542.30,27578.30,15214.180
2023-10-10T00:00:00,27578.40,27695.10,27482,27621.60,24570.120
2023-10-10T04:00:00,27621.50,27694.90,27565.20,27634.90,18658.884
2023-10-10T08:00:00,27634.90,27727.30,27486.50,27494.10,30924.696
2023-10-10T12:00:00,27494,27622.90,27318.20,27395.50,94338.609
2023-10-10T16:00:00,27395.60,27503.70,27281,27386.40,54866.291
2023-10-10T20:00:00,27386.30,27458.20,27308.10,27381.20,16420.896
2023-10-11T00:00:00,27381.30,27467.60,27000,27000.70,71637.656
2023-10-11T04:00:00,27000.70,27131.10,26951.70,27012.80,38485.424
2023-10-11T08:00:00,27012.70,27320,27002.90,27185,57423.710
2023-10-11T12:00:00,27185,27252.60,26700,26769.10,99768.493
2023-10-11T16:00:00,26769.20,26788,26525,26753.70,92108.467
2023-10-11T20:00:00,26753.80,26879.70,26666,26864.50,28762.821
2023-10-12T00:00:00,26864.50,26939,26722.40,26836.10,30667.853
2023-10-12T04:00:00,26836,26909.90,26768.80,26799.40,22534.945
2023-10-12T08:00:00,26799.30,26856.50,26650,26827.40,41185.888
2023-10-12T12:00:00,26827.40,26853.90,26606.20,26665.40,52342.586
2023-10-12T16:00:00,26665.40,26800,26534.80,26700.30,58269.011
2023-10-12T20:00:00,26700.20,26767.20,26692,26744,15278.757
2023-10-13T00:00:00,26744,26869.70,26733.90,26769.50,24001.868
2023-10-13T04:00:00,26769.50,26929,26765.30,26857.80,22538.169
2023-10-13T08:00:00,26857.90,26892.30,26722.20,26809.90,25998.200
2023-10-13T12:00:00,26810,26972.80,26670.10,26693,52873.449
2023-10-13T16:00:00,26692.90,26797.90,26675,26768.90,24426.388
2023-10-13T20:00:00,26769,27120.80,26733.30,26849.80,93384.080
2023-10-14T00:00:00,26849.70,26986.40,26828.50,26918.20,19650.991
2023-10-14T04:00:00,26918.20,26926.40,26828.40,26860.50,14754.421
2023-10-14T08:00:00,26860.40,26892.70,26835,26860.10,9363.893
2023-10-14T12:00:00,26860.10,26930,26837.60,26927.90,13284.216
2023-10-14T16:00:00,26927.90,26937.90,26835.10,26851.50,12979.142
2023-10-14T20:00:00,26851.50,26869.60,26773.10,26836.30,12132.118
2023-10-15T00:00:00,26836.40,26896.30,26801,26871.40,10726.522
2023-10-15T04:00:00,26871.40,26879.70,26858.70,26872.70,4452.648
2023-10-15T08:00:00,26872.70,26909.60,26830.10,26840.40,9730.730
2023-10-15T12:00:00,26840.50,26958,26790.40,26885.60,26678.931
2023-10-15T16:00:00,26885.70,27073,26880,27030.10,33519.650
2023-10-15T20:00:00,27030.10,27456.10,27000.90,27139.80,74891.981
2023-10-16T00:00:00,27139.80,27274.80,27095.40,27221.40,30333.494
2023-10-16T04:00:00,27221.40,28168.60,27176.50,27837.20,135418.862
2023-10-16T08:00:00,27837.20,27890.20,27627.40,27737,51669.121
2023-10-16T12:00:00,27737,30720,27695,28054,460430.717
2023-10-16T16:00:00,28054.10,28797.90,28050,28457.90,99403.401
2023-10-16T20:00:00,28457.90,28633.30,28220.70,28486.30,45748.187
2023-10-17T00:00:00,28486.30,28534.40,28220,28259.90,36125.262
2023-10-17T04:00:00,28259.90,28452.80,28055,28408.20,53559.877
2023-10-17T08:00:00,28408.10,28605,28339,28408.80,53722.165
2023-10-17T12:00:00,28408.80,28567.70,28117,28445.80,98853.837
2023-10-17T16:00:00,28445.70,28596,28290,28499,47386.641
2023-10-17T20:00:00,28499,28544.30,28360,28381.90,24541.976
2023-10-18T00:00:00,28382,28500,28307.60,28498,25903.379
2023-10-18T04:00:00,28498.10,29100,28428.30,28485.10,98878.725
2023-10-18T08:00:00,28485.10,28584.90,28204.80,28327.30,56065.947
2023-10-18T12:00:00,28327.30,28393.20,28126.60,28235.30,58145.616
2023-10-18T16:00:00,28235.40,28423.40,28215.40,28233.30,37847.066
2023-10-18T20:00:00,28233.20,28363.10,28169.40,28307.10,20335.895
2023-10-19T00:00:00,28307.20,28404.60,28076,28247.20,37586.343
2023-10-19T04:00:00,28247.10,28337,28214.60,28315,20030.293
2023-10-19T08:00:00,28314.90,28498.20,28267.40,28436,41218.539
2023-10-19T12:00:00,28436.10,28801.60,28402.20,28659.50,110935.001
2023-10-19T16:00:00,28659.50,28933.40,28436.80,28734.70,87672.406
2023-10-19T20:00:00,28734.60,28883.70,28579.10,28696.90,36230.625
2023-10-20T00:00:00,28697,29400,28560,29222.80,110977.215
2023-10-20T04:00:00,29222.90,29405.40,29110,29228.50,65201.301
2023-10-20T08:00:00,29228.60,30243,29214.40,29829.90,187724.326
2023-10-20T12:00:00,29829.90,29900,29358.50,29538.70,114980.851
2023-10-20T16:00:00,29538.70,29578.60,29304,29549.80,37889.277
2023-10-20T20:00:00,29549.80,29784.50,29493.90,29653,34232.357
2023-10-21T00:00:00,29653,29678.60,29443.50,29591,29916.160
2023-10-21T04:00:00,29591,29725.80,29524.40,29681,23434.404
2023-10-21T08:00:00,29681.10,29871,29614.10,29794.70,35531.903
2023-10-21T12:00:00,29794.60,29973.90,29651,29916.50,45925.791
2023-10-21T16:00:00,29916.40,30374.60,29827.90,30128.70,95227.025
2023-10-21T20:00:00,30128.70,30145.10,29828.50,29895.40,28160.673
2023-10-22T00:00:00,29895.40,30069.40,29830,29897.10,25140.596
2023-10-22T04:00:00,29897,30229.70,29606.60,29800.50,63566.224
2023-10-22T08:00:00,29800.40,29981.80,29761.80,29895.90,35445.364
2023-10-22T12:00:00,29895.90,29962.60,29760.60,29815.30,23241.376
2023-10-22T16:00:00,29815.30,29936.90,29789.20,29830,17704.233
2023-10-22T20:00:00,29830,30060.20,29698,29981.50,33504.965
2023-10-23T00:00:00,29981.40,30818,29869.40,30724,128693.194
2023-10-23T04:00:00,30723.90,30990,30414.60,30508,109848.892
2023-10-23T08:00:00,30508,30777,30333,30644.40,67538.200
2023-10-23T12:00:00,30644.40,30963.20,30378.50,30864.10,89661.663
2023-10-23T16:00:00,30864.10,31430.90,30356.30,31339.90,214050.486
2023-10-23T20:00:00,31340.30,35981.90,31302.20,33074,377949.101
2023-10-24T00:00:00,33074,35300,32833.50,34071.10,281275.402
2023-10-24T04:00:00,34071.10,34597.90,33710,34025.90,120913.576
2023-10-24T08:00:00,34025.80,34888,33966,34550,105261.541
2023-10-24T12:00:00,34549.90,34849.40,33244,33674,208284.691
2023-10-24T16:00:00,33673.90,34398.90,33379.20,33792,118528.892
2023-10-24T20:00:00,33792,34307.50,33485.30,33917,87728.961
2023-10-25T00:00:00,33917,34388,33768.60,34003.60,57595.248
2023-10-25T04:00:00,34003.70,34209.40,33660.60,33853.40,54109.284
2023-10-25T08:00:00,33853.40,34479,33773.30,34195.50,73790.394
2023-10-25T12:00:00,34195.50,35035,34191.80,34841.40,133247.736
2023-10-25T16:00:00,34841.50,35154.30,34364.60,34732.10,96963.113
2023-10-25T20:00:00,34732,34847,34203.50,34487.70,49661.369
2023-10-26T00:00:00,34487.80,34828.70,34407.20,34783.30,35395.926
2023-10-26T04:00:00,34783.40,34809.40,34401.70,34648.70,42947.591
2023-10-26T08:00:00,34648.60,34745,33963,34104.20,78784.898
2023-10-26T12:00:00,34104.10,34368.10,33830,34050,100683.302
2023-10-26T16:00:00,34050.10,34150,33750,34052.10,54840.371
2023-10-26T20:00:00,34052.20,34287.50,34026.60,34154,26900.876
2023-10-27T00:00:00,34154,34179.60,33774,34124,41120.404
2023-10-27T04:00:00,34124.10,34253.30,33929.30,33954,34654.711
2023-10-27T08:00:00,33954,34185.30,33950,34055.30,31645.835
2023-10-27T12:00:00,34055.10,34220,33826.50,34010.90,70781.969
2023-10-27T16:00:00,34010.80,34042.20,33350,33705.50,75435.791
2023-10-27T20:00:00,33705.60,33948.90,33686,33893.10,24414.268
2023-10-28T00:00:00,33893.20,34188.80,33867.40,34068.50,22390.809
2023-10-28T04:00:00,34068.50,34199.50,34026,34057.20,18557.200
2023-10-28T08:00:00,34057.20,34535.80,34038,34182.50,40302.883
2023-10-28T12:00:00,34182.50,34248,33930,34199.90,35544.233
2023-10-28T16:00:00,34200,34230.70,34082,34118.30,12120.435
2023-10-28T20:00:00,34118.30,34200,34063,34086.60,9399.372
2023-10-29T00:00:00,34086.70,34110.50,33956.10,33981,15394.255
2023-10-29T04:00:00,33981,34147.70,33933,34086,13244.568
2023-10-29T08:00:00,34086.10,34349.40,34082,34272.60,29265.085
2023-10-29T12:00:00,34272.60,34579.70,34272.30,34462.50,46402.449
2023-10-29T16:00:00,34462.60,34773.80,34382,34571.50,45097.210
2023-10-29T20:00:00,34571.60,34746.70,34400,34528.60,26493.983
2023-10-30T00:00:00,34528.60,34578.80,34179,34276.50,32214.955
2023-10-30T04:00:00,34276.60,34358.70,34104,34191.70,32179.605
2023-10-30T08:00:00,34191.80,34700,34161.70,34627.90,54749.558
2023-10-30T12:00:00,34627.80,34888.20,34474,34664.50,76712.349
2023-10-30T16:00:00,34664.50,34664.50,34050,34440,66042.980
2023-10-30T20:00:00,34440,34593.10,34320.10,34483.80,19941.901
2023-10-31T00:00:00,34483.80,34620.70,34206.10,34219.90,32408.780
2023-10-31T04:00:00,34219.90,34360,34080,34151.90,37841.567
2023-10-31T08:00:00,34151.90,34563.60,34016.80,34504,53119.465
2023-10-31T12:00:00,34504.10,34533.10,34133.70,34290.20,64813.253
2023-10-31T16:00:00,34290.30,34632,34240,34553.50,44732.189
2023-10-31T20:00:00,34553.60,34744.70,34439.50,34651.40,39535.313
2023-11-01T00:00:00,34651.40,34684,34406.40,34430,25982.006
2023-11-01T04:00:00,34429.90,34520,34330.40,34463.90,21007.703
2023-11-01T08:00:00,34464,34515.10,34354,34442.90,19664.578
2023-11-01T12:00:00,34442.90,35249,34076,34296.90,195410.790
2023-11-01T16:00:00,34296.90,34750,34288.80,34564.30,76906.503
2023-11-01T20:00:00,34564.10,35734,34538.60,35437.40,130243.207
2023-11-02T00:00:00,35437.50,35999.90,35378.30,35578,85831.894
2023-11-02T04:00:00,35577.90,35613,35050,35280.70,66376.670
2023-11-02T08:00:00,35280.60,35487,35095.10,35377.50,37839.651
2023-11-02T12:00:00,35377.60,35468,34533.10,34645.20,113228.454
2023-11-02T16:00:00,34645.10,35021,34300,34998.20,70647.292
2023-11-02T20:00:00,34998.20,35099,34705,34940.10,36297.766
2023-11-03T00:00:00,34940.10,34944.90,34364.10,34680,44337.168
2023-11-03T04:00:00,34680.10,34700,34300.10,34470,41537.366
2023-11-03T08:00:00,34469.90,34618,34123,34265.50,65758.640
2023-11-03T12:00:00,34265.50,34850,34155.40,34759.50,74192.851
2023-11-03T16:00:00,34759.50,34825,34304.10,34518.10,59377.724
2023-11-03T20:00:00,34518.10,34738,34469.40,34700.40,20844.450
2023-11-04T00:00:00,34700.50,34774,34620.10,34699.90,16221.894
2023-11-04T04:00:00,34700,35111,34571.60,34759.10,40608.763
2023-11-04T08:00:00,34759.20,34880,34668.70,34706.20,17082.279
2023-11-04T12:00:00,34706.20,34799,34632.50,34709.80,16159.641
2023-11-04T16:00:00,34709.90,34792,34685.10,34721.20,8516.209
2023-11-04T20:00:00,34721.10,35270,34700,35069.70,42158.088
2023-11-05T00:00:00,35069.70,35350,34933.30,35292.10,31036.506
2023-11-05T04:00:00,35292.40,35328,35052.80,35175.40,27622.255
2023-11-05T08:00:00,35175.50,35210.40,35023.10,35103.50,19853.909
2023-11-05T12:00:00,35103.60,35187,34758,34893.90,45238.598
2023-11-05T16:00:00,34893.90,35298,34878,35001.30,37504.830
2023-11-05T20:00:00,35001.20,35455.20,34356,35025.50,70107.241
2023-11-06T00:00:00,35025.50,35137.90,34840.60,34992.90,29591.552
2023-11-06T04:00:00,34992.90,35044,34743.20,34918.50,22037.734
2023-11-06T08:00:00,34918.50,35299.90,34836.40,35253.10,41969.923
2023-11-06T12:00:00,35253.10,35281.50,34911,35094.50,53421.227
2023-11-06T16:00:00,35094.50,35129.40,34821,35076.70,33564.290
2023-11-06T20:00:00,35076.70,35172.90,34905,35057.40,21642.489
2023-11-07T00:00:00,35057.50,35066,34808,34932,24909.176
2023-11-07T04:00:00,34931.90,34988,34835.50,34947.30,15565.456
2023-11-07T08:00:00,34947.30,34988,34552.20,34633.30,58015.083
2023-11-07T12:00:00,34633.30,34849.40,34520.30,34728.40,43458.375
2023-11-07T16:00:00,34728.50,35609.40,34560,35473.40,111860.410
2023-11-07T20:00:00,35473.50,35921.70,35211,35406.50,89717.450
2023-11-08T00:00:00,35406.50,35436.10,35241.10,35287.80,23196.039
2023-11-08T04:00:00,35287.80,35378.90,35172.70,35239.60,23787.980
2023-11-08T08:00:00,35239.50,35449.90,35192.10,35336.70,29404.328
2023-11-08T12:00:00,35336.70,35485,35073,35231.30,46076.990
2023-11-08T16:00:00,35231.40,35791.90,35194.30,35630.90,66866.299
2023-11-08T20:00:00,35630.80,36150,35390,35626.70,145447.813
2023-11-09T00:00:00,35626.70,36888,35538.80,36455.50,116651.935
2023-11-09T04:00:00,36455.50,36884,36422,36550.60,76650.108
2023-11-09T08:00:00,36550.60,37018.10,36550.60,36816.90,67229.757
2023-11-09T12:00:00,36816.90,38499.90,36768,37141.50,251180.076
2023-11-09T16:00:00,37141.50,37277.10,35304,36399.50,206634.151
2023-11-09T20:00:00,36399.40,36798,36150.60,36719.50,60531.910
2023-11-10T00:00:00,36719.60,36940.60,36461.80,36754.90,38262.779
2023-11-10T04:00:00,36754.90,36836.80,36465.40,36480.20,28861.956
2023-11-10T08:00:00,36480.30,37165.30,36350,37098.90,61055.127
2023-11-10T12:00:00,37098.90,37276,36821.20,37118.40,68307.178
2023-11-10T16:00:00,37092.60,37474,37092.50,37253.50,53891.739
2023-11-10T20:00:00,37253.60,37570,37080,37330.40,36941.818
2023-11-11T00:00:00,37330.30,37422.20,36921.10,37064.20,37053.940
2023-11-11T04:00:00,37064.20,37159.70,36942,37030.50,20786.682
2023-11-11T08:00:00,37030.50,37087,36935.10,37014.10,17266.407
2023-11-11T12:00:00,37014.10,37297.90,36977.60,37071.50,29677.686
2023-11-11T16:00:00,37071.50,37211.80,37051,37177.90,16121.948
2023-11-11T20:00:00,37177.80,37190,36588,37162.10,38332.621
2023-11-12T00:00:00,37162.10,37222.90,36753.60,37016.50,27857.823
2023-11-12T04:00:00,37016.40,37200,36932.20,37154.10,17954.795
2023-11-12T08:00:00,37154.10,37167,37057.10,37087.70,12538.794
2023-11-12T12:00:00,37087.60,37258.40,36955,37178.30,27140.964
2023-11-12T16:00:00,37178.30,37247.70,37080.10,37134,14955.336
2023-11-12T20:00:00,37134,37244.40,36960,37085.50,18442.333
2023-11-13T00:00:00,37085.60,37464.80,36870.10,36941.30,47927.465
2023-11-13T04:00:00,36941.20,37069.90,36760,36982.50,30151.399
2023-11-13T08:00:00,36982.50,37065.90,36710,36838.30,25635.208
2023-11-13T12:00:00,36837.50,36975.60,36546.50,36871.70,62692.723
2023-11-13T16:00:00,36871.70,37074.30,36624.80,36877.60,38835.792
2023-11-13T20:00:00,36877.60,36910.80,36350,36486.20,51833.061
2023-11-14T00:00:00,36486.20,36514.20,36220.40,36473,38113.088
2023-11-14T04:00:00,36473.10,36740.80,36404.80,36705.50,21584.608
2023-11-14T08:00:00,36705.50,36779.90,36258.20,36288.80,45655.802
2023-11-14T12:00:00,36288.90,36720,35665.20,36168.70,106046.364
2023-11-14T16:00:00,36168.80,36449,34446.30,35305.90,142061.757
2023-11-14T20:00:00,35306,35689,35230,35559,43804.181
2023-11-15T00:00:00,35559.10,35685,35388,35408.40,25472.458
2023-11-15T04:00:00,35408.50,35683.80,35401.20,35597.40,17835.383
2023-11-15T08:00:00,35597.80,36296.40,35593,36254.40,56559.590
2023-11-15T12:00:00,36254.50,36430,36018.30,36412.10,63657.595
2023-11-15T16:00:00,36412.20,37845,36256,37527.40,177826.354
2023-11-15T20:00:00,37527.40,38000,37319.30,37885.60,82467.190
2023-11-16T00:00:00,37885.50,37956.50,37353.80,37479.90,53899.391
2023-11-16T04:00:00,37479.80,37645.90,37351,37460.70,27546.983
2023-11-16T08:00:00,37460.60,37574.90,37150,37272.10,55316.429
2023-11-16T12:00:00,37272,37352.50,36251,36423.10,132320.017
2023-11-16T16:00:00,36423.30,36658.20,35486.10,35936.50,109707.497
2023-11-16T20:00:00,35936.40,36284,35671.20,36176,55654.049
2023-11-17T00:00:00,36176,36687.40,36108.30,36496,42071.401
2023-11-17T04:00:00,36495.90,36537.10,36143.80,36252,31303.977
2023-11-17T08:00:00,36251.90,36480.50,36129.40,36383.80,40926.634
2023-11-17T12:00:00,36383.90,36636.70,35868.30,36059,82165.613
2023-11-17T16:00:00,36059.10,37020.50,35917.10,36336.20,92733.982
2023-11-17T20:00:00,36336.30,36762.60,36320.30,36621.90,30741.444
2023-11-18T00:00:00,36621.90,36625.70,36364.10,36384.90,15853.958
2023-11-18T04:00:00,36385,36443.30,36196,36429,18850.646
2023-11-18T08:00:00,36429,36550,36389.30,36417,15799.979
2023-11-18T12:00:00,36417,36693,36364.80,36671.90,23703.110
2023-11-18T16:00:00,36672,36900,36605,36688.40,29325.213
2023-11-18T20:00:00,36688.40,36720,36450,36580.90,18188.016
2023-11-19T00:00:00,36580.90,36584,36400,36527.70,14245.189
2023-11-19T04:00:00,36527.60,36684.90,36492.30,36624,14240.947
2023-11-19T08:00:00,36624,36720.90,36380,36459.10,20218.168
2023-11-19T12:00:00,36459,36580,36383,36575.10,19057.090
2023-11-19T16:00:00,36575.10,37000,36515.50,36961.90,33690.594
2023-11-19T20:00:00,36962,37528.20,36816.50,37375.90,53261.019
2023-11-20T00:00:00,37375.80,37397.20,37050,37131.90,33529.759
2023-11-20T04:00:00,37132,37280,37055,37261.10,20490.985
2023-11-20T08:00:00,37261,37445.50,37070.10,37161,38029.772
2023-11-20T12:00:00,37160.90,37525,36600,37475.10,76247.465
2023-11-20T16:00:00,37475,37784.70,36780,37584.50,109983.189
2023-11-20T20:00:00,37584.50,37631.10,37284.90,37462.50,32222.867
2023-11-21T00:00:00,37462.60,37675,37321.10,37485.40,28223.370
2023-11-21T04:00:00,37485.40,37503.70,37250.40,37297.10,21758.129
2023-11-21T08:00:00,37297.10,37439.50,37156,37189.50,22046.215
2023-11-21T12:00:00,37189.60,37245.70,36212.20,36975.90,162299.956
2023-11-21T16:00:00,36975.80,37531,36600,36989.90,121016.640
2023-11-21T20:00:00,36989.90,37190,35720,35737,95386.850
2023-11-22T00:00:00,35737,36387.40,35610.70,36378.80,52166.303
2023-11-22T04:00:00,36378.80,36560,36320.50,36430.70,30725.313
2023-11-22T08:00:00,36430.70,36779,36385.40,36465.90,39778.070
2023-11-22T12:00:00,36465.80,36654.80,36240,36480.50,53069.221
2023-11-22T16:00:00,36480.60,37448,36371.20,37297,84661.791
2023-11-22T20:00:00,37296.90,37880,37219.20,37413.40,77788.920
2023-11-23T00:00:00,37413.50,37548,37263,37311,25514.516
2023-11-23T04:00:00,37311,37425,37275,37378.50,15836.297
2023-11-23T08:00:00,37378.50,37650,37135.80,37378.20,41679.819
2023-11-23T12:00:00,37378.10,37544.90,36856.30,36954.10,54796.289
2023-11-23T16:00:00,36954.10,37378,36921.60,37282.30,30849.082
2023-11-23T20:00:00,37282.40,37391.50,37209,37294.30,16693.928
2023-11-24T00:00:00,37294.40,37487,37257.30,37314,18097.677
2023-11-24T04:00:00,37314,37587,37300.10,37531.10,16209.110
2023-11-24T08:00:00,37531.10,38200,37427.30,37749.70,101988.606
2023-11-24T12:00:00,37749.80,38425,37600,38217.30,108980.160
2023-11-24T16:00:00,38217.30,38351.20,37551,37758.50,78638.769
2023-11-24T20:00:00,37758.50,37940.80,37560.80,37706.30,27117.401
2023-11-25T00:00:00,37706.30,37840,37671.40,37790.90,16604.380
2023-11-25T04:00:00,37791,37830.50,37708.10,37795,10329.999
2023-11-25T08:00:00,37795,37827,37570.90,37645,19110.646
2023-11-25T12:00:00,37645,37732.40,37607.60,37697.80,12380.976
2023-11-25T16:00:00,37697.70,37833,37697.70,37805.90,11566.645
2023-11-25T20:00:00,37806,37886.50,37693.20,37766.60,12596.683
2023-11-26T00:00:00,37766.70,37775.70,37650,37721,7935.275
2023-11-26T04:00:00,37721.10,37788.50,37685.60,37773.50,7859.206
2023-11-26T08:00:00,37773.50,37807.60,37650.20,37663,11524.478
2023-11-26T12:00:00,37662.90,37669.80,37248,37418,60061.080
2023-11-26T16:00:00,37418,37492.70,37126,37360,40369.592
2023-11-26T20:00:00,37360.10,37744.90,37306.50,37437.90,46009.013
2023-11-27T00:00:00,37437.90,37560,37174.20,37295.80,28575.150
2023-11-27T04:00:00,37295.80,37416,37005,37272.10,27786.973
2023-11-27T08:00:00,37272,37457,36829.80,37023.30,55968.207
2023-11-27T12:00:00,37023.30,37094.90,36725.10,36743.20,70777.885
2023-11-27T16:00:00,36743.30,37145.40,36700,36868.60,52965.043
2023-11-27T20:00:00,36868.50,37279,36776,37234.30,30039.441
2023-11-28T00:00:00,37234.40,37338,37088.80,37119.90,22710.030
2023-11-28T04:00:00,37119.90,37135,36856,37087.20,30887.123
2023-11-28T08:00:00,37087.20,37259.60,36917.40,37250.10,26457.181
2023-11-28T12:00:00,37250,37568.60,37140,37502.20,53900.949
2023-11-28T16:00:00,37502.10,38395,37502.10,38105,140598.219
2023-11-28T20:00:00,38104.70,38270,37655.20,37812.10,43872.825
2023-11-29T00:00:00,37812,38091.90,37663.20,37938.10,30709.361
2023-11-29T04:00:00,37938.10,38238,37862.30,38095.70,26105.017
2023-11-29T08:00:00,38095.70,38500,37895.20,38098.60,68446.660
2023-11-29T12:00:00,38098.60,38285,37551.80,37817.60,74648.858
2023-11-29T16:00:00,37817.60,37924.50,37641,37861.10,35143.407
2023-11-29T20:00:00,37861,37871.70,37564.20,37837.10,26578.578
2023-11-30T00:00:00,37837.20,38035,37673,38034.50,22657.392
2023-11-30T04:00:00,38034.40,38132,37755.80,37783.20,29222.672
2023-11-30T08:00:00,37783.10,37895,37570.90,37867.10,34148.450
2023-11-30T12:00:00,37867.10,37964.60,37442.90,37614,68467.071
2023-11-30T16:00:00,37613.90,37807,37520,37745.30,22089.275
2023-11-30T20:00:00,37745.40,37805,37585,37716.80,14604.011
2023-12-01T00:00:00,37716.90,38070,37600,38030.20,41211.570
2023-12-01T04:00:00,38030.10,38344.80,38005.90,38234.90,49559.091
2023-12-01T08:00:00,38234.90,38844,38205.20,38578,91963.611
2023-12-01T12:00:00,38578,38629.90,38209.60,38401.50,54251.592
2023-12-01T16:00:00,38401.40,38989,38383,38750.10,82721.315
2023-12-01T20:00:00,38750,38888,38622.30,38660,22654.815
2023-12-02T00:00:00,38659.90,38788,38613.50,38767.50,15617.315
2023-12-02T04:00:00,38767.40,38815.50,38680,38683.90,16192.731
2023-12-02T08:00:00,38683.90,38775.90,38620,38722.80,12894.311
2023-12-02T12:00:00,38722.80,38859.50,38688,38787,21488.512
2023-12-02T16:00:00,38786.90,39900,38688.10,39416.40,98609.274
2023-12-02T20:00:00,39416.40,39725,39270.80,39435,48408.168
2023-12-03T00:00:00,39435.10,39549,39255.20,39376,22841.135
2023-12-03T04:00:00,39376,39488,39307.70,39474.10,13941.131
2023-12-03T08:00:00,39474.10,39539.30,39386.30,39471.40,15513.199
2023-12-03T12:00:00,39471.30,39820,39367,39758.50,56732.097
2023-12-03T16:00:00,39758.50,39847,39420.80,39555.10,31630.487
2023-12-03T20:00:00,39555.20,40410.10,39541.40,39979.70,81259.856
2023-12-04T00:00:00,39979.80,40915.30,39970.40,40720.70,100671.239
2023-12-04T04:00:00,40720.60,41792,40693.50,41471.90,125593.771
2023-12-04T08:00:00,41471.90,42179,41336.10,41605.90,137050.984
2023-12-04T12:00:00,41605.90,41920,41120.10,41280.80,98333.755
2023-12-04T16:00:00,41280.90,42091.10,41186.80,42001,70633.212
2023-12-04T20:00:00,42000.90,42440,41722.80,41993.10,70209.898
2023-12-05T00:00:00,41993.10,41993.10,41630,41832,35521.212
2023-12-05T04:00:00,41832,41922.80,41393.50,41534.20,41222.706
2023-12-05T08:00:00,41534.30,41763.10,41422,41730.90,35188.342
2023-12-05T12:00:00,41730.90,42542,41694,42266.70,97196.377
2023-12-05T16:00:00,42266.80,44191.60,42124.60,43834,259747.666
2023-12-05T20:00:00,43834,44528.10,43420.60,44081.70,106161.738
2023-12-06T00:00:00,44081.70,44160.10,43569.20,43757.70,52236.431
2023-12-06T04:00:00,43757.60,43879.60,43451,43697.10,49657.717
2023-12-06T08:00:00,43697.10,44349.80,43377,43853.30,97423.979
2023-12-06T12:00:00,43853.40,44305.10,43730,43795.30,98147.291
2023-12-06T16:00:00,43795.30,44173.70,43750,44008.80,47802.807
2023-12-06T20:00:00,44008.80,44086,43607.30,43774.80,38689.513
2023-12-07T00:00:00,43775.10,44020,43720.90,43941.30,18975.548
2023-12-07T04:00:00,43941.40,44066.70,43835.70,43899.40,20303.653
2023-12-07T08:00:00,43899.40,43911.50,42815,43206.40,124028.509
2023-12-07T12:00:00,43206.40,43959.10,42964.70,43679.80,85685.859
2023-12-07T16:00:00,43680,43786.90,43091.50,43239.20,61166.112
2023-12-07T20:00:00,43239.20,43490,43122.20,43296,36262.277
2023-12-08T00:00:00,43296,43559,43286.80,43402.80,21946.849
2023-12-08T04:00:00,43402.70,43586.50,43108.80,43184.50,30777.921
2023-12-08T08:00:00,43184.60,43780,43100,43687.30,42243.094
2023-12-08T12:00:00,43687.30,44081.60,43501.70,43778.50,72255.313
2023-12-08T16:00:00,43778.60,44003.50,43650,43967.60,38369.228
2023-12-08T20:00:00,43967.70,44779.30,43967.70,44209.50,76288.188
2023-12-09T00:00:00,44209.60,44324.70,44071.20,44175,24334.938
2023-12-09T04:00:00,44175,44389.20,44150,44220.60,21264.891
2023-12-09T08:00:00,44220.70,44238,43749.10,43838.30,46175.262
2023-12-09T12:00:00,43838.20,44180.80,43762.10,44088,43058.382
2023-12-09T16:00:00,44088,44131,43903.60,43954.80,21188.309
2023-12-09T20:00:00,43954.80,44140,43555,43734.30,33317.874
2023-12-10T00:00:00,43734.20,43893.40,43694,43870.70,16869.696
2023-12-10T04:00:00,43870.80,44042.80,43849.90,43995.80,15728.234
2023-12-10T08:00:00,43995.80,44075.50,43624,43760.10,34286.882
2023-12-10T12:00:00,43760.10,44039.70,43750,43945.40,27497.949
2023-12-10T16:00:00,43945.30,43976.30,43753.80,43819.50,16441.705
2023-12-10T20:00:00,43819.50,44099.20,43552.50,43810,33723.793
2023-12-11T00:00:00,43810.10,43833.40,40272.10,42312.80,192470.578
2023-12-11T04:00:00,42312.70,42330,41622.30,42128,75222.545
2023-12-11T08:00:00,42128.10,42490.50,41979.10,42346.60,43887.191
2023-12-11T12:00:00,42346.60,42398.30,41682.20,41824.70,66852.826
2023-12-11T16:00:00,41824.60,41892.60,40228.30,40799.40,183107.057
2023-12-11T20:00:00,40799.30,41375.40,40571,41271,59213.242
2023-12-12T00:00:00,41271.10,41963,41202.10,41760.30,53546.667
2023-12-12T04:00:00,41760.30,42095.30,41401,41930.10,49611.901
2023-12-12T08:00:00,41930,42125,41570.80,41606.70,42543.035
2023-12-12T12:00:00,41606.70,42085.90,41171.20,41376.60,85992.114
2023-12-12T16:00:00,41376.70,41488,40711,41169.60,88690.075
2023-12-12T20:00:00,41169.70,41577,41060.50,41515,36157.326
2023-12-13T00:00:00,41514.90,41524.20,40556,40858.50,60111.741
2023-12-13T04:00:00,40858.60,41275.70,40650,41146.30,45034.330
2023-12-13T08:00:00,41146.30,41315.40,40976.90,41035.20,30944.239
2023-12-13T12:00:00,41035.30,41979,41010.60,41960,71513.728
2023-12-13T16:00:00,41960,42921.90,41735.60,42746.80,102592.015
2023-12-13T20:00:00,42746.70,43517.60,42580,42875,86514.243
2023-12-14T00:00:00,42875,42950,42670.50,42726.90,31720.282
2023-12-14T04:00:00,42726.80,43126.20,42682.10,42910.10,31940.843
2023-12-14T08:00:00,42910.20,43336.70,42684.40,43269.90,43056.820
2023-12-14T12:00:00,43269.90,43379.30,41140,42454.10,144963.065
2023-12-14T16:00:00,42454.10,43450.10,42454.10,43105,84613.405
2023-12-14T20:00:00,43105,43193.90,42851.30,43032.40,25333.910
2023-12-15T00:00:00,43032.30,43098,42410.50,42813.50,34366.918
2023-12-15T04:00:00,42813.50,42905.10,42518.70,42724.80,28641.692
2023-12-15T08:00:00,42724.80,43054,42645.90,42800,33628.215
2023-12-15T12:00:00,42800,42809.60,41668,41930.30,83497.448
2023-12-15T16:00:00,41930.40,42222.70,41715,42124.90,46847.886
2023-12-15T20:00:00,42124.90,42280,41915.70,41968,30194.854
2023-12-16T00:00:00,41968,42448.40,41638.10,42354.50,41048.741
2023-12-16T04:00:00,42354.50,42380.90,42162.10,42243.10,17160.072
2023-12-16T08:00:00,42243,42368.90,42114.70,42349.90,16101.931
2023-12-16T12:00:00,42350,42640.80,42255.60,42631.70,35365.712
2023-12-16T16:00:00,42631.60,42756.70,42340,42367.90,31055.886
2023-12-16T20:00:00,42367.90,42434.30,42117.10,42287.40,19817.117
2023-12-17T00:00:00,42287.40,42322.20,41880,41947.20,27517.931
2023-12-17T04:00:00,41947.10,42086.50,41773.20,41894.60,29263.076
2023-12-17T08:00:00,41894.60,42036.60,41671.20,41979.70,27899.322
2023-12-17T12:00:00,41979.80,42033.20,41496,41828.50,38058.216
2023-12-17T16:00:00,41828.50,42476,41707.20,42136.50,59835.013
2023-12-17T20:00:00,42136.50,42226.80,41248.30,41396.50,42149.293
2023-12-18T00:00:00,41396.60,41487.50,40810.60,41107,57583.207
2023-12-18T04:00:00,41107,41338.70,41022.50,41159.90,32295.962
2023-12-18T08:00:00,41160,41285.30,40553.80,41137.30,85508.853
2023-12-18T12:00:00,41137.20,41780.00,40916.80,41288.00,76882.713
2023-12-18T16:00:00,41288.00,41750.00,41170.00,41715.40,40807.318
2023-12-18T20:00:00,41714.70,42795.30,41590.00,42671.70,82307.622
2023-12-19T00:00:00,42671.80,43550.00,42595.10,43100.10,75175.979
2023-12-19T04:00:00,43100.10,43159.70,42840.20,43062.00,28627.568
2023-12-19T08:00:00,43062.10,43297.10,42962.00,43003.90,34165.827
2023-12-19T12:00:00,43004.00,43068.50,42238.70,42512.80,74373.559
2023-12-19T16:00:00,42512.90,42675.00,41835.40,42379.00,74735.369
2023-12-19T20:00:00,42379.70,42556.80,42152.60,42298.30,28233.542
2023-12-20T00:00:00,42298.20,42519.50,42218.30,42451.70,22122.059
2023-12-20T04:00:00,42451.70,43056.90,42393.80,42950.00,46836.407
2023-12-20T08:00:00,42950.00,43037.20,42693.60,42891.40,32002.326
2023-12-20T12:00:00,42891.20,44384.60,42780.10,44079.00,141282.839
2023-12-20T16:00:00,44078.90,44290.00,43511.80,43760.10,78486.341
2023-12-20T20:00:00,43760.10,43846.00,43260.10,43708.90,56278.951
2023-12-21T00:00:00,43708.90,43775.60,43317.20,43678.60,35653.416
2023-12-21T04:00:00,43678.60,43920.00,43480.00,43794.80,25905.712
2023-12-21T08:00:00,43794.90,44172.20,43610.00,43969.70,46262.476
2023-12-21T12:00:00,43969.80,44287.20,43386.20,43857.70,81888.587
2023-12-21T16:00:00,43857.70,43957.00,43390.00,43623.10,53751.040
2023-12-21T20:00:00,43623.00,44175.00,43583.60,43896.30,33460.924
2023-12-22T00:00:00,43896.40,44332.80,43750.20,44044.30,34467.517
2023-12-22T04:00:00,44044.40,44484.00,43566.10,43614.10,63339.852
2023-12-22T08:00:00,43614.00,43877.50,43480.50,43783.00,42888.610
2023-12-22T12:00:00,43783.20,43849.60,43430.40,43699.90,43302.470
2023-12-22T16:00:00,43699.90,44047.60,43503.40,43666.40,35104.573
2023-12-22T20:00:00,43666.50,44086.00,43650.00,43999.20,19238.911
2023-12-23T00:00:00,43999.20,44023.00,43464.80,43543.20,31870.041
2023-12-23T04:00:00,43543.20,43670.00,43304.20,43582.00,25017.737
2023-12-23T08:00:00,43582.10,43709.90,43513.40,43583.00,15905.084
2023-12-23T12:00:00,43583.00,43899.80,43575.70,43782.00,21835.284
2023-12-23T16:00:00,43782.00,43880.10,43720.00,43729.10,14370.201
2023-12-23T20:00:00,43729.20,43864.70,43656.80,43725.20,11793.852
2023-12-24T00:00:00,43725.20,43952.30,43625.10,43867.80,19796.067
2023-12-24T04:00:00,43867.80,43994.80,43454.10,43678.60,28290.374
2023-12-24T08:00:00,43678.70,43733.00,43421.00,43666.60,19354.803
2023-12-24T12:00:00,43666.60,43908.30,43582.90,43707.00,23794.381
2023-12-24T16:00:00,43707.10,43750.60,43568.30,43645.30,16277.893
2023-12-24T20:00:00,43645.40,43652.20,42550.00,43008.40,72453.733
2023-12-25T00:00:00,43008.40,43188.50,42755.40,43182.50,29688.549
2023-12-25T04:00:00,43182.60,43360.40,43121.80,43233.20,17527.765
2023-12-25T08:00:00,43233.30,43320.00,43083.20,43200.30,20002.961
2023-12-25T12:00:00,43200.40,43850.00,43118.30,43661.00,61760.169
2023-12-25T16:00:00,43661.00,43761.90,43383.20,43515.80,31664.127
2023-12-25T20:00:00,43515.70,43772.10,43354.30,43611.90,23566.703
2023-12-26T00:00:00,43611.90,43635.10,43400.00,43487.90,16834.268
2023-12-26T04:00:00,43488.00,43509.90,42552.30,42798.70,74677.204
2023-12-26T08:00:00,42798.70,42830.90,42109.00,42719.90,52503.851
2023-12-26T12:00:00,42720.00,42870.00,42253.70,42423.10,38842.982
2023-12-26T16:00:00,42423.10,42470.60,41597.00,42149.20,89933.420
2023-12-26T20:00:00,42149.20,42630.40,42086.90,42538.50,22791.953
2023-12-27T00:00:00,42538.60,42580.00,42145.70,42274.70,25627.172
2023-12-27T04:00:00,42274.70,42595.50,42248.50,42495.90,20023.850
2023-12-27T08:00:00,42496.00,43277.10,42443.00,43059.30,61784.091
2023-12-27T12:00:00,43059.30,43191.10,42726.60,43009.60,59036.748
2023-12-27T16:00:00,43010.00,43264.00,42890.30,43183.90,37903.282
2023-12-27T20:00:00,43183.80,43700.00,43146.20,43453.80,46976.395
2023-12-28T00:00:00,43453.80,43850.00,43333.10,43444.80,40639.668
2023-12-28T04:00:00,43444.80,43669.40,42821.00,43087.20,46971.692
2023-12-28T08:00:00,43087.30,43233.00,42900.00,43112.10,26016.438
2023-12-28T12:00:00,43112.00,43181.10,42439.60,42485.80,74384.216
2023-12-28T16:00:00,42485.90,42783.00,42320.50,42655.90,41372.033
2023-12-28T20:00:00,42656.00,42788.70,42369.70,42600.10,28131.135
2023-12-29T00:00:00,42600.10,42839.10,42123.10,42738.10,55055.074
2023-12-29T04:00:00,42738.20,42812.90,42253.20,42314.50,32071.961
2023-12-29T08:00:00,42314.50,42996.30,42306.80,42908.90,40511.048
2023-12-29T12:00:00,42908.80,43171.90,42160.00,42301.60,68202.711
2023-12-29T16:00:00,42301.60,42389.00,41680.00,42152.80,87706.129
2023-12-29T20:00:00,42152.90,42288.30,41283.20,42095.10,53874.942
2023-12-30T00:00:00,42095.10,42250.00,41854.40,42014.70,23528.273
2023-12-30T04:00:00,42014.70,42205.20,41960.00,41987.10,16563.477
2023-12-30T08:00:00,41987.10,42032.70,41550.00,41933.60,40727.124
2023-12-30T12:00:00,41933.60,42473.40,41915.10,42410.30,42746.745
2023-12-30T16:00:00,42410.40,42654.60,42278.70,42395.00,41015.216
2023-12-30T20:00:00,42395.00,42431.90,42106.50,42174.20,19309.835
2023-12-31T00:00:00,42174.30,42478.90,42001.00,42209.40,24649.414
2023-12-31T04:00:00,42209.40,42729.20,42189.90,42567.00,27687.399
2023-12-31T08:00:00,42567.00,42951.00,42400.20,42561.80,37644.346
2023-12-31T12:00:00,42561.80,42694.00,42381.00,42489.60,29877.289
2023-12-31T16:00:00,42489.60,42766.70,42465.40,42659.90,21496.084
2023-12-31T20:00:00,42659.90,42724.50,42083.10,42314.00,32153.757
2024-01-01T00:00:00,42314.00,42832.00,42270.00,42369.80,30275.835
2024-01-01T04:00:00,42369.80,42536.00,42207.90,42527.00,18884.162
2024-01-01T08:00:00,42527.10,42800.00,42489.40,42727.60,21225.402
2024-01-01T12:00:00,42727.70,42887.50,42614.50,42818.00,23160.827
2024-01-01T16:00:00,42818.00,43593.20,42693.10,43556.20,46470.443
2024-01-01T20:00:00,43556.20,44266.00,43426.00,44230.20,66407.475
2024-01-02T00:00:00,44230.30,45565.00,44200.90,45435.00,130549.341
2024-01-02T04:00:00,45434.90,45832.80,45153.00,45495.50,46617.839
2024-01-02T08:00:00,45495.60,45950.00,45258.00,45486.80,73125.619
2024-01-02T12:00:00,45486.80,45850.00,44868.10,45215.00,98947.373
2024-01-02T16:00:00,45215.00,45449.20,44783.30,45073.20,59665.882
2024-01-02T20:00:00,45073.30,45338.90,44598.00,44979.80,50892.469
2024-01-03T00:00:00,44979.70,45463.50,44895.80,45297.80,27249.852
2024-01-03T04:00:00,45297.80,45423.00,44960.00,45030.40,27047.436
2024-01-03T08:00:00,45030.50,45582.30,43500.00,43728.90,118206.260
2024-01-03T12:00:00,43728.90,43738.80,40333.00,43014.00,269274.008
2024-01-03T16:00:00,43014.00,43595.90,41920.00,42600.40,121646.733
2024-01-03T20:00:00,42600.40,42974.50,42517.60,42849.50,32430.936
2024-01-04T00:00:00,42849.50,43236.00,42625.00,43119.60,32954.430
2024-01-04T04:00:00,43119.60,43290.00,42765.00,42775.00,34097.989
2024-01-04T08:00:00,42775.10,43255.00,42645.10,43188.20,41353.248
2024-01-04T12:00:00,43188.20,44343.10,43107.40,44050.40,89531.705
2024-01-04T16:00:00,44050.40,44437.50,43773.40,43950.00,67286.547
2024-01-04T20:00:00,43950.00,44840.80,43887.20,44143.80,68699.179
2024-01-05T00:00:00,44143.80,44284.00,42300.00,43469.10,92493.981
2024-01-05T04:00:00,43469.50,43951.70,43193.50,43769.60,36820.465
2024-01-05T08:00:00,43769.60,44332.40,43459.00,43769.90,53933.111
2024-01-05T12:00:00,43769.90,44119.10,43000.00,43495.20,82365.927
2024-01-05T16:00:00,43495.10,43825.20,43090.00,43599.00,50576.810
2024-01-05T20:00:00,43599.00,44500.00,43559.00,44145.40,58777.497
2024-01-06T00:00:00,44145.30,44214.60,43809.50,43925.80,22344.039
2024-01-06T04:00:00,43925.80,43972.00,43391.30,43645.30,32223.565
2024-01-06T08:00:00,43645.40,43777.50,43550.00,43669.20,18571.596
2024-01-06T12:00:00,43669.20,43925.00,43527.20,43863.60,21680.915
2024-01-06T16:00:00,43863.60,44149.90,43817.40,43903.60,23415.539
2024-01-06T20:00:00,43903.60,43980.00,43645.00,43956.70,20307.143
2024-01-07T00:00:00,43956.60,44267.90,43824.20,43937.20,25504.202
2024-01-07T04:00:00,43937.10,44099.60,43830.00,44071.50,16798.655
2024-01-07T08:00:00,44071.60,44161.50,43862.80,44054.00,21062.951
2024-01-07T12:00:00,44054.00,44486.90,43922.70,44035.00,49020.753
2024-01-07T16:00:00,44034.90,44262.30,43686.90,44238.80,32162.368
2024-01-07T20:00:00,44238.80,44262.90,43557.50,43916.90,36161.785
2024-01-08T00:00:00,43916.90,43975.00,43158.10,43501.90,49205.414
2024-01-08T04:00:00,43502.00,44431.10,43417.80,43970.00,52687.145
2024-01-08T08:00:00,43969.90,44748.50,43629.70,44637.20,48551.307
2024-01-08T12:00:00,44637.20,45440.00,44350.00,44969.60,124466.243
2024-01-08T16:00:00,44969.70,47312.00,44783.80,47006.70,168436.314
2024-01-08T20:00:00,47007.10,47240.30,46666.10,46972.70,51741.560
2024-01-09T00:00:00,46972.60,47173.50,46253.70,46932.80,62275.549
2024-01-09T04:00:00,46932.70,46950.30,46600.20,46841.00,25566.034
2024-01-09T08:00:00,46841.00,46891.30,46372.00,46624.40,37564.557
2024-01-09T12:00:00,46624.40,47100.00,45400.00,46868.80,127284.890
2024-01-09T16:00:00,46868.90,46977.00,46500.00,46873.50,42262.943
2024-01-09T20:00:00,46873.50,48100.00,44417.20,46114.00,218408.800
2024-01-10T00:00:00,46113.90,46252.50,45629.60,46133.60,36681.322
2024-01-10T04:00:00,46133.50,46200.00,45728.90,45766.40,21755.225
2024-01-10T08:00:00,45766.30,45876.70,44800.00,45530.20,54054.765
2024-01-10T12:00:00,45530.10,45680.00,44291.50,45569.00,149727.617
2024-01-10T16:00:00,45569.40,46768.00,45189.40,46498.90,130065.437
2024-01-10T20:00:00,46498.80,47699.30,44720.00,46662.90,276373.108
2024-01-11T00:00:00,46663.00,46758.00,46146.50,46502.40,40763.102
2024-01-11T04:00:00,46502.30,46511.40,45610.10,46096.10,42163.348
2024-01-11T08:00:00,46096.10,47171.00,46051.60,47068.50,50256.742
2024-01-11T12:00:00,47068.50,49027.50,46488.10,46813.40,278574.629
2024-01-11T16:00:00,46813.40,47065.80,45600.00,46698.40,136031.851
2024-01-11T20:00:00,46698.40,46973.80,46080.60,46337.80,48908.707
2024-01-12T00:00:00,46337.90,46536.20,45900.90,45997.00,37819.707
2024-01-12T04:00:00,45997.30,46380.00,45714.20,46002.60,35158.293
2024-01-12T08:00:00,46002.60,46280.00,45527.50,45958.00,47922.902
2024-01-12T12:00:00,45958.00,46120.00,44360.80,44495.10,122262.686
2024-01-12T16:00:00,44495.10,44719.70,43221.10,43497.50,179066.407
2024-01-12T20:00:00,43497.40,44000.00,41370.00,42788.90,153713.263
2024-01-13T00:00:00,42789.00,42997.00,42445.70,42625.60,39049.139
2024-01-13T04:00:00,42625.60,43265.10,42565.90,43102.10,33842.417
2024-01-13T08:00:00,43102.10,43255.00,42513.00,42631.90,42897.598
2024-01-13T12:00:00,42631.80,43273.40,42509.80,43159.70,44715.766
2024-01-13T16:00:00,43159.90,43193.90,42711.50,42791.10,31207.956
2024-01-13T20:00:00,42791.10,43067.70,42703.20,42846.40,16024.450
2024-01-14T00:00:00,42846.40,42896.90,42651.00,42691.20,17785.043
2024-01-14T04:00:00,42691.10,43064.40,42553.00,43012.80,20194.264
2024-01-14T08:00:00,43012.80,43096.10,42759.20,42836.80,18481.558
2024-01-14T12:00:00,42836.70,43014.30,42710.30,42908.40,18436.804
2024-01-14T16:00:00,42908.40,43019.10,42633.20,42665.80,23087.661
2024-01-14T20:00:00,42665.80,42755.00,41713.50,41734.90,83111.638
2024-01-15T00:00:00,41734.90,42650.00,41720.00,42571.80,36398.917
2024-01-15T04:00:00,42572.80,42829.80,42501.60,42713.10,25795.373
2024-01-15T08:00:00,42713.10,42784.30,42535.80,42699.90,21197.177
2024-01-15T12:00:00,42700.00,42969.00,42156.00,42278.70,57163.469
2024-01-15T16:00:00,42278.70,43376.00,42249.10,42989.60,65313.134
2024-01-15T20:00:00,42989.60,43114.70,42341.30,42515.00,34191.071
2024-01-16T00:00:00,42515.00,42942.00,42466.10,42919.50,22087.986
2024-01-16T04:00:00,42919.30,42945.00,42600.50,42788.10,20030.646
2024-01-16T08:00:00,42788.50,43164.90,42718.80,42894.90,32133.083
2024-01-16T12:00:00,42894.60,43333.00,42050.00,43251.70,121732.820
2024-01-16T16:00:00,43251.00,43450.00,42825.50,43164.80,50349.539
2024-01-16T20:00:00,43164.80,43589.00,43061.70,43133.00,40873.159
2024-01-17T00:00:00,43133.00,43198.00,42838.80,42842.10,20601.204
2024-01-17T04:00:00,42842.00,42933.00,42616.00,42654.00,24548.960
2024-01-17T08:00:00,42654.00,42855.80,42555.80,42681.00,25131.297
2024-01-17T12:00:00,42681.00,42934.90,42355.50,42478.30,68850.505
2024-01-17T16:00:00,42478.20,42757.60,42200.00,42617.50,40872.097
2024-01-17T20:00:00,42617.60,42869.30,42444.00,42783.40,29392.018
2024-01-18T00:00:00,42783.30,42797.00,42515.00,42594.00,15331.957
2024-01-18T04:00:00,42594.00,42930.10,42590.00,42918.30,19685.656
2024-01-18T08:00:00,42918.30,42932.30,42382.50,42540.00,33804.674
2024-01-18T12:00:00,42540.10,42821.40,42351.00,42618.90,41921.482
2024-01-18T16:00:00,42619.00,42619.00,40805.20,41014.20,151310.930
2024-01-18T20:00:00,41014.20,41366.40,40673.60,41323.10,73026.057
2024-01-19T00:00:00,41323.20,41372.00,40739.60,41049.80,36295.221
2024-01-19T04:00:00,41049.80,41578.30,41031.30,41282.00,31853.198
2024-01-19T08:00:00,41281.90,41518.40,41132.50,41471.70,27935.207
2024-01-19T12:00:00,41471.70,41493.00,40718.50,40897.00,67750.170
2024-01-19T16:00:00,40897.10,42000.00,40300.00,41818.50,138416.879
2024-01-19T20:00:00,41818.60,42197.00,41530.10,41662.20,43691.055
2024-01-20T00:00:00,41662.10,41712.00,41458.50,41638.00,18155.851
2024-01-20T04:00:00,41638.10,41781.40,41566.30,41652.40,12915.098
2024-01-20T08:00:00,41652.40,41672.70,41453.60,41583.60,21012.587
2024-01-20T12:00:00,41583.50,41706.50,41480.00,41570.30,18279.360
2024-01-20T16:00:00,41570.20,41685.00,41522.00,41638.40,10616.752
2024-01-20T20:00:00,41638.40,41883.50,41615.00,41691.80,14886.414
2024-01-21T00:00:00,41691.80,41735.00,41624.60,41677.40,7680.812
2024-01-21T04:00:00,41677.40,41699.90,41544.00,41648.60,6744.413
2024-01-21T08:00:00,41648.50,41826.50,41648.50,41720.90,11294.961
2024-01-21T12:00:00,41720.80,41880.90,41600.00,41652.80,17377.056
2024-01-21T16:00:00,41652.70,41733.00,41516.00,41721.20,11626.497
2024-01-21T20:00:00,41721.20,41820.00,41500.00,41580.00,12311.813
2024-01-22T00:00:00,41579.90,41692.30,41050.50,41199.60,40969.062
2024-01-22T04:00:00,41199.50,41334.90,40666.00,41042.60,51245.971
2024-01-22T08:00:00,41042.70,41050.00,40353.70,40809.40,68960.918
2024-01-22T12:00:00,40809.50,41253.70,40333.00,40774.70,82368.763
2024-01-22T16:00:00,40775.00,40880.10,39402.00,39812.50,137033.009
2024-01-22T20:00:00,39812.60,40360.00,39450.00,39567.00,78446.383
2024-01-23T00:00:00,39567.10,40121.20,39508.00,40000.10,32689.795
2024-01-23T04:00:00,40000.10,40172.70,39656.80,39773.90,25079.661
2024-01-23T08:00:00,39773.90,39862.90,38652.30,38850.10,124825.562
2024-01-23T12:00:00,38850.20,39479.20,38545.00,39197.40,104576.943
2024-01-23T16:00:00,39197.50,39654.20,38925.60,39140.10,79917.657
2024-01-23T20:00:00,39140.10,39898.00,39031.30,39890.00,47283.768
2024-01-24T00:00:00,39889.90,40247.00,39563.80,39611.20,49456.120
2024-01-24T04:00:00,39611.30,40179.70,39550.00,39979.40,31974.054
2024-01-24T08:00:00,39979.50,40560.60,39844.70,40195.20,48695.143
2024-01-24T12:00:00,40195.10,40287.80,39754.40,40046.70,62130.902
2024-01-24T16:00:00,40046.70,40208.40,39602.00,39797.40,43289.491
2024-01-24T20:00:00,39797.40,40171.30,39493.30,40078.70,37208.461
2024-01-25T00:00:00,40078.80,40170.00,39901.00,40002.80,20040.925
2024-01-25T04:00:00,40002.80,40131.90,39778.30,40119.60,21098.349
2024-01-25T08:00:00,40119.60,40300.00,39950.00,40165.50,34021.643
2024-01-25T12:00:00,40165.50,40280.00,39605.00,39793.60,57869.103
2024-01-25T16:00:00,39793.60,40053.60,39535.30,39982.90,48224.544
2024-01-25T20:00:00,39982.90,39987.20,39630.00,39953.30,22474.115
2024-01-26T00:00:00,39953.30,40250.00,39813.10,40057.00,24692.913
2024-01-26T04:00:00,40057.10,40216.70,39880.90,39956.00,19746.788
2024-01-26T08:00:00,39956.00,41350.00,39944.70,41272.00,103031.994
2024-01-26T12:00:00,41271.90,41587.30,40890.00,41399.80,86189.487
2024-01-26T16:00:00,41399.80,42187.10,41383.80,42046.00,85294.135
2024-01-26T20:00:00,42046.10,42239.30,41779.20,41806.40,36463.161
2024-01-27T00:00:00,41806.40,41924.00,41681.80,41805.20,16504.250
2024-01-27T04:00:00,41805.10,41880.50,41594.00,41699.10,17412.384
2024-01-27T08:00:00,41699.00,41786.00,41360.10,41744.70,32118.828
2024-01-27T12:00:00,41744.70,41880.00,41689.30,41797.40,15054.687
2024-01-27T16:00:00,41797.50,41977.00,41727.00,41896.40,16407.782
2024-01-27T20:00:00,41896.50,42187.10,41896.40,42102.20,20939.183
2024-01-28T00:00:00,42102.20,42236.90,41908.20,42210.00,22234.237
2024-01-28T04:00:00,42210.10,42836.00,42204.00,42369.90,58552.846
2024-01-28T08:00:00,42370.00,42688.00,42301.10,42456.60,30902.798
2024-01-28T12:00:00,42456.50,42525.00,42130.00,42244.50,30369.168
2024-01-28T16:00:00,42244.50,42340.00,41700.00,41770.60,35068.296
2024-01-28T20:00:00,41770.60,42067.50,41600.00,42021.20,28609.108
2024-01-29T00:00:00,42021.20,42493.00,41865.40,42306.40,30700.241
2024-01-29T04:00:00,42306.50,42326.90,41966.20,42040.00,21337.912
2024-01-29T08:00:00,42040.00,42368.70,41932.90,42233.30,27133.608
2024-01-29T12:00:00,42233.20,42636.00,41768.30,42623.20,57176.087
2024-01-29T16:00:00,42623.10,43298.00,42495.70,42986.70,90725.291
2024-01-29T20:00:00,42986.80,43340.80,42966.50,43287.70,22428.971
2024-01-30T00:00:00,43287.60,43798.20,43111.30,43502.90,48884.945
2024-01-30T04:00:00,43502.80,43554.10,43238.00,43346.60,21202.780
2024-01-30T08:00:00,43346.70,43548.00,43200.40,43513.40,23711.395
2024-01-30T12:00:00,43513.30,43888.00,43092.00,43355.50,80242.404
2024-01-30T16:00:00,43355.40,43584.10,43197.70,43525.10,34144.187
2024-01-30T20:00:00,43525.10,43750.00,42665.60,42918.30,49397.073
2024-01-31T00:00:00,42918.30,43090.00,42634.30,42918.00,33334.684
2024-01-31T04:00:00,42918.10,43075.70,42854.70,43031.60,16041.567
2024-01-31T08:00:00,43031.50,43077.00,42341.00,42630.20,46489.446
2024-01-31T12:00:00,42630.20,43460.00,42503.30,43341.80,75301.219
2024-01-31T16:00:00,43341.90,43748.60,43022.30,43316.40,71465.065
2024-01-31T20:00:00,43316.30,43348.90,42257.60,42560.50,70437.129
2024-02-01T00:00:00,42560.50,42674.90,41866.80,41998.00,51692.193
2024-02-01T04:00:00,41998.00,42292.10,41877.00,42182.20,25471.968
2024-02-01T08:00:00,42182.30,42323.60,42028.80,42075.90,23431.070
2024-02-01T12:00:00,42075.80,42936.60,41926.30,42500.10,75085.797
2024-02-01T16:00:00,42500.00,43288.00,42350.00,43206.30,70649.680
2024-02-01T20:00:00,43206.30,43278.40,42856.10,43072.60,27990.399
2024-02-02T00:00:00,43072.60,43430.00,43005.60,43018.10,26305.244
2024-02-02T04:00:00,43018.00,43262.90,42926.40,43076.00,20847.054
2024-02-02T08:00:00,43076.00,43191.00,42923.10,43136.80,20151.439
2024-02-02T12:00:00,43136.90,43250.00,42512.70,43222.90,72050.288
2024-02-02T16:00:00,43222.90,43480.00,42756.10,43044.10,50790.883
2024-02-02T20:00:00,43044.20,43221.00,42877.00,43182.00,15622.666
2024-02-03T00:00:00,43182.00,43372.20,43119.20,43155.30,17970.113
2024-02-03T04:00:00,43155.30,43207.00,43017.00,43037.10,10385.215
2024-02-03T08:00:00,43037.10,43110.30,42950.60,42978.00,13257.767
2024-02-03T12:00:00,42977.90,43181.30,42858.30,43097.40,18618.511
2024-02-03T16:00:00,43097.50,43264.30,43000.00,43046.80,20172.048
2024-02-03T20:00:00,43046.80,43088.00,42925.90,42992.40,9331.566
2024-02-04T00:00:00,42992.40,43055.00,42871.50,43015.70,9837.114
2024-02-04T04:00:00,43015.70,43018.70,42702.40,42822.90,18170.104
2024-02-04T08:00:00,42822.80,43112.10,42721.80,43041.60,18845.925
2024-02-04T12:00:00,43041.60,43104.90,42820.10,42926.70,18482.552
2024-02-04T16:00:00,42926.70,42960.00,42550.00,42623.90,23294.154
2024-02-04T20:00:00,42623.90,42977.20,42176.70,42570.30,38791.699
2024-02-05T00:00:00,42570.30,42722.00,42235.10,42708.00,27676.486
2024-02-05T04:00:00,42707.90,43168.40,42622.80,43059.00,34225.188
2024-02-05T08:00:00,43058.90,43264.20,42936.00,43180.80,30502.017
2024-02-05T12:00:00,43180.80,43580.00,42580.00,42629.70,72798.166
2024-02-05T16:00:00,42629.70,42873.20,42470.20,42757.40,40062.466
2024-02-05T20:00:00,42757.40,42789.10,42311.20,42692.90,35391.226
2024-02-06T00:00:00,42692.90,42941.10,42559.80,42829.80,24494.620
2024-02-06T04:00:00,42829.90,42911.00,42634.10,42870.00,18799.089
2024-02-06T08:00:00,42870.00,43110.00,42650.70,42814.30,44085.411
2024-02-06T12:00:00,42814.30,43266.40,42631.00,43232.00,49858.046
2024-02-06T16:00:00,43232.00,43378.80,42980.80,43261.70,39099.122
2024-02-06T20:00:00,43261.70,43312.30,43000.20,43079.10,19821.355
2024-02-07T00:00:00,43079.10,43179.60,42763.40,42783.00,20587.882
2024-02-07T04:00:00,42783.10,43035.70,42775.00,42904.80,17271.048
2024-02-07T08:00:00,42904.90,43191.20,42813.60,42917.40,26488.098
2024-02-07T12:00:00,42917.30,43314.90,42864.80,43057.80,44451.179
2024-02-07T16:00:00,43057.70,43708.20,42992.20,43596.10,65950.629
2024-02-07T20:00:00,43596.20,44388.00,43596.10,44326.20,77308.872
2024-02-08T00:00:00,44326.30,44795.10,44306.80,44523.60,57010.272
2024-02-08T04:00:00,44523.50,44618.80,44405.00,44500.80,18349.140
2024-02-08T08:00:00,44500.80,44884.30,44496.50,44677.90,40028.987
2024-02-08T12:00:00,44677.90,45450.00,44580.40,45406.30,91951.672
2024-02-08T16:00:00,45406.40,45488.00,44878.00,45260.10,56549.404
2024-02-08T20:00:00,45260.20,45600.00,45200.00,45269.10,35848.813
2024-02-09T00:00:00,45269.20,46444.00,45218.10,46046.50,72986.429
2024-02-09T04:00:00,46046.50,46424.40,45830.10,46185.10,44347.500
2024-02-09T08:00:00,46185.10,47290.00,46183.40,47155.90,92742.899
2024-02-09T12:00:00,47155.90,47699.50,46638.60,47136.90,162167.146
2024-02-09T16:00:00,47137.00,48230.30,47110.30,47486.20,110312.265
2024-02-09T20:00:00,47486.30,47671.70,47020.10,47116.10,37363.180
2024-02-10T00:00:00,47116.10,47489.90,47025.60,47366.90,24916.310
2024-02-10T04:00:00,47366.90,47418.30,47125.00,47130.50,14281.105
2024-02-10T08:00:00,47130.60,47258.30,46836.40,47172.80,34605.176
2024-02-10T12:00:00,47172.70,47377.00,47083.80,47332.00,24261.183
2024-02-10T16:00:00,47331.90,47650.00,47139.00,47511.20,26043.207
2024-02-10T20:00:00,47511.30,48189.60,47436.90,47732.60,55519.623
2024-02-11T00:00:00,47732.60,48571.40,47539.40,48517.10,49007.905
2024-02-11T04:00:00,48517.60,48600.00,48048.20,48169.60,36963.858
2024-02-11T08:00:00,48169.50,48439.50,47912.10,48403.70,29479.277
2024-02-11T12:00:00,48403.70,48469.30,47914.10,48140.80,37614.010
2024-02-11T16:00:00,48140.70,48401.10,47938.00,48282.40,30963.158
2024-02-11T20:00:00,48282.30,48379.90,47961.00,48303.40,25923.418
2024-02-12T00:00:00,48303.40,48846.00,48001.00,48138.60,52738.429
2024-02-12T04:00:00,48138.70,48389.60,47702.00,48213.00,35030.414
2024-02-12T08:00:00,48213.00,48323.10,47711.00,47906.00,37963.976
2024-02-12T12:00:00,47905.90,49965.30,47841.60,49925.40,141835.936
2024-02-12T16:00:00,49925.50,50413.20,49411.60,49545.90,135900.154
2024-02-12T20:00:00,49545.90,50293.90,49545.80,49943.60,47426.293
2024-02-13T00:00:00,49943.60,50428.80,49754.40,49813.80,40575.467
2024-02-13T04:00:00,49813.90,50143.60,49810.00,50019.90,23299.694
2024-02-13T08:00:00,50019.80,50290.00,49651.00,50004.00,47417.718
2024-02-13T12:00:00,50003.90,50009.30,48356.00,48753.10,162559.433
2024-02-13T16:00:00,48753.20,49279.30,48301.00,49044.90,68146.465
2024-02-13T20:00:00,49045.00,49783.50,49016.20,49696.40,40349.308
2024-02-14T00:00:00,49696.40,49717.30,49320.90,49524.40,20833.112
2024-02-14T04:00:00,49524.50,49900.00,49215.70,49845.00,29061.916
2024-02-14T08:00:00,49844.90,51829.10,49742.40,51601.20,146804.756
2024-02-14T12:00:00,51601.10,52100.00,51302.00,51616.40,113215.908
2024-02-14T16:00:00,51616.50,51777.00,51217.70,51707.50,56012.926
2024-02-14T20:00:00,51707.50,51924.70,51483.00,51823.20,29263.173
2024-02-15T00:00:00,51823.10,52568.30,51732.60,52379.90,75753.234
2024-02-15T04:00:00,52379.90,52400.10,51651.00,51802.40,40228.865
2024-02-15T08:00:00,51802.50,52549.50,51666.00,52359.10,46926.241
2024-02-15T12:00:00,52359.00,52859.00,51750.00,51968.70,116996.891
2024-02-15T16:00:00,51968.60,52419.10,51658.00,52022.00,62622.289
2024-02-15T20:00:00,52022.10,52035.30,51334.90,51898.50,50197.083
2024-02-16T00:00:00,51898.40,52376.10,51824.50,52309.90,31836.617
2024-02-16T04:00:00,52309.80,52372.60,51758.00,51786.40,29981.292
2024-02-16T08:00:00,51786.40,52470.60,51611.70,52241.10,50737.158
2024-02-16T12:00:00,52241.20,52623.00,51623.20,51909.30,87726.020
2024-02-16T16:00:00,51909.20,52284.30,51665.40,51780.20,40535.044
2024-02-16T20:00:00,51780.20,52245.10,51697.30,52148.60,19003.662
2024-02-17T00:00:00,52148.70,52192.80,51870.00,51993.60,12597.447
2024-02-17T04:00:00,51993.60,52093.20,51811.00,51933.90,11156.397
2024-02-17T08:00:00,51933.90,51934.00,51521.40,51723.70,35256.919
2024-02-17T12:00:00,51723.70,51777.00,50647.50,51013.40,93063.831
2024-02-17T16:00:00,51013.40,51482.40,50770.80,51428.80,32817.244
2024-02-17T20:00:00,51428.20,52109.00,51331.00,51679.40,37450.167
2024-02-18T00:00:00,51679.50,51841.40,51178.00,51518.00,27895.491
2024-02-18T04:00:00,51518.00,51785.20,51435.10,51703.70,21066.913
2024-02-18T08:00:00,51703.70,52107.30,51677.50,51861.10,28696.465
2024-02-18T12:00:00,51861.10,51985.90,51563.30,51808.90,27165.839
2024-02-18T16:00:00,51809.00,52013.50,51670.10,51791.50,20771.590
2024-02-18T20:00:00,51791.60,52450.00,51616.50,52175.90,41040.128
2024-02-19T00:00:00,52175.90,52490.00,51933.10,52104.00,25668.051
2024-02-19T04:00:00,52104.00,52532.90,52023.40,52423.90,30265.979
2024-02-19T08:00:00,52424.00,52495.00,52088.70,52375.90,30014.308
2024-02-19T12:00:00,52375.90,52509.10,52051.00,52157.50,37244.590
2024-02-19T16:00:00,52157.50,52270.00,51688.80,51851.60,49343.040
2024-02-19T20:00:00,51851.60,52148.60,51722.00,51813.80,23852.010
2024-02-20T00:00:00,51813.70,51872.20,51330.50,51608.90,35595.672
2024-02-20T04:00:00,51608.80,52077.00,51533.10,51869.20,24747.893
2024-02-20T08:00:00,51869.20,52443.70,51584.90,52325.80,54336.122
2024-02-20T12:00:00,52325.90,53090.90,51367.60,51712.70,151276.089
2024-02-20T16:00:00,51712.70,52166.20,50788.00,52131.30,82490.556
2024-02-20T20:00:00,52131.20,52561.80,51918.00,52297.40,40466.732
2024-02-21T00:00:00,52297.30,52402.30,52021.00,52042.50,18699.387
2024-02-21T04:00:00,52042.40,52155.10,51510.00,51599.90,35816.397
2024-02-21T08:00:00,51599.90,51835.60,50826.20,50988.10,71637.392
2024-02-21T12:00:00,50988.20,51468.00,50528.40,51183.70,85217.852
2024-02-21T16:00:00,51183.60,51459.50,50663.00,51082.00,52037.079
2024-02-21T20:00:00,51081.90,51991.20,50884.30,51877.80,44719.194
2024-02-22T00:00:00,51877.90,51911.60,51176.80,51612.10,31802.892
2024-02-22T04:00:00,51612.10,51949.10,51376.70,51860.60,29514.518
2024-02-22T08:00:00,51860.60,52078.00,51555.70,51659.20,38151.534
2024-02-22T12:00:00,51659.10,51766.00,50967.50,51630.00,65259.700
2024-02-22T16:00:00,51630.00,51785.80,51424.00,51547.00,29668.492
2024-02-22T20:00:00,51546.90,52130.80,51203.70,51316.90,49747.511
2024-02-23T00:00:00,51316.90,51576.30,50989.90,51129.70,28843.394
2024-02-23T04:00:00,51129.80,51352.60,50900.20,50952.30,26692.668
2024-02-23T08:00:00,50952.30,51300.00,50862.30,51254.10,33220.181
2024-02-23T12:00:00,51254.10,51372.30,50804.40,50938.10,57952.033
2024-02-23T16:00:00,50938.20,51228.60,50652.90,51131.00,40579.172
2024-02-23T20:00:00,51130.90,51187.60,50512.70,50771.90,28187.114
2024-02-24T00:00:00,50771.90,50934.90,50611.40,50878.20,19923.319
2024-02-24T04:00:00,50878.20,51133.30,50856.10,51099.80,15404.691
2024-02-24T08:00:00,51099.80,51195.00,50965.00,51151.90,11282.592
2024-02-24T12:00:00,51151.80,51204.20,51053.30,51124.60,10274.880
2024-02-24T16:00:00,51124.70,51736.60,51117.10,51590.00,35543.963
2024-02-24T20:00:00,51589.90,51712.50,51474.40,51602.10,12515.012
2024-02-25T00:00:00,51602.10,51949.80,51465.50,51654.20,23934.575
2024-02-25T04:00:00,51654.10,51853.20,51530.30,51756.80,13597.975
2024-02-25T08:00:00,51756.90,51817.00,51550.00,51672.30,13141.489
2024-02-25T12:00:00,51672.30,51828.40,51465.00,51547.80,20815.578
2024-02-25T16:00:00,51547.90,51780.00,51300.40,51708.00,24842.382
2024-02-25T20:00:00,51707.90,52050.00,51681.30,51764.90,25845.261
2024-02-26T00:00:00,51764.90,51846.10,51431.00,51596.10,17085.810
2024-02-26T04:00:00,51596.10,51645.00,51320.00,51327.50,13813.271
2024-02-26T08:00:00,51327.50,51429.10,50922.50,51126.40,38647.704
2024-02-26T12:00:00,51126.30,52885.50,50990.00,52872.30,99983.070
2024-02-26T16:00:00,52872.20,54599.90,52777.20,54531.30,155069.110
2024-02-26T20:00:00,54531.20,54991.80,54321.00,54511.60,68867.266
2024-02-27T00:00:00,54511.70,57780.00,54495.00,55774.30,144626.561
2024-02-27T04:00:00,55773.10,56497.00,55655.00,56100.00,56194.932
2024-02-27T08:00:00,56100.10,56879.90,56075.60,56581.40,49250.279
2024-02-27T12:00:00,56581.40,57494.30,56501.90,56775.00,134488.874
2024-02-27T16:00:00,56775.10,57679.50,56231.00,57390.70,85549.812
2024-02-27T20:00:00,57390.70,57415.40,56625.30,57074.50,41365.077
2024-02-28T00:00:00,57074.50,57150.40,56730.10,56963.30,19741.359
2024-02-28T04:00:00,56963.30,58472.80,56932.20,58300.00,61816.050
2024-02-28T08:00:00,58299.90,59589.00,58226.90,58997.40,171926.592
2024-02-28T12:00:00,58997.40,61437.40,58940.80,61000.00,230822.903
2024-02-28T16:00:00,61000.00,64300.00,59000.00,61032.80,422227.200
2024-02-28T20:00:00,61032.80,62710.00,59840.50,62487.90,103584.338
2024-02-29T00:00:00,62487.90,62508.40,61105.20,61638.60,67555.583
2024-02-29T04:00:00,61638.60,63762.80,61408.30,62761.50,104934.082
2024-02-29T08:00:00,62761.60,63460.80,62151.10,63019.80,74702.902
2024-02-29T12:00:00,63019.80,63599.90,62050.00,62809.10,104765.172
2024-02-29T16:00:00,62809.10,62952.40,60452.00,61681.80,150952.986
2024-02-29T20:00:00,61681.70,62345.70,60619.70,61203.30,81803.158
2024-03-01T00:00:00,61203.30,61842.20,60844.80,61183.40,34861.575
2024-03-01T04:00:00,61183.40,61856.70,61135.00,61485.80,30538.809
2024-03-01T08:00:00,61485.90,62332.00,61385.50,61927.70,41673.153
2024-03-01T12:00:00,61927.70,62750.00,61200.00,61335.30,78663.840
2024-03-01T16:00:00,61335.40,62556.30,61312.10,62270.50,54171.773
2024-03-01T20:00:00,62270.50,63199.00,62270.50,62430.60,59322.677
2024-03-02T00:00:00,62430.60,62513.10,62004.00,62374.30,28442.554
2024-03-02T04:00:00,62374.40,62380.00,61820.00,62071.90,30783.238
2024-03-02T08:00:00,62071.90,62217.70,61711.50,61900.00,28774.711
2024-03-02T12:00:00,61900.00,62248.20,61605.00,61834.50,34361.163
2024-03-02T16:00:00,61834.50,62189.60,61700.00,62185.30,16953.447
2024-03-02T20:00:00,62185.30,62276.60,61720.00,62039.90,19968.516
2024-03-03T00:00:00,62039.90,62072.40,61700.00,61997.10,15651.137
2024-03-03T04:00:00,61997.10,62181.20,61339.50,61641.00,34331.807
2024-03-03T08:00:00,61641.00,61963.00,61452.30,61900.00,24394.336
2024-03-03T12:00:00,61900.00,62720.00,61885.60,62210.70,54827.945
2024-03-03T16:00:00,62210.80,63079.00,62141.00,62797.10,39358.189
2024-03-03T20:00:00,62797.10,63330.90,62639.00,63178.50,31749.089
2024-03-04T00:00:00,63178.50,64429.30,62299.00,63523.90,106338.610
2024-03-04T04:00:00,63524.00,64390.20,63249.10,64120.60,37940.673
2024-03-04T08:00:00,64120.60,65717.40,64078.20,65314.00,115160.424
2024-03-04T12:00:00,65313.90,66666.60,64566.30,66505.40,119953.810
2024-03-04T16:00:00,66505.40,67648.60,66100.00,67483.20,139133.923
2024-03-04T20:00:00,67483.20,68600.00,66813.10,68296.40,114354.704
2024-03-05T00:00:00,68296.50,68824.70,67616.20,68203.80,79528.678
2024-03-05T04:00:00,68203.70,68484.50,65021.10,66223.80,124817.283
2024-03-05T08:00:00,66223.80,67290.30,65600.00,66749.00,71036.114
2024-03-05T12:00:00,66749.10,69350.00,66484.00,66841.30,197493.725
2024-03-05T16:00:00,66839.80,67096.50,59112.00,61510.20,379422.284
2024-03-05T20:00:00,61497.30,64393.90,61202.30,63747.40,200727.048
2024-03-06T00:00:00,63747.50,64186.00,62829.30,63323.60,54565.237
2024-03-06T04:00:00,63323.60,66846.60,63313.30,66759.40,108137.773
2024-03-06T08:00:00,66759.30,67729.50,66117.40,67383.90,94868.205
2024-03-06T12:00:00,67383.90,67689.80,64615.50,66541.30,173035.007
2024-03-06T16:00:00,66541.30,67570.00,66275.00,66803.50,63884.768
2024-03-06T20:00:00,66803.50,67425.20,65750.60,66128.10,39520.823
2024-03-07T00:00:00,66128.00,66539.00,65609.30,65914.90,35529.364
2024-03-07T04:00:00,65915.00,66536.10,65702.80,66447.80,35034.810
2024-03-07T08:00:00,66447.80,67350.00,66404.20,66974.90,48238.410
2024-03-07T12:00:00,66975.00,67994.00,66588.00,67317.10,84112.593
2024-03-07T16:00:00,67317.20,68101.30,67068.50,67559.30,56791.611
2024-03-07T20:00:00,67559.40,67974.80,66852.10,66870.00,36386.000
2024-03-08T00:00:00,66870.00,67339.60,66800.00,67219.90,23836.852
2024-03-08T04:00:00,67220.00,67719.30,66818.10,67308.50,27850.418
2024-03-08T08:00:00,67308.50,67838.00,67093.00,67822.00,27365.479
2024-03-08T12:00:00,67821.50,70330.80,67219.40,67685.80,168389.285
2024-03-08T16:00:00,67685.80,68922.00,66120.00,68922.00,152017.882
2024-03-08T20:00:00,68921.90,69447.00,67820.00,68180.20,59927.291
2024-03-09T00:00:00,68180.20,68343.90,67908.70,68297.10,17481.310
2024-03-09T04:00:00,68297.20,68608.70,68179.30,68336.30,15255.702
2024-03-09T08:00:00,68336.30,68530.50,67996.00,68360.30,22150.292
2024-03-09T12:00:00,68360.30,68580.00,68125.40,68341.60,18353.712
2024-03-09T16:00:00,68341.50,68391.80,68050.00,68255.00,12015.249
2024-03-09T20:00:00,68255.00,68497.80,68254.90,68360.10,9642.740
2024-03-10T00:00:00,68360.20,69344.00,68262.50,69208.10,44236.817
2024-03-10T04:00:00,69208.00,69780.00,69099.10,69430.00,30333.559
2024-03-10T08:00:00,69429.90,69999.80,69227.30,69639.50,47002.381
2024-03-10T12:00:00,69639.60,69937.70,68672.90,69254.70,50095.129
2024-03-10T16:00:00,69254.60,69845.90,69168.90,69465.00,23895.198
2024-03-10T20:00:00,69465.10,69522.70,68155.00,69001.80,38033.439
2024-03-11T00:00:00,69001.80,69016.30,67000.00,68657.40,69458.296
2024-03-11T04:00:00,68657.40,71537.70,68502.40,71223.80,114734.582
2024-03-11T08:00:00,71223.90,72346.30,71211.50,71558.60,97544.481
2024-03-11T12:00:00,71558.60,72772.50,71405.20,72061.40,98754.823
2024-03-11T16:00:00,72061.30,72890.00,71800.00,72041.30,63972.169
2024-03-11T20:00:00,72041.30,72850.00,71884.70,72153.80,29932.546
2024-03-12T00:00:00,72153.90,72571.00,71300.00,71673.40,37698.804
2024-03-12T04:00:00,71673.30,72425.00,71342.00,72175.50,45975.945
2024-03-12T08:00:00,72175.60,72461.40,71438.50,72098.70,39679.087
2024-03-12T12:00:00,72098.70,73370.00,70777.70,71779.20,129025.702
2024-03-12T16:00:00,71779.20,71910.00,68600.00,71403.10,182962.502
2024-03-12T20:00:00,71403.00,71623.30,70623.80,71503.20,36730.291
2024-03-13T00:00:00,71503.30,72300.00,71388.10,72135.80,30308.014
2024-03-13T04:00:00,72135.80,73311.70,71990.00,72964.00,48978.929
2024-03-13T08:00:00,72964.10,73755.00,72934.10,73149.90,50161.327
2024-03-13T12:00:00,73149.80,73276.90,71671.10,72670.20,97371.457
2024-03-13T16:00:00,72670.20,73421.60,72410.60,73399.90,39746.775
2024-03-13T20:00:00,73399.90,73485.10,72883.20,73127.60,21879.836
2024-03-14T00:00:00,73127.60,73385.00,72540.50,73333.30,26763.274
2024-03-14T04:00:00,73333.30,73881.40,72720.00,73280.70,54976.316
2024-03-14T08:00:00,73280.70,73598.00,72678.00,72939.40,34164.114
2024-03-14T12:00:00,72939.40,73115.50,70563.00,70904.50,145808.719
2024-03-14T16:00:00,70904.50,71548.00,68600.00,69500.40,179635.464
2024-03-14T20:00:00,69500.40,71785.00,69392.10,71455.50,72553.350
2024-03-15T00:00:00,71455.60,72500.00,66660.10,68266.00,183221.843
2024-03-15T04:00:00,68266.00,68910.50,66905.00,68487.40,112860.506
2024-03-15T08:00:00,68487.40,68665.50,65580.00,67818.30,161336.026
2024-03-15T12:00:00,67818.30,68777.00,67444.90,68199.20,74867.568
2024-03-15T16:00:00,68199.20,70715.90,67568.00,69003.00,108426.144
2024-03-15T20:00:00,69002.90,69813.60,67420.00,69552.20,65098.598
2024-03-16T00:00:00,69552.10,70097.60,68967.10,69247.60,36440.378
2024-03-16T04:00:00,69247.60,69527.60,68646.00,69490.20,25526.924
2024-03-16T08:00:00,69490.20,69490.20,67739.60,68300.10,43345.593
2024-03-16T12:00:00,68300.00,68557.60,67576.00,68431.80,47936.852
2024-03-16T16:00:00,68431.90,68477.00,66700.00,66969.10,75874.402
2024-03-16T20:00:00,66969.10,67600.00,64750.00,65351.00,104301.980
2024-03-17T00:00:00,65351.00,66630.70,65166.60,66574.40,54153.223
2024-03-17T04:00:00,66574.50,66600.00,64559.80,65681.20,70177.078
2024-03-17T08:00:00,65681.10,67600.00,65333.00,67015.00,66619.301
2024-03-17T12:00:00,67014.90,68199.00,66500.00,68009.80,57971.821
2024-03-17T16:00:00,68009.90,68757.10,67812.20,68575.50,36619.508
2024-03-17T20:00:00,68575.50,68972.40,68001.60,68447.90,29349.378
2024-03-18T00:00:00,68447.90,68486.60,66814.60,68038.10,53949.744
2024-03-18T04:00:00,68038.10,69044.40,67760.10,68262.90,37297.925
2024-03-18T08:00:00,68262.90,68557.90,67350.60,68307.70,45501.817
2024-03-18T12:00:00,68307.60,68685.30,66658.00,67509.20,93123.928
2024-03-18T16:00:00,67509.20,68140.00,66601.60,66985.70,60098.513
2024-03-18T20:00:00,66985.80,68054.90,66985.80,67660.00,27913.989
2024-03-19T00:00:00,67660.00,68178.60,64893.10,65930.50,118043.870
2024-03-19T04:00:00,65930.40,66044.00,63625.00,64742.10,114699.638
2024-03-19T08:00:00,64742.10,64750.00,62545.00,63137.10,148646.191
2024-03-19T12:00:00,63137.10,64198.70,62412.10,64084.00,120209.988
2024-03-19T16:00:00,64084.10,65802.80,64003.00,64435.00,107528.517
2024-03-19T20:00:00,64435.00,64549.20,61582.80,61974.10,91338.591
2024-03-20T00:00:00,61974.10,63544.10,61661.70,61894.80,101026.897
2024-03-20T04:00:00,61896.30,63248.80,60800.00,62995.10,111380.629
2024-03-20T08:00:00,62995.10,64010.00,62676.60,63432.00,70517.139
2024-03-20T12:00:00,63432.00,64450.00,63113.60,63649.00,93735.674
2024-03-20T16:00:00,63648.90,66062.40,62057.70,65821.60,160980.964
2024-03-20T20:00:00,65821.60,68140.00,65692.30,67876.40,99721.162
2024-03-21T00:00:00,67876.40,68293.90,66400.40,66707.80,56126.971
2024-03-21T04:00:00,66707.80,67384.60,66129.00,67031.80,51815.644
2024-03-21T08:00:00,67031.80,67716.60,66695.60,67082.30,40706.816
2024-03-21T12:00:00,67082.30,67774.30,66105.80,66601.60,72640.997
2024-03-21T16:00:00,66601.60,67066.60,64924.60,65276.00,75882.498
2024-03-21T20:00:00,65274.30,66000.00,64550.10,65539.90,50045.459
2024-03-22T00:00:00,65539.90,66200.00,65163.00,66017.80,39257.301
2024-03-22T04:00:00,66017.80,66691.90,65801.40,66223.40,28624.153
2024-03-22T08:00:00,66223.30,66413.00,64102.00,64268.00,64282.856
2024-03-22T12:00:00,64268.10,64729.10,62614.50,63920.00,142184.833
2024-03-22T16:00:00,63920.00,64168.00,62794.60,63907.20,67901.638
2024-03-22T20:00:00,63907.40,64017.10,62294.00,63826.00,58898.552
2024-03-23T00:00:00,63826.10,64418.00,63020.20,63592.00,45171.862
2024-03-23T04:00:00,63592.00,64887.60,63537.80,64606.50,38575.356
2024-03-23T08:00:00,64606.60,64875.20,64221.30,64674.90,30575.575
2024-03-23T12:00:00,64674.80,65473.80,64320.00,65147.50,50015.088
2024-03-23T16:00:00,65147.40,66050.00,64823.50,64917.90,46298.247
2024-03-23T20:00:00,64918.00,65245.30,63861.90,64020.30,28487.872
2024-03-24T00:00:00,64020.40,64770.30,63951.70,64007.60,26955.583
2024-03-24T04:00:00,64008.10,64633.60,63822.00,64624.60,26527.085
2024-03-24T08:00:00,64624.60,65432.90,64511.90,65371.90,38847.042
2024-03-24T12:00:00,65371.90,65974.70,65224.70,65718.60,42167.269
2024-03-24T16:00:00,65718.60,66127.00,64635.00,65886.80,54566.413
2024-03-24T20:00:00,65886.80,67700.00,65777.30,67260.90,55116.043
2024-03-25T00:00:00,67260.90,67409.60,66427.60,67407.80,38631.742
2024-03-25T04:00:00,67407.80,67780.00,66744.00,66866.60,38989.057
2024-03-25T08:00:00,66866.50,67388.30,66784.20,66855.90,29696.402
2024-03-25T12:00:00,66855.10,70108.10,66825.50,69844.60,140201.921
2024-03-25T16:00:00,69844.50,71063.60,69505.80,71019.60,87615.027
2024-03-25T20:00:00,71019.60,71228.30,69608.90,69920.50,60022.042
2024-03-26T00:00:00,69920.60,70679.00,69782.20,70473.80,30683.177
2024-03-26T04:00:00,70473.70,71649.00,70302.40,70535.00,50356.280
2024-03-26T08:00:00,70535.00,71340.80,70295.90,70734.20,44137.268
2024-03-26T12:00:00,70734.10,71200.00,69320.00,70307.10,101981.595
2024-03-26T16:00:00,70307.00,70580.00,69465.20,69523.30,54669.999
2024-03-26T20:00:00,69523.20,70368.00,69420.00,70044.10,26032.797
2024-03-27T00:00:00,70044.20,70799.30,69888.00,70445.10,35628.422
2024-03-27T04:00:00,70445.20,70650.00,69690.10,69798.80,31346.500
2024-03-27T08:00:00,69797.50,70436.60,69466.40,70290.30,38869.095
2024-03-27T12:00:00,70290.20,71888.00,68551.00,68922.00,202602.158
2024-03-27T16:00:00,68922.10,69487.80,68364.80,68707.80,69700.950
2024-03-27T20:00:00,68707.70,69703.70,68677.20,69532.60,29139.449
2024-03-28T00:00:00,69532.60,70081.90,68941.00,69349.30,31861.746
2024-03-28T04:00:00,69349.30,70564.00,69333.00,70456.80,37488.507
2024-03-28T08:00:00,70457.00,71050.00,70344.90,70707.70,42713.479
2024-03-28T12:00:00,70707.70,71636.20,70411.00,71335.10,78369.544
2024-03-28T16:00:00,71335.20,71381.40,70455.60,70837.10,33522.126
2024-03-28T20:00:00,70837.10,71138.00,70592.30,70838.70,18015.420
2024-03-29T00:00:00,70838.80,70976.90,70335.10,70491.80,18384.635
2024-03-29T04:00:00,70491.70,70598.50,69801.90,69855.60,30990.097
2024-03-29T08:00:00,69855.60,70379.90,69612.80,70182.90,36337.211
2024-03-29T12:00:00,70183.00,70704.80,69000.00,69240.10,60730.386
2024-03-29T16:00:00,69240.40,69734.60,69125.40,69720.60,26131.250
2024-03-29T20:00:00,69720.50,69970.10,69327.00,69903.60,15397.262
2024-03-30T00:00:00,69903.60,70245.00,69753.30,69836.80,17158.879
2024-03-30T04:00:00,69836.80,70388.00,69805.10,69900.10,18320.399
2024-03-30T08:00:00,69900.20,70254.70,69872.30,70237.10,14184.529
2024-03-30T12:00:00,70237.10,70328.00,69961.30,70064.90,13327.590
2024-03-30T16:00:00,70065.00,70373.80,69712.30,69944.70,16241.650
2024-03-30T20:00:00,69944.70,69959.00,69577.20,69642.10,11893.703
2024-03-31T00:00:00,69642.00,70224.20,69608.00,69980.80,16822.223
2024-03-31T04:00:00,69980.90,70555.60,69928.00,70366.50,19570.180
2024-03-31T08:00:00,70367.50,70549.50,70200.00,70442.60,12809.761
2024-03-31T12:00:00,70442.60,70824.00,70329.60,70446.20,25610.054
2024-03-31T16:00:00,70446.20,71383.20,70387.80,71135.10,33030.260
2024-03-31T20:00:00,71135.10,71495.50,70711.00,71363.00,24616.312
2024-04-01T00:00:00,71363.00,71388.00,70588.00,70650.10,21815.323
2024-04-01T04:00:00,70650.00,70727.20,68895.50,69637.00,70969.124
2024-04-01T08:00:00,69637.00,69868.90,69222.00,69520.40,29105.420
2024-04-01T12:00:00,69520.40,70145.00,68210.00,68281.00,83634.103
2024-04-01T16:00:00,68280.90,69866.10,68103.30,69682.10,53164.149
2024-04-01T20:00:00,69682.20,69949.00,69361.00,69700.00,24124.007
2024-04-02T00:00:00,69700.00,69731.60,65600.00,66734.10,118225.311
2024-04-02T04:00:00,66734.10,67157.00,66150.00,66503.30,55086.316
2024-04-02T08:00:00,66503.40,66748.00,65108.00,65684.20,101124.889
2024-04-02T12:00:00,65684.20,66289.00,64650.00,64928.30,121001.846
2024-04-02T16:00:00,64928.20,66225.20,64603.20,65946.80,70323.338
2024-04-02T20:00:00,65946.80,66147.10,65223.30,65505.30,33279.872
2024-04-03T00:00:00,65502.40,66341.80,64500.00,66252.20,60445.956
2024-04-03T04:00:00,66252.20,66550.00,65955.00,66181.10,31478.147
2024-04-03T08:00:00,66181.20,66696.50,65555.00,66094.30,47333.798
2024-04-03T12:00:00,66094.20,66940.00,65661.00,65873.90,67186.665
2024-04-03T16:00:00,65873.90,66624.00,65451.10,65798.80,45312.020
2024-04-03T20:00:00,65798.80,66324.00,65500.10,65971.90,23284.644
2024-04-04T00:00:00,65971.80,66375.80,65451.30,65637.20,30274.072
2024-04-04T04:00:00,65637.20,66307.00,65100.00,66104.80,39140.486
2024-04-04T08:00:00,66104.70,66500.00,66036.00,66361.50,24461.347
2024-04-04T12:00:00,66361.50,67916.00,66336.60,67631.80,75527.215
2024-04-04T16:00:00,67631.70,69329.70,67514.70,68484.00,97105.541
2024-04-04T20:00:00,68483.90,68581.00,67291.30,68489.90,59876.677
2024-04-05T00:00:00,68489.80,68787.10,67420.20,67885.40,37413.887
2024-04-05T04:00:00,67885.50,68051.40,66376.00,66937.40,50688.326
2024-04-05T08:00:00,66937.40,67700.00,66388.40,66502.80,56234.546
2024-04-05T12:00:00,66502.80,68585.90,65966.00,68201.50,110822.813
2024-04-05T16:00:00,68200.00,68388.10,67326.60,67400.00,41415.268
2024-04-05T20:00:00,67400.00,67977.00,67333.30,67825.70,16972.453
2024-04-06T00:00:00,67825.80,68074.80,67450.00,67793.30,18480.422
2024-04-06T04:00:00,67793.40,68240.10,67601.00,67985.10,17391.704
2024-04-06T08:00:00,67985.10,68129.00,67610.00,67655.00,15249.245
2024-04-06T12:00:00,67654.90,68320.00,67525.00,68094.00,21939.242
2024-04-06T16:00:00,68094.00,68490.10,67923.40,68259.50,18317.958
2024-04-06T20:00:00,68259.40,69708.00,68158.50,68901.60,35965.155
2024-04-07T00:00:00,68901.50,69800.00,68820.60,69402.10,30693.366
2024-04-07T04:00:00,69402.20,69499.50,69055.10,69367.40,17331.856
2024-04-07T08:00:00,69367.30,69579.20,69198.30,69366.10,15464.263
2024-04-07T12:00:00,69366.20,69921.30,69215.10,69567.90,33660.142
2024-04-07T16:00:00,69567.90,70395.00,68881.30,69089.90,54047.410
2024-04-07T20:00:00,69090.00,69492.90,68900.90,69362.70,20586.399
2024-04-08T00:00:00,69362.70,69898.00,69040.40,69484.90,26553.497
2024-04-08T04:00:00,69485.00,70917.00,69296.60,70745.40,40704.221
2024-04-08T08:00:00,70745.40,72753.60,70677.60,72472.60,110069.526
2024-04-08T12:00:00,72472.60,72890.40,71276.00,71815.70,70417.438
2024-04-08T16:00:00,71815.70,72171.60,71338.30,71807.20,34303.610
2024-04-08T20:00:00,71807.30,72077.30,71552.50,71678.40,15189.157
2024-04-09T00:00:00,71678.30,71820.60,70900.00,71339.00,33623.357
2024-04-09T04:00:00,71339.00,71399.90,70160.00,70444.00,48492.765
2024-04-09T08:00:00,70444.10,70961.00,69536.80,70858.30,66018.368
2024-04-09T12:00:00,70858.20,71048.30,68538.00,69322.80,113450.195
2024-04-09T16:00:00,69322.80,69369.90,68216.00,69049.70,54110.638
2024-04-09T20:00:00,69049.60,69473.40,68913.20,69189.30,18364.080
2024-04-10T00:00:00,69189.20,69650.00,68514.00,69193.10,38460.266
2024-04-10T04:00:00,69193.20,69564.00,69049.00,69381.60,19061.143
2024-04-10T08:00:00,69381.60,69381.60,68662.70,69094.70,32864.250
2024-04-10T12:00:00,69094.80,69275.10,67546.20,68687.90,125630.717
2024-04-10T16:00:00,68688.00,70130.00,68585.00,70121.00,71230.063
2024-04-10T20:00:00,70120.30,71412.20,69613.40,70681.70,50528.317
2024-04-11T00:00:00,70681.80,71128.80,70340.00,70900.50,25776.252
2024-04-11T04:00:00,70900.50,71387.40,70421.00,70789.10,32669.624
2024-04-11T08:00:00,70789.10,71337.80,69921.10,70043.30,45863.876
2024-04-11T12:00:00,70043.40,71160.00,69592.60,70045.90,96654.864
2024-04-11T16:00:00,70045.90,70577.70,69608.10,70491.40,34983.242
2024-04-11T20:00:00,70491.30,70806.40,69800.00,70055.70,20246.295
2024-04-12T00:00:00,70055.60,71071.40,70044.40,71034.30,28772.522
2024-04-12T04:00:00,71034.30,71297.00,70633.60,70825.90,25196.369
2024-04-12T08:00:00,70825.90,71038.90,70552.90,70950.90,21288.038
2024-04-12T12:00:00,70950.90,71028.00,69267.00,69374.10,82025.367
2024-04-12T16:00:00,69374.00,69626.70,65102.00,66867.50,220063.110
2024-04-12T20:00:00,66867.60,67498.70,66695.10,67136.40,38182.743
2024-04-13T00:00:00,67136.40,67200.00,65754.60,67188.40,55177.302
2024-04-13T04:00:00,67188.50,67975.40,67039.30,67466.10,42109.713
2024-04-13T08:00:00,67466.10,67842.90,67116.90,67377.00,23444.783
2024-04-13T12:00:00,67377.10,67954.00,67175.00,67683.20,29542.422
2024-04-13T16:00:00,67683.20,67770.00,63530.00,64779.10,107653.080
2024-04-13T20:00:00,64779.10,65667.70,59652.50,63939.70,257077.903
2024-04-14T00:00:00,63939.70,64297.10,62139.30,63428.70,88650.039
2024-04-14T04:00:00,63428.50,64869.00,63383.30,64449.90,50112.447
2024-04-14T08:00:00,64449.90,64891.60,63850.00,64150.20,40232.475
2024-04-14T12:00:00,64150.20,64846.10,63428.60,64163.30,59925.363
2024-04-14T16:00:00,64163.30,64733.00,62550.00,64146.00,92113.232
2024-04-14T20:00:00,64146.00,65822.10,63300.00,65615.90,64736.577
2024-04-15T00:00:00,65615.90,65842.80,64903.10,65107.90,35393.543
2024-04-15T04:00:00,65108.00,66550.00,64649.20,66224.80,53589.263
2024-04-15T08:00:00,66224.90,66874.90,65801.00,65848.60,41279.881
2024-04-15T12:00:00,65848.60,66369.70,63800.00,64552.80,94952.165
2024-04-15T16:00:00,64552.60,64848.80,62242.50,63269.90,113636.279
2024-04-15T20:00:00,63269.90,63610.30,62606.00,63392.70,42681.094
2024-04-16T00:00:00,63392.80,63879.60,62711.00,62937.60,43701.669
2024-04-16T04:00:00,62937.60,63786.30,61651.80,63487.90,68412.564
2024-04-16T08:00:00,63488.00,63646.90,61521.00,63064.60,80931.579
2024-04-16T12:00:00,63064.60,63399.70,61704.70,61749.20,98458.370
2024-04-16T16:00:00,61749.20,63277.10,61680.00,62691.00,73768.751
2024-04-16T20:00:00,62690.90,64356.30,62519.30,63765.00,40658.506
2024-04-17T00:00:00,63764.90,64283.30,63541.70,63806.00,28336.977
2024-04-17T04:00:00,63806.10,64483.30,63170.50,63260.80,36161.176
2024-04-17T08:00:00,63260.70,63562.70,62490.00,62576.90,41805.835
2024-04-17T12:00:00,62576.80,62957.20,59713.20,60272.00,180202.594
2024-04-17T16:00:00,60274.00,61938.00,59625.00,60997.20,122038.404
2024-04-17T20:00:00,60997.10,61743.70,60741.30,61254.50,35488.006
2024-04-18T00:00:00,61254.50,62194.80,60900.00,61953.50,39391.280
2024-04-18T04:00:00,61953.60,62048.00,60763.80,61154.70,45077.119
2024-04-18T08:00:00,61154.60,63049.90,60824.20,62563.00,60982.513
2024-04-18T12:00:00,62563.00,64100.00,61558.00,63474.00,118803.773
2024-04-18T16:00:00,63473.90,63857.50,62268.40,63438.00,68984.116
2024-04-18T20:00:00,63437.30,63815.60,63123.30,63445.00,30063.593
2024-04-19T00:00:00,63445.00,63449.90,59541.00,61757.10,162327.211
2024-04-19T04:00:00,61757.10,65189.00,61701.30,64519.60,132400.625
2024-04-19T08:00:00,64519.50,65480.00,64088.10,64839.80,79968.568
2024-04-19T12:00:00,64839.80,65420.50,63779.70,64417.70,83821.582
2024-04-19T16:00:00,64417.60,64823.60,63477.50,64307.20,67738.532
2024-04-19T20:00:00,64307.20,64478.80,62910.00,63787.40,48007.540
2024-04-20T00:00:00,63787.40,64236.20,63045.10,63931.80,41252.775
2024-04-20T04:00:00,63931.80,64244.00,63779.90,63937.90,19125.163
2024-04-20T08:00:00,63938.00,63967.20,63244.00,63688.70,35323.020
2024-04-20T12:00:00,63688.70,64940.00,63537.30,64771.00,33816.236
2024-04-20T16:00:00,64771.00,65400.00,64421.80,64834.70,50097.196
2024-04-20T20:00:00,64834.80,65013.00,64513.10,64897.20,17527.872
2024-04-21T00:00:00,64897.20,65678.70,64570.50,65131.20,30568.361
2024-04-21T04:00:00,65131.30,65216.30,64803.10,65109.80,17902.665
2024-04-21T08:00:00,65109.80,65425.00,64728.30,65203.50,25335.640
2024-04-21T12:00:00,65203.50,65362.30,64743.70,65015.00,24230.119
2024-04-21T16:00:00,65014.90,65068.70,64214.20,64506.90,37769.782
2024-04-21T20:00:00,64507.00,65242.00,64322.70,64912.60,24727.381
2024-04-22T00:00:00,64912.70,66101.00,64470.50,65677.60,56789.099
2024-04-22T04:00:00,65677.50,66449.00,65466.60,65943.70,41069.709
2024-04-22T08:00:00,65943.80,66180.00,65664.60,65856.20,23493.116
2024-04-22T12:00:00,65856.10,66449.00,65600.70,65966.80,49814.265
2024-04-22T16:00:00,65966.80,66819.60,65866.80,66495.60,43140.787
2024-04-22T20:00:00,66495.60,67222.00,66300.10,66778.00,31961.435
2024-04-23T00:00:00,66777.90,67158.90,66383.50,66410.10,25070.758
2024-04-23T04:00:00,66410.00,66627.60,65988.00,66079.90,27576.254
2024-04-23T08:00:00,66079.90,66297.00,65812.00,66023.50,24977.278
2024-04-23T12:00:00,66023.50,67099.70,65750.00,66393.20,59203.747
2024-04-23T16:00:00,66393.20,66887.00,66311.40,66456.00,22329.169
2024-04-23T20:00:00,66455.90,66457.10,65924.70,66386.30,19508.358
2024-04-24T00:00:00,66386.20,66869.80,66347.20,66585.70,18340.202
2024-04-24T04:00:00,66585.80,67068.20,66520.80,66588.90,23285.043
2024-04-24T08:00:00,66588.90,66721.70,66172.00,66550.70,24802.818
2024-04-24T12:00:00,66550.70,66711.90,64489.70,64594.00,103026.913
2024-04-24T16:00:00,64593.50,65122.00,63695.00,63960.90,71058.223
2024-04-24T20:00:00,63960.80,64426.60,63575.00,64250.00,40031.862
2024-04-25T00:00:00,64250.00,64713.60,63823.20,64260.00,29118.115
2024-04-25T04:00:00,64259.90,64377.10,63800.00,63996.10,23629.633
2024-04-25T08:00:00,63996.20,64180.00,63300.00,63826.90,47523.366
2024-04-25T12:00:00,63827.00,64316.50,62721.30,64091.70,92249.687
2024-04-25T16:00:00,64091.60,64995.70,63934.00,64721.50,52582.241
2024-04-25T20:00:00,64721.60,65270.60,64413.40,64478.80,30108.020
2024-04-26T00:00:00,64478.80,64649.70,63844.00,64359.70,32749.047
2024-04-26T04:00:00,64359.60,64590.30,63992.60,64236.60,22324.933
2024-04-26T08:00:00,64236.70,64544.80,64031.50,64213.60,20015.817
2024-04-26T12:00:00,64213.60,64783.10,63325.00,63481.30,81303.560
2024-04-26T16:00:00,63481.20,64156.00,63291.50,63723.60,32853.541
2024-04-26T20:00:00,63723.60,64097.40,63648.60,63748.80,12902.915
2024-04-27T00:00:00,63748.70,63901.40,62332.80,63047.20,59693.740
2024-04-27T04:00:00,63047.20,63157.60,62760.70,62944.30,17253.027
2024-04-27T08:00:00,62944.30,63044.60,62650.00,62834.50,14504.338
2024-04-27T12:00:00,62834.40,63390.80,62780.30,62928.40,23358.700
2024-04-27T16:00:00,62928.30,63624.40,62700.20,63329.80,39059.005
2024-04-27T20:00:00,63329.90,63532.60,63115.00,63421.00,13480.299
2024-04-28T00:00:00,63420.90,64350.00,63420.90,63989.80,28362.952
2024-04-28T04:00:00,63989.90,64041.40,63760.90,63883.10,14698.248
2024-04-28T08:00:00,63883.20,63954.60,63230.70,63459.10,21213.117
2024-04-28T12:00:00,63459.00,63832.00,63385.10,63508.60,17692.993
2024-04-28T16:00:00,63508.50,63973.90,63446.20,63688.90,14380.740
2024-04-28T20:00:00,63688.90,63716.90,62700.00,63088.30,29708.101
2024-04-29T00:00:00,63088.40,63337.80,62056.10,62259.90,33929.947
2024-04-29T04:00:00,62259.90,62632.10,61888.00,62362.00,40103.763
2024-04-29T08:00:00,62362.10,62658.70,62150.00,62222.90,22955.752
2024-04-29T12:00:00,62222.60,63085.00,61726.20,63012.20,66488.045
2024-04-29T16:00:00,63012.20,63227.30,62511.10,62953.40,30356.738
2024-04-29T20:00:00,62953.40,64200.00,62787.60,63842.40,34576.918
2024-04-30T00:00:00,63842.40,64700.00,63075.90,63627.10,54356.874
2024-04-30T04:00:00,63627.10,63691.30,63050.00,63123.80,21881.930
2024-04-30T08:00:00,63123.70,63220.40,61000.00,61182.30,92748.254
2024-04-30T12:00:00,61182.30,61576.10,60517.60,60764.90,86741.926
2024-04-30T16:00:00,60764.90,60887.90,59150.00,59276.20,99188.100
2024-04-30T20:00:00,59276.10,61063.20,59256.60,60651.20,53830.619
2024-05-01T00:00:00,60651.20,60816.70,59555.00,60214.00,41842.441
2024-05-01T04:00:00,60214.00,60331.80,57030.00,57482.00,111582.926
2024-05-01T08:00:00,57482.00,57881.00,56537.70,57862.10,105319.627
2024-05-01T12:00:00,57862.20,58257.80,56651.20,56865.20,86671.022
2024-05-01T16:00:00,56865.30,59438.20,56600.00,56935.70,163355.410
2024-05-01T20:00:00,56935.70,58550.80,56729.00,58307.60,55336.974
2024-05-02T00:00:00,58307.70,58571.10,56951.60,57407.60,48642.413
2024-05-02T04:00:00,57407.70,57933.10,57175.40,57645.00,24643.195
2024-05-02T08:00:00,57645.00,58696.60,57542.40,58538.40,54335.416
2024-05-02T12:00:00,58538.50,59441.60,58186.70,59230.70,97124.360
2024-05-02T16:00:00,59230.80,59557.40,58895.60,59324.40,38379.928
2024-05-02T20:00:00,59324.50,59637.30,58594.40,59036.70,36103.990
2024-05-03T00:00:00,59036.70,59976.90,58781.30,59687.90,36797.051
2024-05-03T04:00:00,59687.90,59810.00,59031.50,59158.10,23719.982
2024-05-03T08:00:00,59158.10,59562.90,58818.20,59269.30,31556.268
2024-05-03T12:00:00,59269.40,62239.60,58970.50,61662.10,155671.882
2024-05-03T16:00:00,61662.20,62181.00,61497.60,62031.90,40812.563
2024-05-03T20:00:00,62031.90,63333.00,61931.10,62853.70,65048.713
2024-05-04T00:00:00,62853.70,63555.50,62520.00,62698.10,35544.126
2024-05-04T04:00:00,62698.00,63430.00,62652.50,62931.30,29638.413
2024-05-04T08:00:00,62931.40,64547.90,62888.00,63850.00,62488.680
2024-05-04T12:00:00,63850.00,64137.80,63424.00,63590.00,35808.475
2024-05-04T16:00:00,63590.10,64000.00,63278.10,63885.20,21209.796
2024-05-04T20:00:00,63885.20,64198.90,63503.10,63864.20,20515.709
2024-05-05T00:00:00,63864.30,64170.60,62833.00,63209.80,40066.159
2024-05-05T04:00:00,63209.80,63932.40,63067.30,63697.10,22134.259
2024-05-05T08:00:00,63697.10,63907.90,63505.70,63838.00,20907.752
2024-05-05T12:00:00,63838.10,64644.30,63588.70,64398.00,51798.380
2024-05-05T16:00:00,64398.10,64531.90,63756.00,63846.00,29615.387
2024-05-05T20:00:00,63846.00,64217.40,63520.30,63988.00,20973.716
2024-05-06T00:00:00,63987.90,64443.30,63666.00,63830.10,22429.192
2024-05-06T04:00:00,63830.00,64564.50,63738.90,64509.60,29368.823
2024-05-06T08:00:00,64509.50,65500.00,63779.10,64178.10,90546.106
2024-05-06T12:00:00,64178.10,64295.10,62900.00,63599.80,92005.477
2024-05-06T16:00:00,63599.90,63731.30,62655.30,63200.00,52386.835
2024-05-06T20:00:00,63199.90,63598.70,63025.00,63142.80,18373.634
2024-05-07T00:00:00,63142.70,63950.00,62805.60,63204.10,38286.024
2024-05-07T04:00:00,63204.10,63830.00,63056.80,63648.90,23770.021
2024-05-07T08:00:00,63648.90,64392.20,63313.20,63472.40,47888.360
2024-05-07T12:00:00,63472.40,64320.00,63001.00,63710.00,57889.868
2024-05-07T16:00:00,63710.10,63875.00,62758.10,63034.70,34222.559
2024-05-07T20:00:00,63034.70,63177.30,62203.60,62296.00,36917.814
2024-05-08T00:00:00,62296.00,62949.20,62055.00,62864.00,28153.491
2024-05-08T04:00:00,62864.00,62994.90,62036.10,62186.70,31663.880
2024-05-08T08:00:00,62186.70,62517.60,62005.80,62224.90,29263.081
2024-05-08T12:00:00,62224.90,62800.00,61736.70,62251.80,67533.185
2024-05-08T16:00:00,62251.90,62743.90,61902.80,62148.70,29625.538
2024-05-08T20:00:00,62148.60,62224.50,60843.60,61157.90,55412.404
2024-05-09T00:00:00,61157.90,61779.00,61113.00,61647.40,22040.640
2024-05-09T04:00:00,61647.50,61753.20,61087.00,61222.50,21456.884
2024-05-09T08:00:00,61222.50,61429.20,60550.00,61033.00,42557.014
2024-05-09T12:00:00,61033.00,62262.10,60846.70,62122.50,66846.839
2024-05-09T16:00:00,62122.50,62637.30,61707.80,62420.60,48794.861
2024-05-09T20:00:00,62420.60,63447.20,62312.30,63050.10,40755.064
2024-05-10T00:00:00,63050.00,63070.20,62633.20,62880.00,19493.079
2024-05-10T04:00:00,62880.00,63365.50,62638.30,63053.90,29665.211
2024-05-10T08:00:00,63053.80,63299.00,62758.70,63276.50,21952.047
2024-05-10T12:00:00,63276.50,63446.50,60645.30,60893.80,129675.576
2024-05-10T16:00:00,60893.70,61262.70,60117.40,60682.40,83338.902
2024-05-10T20:00:00,60682.40,60985.80,60416.60,60778.10,23090.145
2024-05-11T00:00:00,60778.00,61079.40,60617.00,60706.00,19987.403
2024-05-11T04:00:00,60706.00,61055.50,60680.40,60988.90,16168.856
2024-05-11T08:00:00,60989.00,61028.00,60432.60,60654.50,18892.240
2024-05-11T12:00:00,60654.60,61491.40,60602.60,61146.10,29790.488
2024-05-11T16:00:00,61146.10,61390.00,60976.80,61112.90,15661.949
2024-05-11T20:00:00,61113.00,61129.90,60720.30,60809.20,12793.851
2024-05-12T00:00:00,60809.20,61081.30,60778.00,60902.50,8957.244
2024-05-12T04:00:00,60902.60,61097.00,60557.30,60803.80,13680.716
2024-05-12T08:00:00,60803.80,61361.90,60757.70,61120.00,20279.049
2024-05-12T12:00:00,61120.10,61598.80,61050.00,61395.90,17168.030
2024-05-12T16:00:00,61395.90,61849.40,61158.30,61393.50,28818.414
2024-05-12T20:00:00,61393.40,61527.50,60870.00,61455.80,15140.444
2024-05-13T00:00:00,61455.70,61787.60,60750.00,61130.00,42993.269
2024-05-13T04:00:00,61130.00,62426.00,60757.60,62296.60,44748.278
2024-05-13T08:00:00,62296.50,63289.30,62296.50,62700.00,74300.067
2024-05-13T12:00:00,62699.90,63183.00,62400.00,62980.50,42598.003
2024-05-13T16:00:00,62981.20,63440.00,62540.20,63140.50,43073.508
2024-05-13T20:00:00,63139.60,63162.10,62683.50,62912.10,14213.948
2024-05-14T00:00:00,62912.20,63099.60,62377.20,62464.80,30244.783
2024-05-14T04:00:00,62464.80,62749.90,61373.20,62002.10,53110.693
2024-05-14T08:00:00,62002.00,62015.70,61492.80,61770.20,22566.352
2024-05-14T12:00:00,61770.20,62295.90,60950.00,61749.90,91131.328
2024-05-14T16:00:00,61750.00,61793.00,61116.60,61563.60,34540.720
2024-05-14T20:00:00,61563.60,61768.90,61444.60,61550.50,12751.398
2024-05-15T00:00:00,61550.50,61998.00,61316.10,61923.20,18643.623
2024-05-15T04:00:00,61923.20,62245.10,61783.20,62157.40,20302.939
2024-05-15T08:00:00,62157.50,62972.70,61886.80,62447.40,54806.314
2024-05-15T12:00:00,62447.30,65055.00,62371.50,64685.50,155120.647
2024-05-15T16:00:00,64685.40,66382.30,64681.50,65959.60,79093.976
2024-05-15T20:00:00,65959.60,66440.00,65687.20,66175.40,37064.181
2024-05-16T00:00:00,66175.40,66644.00,65735.90,65946.90,31811.606
2024-05-16T04:00:00,65946.80,66232.80,65633.00,66100.00,22763.404
2024-05-16T08:00:00,66100.00,66573.00,65962.20,66483.80,26975.817
2024-05-16T12:00:00,66483.80,66800.00,65339.00,65800.10,80035.187
2024-05-16T16:00:00,65800.00,65809.60,64567.00,65152.20,63915.502
2024-05-16T20:00:00,65152.30,65480.00,65018.70,65217.70,16953.808
2024-05-17T00:00:00,65217.70,65850.00,65061.20,65545.20,27794.900
2024-05-17T04:00:00,65545.10,66478.50,65327.70,66350.60,41669.275
2024-05-17T08:00:00,66350.50,66550.00,66037.30,66182.70,26340.980
2024-05-17T12:00:00,66182.60,67400.60,65773.80,67170.00,76890.366
2024-05-17T16:00:00,67169.90,67277.80,66158.40,67007.50,42405.702
2024-05-17T20:00:00,67007.50,67027.70,66636.00,66980.00,11962.696
2024-05-18T00:00:00,66980.00,67059.80,66696.10,66918.90,14987.935
2024-05-18T04:00:00,66919.00,67233.60,66700.10,66854.10,15843.297
2024-05-18T08:00:00,66854.10,67340.50,66808.40,67152.40,19628.857
2024-05-18T12:00:00,67152.50,67198.70,66503.20,66781.40,27767.746
2024-05-18T16:00:00,66781.30,66965.00,66682.60,66881.70,10585.364
2024-05-18T20:00:00,66881.80,67035.10,66761.10,66884.90,8118.349
2024-05-19T00:00:00,66884.90,67279.00,66810.00,67133.00,12471.395
2024-05-19T04:00:00,67133.10,67313.80,66895.00,67295.00,13650.417
2024-05-19T08:00:00,67295.10,67750.00,66921.90,67303.30,41565.229
2024-05-19T12:00:00,67303.40,67303.40,66619.40,66863.00,29635.182
2024-05-19T16:00:00,66863.00,66964.70,65835.80,66002.90,36476.631
2024-05-19T20:00:00,66002.90,66438.00,65958.20,66239.40,14371.496
2024-05-20T00:00:00,66239.40,66748.00,66010.00,66643.10,22106.058
2024-05-20T04:00:00,66643.00,67270.00,66236.90,66788.90,41557.498
2024-05-20T08:00:00,66788.90,67341.40,66720.90,66974.00,28761.148
2024-05-20T12:00:00,66974.00,67499.90,66716.30,67382.10,40610.395
2024-05-20T16:00:00,67382.10,70120.00,67344.90,69996.40,129693.909
2024-05-20T20:00:00,69996.50,71674.60,68900.00,71466.50,103299.070
2024-05-21T00:00:00,71466.50,72132.80,70740.80,71323.80,63389.213
2024-05-21T04:00:00,71323.70,71462.00,70858.40,70926.40,25693.491
2024-05-21T08:00:00,70926.30,71498.60,70900.20,71163.00,30042.772
2024-05-21T12:00:00,71163.00,71487.60,69722.00,69874.90,75217.839
2024-05-21T16:00:00,69874.80,70300.00,69165.60,69317.70,46218.311
2024-05-21T20:00:00,69319.20,70393.20,69269.10,70168.80,23112.701
2024-05-22T00:00:00,70168.70,70423.20,69868.10,70002.00,19590.336
2024-05-22T04:00:00,70001.90,70137.70,69242.00,69759.60,29964.805
2024-05-22T08:00:00,69759.60,70321.80,69680.00,69770.30,21713.431
2024-05-22T12:00:00,69770.30,70642.80,69466.70,70485.70,52886.213
2024-05-22T16:00:00,70485.70,70715.40,69241.50,69668.00,41621.447
2024-05-22T20:00:00,69668.00,69999.00,68736.80,69219.10,28384.262
2024-05-23T00:00:00,69219.20,69670.10,69219.10,69483.20,16149.719
2024-05-23T04:00:00,69483.20,69900.00,69371.60,69770.60,16494.618
2024-05-23T08:00:00,69770.60,70100.00,69561.80,70019.50,24326.937
2024-05-23T12:00:00,70019.40,70133.30,67612.80,68103.00,114331.673
2024-05-23T16:00:00,68102.90,68199.00,66763.90,67239.00,54734.540
2024-05-23T20:00:00,67239.10,68388.00,66156.60,67999.90,74056.135
2024-05-24T00:00:00,67999.90,68042.90,67651.70,67905.80,18229.102
2024-05-24T04:00:00,67905.80,67944.20,66850.00,67191.20,36724.606
2024-05-24T08:00:00,67191.20,67540.50,66639.00,67383.40,25954.913
2024-05-24T12:00:00,67383.30,68445.00,66952.60,68340.20,47961.276
2024-05-24T16:00:00,68340.30,69273.50,67950.00,69127.40,42690.151
2024-05-24T20:00:00,69127.30,69222.20,68535.60,68584.10,15121.034
2024-05-25T00:00:00,68584.00,68935.70,68523.70,68772.50,13021.059
2024-05-25T04:00:00,68772.60,68854.70,68633.10,68775.00,8126.279
2024-05-25T08:00:00,68775.10,69622.80,68767.00,69112.50,25426.221
2024-05-25T12:00:00,69112.40,69323.90,68844.10,68949.10,21348.654
2024-05-25T16:00:00,68949.00,69287.60,68870.60,69167.00,10058.168
2024-05-25T20:00:00,69166.90,69394.60,69061.50,69314.40,7133.224
2024-05-26T00:00:00,69314.50,69339.60,68830.00,69093.20,10244.257
2024-05-26T04:00:00,69093.20,69468.90,68934.00,69359.20,9813.627
2024-05-26T08:00:00,69359.20,69590.30,68980.60,69160.30,15909.255
2024-05-26T12:00:00,69160.30,69425.20,68678.50,68864.60,21942.125
2024-05-26T16:00:00,68864.70,68987.90,68697.20,68925.40,11186.901
2024-05-26T20:00:00,68925.50,68937.50,68155.00,68524.30,14973.659
2024-05-27T00:00:00,68524.40,69331.60,68490.10,68900.60,19327.660
2024-05-27T04:00:00,68900.50,68935.10,68327.30,68661.10,19042.524
2024-05-27T08:00:00,68661.00,68958.60,68268.70,68462.90,19439.727
2024-05-27T12:00:00,68463.00,70584.90,68401.20,70421.50,55134.676
2024-05-27T16:00:00,70421.40,70750.00,69100.00,69298.00,39677.011
2024-05-27T20:00:00,69297.90,69950.00,69211.80,69461.60,17669.758
2024-05-28T00:00:00,69461.50,69628.00,67760.00,68070.00,54544.602
2024-05-28T04:00:00,68070.00,68153.80,67500.00,67712.00,29822.671
2024-05-28T08:00:00,67712.10,68921.60,67602.80,68411.30,40291.196
2024-05-28T12:00:00,68411.30,68583.70,67550.00,68399.70,46982.297
2024-05-28T16:00:00,68399.80,68657.00,67273.00,68466.50,41587.464
2024-05-28T20:00:00,68466.40,68710.00,68162.20,68440.50,14610.210
2024-05-29T00:00:00,68440.40,68983.00,68302.80,68862.10,18567.902
2024-05-29T04:00:00,68862.00,68976.40,67975.50,67993.60,21732.935
2024-05-29T08:00:00,67993.70,68085.20,67631.00,67816.90,25758.932
2024-05-29T12:00:00,67816.80,68330.60,67321.70,67421.00,51076.169
2024-05-29T16:00:00,67421.00,67790.00,67129.00,67315.90,26538.879
2024-05-29T20:00:00,67316.00,67882.20,67179.40,67686.70,14561.782
2024-05-30T00:00:00,67686.80,68250.00,67501.70,68156.00,18064.349
2024-05-30T04:00:00,68156.00,68479.00,67555.00,67627.80,29978.701
2024-05-30T08:00:00,67627.90,68154.10,67167.00,67855.70,33978.605
2024-05-30T12:00:00,67855.80,68869.90,67792.40,68566.40,47275.223
2024-05-30T16:00:00,68566.40,69568.90,68412.00,68705.00,45336.979
2024-05-30T20:00:00,68705.00,68712.00,68068.80,68402.50,19940.042
2024-05-31T00:00:00,68402.60,68782.00,68316.00,68574.00,16008.269
2024-05-31T04:00:00,68574.00,68694.00,68124.00,68226.10,15093.349
2024-05-31T08:00:00,68226.20,68500.00,67908.40,68387.80,23284.141
2024-05-31T12:00:00,68387.90,69080.00,67234.00,67252.70,74910.649
2024-05-31T16:00:00,67252.60,68059.40,66700.50,67719.90,50702.718
2024-05-31T20:00:00,67720.00,67834.40,67259.70,67577.90,15752.626
2024-06-01T00:00:00,67577.90,67800.70,67480.00,67749.90,11203.855
2024-06-01T04:00:00,67750.00,67857.50,67608.60,67677.90,8158.758
2024-06-01T08:00:00,67677.80,67800.00,67649.80,67704.00,6444.213
2024-06-01T12:00:00,67704.00,67936.00,67681.40,67728.20,9973.997
2024-06-01T16:00:00,67728.20,67867.30,67590.00,67779.70,9329.853
2024-06-01T20:00:00,67779.70,67921.30,67729.60,67799.20,5832.382
2024-06-02T00:00:00,67799.20,67951.70,67661.90,67826.10,7225.374
2024-06-02T04:00:00,67826.00,67910.00,67738.00,67743.00,4961.302
2024-06-02T08:00:00,67743.00,68367.90,67410.00,68284.10,23005.400
2024-06-02T12:00:00,68284.00,68545.90,67824.10,68189.80,30389.939
2024-06-02T16:00:00,68189.80,68252.00,67296.30,67765.30,27950.080
2024-06-02T20:00:00,67765.40,68038.70,67606.40,67805.90,8662.623
2024-06-03T00:00:00,67805.90,68848.00,67642.60,68435.90,31790.130
2024-06-03T04:00:00,68435.90,69255.00,68333.30,68949.90,35589.902
2024-06-03T08:00:00,68950.00,69385.00,68872.10,69125.50,23842.964
2024-06-03T12:00:00,69125.50,70372.90,68554.70,69650.00,89848.981
2024-06-03T16:00:00,69650.00,69752.00,68838.00,69257.20,29783.920
2024-06-03T20:00:00,69257.20,69553.80,68764.00,68851.40,16821.033
2024-06-04T00:00:00,68851.30,69408.20,68659.00,69199.10,16706.647
2024-06-04T04:00:00,69199.10,69318.40,68787.20,69054.70,18637.534
2024-06-04T08:00:00,69054.60,69246.70,68595.50,68992.80,23575.146
2024-06-04T12:00:00,68992.80,70560.30,68882.40,70492.00,78555.551
2024-06-04T16:00:00,70492.10,71146.40,70117.80,70459.00,62356.225
2024-06-04T20:00:00,70459.10,70776.30,70207.20,70580.00,16268.913
2024-06-05T00:00:00,70580.00,71389.80,70462.80,70994.00,32305.489
2024-06-05T04:00:00,70994.00,71430.00,70872.40,71244.10,29151.109
2024-06-05T08:00:00,71244.00,71282.20,70737.40,71008.40,21436.375
2024-06-05T12:00:00,71008.40,71792.00,70423.60,71625.10,64897.043
2024-06-05T16:00:00,71625.20,71824.40,70909.20,71314.80,40647.493
2024-06-05T20:00:00,71314.80,71390.50,70711.30,71133.30,15554.525
2024-06-06T00:00:00,71133.30,71280.00,70922.50,71087.80,11201.699
2024-06-06T04:00:00,71087.70,71144.00,70850.00,71077.30,16751.841
2024-06-06T08:00:00,71077.20,71259.80,70912.90,71219.20,13937.128
2024-06-06T12:00:00,71219.30,71714.80,71025.10,71334.30,51402.285
2024-06-06T16:00:00,71334.30,71421.60,70489.20,70526.10,39348.230
2024-06-06T20:00:00,70526.00,70988.00,70101.90,70830.00,25842.381
2024-06-07T00:00:00,70830.00,71063.80,70700.00,71032.90,13995.944
2024-06-07T04:00:00,71032.80,71476.00,71029.00,71147.90,24968.269
2024-06-07T08:00:00,71147.90,71773.30,71085.00,71750.00,22121.625
2024-06-07T12:00:00,71749.90,72144.00,70668.00,71150.00,100822.730
2024-06-07T16:00:00,71150.10,71254.70,68405.00,69287.20,118519.869
2024-06-07T20:00:00,69287.20,69663.40,69000.40,69377.00,18983.933
2024-06-08T00:00:00,69377.00,69550.00,69314.20,69454.60,11099.128
2024-06-08T04:00:00,69454.60,69612.50,69257.90,69612.50,11997.931
2024-06-08T08:00:00,69612.50,69613.60,69351.80,69404.50,10018.737
2024-06-08T12:00:00,69404.50,69540.00,69192.30,69462.10,17084.533
2024-06-08T16:00:00,69462.00,69533.00,69334.50,69486.60,8497.079
2024-06-08T20:00:00,69486.60,69514.00,69325.00,69346.50,7042.449
2024-06-09T00:00:00,69346.60,69386.50,69160.00,69300.90,9319.249
2024-06-09T04:00:00,69300.90,69461.90,69263.00,69331.90,6332.455
2024-06-09T08:00:00,69331.90,69443.50,69314.80,69400.60,5060.355
2024-06-09T12:00:00,69400.60,69821.10,69284.80,69530.10,27852.187
2024-06-09T16:00:00,69530.10,69879.00,69517.00,69742.60,12632.597
2024-06-09T20:00:00,69742.50,69862.00,69606.40,69667.10,6827.257
2024-06-10T00:00:00,69667.10,69833.00,69450.10,69637.30,11282.926
2024-06-10T04:00:00,69637.40,69712.10,69265.00,69325.30,16614.917
2024-06-10T08:00:00,69325.30,69592.60,69201.20,69506.70,17219.526
2024-06-10T12:00:00,69506.60,70222.70,69255.10,70090.90,38901.997
2024-06-10T16:00:00,70090.90,70166.10,69420.00,69524.20,28832.938
2024-06-10T20:00:00,69524.30,69734.50,69360.40,69558.70,14529.300
2024-06-11T00:00:00,69558.80,69600.00,67881.90,68472.30,62972.141
2024-06-11T04:00:00,68472.20,68472.20,67300.00,67582.00,54397.426
2024-06-11T08:00:00,67582.10,67690.80,66689.50,66919.60,60250.278
2024-06-11T12:00:00,66919.60,67288.00,66000.00,66266.00,69766.471
2024-06-11T16:00:00,66266.00,67591.30,66177.90,67420.60,47244.306
2024-06-11T20:00:00,67420.50,67605.00,67180.40,67320.70,17354.320
2024-06-12T00:00:00,67320.60,67624.20,66920.00,67413.00,21465.281
2024-06-12T04:00:00,67413.00,67621.00,67200.00,67449.40,15864.818
2024-06-12T08:00:00,67449.50,68065.30,67346.60,67789.90,27553.384
2024-06-12T12:00:00,67790.00,70028.00,67740.90,69738.00,109560.362
2024-06-12T16:00:00,69738.00,69864.20,67215.20,67523.20,123012.215
2024-06-12T20:00:00,67523.10,68692.60,67409.80,68270.30,32462.400
2024-06-13T00:00:00,68270.30,68400.00,66957.00,67471.10,38476.862
2024-06-13T04:00:00,67471.10,67728.40,67300.00,67724.90,20772.849
2024-06-13T08:00:00,67724.90,67964.10,67170.40,67744.60,32346.314
2024-06-13T12:00:00,67744.60,68607.70,66337.00,66464.40,104087.192
2024-06-13T16:00:00,66464.30,67080.50,66251.10,66620.80,39352.706
2024-06-13T20:00:00,66620.90,66991.10,66533.10,66786.90,13319.538
2024-06-14T00:00:00,66786.80,67038.00,66471.30,66749.70,21110.955
2024-06-14T04:00:00,66749.80,67228.20,66710.80,66906.20,20208.270
2024-06-14T08:00:00,66906.30,67250.00,66755.80,67034.20,20074.503
2024-06-14T12:00:00,67034.10,67366.50,66334.50,66380.00,52927.484
2024-06-14T16:00:00,66380.00,66522.00,65052.40,65514.90,90887.381
2024-06-14T20:00:00,65514.90,66648.80,65471.60,66039.70,34202.638
2024-06-15T00:00:00,66039.70,66280.00,65979.60,66266.00,10504.153
2024-06-15T04:00:00,66265.90,66421.50,66060.00,66082.60,16019.550
2024-06-15T08:00:00,66082.50,66334.80,66054.20,66305.20,11031.847
2024-06-15T12:00:00,66305.20,66482.60,66157.50,66311.90,12929.953
2024-06-15T16:00:00,66311.80,66360.80,66057.00,66144.20,9737.092
2024-06-15T20:00:00,66144.10,66282.50,65801.00,66213.70,12201.160
2024-06-16T00:00:00,66213.70,66256.90,66054.10,66129.60,7207.515
2024-06-16T04:00:00,66129.60,66350.00,66012.10,66249.40,9128.799
2024-06-16T08:00:00,66249.30,66780.00,66169.40,66471.40,21366.022
2024-06-16T12:00:00,66471.40,66778.10,66455.60,66690.40,16369.949
2024-06-16T16:00:00,66690.40,66733.30,66496.00,66542.50,9484.899
2024-06-16T20:00:00,66542.40,66960.30,66432.90,66653.60,16804.367
2024-06-17T00:00:00,66653.50,66915.40,66116.00,66200.00,26541.924
2024-06-17T04:00:00,66199.90,66548.90,65907.50,66147.30,25463.109
2024-06-17T08:00:00,66147.30,66295.80,65511.60,65791.80,38859.894
2024-06-17T12:00:00,65791.90,65813.20,65094.90,65341.90,50595.447
2024-06-17T16:00:00,65341.80,67280.60,65130.00,66661.40,79723.990
2024-06-17T20:00:00,66661.40,66746.20,66122.30,66472.10,27236.423
2024-06-18T00:00:00,66472.10,66558.90,64565.00,65474.90,89800.947
2024-06-18T04:00:00,65474.90,65831.10,65314.60,65646.40,30746.917
2024-06-18T08:00:00,65646.30,65724.60,65080.90,65339.20,24625.538
2024-06-18T12:00:00,65339.20,65410.10,64212.00,64676.80,108649.661
2024-06-18T16:00:00,64676.70,64887.40,64009.80,64400.00,48259.975
2024-06-18T20:00:00,64399.70,65281.60,64168.90,65150.00,33476.356
2024-06-19T00:00:00,65149.90,65596.90,64777.10,65377.10,37949.606
2024-06-19T04:00:00,65377.00,65711.90,65143.00,65295.00,25799.918
2024-06-19T08:00:00,65294.90,65519.60,64955.90,65181.90,28912.285
2024-06-19T12:00:00,65182.00,65279.90,64708.20,64895.00,27082.482
2024-06-19T16:00:00,64895.00,65269.50,64757.20,64851.30,17320.406
2024-06-19T20:00:00,64851.40,65060.40,64600.00,64933.60,12967.972
2024-06-20T00:00:00,64933.60,65378.00,64804.70,65156.00,19929.713
2024-06-20T04:00:00,65156.00,65977.00,65051.70,65831.40,34653.264
2024-06-20T08:00:00,65831.30,66467.00,65552.60,66150.00,37258.526
2024-06-20T12:00:00,66150.00,66289.40,64625.20,64794.40,82670.424
2024-06-20T16:00:00,64794.30,65198.50,64526.00,65032.90,37216.049
2024-06-20T20:00:00,65032.90,65164.10,64831.00,64854.00,9226.700
2024-06-21T00:00:00,64854.00,65055.50,64306.50,64473.40,23077.355
2024-06-21T04:00:00,64473.40,64715.90,64167.10,64179.40,23004.106
2024-06-21T08:00:00,64179.50,64350.00,63485.00,63745.50,57148.359
2024-06-21T12:00:00,63745.10,64342.10,63361.20,63716.90,60362.492
2024-06-21T16:00:00,63717.00,64243.70,63444.60,64207.50,29552.670
2024-06-21T20:00:00,64207.60,64448.90,63801.00,64124.00,16964.619
2024-06-22T00:00:00,64124.10,64315.20,63915.80,64297.20,10320.946
2024-06-22T04:00:00,64297.20,64520.00,64218.80,64490.10,13520.233
2024-06-22T08:00:00,64490.00,64512.00,64184.80,64245.00,13671.968
2024-06-22T12:00:00,64244.90,64390.30,64222.00,64283.40,7200.476
2024-06-22T16:00:00,64283.30,64340.60,64200.20,64270.90,4989.552
2024-06-22T20:00:00,64270.90,64307.00,64215.90,64240.00,4152.687
2024-06-23T00:00:00,64240.10,64500.00,64240.00,64389.00,9294.674
2024-06-23T04:00:00,64389.00,64409.00,64311.90,64390.00,4545.853
2024-06-23T08:00:00,64390.00,64414.00,64211.70,64310.70,7086.881
2024-06-23T12:00:00,64310.70,64409.10,64034.20,64071.80,12474.652
2024-06-23T16:00:00,64071.80,64166.40,63888.00,64128.70,10422.264
2024-06-23T20:00:00,64128.70,64132.70,63137.90,63194.90,28227.969
2024-06-24T00:00:00,63194.90,63357.00,62638.00,62840.10,43033.616
2024-06-24T04:00:00,62840.00,62931.70,62125.40,62433.60,49460.025
2024-06-24T08:00:00,62433.60,62955.30,60500.00,61257.30,110919.968
2024-06-24T12:00:00,61257.30,61677.00,60650.00,60823.20,52488.693
2024-06-24T16:00:00,60823.30,61018.60,59001.00,59294.70,120813.039
2024-06-24T20:00:00,59292.80,60431.80,58218.00,60273.60,69187.843
2024-06-25T00:00:00,60273.50,61566.00,60230.50,61271.10,41969.855
2024-06-25T04:00:00,61271.10,61392.50,60600.50,60660.80,33185.269
2024-06-25T08:00:00,60660.90,61587.40,60641.20,61170.70,34675.875
2024-06-25T12:00:00,61170.70,62145.50,60941.90,61776.00,76703.109
2024-06-25T16:00:00,61775.90,62448.10,61100.00,61957.90,63812.457
2024-06-25T20:00:00,61957.10,62141.40,61641.40,61777.80,14300.752
2024-06-26T00:00:00,61777.90,62465.10,61605.70,61910.40,22735.968
2024-06-26T04:00:00,61910.40,61969.20,61500.60,61705.30,19736.078
2024-06-26T08:00:00,61705.30,61741.30,61150.00,61427.20,26889.266
2024-06-26T12:00:00,61427.30,61959.40,61140.20,61453.20,38176.787
2024-06-26T16:00:00,61453.30,61532.50,60700.00,60991.00,47290.709
2024-06-26T20:00:00,60990.90,61144.70,60696.00,60860.10,15772.372
2024-06-27T00:00:00,60860.10,61327.90,60752.20,61027.10,16213.431
2024-06-27T04:00:00,61027.00,61191.40,60605.00,60786.40,16884.460
2024-06-27T08:00:00,60786.40,61500.00,60730.00,61188.50,24181.569
2024-06-27T12:00:00,61188.50,62379.70,61137.70,61570.50,67990.828
2024-06-27T16:00:00,61570.60,61997.20,61396.40,61445.90,24189.502
2024-06-27T20:00:00,61445.90,61696.10,61340.00,61682.00,10712.692
2024-06-28T00:00:00,61682.10,62204.00,61458.10,61803.00,27120.720
2024-06-28T04:00:00,61803.00,61812.90,61186.40,61317.90,20978.587
2024-06-28T08:00:00,61318.00,61779.00,61181.90,61671.50,21252.752
2024-06-28T12:00:00,61671.50,61868.10,60721.20,61039.90,69596.468
2024-06-28T16:00:00,61039.90,61106.00,60077.20,60132.20,40681.247
2024-06-28T20:00:00,60132.20,60465.00,60038.00,60429.80,15878.351
2024-06-29T00:00:00,60429.80,61023.00,60400.10,60760.10,25192.132
2024-06-29T04:00:00,60760.00,61128.10,60706.50,61049.80,12412.104
2024-06-29T08:00:00,61049.80,61232.00,60895.50,61111.00,15840.048
2024-06-29T12:00:00,61110.90,61188.60,60951.10,61107.90,12366.272
2024-06-29T16:00:00,61107.80,61130.00,60918.60,61056.50,6981.263
2024-06-29T20:00:00,61056.40,61097.00,60883.10,60982.40,6888.470
2024-06-30T00:00:00,60982.50,61081.40,60750.60,60898.20,11400.085
2024-06-30T04:00:00,60898.20,61798.20,60705.00,61533.60,30029.870
2024-06-30T08:00:00,61533.60,61720.00,61400.00,61555.60,17926.412
2024-06-30T12:00:00,61555.60,61871.80,61325.00,61722.40,25442.248
2024-06-30T16:00:00,61722.50,62100.00,61579.30,62016.80,21477.736
2024-06-30T20:00:00,62016.80,63058.40,61825.40,62766.00,41501.564
2024-07-01T00:00:00,62766.10,63800.00,62562.00,63416.40,49753.740
2024-07-01T04:00:00,63416.50,63453.70,63200.00,63265.50,13560.880
2024-07-01T08:00:00,63265.50,63302.70,62580.00,62657.90,26439.402
2024-07-01T12:00:00,62657.90,63182.50,62502.20,63119.90,40119.806
2024-07-01T16:00:00,63120.00,63849.00,62947.40,63207.60,46436.922
2024-07-01T20:00:00,63207.20,63421.60,62780.00,62883.60,17627.188
2024-07-02T00:00:00,62883.70,63284.00,62765.70,63115.70,14302.825
2024-07-02T04:00:00,63118.00,63227.00,62566.00,62617.90,19063.833
2024-07-02T08:00:00,62617.90,62861.10,62387.00,62823.30,26473.226
2024-07-02T12:00:00,62823.30,63167.40,61840.00,61945.00,63689.490
2024-07-02T16:00:00,61945.00,62362.80,61800.00,61944.00,29330.932
2024-07-02T20:00:00,61944.00,62176.40,61870.80,62123.60,10240.937
2024-07-03T00:00:00,62123.50,62278.20,60600.00,60983.50,55575.397
2024-07-03T04:00:00,60983.40,61179.40,60802.00,60859.90,23185.153
2024-07-03T08:00:00,60859.80,60987.30,59515.10,60384.90,81025.116
2024-07-03T12:00:00,60384.90,60700.00,59756.50,60176.10,66329.351
2024-07-03T16:00:00,60176.10,60653.00,59645.60,59661.20,38404.269
2024-07-03T20:00:00,59661.20,60361.70,59299.30,60208.00,30783.979
2024-07-04T00:00:00,60208.00,60500.00,57611.00,59092.40,99276.085
2024-07-04T04:00:00,59092.40,59131.70,58086.40,58214.00,46231.188
2024-07-04T08:00:00,58214.00,58484.50,56917.50,57748.40,97863.329
2024-07-04T12:00:00,57748.40,58350.00,56750.00,58137.60,110723.819
2024-07-04T16:00:00,58137.50,58653.40,57735.70,58267.00,42553.649
2024-07-04T20:00:00,58266.90,58800.00,56560.00,57045.90,49008.207
2024-07-05T00:00:00,57045.90,57533.40,54918.30,55214.60,163719.762
2024-07-05T04:00:00,55214.70,55350.00,53329.50,54389.40,128635.582
2024-07-05T08:00:00,54389.40,55629.70,53870.40,55458.90,78963.666
2024-07-05T12:00:00,55459.00,56663.50,54822.90,56637.50,106044.317
2024-07-05T16:00:00,56637.50,57000.00,55781.80,56446.20,83444.612
2024-07-05T20:00:00,56446.10,56847.00,56300.00,56604.90,16385.656
2024-07-06T00:00:00,56604.90,56975.00,56157.30,56388.30,30655.656
2024-07-06T04:00:00,56388.40,56660.00,56000.00,56571.10,26523.010
2024-07-06T08:00:00,56571.10,56850.00,56412.50,56713.20,17676.392
2024-07-06T12:00:00,56713.20,57420.00,56475.70,57285.40,38884.253
2024-07-06T16:00:00,57285.40,58089.90,57150.00,57834.80,37978.044
2024-07-06T20:00:00,57834.90,58472.00,57792.20,58216.00,26862.667
2024-07-07T00:00:00,58216.00,58443.00,57820.00,57943.90,38936.027
2024-07-07T04:00:00,57944.00,57990.30,57041.70,57344.40,37722.788
2024-07-07T08:00:00,57344.50,57899.90,57331.20,57436.90,23278.542
2024-07-07T12:00:00,57436.90,57600.00,56555.10,56806.20,42475.284
2024-07-07T16:00:00,56806.20,57372.20,56723.00,57133.90,22235.384
2024-07-07T20:00:00,57133.90,57301.80,55688.00,55830.90,45713.956
2024-07-08T00:00:00,55831.00,55999.00,54243.10,55136.60,97328.846
2024-07-08T04:00:00,55136.60,55878.00,54935.30,55828.40,40128.204
2024-07-08T08:00:00,55828.40,58200.00,55715.20,57137.30,124398.512
2024-07-08T12:00:00,57137.30,57629.30,54890.00,55736.80,131119.632
2024-07-08T16:00:00,55736.80,56550.00,55400.50,56462.30,44260.458
2024-07-08T20:00:00,56462.90,56955.00,56175.40,56686.40,26871.305
2024-07-09T00:00:00,56686.40,57350.00,56256.20,57139.50,45966.233
2024-07-09T04:00:00,57139.50,57744.80,57000.00,57102.50,36022.582
2024-07-09T08:00:00,57102.50,57899.90,57000.00,57407.10,42043.643
2024-07-09T12:00:00,57407.10,58159.60,56862.90,57445.30,74279.844
2024-07-09T16:00:00,57445.30,58290.60,57318.30,57837.70,40891.309
2024-07-09T20:00:00,57837.70,58256.00,57684.60,58023.20,18033.437
2024-07-10T00:00:00,58023.10,58190.00,57315.90,58157.70,27261.073
2024-07-10T04:00:00,58157.60,59449.60,58153.30,58948.10,69642.360
2024-07-10T08:00:00,58948.00,59013.90,58288.00,58469.40,39133.753
2024-07-10T12:00:00,58469.40,58544.50,57416.50,57658.00,68439.925
2024-07-10T16:00:00,57658.10,57995.00,57333.00,57374.10,26039.130
2024-07-10T20:00:00,57374.80,57860.80,57125.00,57707.00,23732.696
2024-07-11T00:00:00,57707.00,58380.00,57030.00,57540.50,43339.762
2024-07-11T04:00:00,57540.40,58288.60,57464.20,58168.10,25661.286
2024-07-11T08:00:00,58168.20,58887.00,58024.00,58754.10,39948.267
2024-07-11T12:00:00,58754.00,59780.00,57242.00,57382.80,131206.798
2024-07-11T16:00:00,57382.80,57969.60,57152.00,57354.70,31336.599
2024-07-11T20:00:00,57354.80,57593.20,57118.00,57315.50,21614.247
2024-07-12T00:00:00,57315.70,57554.40,56500.10,56887.60,45049.617
2024-07-12T04:00:00,56887.60,57378.00,56690.00,57071.40,27355.661
2024-07-12T08:00:00,57071.40,57325.20,56740.60,57188.80,31049.857
2024-07-12T12:00:00,57188.70,58255.40,57066.00,58188.90,59825.465
2024-07-12T16:00:00,58188.90,58500.00,57446.10,57546.10,49492.814
2024-07-12T20:00:00,57546.20,57887.60,57107.70,57870.00,25327.202
2024-07-13T00:00:00,57870.00,57962.80,57730.20,57792.40,11605.553
2024-07-13T04:00:00,57792.50,58195.70,57728.60,58140.00,14463.350
2024-07-13T08:00:00,58140.00,58900.00,57882.30,58513.90,34849.500
2024-07-13T12:00:00,58514.00,58873.10,58408.10,58808.50,30158.627
2024-07-13T16:00:00,58808.50,58950.00,58538.90,58596.60,17510.271
2024-07-13T20:00:00,58596.70,59850.00,58254.50,59174.00,49297.021
2024-07-14T00:00:00,59173.90,59816.50,59164.00,59435.00,31878.101
2024-07-14T04:00:00,59435.00,60299.00,59387.40,60031.30,46649.503
2024-07-14T08:00:00,60031.20,60397.20,59879.30,60079.00,26938.154
2024-07-14T12:00:00,60079.00,60220.00,59438.00,60053.30,38864.156
2024-07-14T16:00:00,60053.30,60154.60,59858.00,59886.30,10270.212
2024-07-14T20:00:00,59886.30,61412.40,59850.00,60766.00,53460.757
2024-07-15T00:00:00,60766.00,62777.00,60622.60,62617.30,79541.414
2024-07-15T04:00:00,62617.30,63075.80,62400.00,62816.00,44695.396
2024-07-15T08:00:00,62816.10,63239.20,62266.00,62431.90,44412.806
2024-07-15T12:00:00,62432.00,63299.80,62419.50,62985.90,56556.020
2024-07-15T16:00:00,62986.00,63777.00,62812.80,63309.90,70459.802
2024-07-15T20:00:00,63309.90,64870.70,63216.20,64680.60,56556.743
2024-07-16T00:00:00,64680.60,64936.10,64405.00,64725.10,33143.185
2024-07-16T04:00:00,64725.10,64988.80,62672.40,62881.80,86305.499
2024-07-16T08:00:00,62881.80,63839.00,62350.00,63719.80,66858.749
2024-07-16T12:00:00,63719.80,64942.00,63031.50,64833.90,85549.043
2024-07-16T16:00:00,64833.90,65177.00,64070.40,65125.20,63666.014
2024-07-16T20:00:00,65125.20,65388.00,64058.00,65010.00,39736.126
2024-07-17T00:00:00,65010.00,66100.00,64885.30,65662.80,54516.165
2024-07-17T04:00:00,65662.80,65968.50,65167.60,65226.20,30419.751
2024-07-17T08:00:00,65226.20,65479.50,64531.00,64700.00,48428.987
2024-07-17T12:00:00,64699.90,65379.80,64489.50,64695.80,64341.879
2024-07-17T16:00:00,64696.00,64745.60,63823.00,64550.60,57856.457
2024-07-17T20:00:00,64550.70,64654.40,64020.00,64055.70,21093.154
2024-07-18T00:00:00,64055.80,65173.80,63871.20,64827.80,35420.270
2024-07-18T04:00:00,64827.90,65038.50,64355.10,64644.80,22100.793
2024-07-18T08:00:00,64644.80,64930.70,64413.00,64728.90,20655.775
2024-07-18T12:00:00,64729.00,65098.90,63359.10,63500.10,79341.492
2024-07-18T16:00:00,63500.10,63933.30,63206.40,63535.60,40122.803
2024-07-18T20:00:00,63535.50,64096.30,63413.10,63959.90,18007.024
2024-07-19T00:00:00,63960.00,64348.20,63266.20,64298.00,30771.327
2024-07-19T04:00:00,64297.90,64469.30,63565.00,63673.90,28188.859
2024-07-19T08:00:00,63673.90,64165.80,63371.40,64095.20,35395.006
2024-07-19T12:00:00,64095.60,65870.00,64010.10,65791.50,93974.647
2024-07-19T16:00:00,65791.50,67362.80,65784.00,67107.80,96570.502
2024-07-19T20:00:00,67107.80,67320.90,66590.90,66627.90,26959.464
2024-07-20T00:00:00,66627.90,66797.00,66159.10,66568.70,22374.296
2024-07-20T04:00:00,66568.70,66729.00,66401.00,66526.30,11307.037
2024-07-20T08:00:00,66526.40,66700.00,66422.90,66445.90,11122.777
2024-07-20T12:00:00,66446.00,66799.90,66241.40,66797.00,17627.830
2024-07-20T16:00:00,66797.00,67648.70,66632.00,67195.00,41238.669
2024-07-20T20:00:00,67195.00,67412.40,66737.70,67095.60,19893.797
2024-07-21T00:00:00,67095.60,67400.00,66918.40,67145.80,13108.955
2024-07-21T04:00:00,67145.80,67194.30,66560.00,66670.00,18387.329
2024-07-21T08:00:00,66669.90,67040.40,66645.60,66845.40,11562.755
2024-07-21T12:00:00,66845.40,67498.00,66571.30,67130.90,31277.598
2024-07-21T16:00:00,67130.90,67719.80,65750.00,67391.40,89763.164
2024-07-21T20:00:00,67391.50,68351.20,67239.90,68138.00,43128.571
2024-07-22T00:00:00,68138.00,68459.70,67700.00,67847.30,29357.100
2024-07-22T04:00:00,67847.30,67966.00,67100.00,67210.30,26807.626
2024-07-22T08:00:00,67210.40,67571.40,66904.20,67479.10,20838.304
2024-07-22T12:00:00,67479.10,67932.20,66538.60,67044.30,56104.431
2024-07-22T16:00:00,67044.30,68228.60,66784.10,68193.50,34521.383
2024-07-22T20:00:00,68193.60,68221.50,67202.10,67499.20,25362.547
2024-07-23T00:00:00,67499.20,67729.30,67175.60,67437.30,20135.362
2024-07-23T04:00:00,67437.30,67493.30,66216.10,66550.00,45758.851
2024-07-23T08:00:00,66549.90,67135.50,66413.00,66641.00,34676.727
2024-07-23T12:00:00,66641.00,67338.00,65921.70,66552.80,86188.637
2024-07-23T16:00:00,66552.80,66745.10,65416.50,65516.10,57758.536
2024-07-23T20:00:00,65516.20,66040.00,65453.40,65916.40,25912.567
2024-07-24T00:00:00,65916.30,66135.50,65450.80,66027.50,23229.873
2024-07-24T04:00:00,66027.40,66056.00,65577.50,66049.00,16527.006
2024-07-24T08:00:00,66049.00,66590.00,65974.90,66345.70,28364.608
2024-07-24T12:00:00,66345.70,67087.30,66066.00,66155.70,64013.824
2024-07-24T16:00:00,66155.80,66687.90,65537.00,65631.80,46286.693
2024-07-24T20:00:00,65631.80,66059.70,65040.50,65350.80,36657.417
2024-07-25T00:00:00,65350.70,65606.30,63823.30,64074.00,86228.936
2024-07-25T04:00:00,64073.90,64378.00,63800.00,64115.10,29134.565
2024-07-25T08:00:00,64115.00,64474.20,63857.20,64082.60,32232.038
2024-07-25T12:00:00,64082.60,64993.60,63456.70,64773.30,85867.664
2024-07-25T16:00:00,64773.30,65170.00,64357.50,64669.50,43249.638
2024-07-25T20:00:00,64669.50,66144.00,64390.80,65773.00,42972.600
2024-07-26T00:00:00,65773.00,67470.40,65688.20,67014.00,54322.043
2024-07-26T04:00:00,67014.00,67168.20,66839.50,66873.80,27381.084
2024-07-26T08:00:00,66873.70,67466.00,66873.70,67293.90,25036.720
2024-07-26T12:00:00,67293.90,67982.40,66865.70,67528.00,69433.176
2024-07-26T16:00:00,67527.90,68143.00,67277.00,67957.20,30157.705
2024-07-26T20:00:00,67957.20,68200.00,67365.00,67882.50,29053.798
2024-07-27T00:00:00,67882.50,68055.60,67588.30,67766.20,15182.442
2024-07-27T04:00:00,67766.20,68278.80,67752.10,68013.60,17714.409
2024-07-27T08:00:00,68013.50,68244.60,67864.80,68184.70,14552.231
2024-07-27T12:00:00,68184.70,69381.70,68162.90,68822.00,69130.287
2024-07-27T16:00:00,68821.90,68976.40,67538.40,68209.20,61397.720
2024-07-27T20:00:00,68209.30,69200.00,66624.50,67873.80,153005.558
2024-07-28T00:00:00,67873.70,68246.60,67222.70,67910.90,22253.123
2024-07-28T04:00:00,67910.90,68003.50,67037.00,67517.70,25149.842
2024-07-28T08:00:00,67517.60,67969.10,67178.90,67800.00,18990.816
2024-07-28T12:00:00,67800.10,68093.40,67527.40,67624.30,21697.193
2024-07-28T16:00:00,67624.20,68300.00,67588.40,68090.00,15542.059
2024-07-28T20:00:00,68090.00,68254.70,67771.60,68215.50,13280.902
2024-07-29T00:00:00,68215.50,69782.20,68130.10,69323.10,64456.552
2024-07-29T04:00:00,69323.10,69872.60,69240.00,69510.60,28440.561
2024-07-29T08:00:00,69510.50,69841.20,69345.00,69549.90,23274.384
2024-07-29T12:00:00,69549.80,70081.00,67650.00,68067.20,122246.263
2024-07-29T16:00:00,68067.30,68093.10,66365.80,67276.60,102883.789
2024-07-29T20:00:00,67276.70,67521.00,66547.10,66750.00,31236.269
2024-07-30T00:00:00,66750.10,66865.30,65820.00,66585.60,53988.278
2024-07-30T04:00:00,66585.70,66966.60,66288.00,66914.00,23753.397
2024-07-30T08:00:00,66914.00,66956.60,66358.90,66532.50,23447.894
2024-07-30T12:00:00,66532.60,66923.80,65500.00,66198.00,66028.538
2024-07-30T16:00:00,66198.00,66526.10,65501.10,65899.40,47748.809
2024-07-30T20:00:00,65900.00,66319.00,65254.50,66159.30,31584.128
2024-07-31T00:00:00,66159.30,66380.00,65825.90,66028.90,19978.559
2024-07-31T04:00:00,66028.10,66540.80,65459.40,66196.40,40885.994
2024-07-31T08:00:00,66196.40,66360.40,65906.70,66062.60,19153.975
2024-07-31T12:00:00,66062.70,66826.30,65939.70,66354.50,46270.954
2024-07-31T16:00:00,66354.40,66820.00,64894.00,65229.80,71073.914
2024-07-31T20:00:00,65228.10,65399.00,64500.40,64601.80,49026.050
2024-08-01T00:00:00,64601.80,64824.40,63722.00,63912.80,53076.972
2024-08-01T04:00:00,63912.70,64468.60,63559.50,64297.40,43263.551
2024-08-01T08:00:00,64297.50,64681.90,64280.00,64645.30,20514.248
2024-08-01T12:00:00,64645.20,64927.20,62646.70,62892.60,101176.373
2024-08-01T16:00:00,62892.60,63480.00,62271.20,63403.00,81788.779
2024-08-01T20:00:00,63403.00,65650.00,63312.00,65328.90,72834.667
2024-08-02T00:00:00,65329.00,65577.00,63630.60,64600.10,52628.167
2024-08-02T04:00:00,64600.10,64640.00,63800.00,64146.00,35151.989
2024-08-02T08:00:00,64146.00,64957.40,64026.50,64640.00,33125.652
2024-08-02T12:00:00,64640.00,65534.30,62350.00,63393.50,162016.878
2024-08-02T16:00:00,63393.50,63600.00,62478.00,62619.70,57246.326
2024-08-02T20:00:00,62619.60,63181.00,61200.20,61483.70,81459.408
2024-08-03T00:00:00,61483.70,61956.40,60473.30,61862.20,65725.345
2024-08-03T04:00:00,61862.20,61945.00,61380.80,61636.00,19226.551
2024-08-03T08:00:00,61636.00,61986.30,61420.20,61884.80,19753.370
2024-08-03T12:00:00,61884.70,62166.00,60800.00,60857.70,42750.029
2024-08-03T16:00:00,60857.80,61262.50,59888.00,60216.70,100562.580
2024-08-03T20:00:00,60216.80,60842.20,59800.00,60684.60,42452.081
2024-08-04T00:00:00,60684.50,61089.50,60290.90,60705.30,23040.242
2024-08-04T04:00:00,60705.30,60915.10,60228.00,60346.00,18248.526
2024-08-04T08:00:00,60344.60,60986.20,60080.50,60880.10,25833.958
2024-08-04T12:00:00,60880.10,61064.60,58926.10,59070.00,81031.408
2024-08-04T16:00:00,59069.90,59475.00,57040.00,59234.00,141030.817
2024-08-04T20:00:00,59233.90,59569.20,57975.40,58144.50,50327.464
2024-08-05T00:00:00,58144.50,58286.90,52222.00,53864.10,295951.644
2024-08-05T04:00:00,53864.00,54538.00,48888.00,52645.60,285579.138
2024-08-05T08:00:00,52645.60,53200.00,50590.10,51316.80,170229.540
2024-08-05T12:00:00,51316.70,54952.30,49501.00,54289.80,313707.062
2024-08-05T16:00:00,54289.70,55523.00,52520.40,53450.40,141719.563
2024-08-05T20:00:00,53450.30,55192.20,53439.90,54003.10,74795.078
2024-08-06T00:00:00,54003.50,56254.80,53925.30,55638.10,75090.615
2024-08-06T04:00:00,55638.10,56152.00,55220.00,55979.10,46375.502
2024-08-06T08:00:00,55979.00,56090.00,54531.60,55188.00,69864.431
2024-08-06T12:00:00,55188.00,56599.00,54288.00,56370.00,126550.500
2024-08-06T16:00:00,56370.00,56999.90,56205.10,56737.00,68281.366
2024-08-06T20:00:00,56737.00,56919.80,55792.00,55991.20,49791.025
2024-08-07T00:00:00,55991.30,57249.00,55516.30,56826.80,65654.654
2024-08-07T04:00:00,56826.90,57219.40,56510.00,56898.70,36392.101
2024-08-07T08:00:00,56898.80,57699.00,56838.00,56938.00,57955.694
2024-08-07T12:00:00,56938.00,57454.00,55620.50,56067.50,92698.036
2024-08-07T16:00:00,56067.40,56279.80,54650.00,54739.90,72193.669
2024-08-07T20:00:00,54739.90,55550.00,54519.80,55102.90,52548.386
2024-08-08T00:00:00,55102.90,57688.80,54672.40,57031.70,78167.269
2024-08-08T04:00:00,57031.80,57399.20,56636.90,57166.40,34216.433
2024-08-08T08:00:00,57166.40,57650.00,56943.70,57292.30,31182.131
2024-08-08T12:00:00,57292.40,59493.00,56645.00,59391.30,161033.470
2024-08-08T16:00:00,59391.90,59839.70,59213.60,59389.10,61744.499
2024-08-08T20:00:00,59389.00,62737.20,59273.50,61659.80,103773.706
2024-08-09T00:00:00,61659.80,61726.00,60728.70,61327.00,45368.076
2024-08-09T04:00:00,61327.00,61361.90,60555.00,60844.00,32873.145
2024-08-09T08:00:00,60844.10,61184.90,60150.00,60633.50,44404.398
2024-08-09T12:00:00,60633.50,61089.70,59500.00,59786.40,95689.828
2024-08-09T16:00:00,59786.40,60729.50,59705.90,60649.50,44486.156
2024-08-09T20:00:00,60649.60,60961.50,59862.60,60808.60,45852.736
2024-08-10T00:00:00,60808.60,61450.00,60231.60,60410.00,32792.529
2024-08-10T04:00:00,60410.00,60823.70,60208.50,60809.50,13222.181
2024-08-10T08:00:00,60809.60,61082.00,60582.40,60892.40,20424.968
2024-08-10T12:00:00,60892.30,60926.00,60375.00,60480.50,17862.337
2024-08-10T16:00:00,60480.50,61200.00,60360.00,60989.10,21578.607
2024-08-10T20:00:00,60989.10,61136.30,60721.00,60889.90,9712.732
2024-08-11T00:00:00,60889.80,61350.00,60857.00,61054.80,16049.514
2024-08-11T04:00:00,61054.80,61233.00,60838.50,61224.90,14422.756
2024-08-11T08:00:00,61225.00,62000.00,60380.10,60637.60,42331.908
2024-08-11T12:00:00,60637.50,60736.60,59911.00,60100.00,39701.126
2024-08-11T16:00:00,60099.90,60330.60,59512.20,59598.00,24736.746
2024-08-11T20:00:00,59598.10,59657.50,58255.40,58693.10,65297.026
2024-08-12T00:00:00,58693.10,59055.00,58078.80,58488.60,34275.824
2024-08-12T04:00:00,58488.60,58958.10,57615.00,58640.10,40522.628
2024-08-12T08:00:00,58640.10,59937.80,58086.10,59809.20,61662.719
2024-08-12T12:00:00,59809.20,60666.00,57774.00,60171.20,143983.432
2024-08-12T16:00:00,60171.30,60390.80,58403.90,59025.90,53835.075
2024-08-12T20:00:00,59026.00,59721.00,58520.70,59323.60,32846.612
2024-08-13T00:00:00,59323.70,59895.00,58840.20,59014.00,33883.540
2024-08-13T04:00:00,59014.00,59442.50,58803.00,59209.00,18668.520
2024-08-13T08:00:00,59209.10,59302.50,58360.00,58803.00,27235.168
2024-08-13T12:00:00,58803.00,59748.80,58668.00,59438.40,58301.150
2024-08-13T16:00:00,59438.40,61545.00,59402.60,60792.10,93646.839
2024-08-13T20:00:00,60794.50,61120.80,60355.00,60550.50,24199.504
2024-08-14T00:00:00,60550.40,61277.00,60390.00,60920.00,21570.954
2024-08-14T04:00:00,60920.10,61131.20,60588.80,60887.20,18265.191
2024-08-14T08:00:00,60887.30,61419.20,60600.00,61260.70,29257.399
2024-08-14T12:00:00,61260.60,61839.70,58773.30,59396.90,157618.112
2024-08-14T16:00:00,59396.90,59436.20,58500.00,58854.00,47736.564
2024-08-14T20:00:00,58853.80,59151.60,58367.20,58648.10,21214.588
2024-08-15T00:00:00,58648.10,59021.00,57971.20,58420.00,35121.967
2024-08-15T04:00:00,58420.00,58622.00,57679.60,58031.90,33573.459
2024-08-15T08:00:00,58031.90,58836.50,57937.70,58712.10,30951.155
2024-08-15T12:00:00,58712.00,59749.20,58508.10,59643.70,81773.999
2024-08-15T16:00:00,59643.30,59820.00,56633.00,57002.40,114222.529
2024-08-15T20:00:00,57002.50,57850.00,55969.00,57511.00,65172.837
2024-08-16T00:00:00,57511.10,58494.90,57062.10,57858.10,42608.887
2024-08-16T04:00:00,57858.10,58619.90,57766.30,58423.40,26572.525
2024-08-16T08:00:00,58423.40,58656.20,58175.90,58369.30,28098.257
2024-08-16T12:00:00,58369.40,58908.50,57500.00,58035.60,87458.985
2024-08-16T16:00:00,58035.10,59780.20,57965.40,59649.20,60447.637
2024-08-16T20:00:00,59649.30,59678.20,58711.40,58854.90,23570.238
2024-08-17T00:00:00,58854.90,59363.00,58769.40,59128.20,16955.085
2024-08-17T04:00:00,59128.20,59238.00,59024.60,59222.00,8228.101
2024-08-17T08:00:00,59221.90,59450.10,59026.00,59106.50,13687.324
2024-08-17T12:00:00,59106.50,59638.80,59065.60,59357.60,18213.242
2024-08-17T16:00:00,59357.70,59690.20,59265.30,59446.30,12678.586
2024-08-17T20:00:00,59446.20,59474.40,59122.10,59468.50,7323.194
2024-08-18T00:00:00,59468.50,60249.80,59258.50,59308.50,34857.959
2024-08-18T04:00:00,59308.50,59666.00,59214.00,59545.40,13583.873
2024-08-18T08:00:00,59545.50,60177.40,59401.10,59991.30,29934.066
2024-08-18T12:00:00,59991.30,60250.00,59629.30,59828.80,22362.047
2024-08-18T16:00:00,59828.80,59916.00,59327.80,59671.90,18061.423
2024-08-18T20:00:00,59672.00,59847.50,58352.00,58390.00,30860.896
2024-08-19T00:00:00,58390.10,58736.60,58173.20,58696.60,36689.134
2024-08-19T04:00:00,58696.70,58724.80,58339.80,58475.50,17094.209
2024-08-19T08:00:00,58475.50,58648.70,57750.00,58360.90,41220.822
2024-08-19T12:00:00,58360.80,58945.40,58019.40,58505.00,56087.605
2024-08-19T16:00:00,58504.50,59262.90,58332.00,58933.00,39519.485
2024-08-19T20:00:00,58935.70,59585.40,58879.30,59398.50,23431.884
2024-08-20T00:00:00,59398.40,60887.00,59324.20,60588.60,51764.706
2024-08-20T04:00:00,60588.50,61386.00,60539.00,60899.90,38075.289
2024-08-20T08:00:00,60899.90,60949.70,60386.70,60494.90,23776.837
2024-08-20T12:00:00,60494.90,60920.50,58663.40,58783.70,109188.639
2024-08-20T16:00:00,58783.70,59574.00,58501.10,59482.50,41313.283
2024-08-20T20:00:00,59482.50,59689.50,58831.10,58982.90,22930.376
2024-08-21T00:00:00,58982.70,59489.00,58728.90,59290.30,20416.045
2024-08-21T04:00:00,59290.30,59721.20,59164.70,59689.20,16832.524
2024-08-21T08:00:00,59689.20,59893.00,59058.00,59332.40,30713.810
2024-08-21T12:00:00,59332.30,60192.30,58801.10,59486.00,89664.322
2024-08-21T16:00:00,59485.90,61600.00,59339.90,61538.10,69687.927
2024-08-21T20:00:00,61538.10,61793.90,60865.20,61120.00,43269.051
2024-08-22T00:00:00,61120.00,61184.70,59677.60,60514.90,45566.023
2024-08-22T04:00:00,60515.00,61128.80,60422.40,60946.00,23500.574
2024-08-22T08:00:00,60946.00,61392.00,60761.20,61297.00,28590.700
2024-08-22T12:00:00,61296.90,61364.00,60060.30,60370.90,71562.025
2024-08-22T16:00:00,60370.90,60554.90,60100.00,60272.70,28524.433
2024-08-22T20:00:00,60272.80,60673.10,60250.00,60349.90,13355.204
2024-08-23T00:00:00,60349.90,60990.00,60301.50,60565.10,19144.284
2024-08-23T04:00:00,60565.00,61370.00,60548.80,61045.00,28205.460
2024-08-23T08:00:00,61045.00,61317.70,60651.60,60710.20,27019.442
2024-08-23T12:00:00,60710.10,62307.60,60710.10,61499.00,126207.328
2024-08-23T16:00:00,61498.60,63794.00,61300.00,63577.20,115228.930
2024-08-23T20:00:00,63577.40,65000.00,63435.10,64019.90,66685.265
2024-08-24T00:00:00,64020.00,64168.00,63600.00,63800.10,22317.765
2024-08-24T04:00:00,63800.00,64298.90,63790.20,64269.30,19125.053
2024-08-24T08:00:00,64269.30,64472.50,63836.60,63881.70,22828.946
2024-08-24T12:00:00,63881.70,64222.00,63828.00,63943.30,19592.894
2024-08-24T16:00:00,63943.40,64414.20,63897.60,64170.00,24371.542
2024-08-24T20:00:00,64170.10,64306.20,63522.70,64116.50,24505.702
2024-08-25T00:00:00,64116.60,64549.00,63962.90,64065.00,22855.305
2024-08-25T04:00:00,64065.00,64164.30,63751.00,63835.40,14721.603
2024-08-25T08:00:00,63835.50,63990.00,63731.30,63851.70,12960.856
2024-08-25T12:00:00,63851.70,64270.00,63777.00,64099.90,16885.471
2024-08-25T16:00:00,64099.90,64226.20,63950.00,64152.20,8486.783
2024-08-25T20:00:00,64152.30,65175.40,64098.60,64190.20,39636.870
2024-08-26T00:00:00,64190.10,64455.80,63711.20,64089.50,23198.666
2024-08-26T04:00:00,64089.50,64183.20,63541.90,63603.20,21222.012
2024-08-26T08:00:00,63603.30,64022.20,63074.50,63816.60,33534.559
2024-08-26T12:00:00,63816.60,63934.70,63032.00,63493.00,54988.264
2024-08-26T16:00:00,63493.00,63859.20,63138.40,63305.00,35175.091
2024-08-26T20:00:00,63305.00,63536.10,62750.20,62807.60,27858.630
2024-08-27T00:00:00,62807.70,63196.00,62618.00,62947.20,29706.099
2024-08-27T04:00:00,62947.10,63178.70,62688.50,62882.00,20401.076
2024-08-27T08:00:00,62881.90,62987.10,62200.20,62392.50,39119.070
2024-08-27T12:00:00,62392.40,62485.20,61426.10,61673.30,76715.331
2024-08-27T16:00:00,61673.40,62165.00,61484.30,62071.80,33637.142
2024-08-27T20:00:00,62071.80,62075.00,57928.20,59384.50,139691.087
2024-08-28T00:00:00,59384.40,59625.00,58872.30,59597.30,38342.376
2024-08-28T04:00:00,59597.30,59640.00,58475.20,58579.00,29969.699
2024-08-28T08:00:00,58579.00,60197.80,58510.00,59900.10,49925.701
2024-08-28T12:00:00,59900.20,60131.00,58400.00,58963.40,75714.471
2024-08-28T16:00:00,58963.40,59794.70,57820.00,58871.10,82316.682
2024-08-28T20:00:00,58871.00,59579.80,58602.60,59010.00,37519.638
2024-08-29T00:00:00,59010.00,59300.00,58834.00,59113.00,16919.526
2024-08-29T04:00:00,59113.40,59734.10,59040.80,59548.90,19489.420
2024-08-29T08:00:00,59548.90,60450.00,59340.00,60040.00,34525.878
2024-08-29T12:00:00,60040.00,61144.90,59956.30,60750.90,61927.272
2024-08-29T16:00:00,60750.90,60930.00,58876.80,59237.00,74013.459
2024-08-29T20:00:00,59236.90,59614.50,58655.00,59323.20,27021.130
2024-08-30T00:00:00,59323.30,59468.00,58862.20,59001.00,22767.268
2024-08-30T04:00:00,59001.10,59558.00,58650.00,59235.90,31797.878
2024-08-30T08:00:00,59236.00,59637.40,59235.90,59367.00,22816.700
2024-08-30T12:00:00,59367.00,59914.90,57901.20,58073.10,106557.210
2024-08-30T16:00:00,58073.70,59345.80,57525.00,58670.10,69320.590
2024-08-30T20:00:00,58670.00,59283.10,58668.80,59096.30,15016.823
2024-08-31T00:00:00,59096.40,59436.00,59028.00,59199.90,11958.450
2024-08-31T04:00:00,59200.00,59321.80,59044.00,59060.80,8559.326
2024-08-31T08:00:00,59060.80,59153.00,58795.40,59093.10,13321.559
2024-08-31T12:00:00,59093.10,59215.80,58860.00,58983.70,13422.200
2024-08-31T16:00:00,58983.80,59108.30,58700.00,58834.20,13929.987
2024-08-31T20:00:00,58834.30,59107.50,58756.00,58941.90,7675.152
2024-09-01T00:00:00,58941.90,59052.70,58250.00,58501.60,21088.037
2024-09-01T04:00:00,58501.60,58575.70,57728.60,58444.10,36976.487
2024-09-01T08:00:00,58444.10,58469.90,57800.00,58208.00,23778.603
2024-09-01T12:00:00,58208.10,58345.30,57123.00,58184.10,64849.981
2024-09-01T16:00:00,58184.10,58787.20,57834.00,58480.80,31892.443
2024-09-01T20:00:00,58480.80,58626.30,57161.10,57268.10,44324.363
2024-09-02T00:00:00,57268.10,57735.00,57093.00,57708.70,40517.859
2024-09-02T04:00:00,57708.60,57966.90,57316.60,57523.20,22388.633
2024-09-02T08:00:00,57523.30,58639.00,57487.70,58396.00,49492.531
2024-09-02T12:00:00,58395.90,58783.00,58075.00,58508.00,37132.393
2024-09-02T16:00:00,58508.00,58645.40,58267.40,58418.80,15329.088
2024-09-02T20:00:00,58418.80,59412.30,58354.80,59112.10,36357.880
2024-09-03T00:00:00,59112.20,59790.00,59000.00,59087.90,33235.220
2024-09-03T04:00:00,59087.90,59236.70,58838.10,59078.00,21946.896
2024-09-03T08:00:00,59078.00,59174.80,58668.50,59038.60,20272.022
2024-09-03T12:00:00,59038.50,59332.90,57530.10,57695.10,88841.444
2024-09-03T16:00:00,57695.10,58250.00,57560.70,58020.90,42995.514
2024-09-03T20:00:00,58021.00,58217.60,57320.00,57451.90,22905.401
2024-09-04T00:00:00,57452.00,57920.00,55555.00,56632.90,96559.930
2024-09-04T04:00:00,56632.90,56847.20,56107.90,56717.00,36160.820
2024-09-04T08:00:00,56717.10,56871.50,56411.60,56536.20,24166.838
2024-09-04T12:00:00,56536.10,58137.70,56154.00,58096.20,98800.802
2024-09-04T16:00:00,58096.00,58500.00,57615.90,58029.80,53202.151
2024-09-04T20:00:00,58029.80,58371.70,57781.30,57944.80,18092.770
2024-09-05T00:00:00,57944.80,58318.90,56869.40,57104.10,43700.153
2024-09-05T04:00:00,57104.10,57265.00,56500.80,57127.00,36290.493
2024-09-05T08:00:00,57126.90,57217.50,56591.00,56666.10,28862.997
2024-09-05T12:00:00,56666.10,57300.00,55779.10,55947.00,114809.769
2024-09-05T16:00:00,55947.00,56688.90,55760.00,56026.00,46207.195
2024-09-05T20:00:00,56025.20,56232.80,55600.00,56145.70,24832.985
2024-09-06T00:00:00,56145.70,56836.70,55955.10,56553.70,31267.057
2024-09-06T04:00:00,56553.70,56717.80,55250.00,55766.30,48647.469
2024-09-06T08:00:00,55766.30,56244.10,55607.30,55972.10,37288.305
2024-09-06T12:00:00,55972.10,57000.00,53780.90,54022.10,199654.457
2024-09-06T16:00:00,54022.10,54414.00,53235.70,53515.30,95828.271
2024-09-06T20:00:00,53515.30,53938.90,52510.80,53927.70,66377.554
2024-09-07T00:00:00,53927.70,54082.20,53725.00,53789.20,16109.681
2024-09-07T04:00:00,53789.30,54369.70,53780.10,54258.10,26886.448
2024-09-07T08:00:00,54258.00,54472.80,54143.50,54298.90,16932.707
2024-09-07T12:00:00,54299.00,54800.00,54298.90,54746.60,23152.430
2024-09-07T16:00:00,54746.70,54820.20,53969.00,54375.00,26559.311
2024-09-07T20:00:00,54375.10,54415.40,53778.10,54134.90,18046.017
2024-09-08T00:00:00,54134.90,54478.90,53937.00,54371.50,16385.479
2024-09-08T04:00:00,54371.50,54544.80,54232.10,54411.50,13982.548
2024-09-08T08:00:00,54411.50,54700.00,54322.90,54528.60,15369.004
2024-09-08T12:00:00,54528.70,54544.00,53610.00,53663.60,41767.656
2024-09-08T16:00:00,53663.40,54497.40,53596.50,54301.30,25558.946
2024-09-08T20:00:00,54301.30,55300.00,54130.30,54839.60,49014.903
2024-09-09T00:00:00,54839.60,55351.40,54650.20,55084.90,34856.397
2024-09-09T04:00:00,55085.00,55118.30,54557.00,54939.10,25144.536
2024-09-09T08:00:00,54939.00,55549.00,54920.70,55236.80,35621.185
2024-09-09T12:00:00,55236.70,55774.90,54755.00,55360.30,77478.100
2024-09-09T16:00:00,55360.30,57148.60,55319.40,57060.10,89138.154
2024-09-09T20:00:00,57060.10,58153.20,56770.40,57010.00,50855.989
2024-09-10T00:00:00,57010.10,57041.90,56493.00,56500.10,25864.710
2024-09-10T04:00:00,56500.00,57266.60,56361.00,57183.20,28066.767
2024-09-10T08:00:00,57183.20,57366.00,56851.10,57190.10,26303.665
2024-09-10T12:00:00,57190.10,57439.00,56485.00,56561.00,68550.308
2024-09-10T16:00:00,56553.90,58033.20,56525.00,57923.60,58356.336
2024-09-10T20:00:00,57923.90,57945.40,57416.30,57609.10,21175.890
2024-09-11T00:00:00,57609.20,57729.00,56643.00,56793.50,45303.418
2024-09-11T04:00:00,56793.60,56794.90,56050.00,56675.10,42336.080
2024-09-11T08:00:00,56675.10,56850.00,56311.00,56768.90,32736.378
2024-09-11T12:00:00,56768.90,57138.00,55515.20,56676.10,129132.610
2024-09-11T16:00:00,56676.00,57954.40,56618.00,57560.90,74115.014
2024-09-11T20:00:00,57560.90,57648.00,57171.00,57306.00,14607.945
2024-09-12T00:00:00,57305.60,58465.40,57283.10,58197.90,49947.024
2024-09-12T04:00:00,58197.90,58397.50,57810.00,58101.80,24243.847
2024-09-12T08:00:00,58101.70,58317.50,57867.00,58031.70,22402.437
2024-09-12T12:00:00,58031.70,58606.60,57310.00,57472.10,95837.316
2024-09-12T16:00:00,57472.20,58425.70,57454.40,58366.30,46353.896
2024-09-12T20:00:00,58366.30,58366.80,57734.90,58097.00,22665.168
2024-09-13T00:00:00,58097.10,58226.80,57800.80,57827.00,16460.526
2024-09-13T04:00:00,57827.00,58108.80,57708.00,58079.80,16302.311
2024-09-13T08:00:00,58079.70,58321.90,57792.50,57852.60,25215.501
2024-09-13T12:00:00,57852.60,59706.10,57594.00,59623.50,115499.474
2024-09-13T16:00:00,59623.60,59979.20,59278.90,59703.10,61622.677
2024-09-13T20:00:00,59703.10,60597.00,59588.00,60456.20,42329.003
2024-09-14T00:00:00,60456.20,60572.90,60255.40,60290.50,15486.844
2024-09-14T04:00:00,60290.50,60318.80,59866.00,60110.40,17391.535
2024-09-14T08:00:00,60110.30,60130.00,59577.70,59680.00,19441.411
2024-09-14T12:00:00,59680.10,59988.90,59610.00,59840.10,17932.901
2024-09-14T16:00:00,59840.10,59953.00,59360.10,59778.40,20367.115
2024-09-14T20:00:00,59778.40,60135.80,59740.00,59964.00,11960.771
2024-09-15T00:00:00,59963.90,60247.90,59950.00,60130.20,11165.607
2024-09-15T04:00:00,60130.20,60193.60,60047.90,60166.80,7003.375
2024-09-15T08:00:00,60166.70,60178.00,59848.60,59977.00,11882.577
2024-09-15T12:00:00,59977.00,60369.40,59823.00,60304.60,25224.832
2024-09-15T16:00:00,60304.60,60323.10,59663.00,59847.70,29765.693
2024-09-15T20:00:00,59847.70,59910.20,58654.00,59100.50,45482.122
2024-09-16T00:00:00,59100.50,59182.20,58079.70,58546.50,54220.709
2024-09-16T04:00:00,58546.40,58935.00,58279.20,58874.60,26326.722
2024-09-16T08:00:00,58874.60,59159.10,58463.60,58630.00,28655.980
2024-09-16T12:00:00,58630.10,58766.00,57550.00,57860.70,71193.929
2024-09-16T16:00:00,57860.70,58250.00,57446.30,57915.40,48106.279
2024-09-16T20:00:00,57915.50,58397.90,57576.10,58187.00,22195.813
2024-09-17T00:00:00,58187.00,58320.00,57588.80,58035.20,26540.640
2024-09-17T04:00:00,58035.20,58762.00,57993.00,58668.10,23933.192
2024-09-17T08:00:00,58668.10,59274.40,58600.00,59055.10,37558.458
2024-09-17T12:00:00,59055.00,61345.00,58850.00,61103.00,138114.453
2024-09-17T16:00:00,61111.00,61240.60,59600.00,59946.00,66312.487
2024-09-17T20:00:00,59945.90,60398.20,59696.00,60281.00,25982.836
2024-09-18T00:00:00,60281.00,60747.70,59838.00,60490.00,27659.690
2024-09-18T04:00:00,60490.10,60664.90,60166.70,60403.70,18106.577
2024-09-18T08:00:00,60403.60,60403.70,59360.10,59824.60,42775.420
2024-09-18T12:00:00,59824.50,60130.00,59261.90,59400.10,56105.508
2024-09-18T16:00:00,59400.10,61320.70,59138.00,60024.60,158110.080
2024-09-18T20:00:00,60024.60,61765.00,59430.00,61735.30,52972.037
2024-09-19T00:00:00,61735.30,62555.00,61534.00,62086.50,71083.208
2024-09-19T04:00:00,62086.60,62155.00,61779.90,62071.00,23263.940
2024-09-19T08:00:00,62071.00,62697.00,61851.30,62604.50,40249.506
2024-09-19T12:00:00,62604.50,63483.80,62540.30,63129.00,85542.087
2024-09-19T16:00:00,63129.00,63830.10,62905.60,63229.40,56180.057
2024-09-19T20:00:00,63229.40,63229.50,62623.40,62926.90,26063.614
2024-09-20T00:00:00,62926.90,63728.20,62579.20,63723.30,32841.521
2024-09-20T04:00:00,63723.20,64126.70,63363.70,63494.40,52132.864
2024-09-20T08:00:00,63494.50,63673.80,63080.10,63417.10,35056.918
2024-09-20T12:00:00,63417.20,63528.70,62535.00,63120.20,79408.734
2024-09-20T16:00:00,63120.20,63257.60,62320.00,62772.10,41022.336
2024-09-20T20:00:00,62772.00,63280.00,62669.20,63175.70,16710.462
2024-09-21T00:00:00,63175.80,63282.00,62790.00,62865.10,17298.311
2024-09-21T04:00:00,62865.00,63114.60,62714.20,63060.00,12981.750
2024-09-21T08:00:00,63060.10,63120.00,62936.80,63058.00,8566.426
2024-09-21T12:00:00,63058.00,63286.90,62995.20,63146.60,14099.266
2024-09-21T16:00:00,63146.60,63378.80,63054.00,63174.20,12565.693
2024-09-21T20:00:00,63174.10,63546.90,63025.00,63320.60,12736.916
2024-09-22T00:00:00,63320.60,63423.70,62801.20,63088.90,19579.364
2024-09-22T04:00:00,63088.80,63182.40,62808.00,62909.30,10743.317
2024-09-22T08:00:00,62909.20,63010.50,62520.20,62751.40,22546.486
2024-09-22T12:00:00,62751.40,62915.70,62435.00,62624.20,19079.416
2024-09-22T16:00:00,62624.10,63200.00,62443.20,63132.10,22456.101
2024-09-22T20:00:00,63132.20,64000.00,62339.00,63558.40,54725.200
2024-09-23T00:00:00,63558.50,64724.80,62534.40,64320.10,74683.458
2024-09-23T04:00:00,64320.10,64427.90,63356.80,63519.90,35083.345
2024-09-23T08:00:00,63519.90,63668.40,63279.50,63399.00,21731.180
2024-09-23T12:00:00,63398.90,63778.70,63033.90,63589.60,56370.517
2024-09-23T16:00:00,63589.60,63790.00,63077.60,63272.60,28820.318
2024-09-23T20:00:00,63272.70,63467.10,63050.00,63302.00,17654.746
2024-09-24T00:00:00,63302.10,63377.40,62688.20,63097.60,34882.224
2024-09-24T04:00:00,63097.60,63542.90,62913.60,63527.80,18863.348
2024-09-24T08:00:00,63527.70,63925.50,63350.00,63446.30,32217.024
2024-09-24T12:00:00,63446.30,63744.40,62695.00,63128.80,63631.464
2024-09-24T16:00:00,63128.80,64357.70,63056.00,64270.00,49015.976
2024-09-24T20:00:00,64270.00,64666.00,63939.20,64243.10,38377.592
2024-09-25T00:00:00,64243.20,64800.00,63955.90,64422.40,29755.753
2024-09-25T04:00:00,64422.50,64430.00,63612.30,63814.90,25639.113
2024-09-25T08:00:00,63814.90,63888.30,63376.00,63808.10,30911.433
2024-09-25T12:00:00,63808.10,63971.00,63243.20,63470.10,39594.067
2024-09-25T16:00:00,63470.10,63642.40,62963.20,63151.60,37305.727
2024-09-25T20:00:00,63151.00,63533.30,62910.00,63118.40,21744.679
2024-09-26T00:00:00,63118.30,63518.90,62634.40,63482.90,36878.788
2024-09-26T04:00:00,63483.00,63843.10,63311.80,63823.40,22609.118
2024-09-26T08:00:00,63823.40,64500.00,63567.00,64373.00,46849.777
2024-09-26T12:00:00,64372.90,65549.50,64127.10,65200.00,130644.247
2024-09-26T16:00:00,65200.00,65800.00,64656.10,64677.80,56313.884
2024-09-26T20:00:00,64677.80,65214.20,64601.60,65139.20,27890.542
2024-09-27T00:00:00,65139.10,65412.00,64788.00,65338.00,25651.759
2024-09-27T04:00:00,65338.00,65534.60,65071.00,65438.90,26033.490
2024-09-27T08:00:00,65438.80,65968.10,65307.00,65408.20,41461.345
2024-09-27T12:00:00,65408.30,66450.00,65287.60,65974.00,76731.833
2024-09-27T16:00:00,65974.10,66329.00,65477.70,65612.80,43546.194
2024-09-27T20:00:00,65612.90,65950.00,65587.20,65749.60,12979.400
2024-09-28T00:00:00,65749.50,66237.00,65692.30,66041.00,15236.279
2024-09-28T04:00:00,66041.00,66060.10,65706.10,65790.00,12621.823
2024-09-28T08:00:00,65790.00,65790.10,65392.70,65761.50,19888.929
2024-09-28T12:00:00,65761.50,65796.80,65368.10,65593.70,20472.053
2024-09-28T16:00:00,65593.60,65798.70,65460.00,65699.60,9155.286
2024-09-28T20:00:00,65699.70,65980.00,65380.00,65822.60,15399.183
2024-09-29T00:00:00,65822.70,65954.50,65599.80,65781.60,12438.833
2024-09-29T04:00:00,65781.50,65781.60,65400.00,65436.90,12286.502
2024-09-29T08:00:00,65436.90,65702.70,65401.00,65670.40,11851.759
2024-09-29T12:00:00,65670.40,65832.90,65480.00,65720.00,17725.988
2024-09-29T16:00:00,65720.00,65947.40,65623.80,65926.30,12855.578
2024-09-29T20:00:00,65926.20,66059.30,65491.40,65568.10,20973.139
2024-09-30T00:00:00,65568.20,65588.80,64150.00,64539.90,69881.834
2024-09-30T04:00:00,64539.90,64686.00,64300.00,64539.10,24981.714
2024-09-30T08:00:00,64539.00,64552.90,63222.00,63794.40,76458.979
2024-09-30T12:00:00,63794.40,64130.80,63490.20,63535.60,48875.810
2024-09-30T16:00:00,63535.70,63722.40,63036.20,63472.80,45469.704
2024-09-30T20:00:00,63472.90,63845.00,62825.00,63309.10,31180.332
2024-10-01T00:00:00,63309.00,63732.00,63000.00,63707.20,30145.062
2024-10-01T04:00:00,63707.20,64092.60,63627.60,64017.00,23523.665
2024-10-01T08:00:00,64016.90,64075.50,63683.10,63699.90,18586.910
2024-10-01T12:00:00,63700.00,63784.00,61801.60,62613.80,149631.728
2024-10-01T16:00:00,62613.80,62760.00,61100.00,61739.70,126786.010
2024-10-01T20:00:00,61739.80,61750.20,60128.20,60776.80,81144.460
2024-10-02T00:00:00,60776.70,61858.20,60703.30,61718.00,37462.528
2024-10-02T04:00:00,61718.10,61926.70,61325.00,61702.50,27147.209
2024-10-02T08:00:00,61702.50,61888.20,60856.80,61140.80,42121.394
2024-10-02T12:00:00,61140.80,61902.60,60495.00,61833.90,91786.770
2024-10-02T16:00:00,61833.90,62355.00,59934.90,60155.00,93642.638
2024-10-02T20:00:00,60155.00,60972.90,60091.30,60622.60,34841.266
2024-10-03T00:00:00,60622.70,61445.10,60508.70,61434.30,31925.503
2024-10-03T04:00:00,61434.40,61452.60,60789.20,60898.60,24875.301
2024-10-03T08:00:00,60898.50,61047.30,60101.50,60733.00,53727.324
2024-10-03T12:00:00,60732.90,60909.10,59815.00,60606.50,101228.614
2024-10-03T16:00:00,60606.40,61024.10,59888.00,60998.00,55409.577
2024-10-03T20:00:00,60998.00,61073.70,60580.00,60727.20,18970.893
2024-10-04T00:00:00,60727.10,61247.40,60434.10,60928.70,29090.101
2024-10-04T04:00:00,60928.70,61476.10,60896.30,61403.90,21411.632
2024-10-04T08:00:00,61403.90,61616.00,61236.00,61423.00,24727.149
2024-10-04T12:00:00,61423.00,61985.00,60700.50,61843.10,97099.192
2024-10-04T16:00:00,61843.20,62442.80,61611.00,62337.00,46119.924
2024-10-04T20:00:00,62337.20,62457.10,61934.00,62054.40,16347.838
2024-10-05T00:00:00,62054.30,62169.30,61648.00,61835.50,15990.326
2024-10-05T04:00:00,61835.50,62242.40,61790.30,62043.00,11996.567
2024-10-05T08:00:00,62043.00,62298.20,62043.00,62149.10,8605.565
2024-10-05T12:00:00,62149.10,62344.00,62058.90,62131.40,11275.172
2024-10-05T16:00:00,62131.50,62159.40,61740.40,61822.40,15845.230
2024-10-05T20:00:00,61822.40,62076.90,61671.90,62023.10,10617.921
2024-10-06T00:00:00,62023.10,62132.40,61840.50,61852.40,8978.768
2024-10-06T04:00:00,61852.50,61987.70,61778.90,61919.80,6470.994
2024-10-06T08:00:00,61919.80,62139.80,61890.00,62067.10,8955.265
2024-10-06T12:00:00,62067.00,62750.00,62027.00,62690.40,32004.279
2024-10-06T16:00:00,62690.40,62961.50,62511.00,62601.50,20697.883
2024-10-06T20:00:00,62601.40,62888.00,62265.00,62789.30,19306.264
2024-10-07T00:00:00,62789.20,63950.00,62620.10,63494.60,53427.045
2024-10-07T04:00:00,63494.50,63689.80,63281.60,63509.90,19040.589
2024-10-07T08:00:00,63509.90,63680.00,62621.90,63114.10,46007.292
2024-10-07T12:00:00,63114.10,64448.20,62800.00,63620.00,92256.761
2024-10-07T16:00:00,63620.10,63885.00,62700.00,63349.40,46946.801
2024-10-07T20:00:00,63349.40,63379.90,62091.80,62190.70,41270.887
2024-10-08T00:00:00,62190.60,62794.00,62126.30,62602.40,28564.660
2024-10-08T04:00:00,62602.30,62753.30,61941.00,62291.40,35539.487
2024-10-08T08:00:00,62291.40,62637.00,62159.80,62595.70,20264.489
2024-10-08T12:00:00,62595.80,63178.70,61836.00,62259.90,84886.204
2024-10-08T16:00:00,62259.90,62571.80,61843.60,62228.30,42234.458
2024-10-08T20:00:00,62228.50,62544.60,62000.00,62131.70,14787.061
2024-10-09T00:00:00,62131.80,62478.60,61962.80,62365.00,19352.949
2024-10-09T04:00:00,62365.00,62520.90,62164.70,62243.00,14632.884
2024-10-09T08:00:00,62243.00,62261.70,62025.00,62177.80,16509.769
2024-10-09T12:00:00,62177.70,62386.00,61600.10,62285.40,64587.868
2024-10-09T16:00:00,62285.40,62320.00,60800.20,61013.70,60119.581
2024-10-09T20:00:00,61013.60,61092.50,60251.90,60606.40,42099.122
2024-10-10T00:00:00,60606.30,60930.00,60309.00,60838.70,25500.217
2024-10-10T04:00:00,60838.70,61128.10,60782.50,60871.00,15827.297
2024-10-10T08:00:00,60871.10,61297.00,60600.00,61235.90,27636.423
2024-10-10T12:00:00,61235.90,61294.70,60414.00,60769.90,67108.376
2024-10-10T16:00:00,60770.00,61020.00,58900.00,59696.90,99979.096
2024-10-10T20:00:00,59696.90,60295.70,59550.00,60293.20,26896.244
2024-10-11T00:00:00,60293.30,60749.90,60057.80,60572.60,26586.058
2024-10-11T04:00:00,60572.60,60893.40,60541.60,60643.30,19170.546
2024-10-11T08:00:00,60643.20,61228.90,60618.40,61140.00,29003.451
2024-10-11T12:00:00,61140.10,62432.60,61091.80,62218.00,87805.333
2024-10-11T16:00:00,62218.00,63400.00,62080.10,63042.40,75652.829
2024-10-11T20:00:00,63042.30,63144.00,62328.00,62509.00,25472.925
2024-10-12T00:00:00,62509.00,63055.90,62458.00,62537.00,23211.182
2024-10-12T04:00:00,62537.10,62770.00,62537.00,62734.10,10128.848
2024-10-12T08:00:00,62734.00,63248.00,62645.50,62900.30,17567.587
2024-10-12T12:00:00,62900.40,63462.60,62781.00,63124.80,26797.661
2024-10-12T16:00:00,63124.90,63366.80,62862.00,62966.30,16359.048
2024-10-12T20:00:00,62966.20,63345.20,62966.20,63176.00,8720.080
2024-10-13T00:00:00,63176.00,63260.00,62615.40,62686.20,22542.817
2024-10-13T04:00:00,62686.20,62960.00,62675.40,62819.00,9250.078
2024-10-13T08:00:00,62819.00,62938.10,62486.10,62528.50,13355.855
2024-10-13T12:00:00,62528.40,62811.00,62020.00,62195.30,32569.283
2024-10-13T16:00:00,62195.20,62864.80,62141.10,62699.30,33647.995
2024-10-13T20:00:00,62699.20,63118.30,62574.10,62839.80,18330.128
2024-10-14T00:00:00,62839.70,64377.60,62420.00,64281.60,49743.051
2024-10-14T04:00:00,64280.80,64676.70,63752.80,64599.60,63161.449
2024-10-14T08:00:00,64599.50,65221.60,64306.90,64899.40,53429.685
2024-10-14T12:00:00,64899.50,66288.00,64630.00,65850.90,97129.105
2024-10-14T16:00:00,65850.90,66066.00,65520.00,65901.00,41167.572
2024-10-14T20:00:00,65900.90,66533.00,65710.00,66064.90,33620.739
2024-10-15T00:00:00,66064.90,66312.40,65300.00,65382.10,30836.404
2024-10-15T04:00:00,65382.20,65830.00,65200.10,65638.40,27701.846
2024-10-15T08:00:00,65638.40,65838.90,65255.00,65385.30,26501.689
2024-10-15T12:00:00,65385.30,67953.70,64771.70,65994.60,218343.805
2024-10-15T16:00:00,65994.70,67372.90,65952.60,66937.10,78846.996
2024-10-15T20:00:00,66937.00,67136.00,66095.80,67044.10,39774.771
2024-10-16T00:00:00,67044.00,67548.60,66724.20,67064.50,31340.546
2024-10-16T04:00:00,67064.50,67335.90,66732.70,66948.80,24048.074
2024-10-16T08:00:00,66948.80,68400.00,66888.00,67872.30,67489.134
2024-10-16T12:00:00,67872.30,68299.90,67076.00,67726.00,85352.330
2024-10-16T16:00:00,67725.90,68087.90,67447.10,67692.40,30240.739
2024-10-16T20:00:00,67692.40,67945.00,67468.10,67592.00,15682.678
2024-10-17T00:00:00,67592.00,67925.90,67369.30,67570.00,23822.274
2024-10-17T04:00:00,67570.10,67570.10,67054.20,67280.80,27116.955
2024-10-17T08:00:00,67280.80,67516.70,66766.00,66853.60,34930.910
2024-10-17T12:00:00,66853.50,67673.90,66600.00,67561.90,75033.595
2024-10-17T16:00:00,67561.90,67570.00,66682.30,66821.10,42147.009
2024-10-17T20:00:00,66821.10,67473.50,66802.60,67401.50,17222.094
2024-10-18T00:00:00,67401.50,68268.00,67165.00,67532.30,42849.602
2024-10-18T04:00:00,67532.30,68371.00,67520.10,67955.00,35988.833
2024-10-18T08:00:00,67955.10,68044.80,67656.60,67692.70,20054.459
2024-10-18T12:00:00,67692.70,68870.70,67629.00,68710.00,82701.774
2024-10-18T16:00:00,68710.00,69000.00,68338.00,68582.30,44954.462
2024-10-18T20:00:00,68582.30,68669.60,68173.40,68407.80,18752.631
2024-10-19T00:00:00,68407.80,68684.90,68278.80,68428.40,14128.924
2024-10-19T04:00:00,68428.40,68544.60,68270.80,68328.90,9447.218
2024-10-19T08:00:00,68328.90,68456.00,68042.50,68071.60,13259.148
2024-10-19T12:00:00,68071.60,68347.20,68063.50,68206.90,12650.205
2024-10-19T16:00:00,68206.90,68228.90,68000.00,68162.50,9668.409
2024-10-19T20:00:00,68162.50,68401.60,68145.20,68357.10,9478.204
2024-10-20T00:00:00,68357.10,68435.60,68069.80,68161.10,9136.247
2024-10-20T04:00:00,68161.10,68423.00,68151.30,68347.00,10766.222
2024-10-20T08:00:00,68347.00,68498.00,68330.00,68396.30,7315.345
2024-10-20T12:00:00,68396.40,68749.00,68176.70,68605.00,26395.008
2024-10-20T16:00:00,68605.00,68649.00,68384.30,68484.90,9301.881
2024-10-20T20:00:00,68484.90,69425.80,68431.90,69020.10,43024.789
2024-10-21T00:00:00,69020.20,69566.00,68590.00,68938.00,37444.311
2024-10-21T04:00:00,68937.90,69200.00,68468.00,68519.30,26063.349
2024-10-21T08:00:00,68519.30,68675.00,68136.00,68250.90,27692.483
2024-10-21T12:00:00,68250.80,68350.80,66865.90,67354.30,97480.381
2024-10-21T16:00:00,67354.20,67949.00,66920.00,67755.40,45291.764
2024-10-21T20:00:00,67755.60,67928.40,67341.40,67368.80,19465.045
2024-10-22T00:00:00,67368.70,67688.00,66536.50,67390.30,42456.350
2024-10-22T04:00:00,67390.30,67784.90,67278.00,67387.30,17437.114
2024-10-22T08:00:00,67387.20,67524.60,66740.00,67280.60,41352.412
2024-10-22T12:00:00,67280.60,67718.00,66613.00,67266.80,69808.374
2024-10-22T16:00:00,67266.80,67630.00,66902.10,67466.80,29595.381
2024-10-22T20:00:00,67466.20,67825.00,67266.60,67406.40,17869.346
2024-10-23T00:00:00,67406.50,67449.00,66856.70,67057.80,18075.878
2024-10-23T04:00:00,67057.80,67290.00,66779.50,66838.00,18800.014
2024-10-23T08:00:00,66838.00,67046.80,66150.00,66406.10,47764.715
2024-10-23T12:00:00,66406.10,66921.70,65900.00,66201.60,61638.876
2024-10-23T16:00:00,66201.70,66566.00,65222.30,66465.20,80361.232
2024-10-23T20:00:00,66465.30,66806.20,66300.00,66647.20,21574.343
2024-10-24T00:00:00,66647.30,67615.30,66482.00,67192.70,37890.497
2024-10-24T04:00:00,67192.70,67457.00,67050.00,67104.40,17146.619
2024-10-24T08:00:00,67104.50,67327.20,66700.00,67276.30,28291.929
2024-10-24T12:00:00,67276.30,68000.00,67243.30,67672.70,58248.604
2024-10-24T16:00:00,67672.70,68296.00,67329.20,68279.70,35683.920
2024-10-24T20:00:00,68279.70,68842.50,67890.00,68173.80,35079.153
2024-10-25T00:00:00,68173.80,68256.50,67800.00,67983.10,21316.585
2024-10-25T04:00:00,67983.20,68019.30,67222.40,67503.60,30679.870
2024-10-25T08:00:00,67503.60,68158.00,67289.50,68081.60,29234.239
2024-10-25T12:00:00,68081.60,68748.00,67397.10,67660.60,69478.441
2024-10-25T16:00:00,67660.60,67895.50,65950.30,66825.80,130344.496
2024-10-25T20:00:00,66825.70,67376.90,65557.20,66662.80,67458.240
2024-10-26T00:00:00,66662.70,67016.10,66414.10,66885.70,27492.406
2024-10-26T04:00:00,66885.80,67211.20,66730.10,66982.00,14541.648
2024-10-26T08:00:00,66982.00,67250.00,66939.50,67110.10,11608.638
2024-10-26T12:00:00,67110.20,67156.00,66708.00,66864.20,18967.953
2024-10-26T16:00:00,66864.30,67160.00,66760.50,67154.50,10647.402
2024-10-26T20:00:00,67154.40,67450.00,67056.50,67071.80,10911.945
2024-10-27T00:00:00,67071.90,67297.20,66909.40,67261.80,8720.051
2024-10-27T04:00:00,67261.90,67291.80,67081.60,67174.70,5970.870
2024-10-27T08:00:00,67174.70,67246.00,67011.10,67101.10,7730.454
2024-10-27T12:00:00,67101.00,67835.10,67095.00,67759.90,26035.205
2024-10-27T16:00:00,67759.90,67994.20,67513.00,67816.80,16831.536
2024-10-27T20:00:00,67816.80,68306.10,67600.00,67992.60,23180.692
2024-10-28T00:00:00,67992.70,68094.60,67651.00,67698.10,17259.456
2024-10-28T04:00:00,67698.10,68666.00,67584.20,68395.20,31198.170
2024-10-28T08:00:00,68395.30,68820.90,68207.40,68731.10,31556.121
2024-10-28T12:00:00,68731.10,69272.10,68390.60,68459.10,73534.015
2024-10-28T16:00:00,68459.10,69902.40,68424.00,69566.10,71038.675
2024-10-28T20:00:00,69650.00,70331.00,69480.30,69940.00,31542.185
2024-10-29T00:00:00,69939.90,71607.00,69733.00,70927.50,70969.906
2024-10-29T04:00:00,70927.40,71343.90,70803.00,71004.20,27074.597
2024-10-29T08:00:00,71004.10,71580.00,70960.00,71440.10,27038.505
2024-10-29T12:00:00,71440.00,72490.00,70900.00,72374.90,101844.283
2024-10-29T16:00:00,72374.90,73660.00,72328.60,72528.60,111067.510
2024-10-29T20:00:00,72534.60,72999.00,71871.10,72739.50,44507.259
2024-10-30T00:00:00,72739.50,72797.40,72018.00,72249.90,28141.259
2024-10-30T04:00:00,72249.90,72628.50,72112.60,72244.80,18203.431
2024-10-30T08:00:00,72244.80,72620.00,71931.10,71995.00,28224.538
2024-10-30T12:00:00,71994.90,72484.50,71444.20,72058.80,69872.822
2024-10-30T16:00:00,72058.80,72207.10,71655.00,71826.10,25715.669
2024-10-30T20:00:00,71826.00,72984.90,71631.60,72349.00,56951.089
2024-10-31T00:00:00,72349.00,72598.50,72030.50,72359.90,19966.004
2024-10-31T04:00:00,72360.00,72488.90,72144.80,72417.80,12421.816
2024-10-31T08:00:00,72417.80,72720.30,72150.00,72213.30,25593.011
2024-10-31T12:00:00,72213.40,72270.00,70453.10,70638.70,108897.549
2024-10-31T16:00:00,70638.60,70922.40,70050.00,70128.10,54149.039
2024-10-31T20:00:00,70128.00,70669.70,69705.00,70321.90,35457.909
2024-11-01T00:00:00,70321.90,70500.00,68870.40,69397.70,61743.169
2024-11-01T04:00:00,69397.70,69721.80,69100.90,69301.00,21979.496
2024-11-01T08:00:00,69301.00,70248.60,69270.00,70024.80,33299.189
2024-11-01T12:00:00,70024.70,71650.00,69036.00,69381.00,132614.932
2024-11-01T16:00:00,69381.10,70543.30,68822.50,69278.60,82079.073
2024-11-01T20:00:00,69278.60,69634.90,68856.30,69495.50,20875.229
2024-11-02T00:00:00,69495.40,69913.10,69480.80,69599.90,13396.546
2024-11-02T04:00:00,69599.90,69822.50,69450.00,69813.10,9480.066
2024-11-02T08:00:00,69813.00,69846.20,69413.00,69602.50,9919.876
2024-11-02T12:00:00,69602.60,69700.00,69022.80,69394.00,25701.195
2024-11-02T16:00:00,69393.90,69610.90,69221.60,69502.60,11944.529
2024-11-02T20:00:00,69502.50,69570.00,69150.10,69366.60,8871.893
2024-11-03T00:00:00,69366.60,69393.70,67846.00,68367.50,53265.097
2024-11-03T04:00:00,68367.60,68772.80,68287.60,68395.60,20698.181
2024-11-03T08:00:00,68395.50,68605.50,68183.80,68345.40,17859.381
2024-11-03T12:00:00,68345.40,68549.70,67446.60,68076.00,57554.991
2024-11-03T16:00:00,68075.60,68691.40,67660.00,68670.00,43218.091
2024-11-03T20:00:00,68670.00,69348.00,68483.10,68762.50,33881.635
2024-11-04T00:00:00,68762.50,69495.30,68220.00,69034.00,31791.122
2024-11-04T04:00:00,69034.00,69397.20,68600.90,68601.00,21320.158
2024-11-04T08:00:00,68601.00,69029.80,68456.30,68778.00,25361.648
2024-11-04T12:00:00,68778.10,69243.80,68173.30,68614.70,47079.052
2024-11-04T16:00:00,68614.80,68808.60,67205.00,67845.70,66818.212
2024-11-04T20:00:00,67845.60,68093.00,66810.00,67834.30,52541.974
2024-11-05T00:00:00,67834.40,68264.30,67454.20,68226.30,26196.710
2024-11-05T04:00:00,68226.20,68967.00,68200.00,68876.00,24619.450
2024-11-05T08:00:00,68875.90,69100.00,68588.20,68788.40,24112.300
2024-11-05T12:00:00,68788.50,70300.00,68642.10,69615.30,85206.886
2024-11-05T16:00:00,69615.20,70537.40,68650.00,68955.90,72195.636
2024-11-05T20:00:00,68955.90,69875.10,68786.40,69353.10,40739.888
2024-11-06T00:00:00,69353.10,75656.10,69272.70,74367.10,220262.621
2024-11-06T04:00:00,74367.10,75486.40,73112.00,73435.90,150835.366
2024-11-06T08:00:00,73435.80,74488.10,72721.50,74291.60,80333.054
2024-11-06T12:00:00,74291.70,74801.10,73500.00,74289.60,98258.389
2024-11-06T16:00:00,74289.70,75896.50,74134.50,75817.90,72281.048
2024-11-06T20:00:00,75817.90,76420.00,75500.00,75579.90,55469.808
2024-11-07T00:00:00,75579.90,76072.50,75000.00,75062.90,42389.268
2024-11-07T04:00:00,75062.80,75083.00,74450.00,74800.00,33140.462
2024-11-07T08:00:00,74800.00,75195.00,74719.30,74776.90,22641.139
2024-11-07T12:00:00,74776.90,76094.60,74508.00,76081.60,53654.903
2024-11-07T16:00:00,76081.50,76750.40,75577.80,76533.30,85759.805
2024-11-07T20:00:00,76533.20,76900.00,75471.10,75859.40,43089.456
2024-11-08T00:00:00,75859.40,76350.20,75576.30,75900.40,26499.940
2024-11-08T04:00:00,75900.40,76247.00,75696.10,76171.00,20162.471
2024-11-08T08:00:00,76171.00,76350.00,75775.80,75951.90,23054.513
2024-11-08T12:00:00,75952.00,76627.80,75620.10,76423.30,58380.345
2024-11-08T16:00:00,76423.30,77182.90,75820.00,76894.40,72505.490
2024-11-08T20:00:00,76894.40,77080.40,76278.50,76482.20,29767.565
2024-11-09T00:00:00,76482.20,76618.30,76122.40,76330.00,15792.551
2024-11-09T04:00:00,76330.10,76800.00,76285.70,76523.90,18270.772
2024-11-09T08:00:00,76523.90,76735.00,76358.80,76478.60,12472.435
2024-11-09T12:00:00,76478.60,76552.10,76255.00,76305.70,15353.180
2024-11-09T16:00:00,76305.60,76700.00,75683.20,76195.20,35282.838
2024-11-09T20:00:00,76195.20,76920.00,76158.80,76675.10,20582.258
2024-11-10T00:00:00,76675.10,77543.10,76501.10,77204.00,45047.568
2024-11-10T04:00:00,77204.00,79882.80,77133.30,78858.20,112080.688
2024-11-10T08:00:00,78858.20,80178.00,78858.10,79926.70,48780.387
2024-11-10T12:00:00,79926.70,80200.00,79200.00,79735.10,54489.793
2024-11-10T16:00:00,79735.10,81199.00,79386.00,79793.40,75109.372
2024-11-10T20:00:00,79793.40,81699.80,78549.20,80410.00,81919.091
2024-11-11T00:00:00,80409.90,81944.60,80261.20,81662.40,47331.713
2024-11-11T04:00:00,81662.30,81783.50,80467.00,81147.90,38159.913
2024-11-11T08:00:00,81147.80,82431.40,81051.60,82168.70,52573.957
2024-11-11T12:00:00,82168.70,84359.70,81467.50,84114.20,143031.996
2024-11-11T16:00:00,84114.10,86971.00,83897.20,86181.00,158908.501
2024-11-11T20:00:00,86180.90,89800.00,86123.10,88728.90,174135.582
2024-11-12T00:00:00,88729.00,89589.20,86657.40,88145.10,112158.288
2024-11-12T04:00:00,88145.00,90070.10,87769.00,89095.40,82836.942
2024-11-12T08:00:00,89095.50,89590.20,85500.00,87229.50,152590.451
2024-11-12T12:00:00,87229.50,87933.30,85159.90,86659.90,131106.429
2024-11-12T16:00:00,86660.00,89830.00,85792.50,88762.80,98262.570
2024-11-12T20:00:00,88762.90,89920.00,87384.60,87972.00,62526.904
2024-11-13T00:00:00,87972.00,88619.00,87061.60,87198.20,50628.657
2024-11-13T04:00:00,87198.30,87755.00,86180.00,87402.90,52550.607
2024-11-13T08:00:00,87402.90,88154.30,87132.40,87710.70,32402.081
2024-11-13T12:00:00,87710.70,92808.00,87551.00,92608.10,179178.401
2024-11-13T16:00:00,92608.00,93421.10,90005.80,90218.80,144613.188
2024-11-13T20:00:00,90218.80,91233.00,88005.10,90413.30,95915.363
2024-11-14T00:00:00,90413.30,90642.50,89531.70,89988.00,37865.206
2024-11-14T04:00:00,89988.10,90900.00,89095.50,90818.90,35453.645
2024-11-14T08:00:00,90818.90,91726.10,90370.00,91536.70,58116.522
2024-11-14T12:00:00,91536.80,91846.10,87855.00,88000.00,106437.305
2024-11-14T16:00:00,87999.90,89763.90,87555.00,89502.70,59001.492
2024-11-14T20:00:00,89502.60,89502.60,86714.00,87382.70,67747.510
2024-11-15T00:00:00,87382.60,88544.50,87302.40,88253.10,33647.259
2024-11-15T04:00:00,88253.20,88450.00,87111.00,87693.90,30043.698
2024-11-15T08:00:00,87693.90,89831.10,87418.40,89782.90,45281.393
2024-11-15T12:00:00,89783.00,90780.00,87815.00,88485.40,100346.130
2024-11-15T16:00:00,88485.50,90898.00,88428.90,90418.40,60358.503
2024-11-15T20:00:00,90418.50,91921.50,90371.10,91074.60,44754.925
2024-11-16T00:00:00,91074.60,91745.00,90900.00,91286.80,22409.140
2024-11-16T04:00:00,91286.90,91849.80,91107.40,91173.30,15216.836
2024-11-16T08:00:00,91173.30,91650.10,91050.00,91240.10,16860.827
2024-11-16T12:00:00,91240.10,91384.40,90120.00,90578.00,37507.082
2024-11-16T16:00:00,90577.90,91443.50,90250.00,91176.90,22394.018
2024-11-16T20:00:00,91176.90,91253.70,90350.30,90643.30,14635.544
2024-11-17T00:00:00,90643.20,90954.90,89400.10,90294.90,31001.004
2024-11-17T04:00:00,90294.90,90949.90,90194.20,90600.00,19011.425
2024-11-17T08:00:00,90600.00,91539.60,90523.30,90743.40,25814.112
2024-11-17T12:00:00,90743.30,91250.00,89935.70,90305.10,32101.076
2024-11-17T16:00:00,90305.20,90701.00,89713.70,90099.50,25084.894
2024-11-17T20:00:00,90099.60,90276.30,88736.10,89899.90,34492.281
2024-11-18T00:00:00,89900.00,91000.00,89666.90,90728.60,22915.771
2024-11-18T04:00:00,90728.60,92414.90,90502.10,91795.90,38769.822
2024-11-18T08:00:00,91795.90,92338.90,90077.70,90338.70,44082.727
2024-11-18T12:00:00,90338.70,92700.00,89422.10,92407.80,95658.795
2024-11-18T16:00:00,92407.80,92675.90,89706.20,90657.80,78011.620
2024-11-18T20:00:00,90657.70,92084.70,90280.00,90507.40,54118.375
2024-11-19T00:00:00,90507.40,91634.20,90405.60,91499.90,24546.623
2024-11-19T04:00:00,91500.00,92123.70,91292.50,91696.00,23000.398
2024-11-19T08:00:00,91696.10,92029.20,91250.00,91717.60,24939.284
2024-11-19T12:00:00,91717.60,92885.00,91015.60,92453.30,96334.675
2024-11-19T16:00:00,92455.50,93985.90,92105.90,93271.40,79233.610
2024-11-19T20:00:00,93271.60,93633.10,91334.40,92335.90,55477.441
2024-11-20T00:00:00,92335.90,92459.20,91500.00,92072.10,26421.429
2024-11-20T04:00:00,92072.00,92866.60,91882.40,92856.60,21131.099
2024-11-20T08:00:00,92856.60,93712.50,92730.20,93485.10,40106.881
2024-11-20T12:00:00,93485.20,94849.00,93328.60,94737.60,96267.382
2024-11-20T16:00:00,94737.60,94840.00,93093.30,93999.90,78303.055
2024-11-20T20:00:00,93999.90,94626.80,93750.30,94288.00,27814.381
2024-11-21T00:00:00,94288.00,95991.40,94008.70,95790.20,61140.448
2024-11-21T04:00:00,95790.10,97899.90,95790.10,96950.00,83899.747
2024-11-21T08:00:00,96950.00,98438.90,96757.60,98014.00,54909.632
2024-11-21T12:00:00,98014.00,98289.30,95625.00,96684.00,103958.368
2024-11-21T16:00:00,96684.10,99100.00,96311.00,97891.50,76195.107
2024-11-21T20:00:00,97891.50,98767.00,97531.70,98366.80,38279.834
2024-11-22T00:00:00,98366.80,99414.00,97860.10,98888.90,38616.603
2024-11-22T04:00:00,98888.90,99537.60,98550.00,99252.60,32825.662
2024-11-22T08:00:00,99252.60,99340.00,98300.00,98929.90,33443.457
2024-11-22T12:00:00,98930.00,99019.20,97199.90,98696.50,77364.746
2024-11-22T16:00:00,98696.60,99660.00,98264.20,99112.60,54528.558
2024-11-22T20:00:00,99112.60,99500.00,98508.10,98921.40,28995.041
2024-11-23T00:00:00,98921.50,98937.30,98309.90,98702.60,17253.830
2024-11-23T04:00:00,98702.60,98842.80,98314.40,98600.60,14055.072
2024-11-23T08:00:00,98600.50,98666.00,98355.00,98470.80,11785.190
2024-11-23T12:00:00,98470.80,98916.80,98412.80,98426.00,19215.669
2024-11-23T16:00:00,98426.10,98504.40,97368.00,97562.40,40309.275
2024-11-23T20:00:00,97562.50,98088.40,97173.50,97725.50,17739.386
2024-11-24T00:00:00,97725.60,98666.00,97670.90,98260.80,17187.628
2024-11-24T04:00:00,98260.90,98490.80,97947.40,98490.10,12556.249
2024-11-24T08:00:00,98490.10,98578.90,97286.00,97337.60,20554.068
2024-11-24T12:00:00,97337.60,97680.00,95976.00,95986.40,60350.265
2024-11-24T16:00:00,95986.30,96846.40,95822.10,96396.80,32601.995
2024-11-24T20:00:00,96396.80,98429.70,96265.10,97960.40,29868.635
2024-11-25T00:00:00,97960.50,98106.90,96929.90,97935.90,22932.841
2024-11-25T04:00:00,97935.80,98421.60,97600.00,98112.90,20355.410
2024-11-25T08:00:00,98113.00,98999.00,97911.10,98268.00,32738.055
2024-11-25T12:00:00,98268.10,98390.00,94665.40,96040.40,112741.637
2024-11-25T16:00:00,96040.40,96562.70,94467.40,94723.60,64872.212
2024-11-25T20:00:00,94723.70,95366.80,92666.00,93064.00,75734.866
2024-11-26T00:00:00,93064.00,94981.80,92800.10,94537.80,39545.582
2024-11-26T04:00:00,94537.70,95064.00,93533.90,93842.10,24648.316
2024-11-26T08:00:00,93842.10,93846.10,91553.00,92420.00,90231.256
2024-11-26T12:00:00,92420.00,93639.50,91809.90,92877.40,73826.177
2024-11-26T16:00:00,92877.40,94745.20,91650.60,91760.00,67285.049
2024-11-26T20:00:00,91760.00,92443.20,90866.40,92021.40,49392.853
2024-11-27T00:00:00,92021.50,93133.00,91864.00,92645.30,30203.735
2024-11-27T04:00:00,92645.20,93721.80,92413.20,93651.30,23144.634
2024-11-27T08:00:00,93651.30,93939.00,93167.20,93423.80,21517.494
2024-11-27T12:00:00,93423.80,95908.00,92903.40,95610.50,67850.746
2024-11-27T16:00:00,95610.40,96687.40,95238.70,96670.00,54604.299
2024-11-27T20:00:00,96670.10,97250.00,95776.60,95905.20,39685.079
2024-11-28T00:00:00,95905.20,96627.60,94878.20,95523.10,30725.546
2024-11-28T04:00:00,95523.10,95985.10,95135.80,95371.60,21039.487
2024-11-28T08:00:00,95371.50,95862.00,94700.10,95509.90,28019.076
2024-11-28T12:00:00,95509.90,96284.00,94950.00,95067.30,35794.858
2024-11-28T16:00:00,95067.30,95521.50,94863.80,95196.30,18747.366
2024-11-28T20:00:00,95196.40,96082.70,94768.00,95694.40,19680.693
2024-11-29T00:00:00,95694.40,96932.90,95404.50,96646.40,24959.608
2024-11-29T04:00:00,96646.50,96684.40,95669.40,95690.20,19223.755
2024-11-29T08:00:00,95690.20,97437.10,95690.10,97302.20,30200.689
2024-11-29T12:00:00,97302.20,98713.30,96822.00,98076.20,60395.647
2024-11-29T16:00:00,98076.30,98514.90,96903.20,97380.00,41569.331
2024-11-29T20:00:00,97380.00,97687.40,97036.90,97516.30,14171.919
2024-11-30T00:00:00,97516.20,97522.10,96400.00,96708.10,23965.592
2024-11-30T04:00:00,96708.10,97300.00,96599.80,96843.30,19485.822
2024-11-30T08:00:00,96843.30,97047.20,96150.00,96321.30,16897.440
2024-11-30T12:00:00,96321.30,96800.00,96300.00,96707.40,11979.631
2024-11-30T16:00:00,96707.40,97128.40,96581.90,97072.50,10495.275
2024-11-30T20:00:00,97072.60,97109.10,96380.00,96475.10,10250.458
2024-12-01T00:00:00,96475.20,96746.30,95736.50,96404.00,26132.180
2024-12-01T04:00:00,96404.00,96585.00,96249.10,96525.40,9153.515
2024-12-01T08:00:00,96525.40,97250.00,96480.00,97163.70,21533.374
2024-12-01T12:00:00,97163.70,97481.30,96705.30,97081.40,20941.010
2024-12-01T16:00:00,97081.50,97632.80,97029.50,97242.00,15616.016
2024-12-01T20:00:00,97242.10,97933.00,96852.70,97265.10,19846.895
2024-12-02T00:00:00,97265.00,98266.00,96402.50,96549.80,29835.063
2024-12-02T04:00:00,96549.90,97000.00,95788.40,96053.60,39372.545
2024-12-02T08:00:00,96053.50,96177.90,94887.00,95191.30,43471.871
2024-12-02T12:00:00,95191.40,97286.20,94826.00,97106.50,60495.623
2024-12-02T16:00:00,97106.60,97435.00,94400.00,95873.90,63080.969
2024-12-02T20:00:00,95873.90,96389.90,95171.50,95890.50,21357.840
2024-12-03T00:00:00,95890.60,96375.00,95463.60,96136.80,18629.132
2024-12-03T04:00:00,96136.80,96324.90,95336.30,95608.80,17487.710
2024-12-03T08:00:00,95608.80,95739.80,94661.30,95045.80,25645.596
2024-12-03T12:00:00,95045.90,96315.50,93605.00,95743.70,85647.457
2024-12-03T16:00:00,95744.70,96236.30,94925.80,95512.70,38288.732
2024-12-03T20:00:00,95512.60,96200.00,95337.20,95913.30,20903.353
2024-12-04T00:00:00,95913.30,96740.00,95271.60,95852.00,27822.359
2024-12-04T04:00:00,95852.10,96799.90,95783.50,96652.10,18405.832
2024-12-04T08:00:00,96652.20,97041.10,96239.70,96270.00,20925.907
2024-12-04T12:00:00,96270.10,96634.60,95398.10,95813.00,54479.082
2024-12-04T16:00:00,95813.00,97310.30,94650.80,97283.40,67941.454
2024-12-04T20:00:00,97283.40,99099.90,97189.30,98669.80,86374.571
2024-12-05T00:00:00,98669.80,104630.40,97970.50,103084.80,155798.412
2024-12-05T04:00:00,103084.70,103696.70,101359.80,102292.10,69178.653
2024-12-05T08:00:00,102292.10,103228.90,102290.30,102668.20,31253.697
2024-12-05T12:00:00,102668.20,103661.70,100932.60,101350.10,82540.521
2024-12-05T16:00:00,101350.10,102063.80,98704.60,99111.60,78445.371
2024-12-05T20:00:00,99111.50,99542.90,90200.00,97001.50,163060.737
2024-12-06T00:00:00,97001.60,98858.60,96429.50,97802.70,54871.518
2024-12-06T04:00:00,97802.70,98356.60,97422.80,98209.60,23490.730
2024-12-06T08:00:00,98209.70,98765.40,97705.20,98127.40,34097.618
2024-12-06T12:00:00,98127.40,99592.10,97550.00,99358.50,67051.277
2024-12-06T16:00:00,99358.50,101900.00,98800.00,101532.60,67789.279
2024-12-06T20:00:00,101532.60,101988.80,99111.00,99802.50,35069.186
2024-12-07T00:00:00,99802.50,100499.00,99361.00,99383.00,19615.533
2024-12-07T04:00:00,99383.00,99741.00,98876.90,99442.60,21001.060
2024-12-07T08:00:00,99442.60,99895.30,99314.80,99660.40,12084.542
2024-12-07T12:00:00,99660.30,99890.00,99101.70,99811.40,15668.723
2024-12-07T16:00:00,99811.50,100336.80,99528.00,100140.60,15477.404
2024-12-07T20:00:00,100140.70,100497.50,99655.00,99899.20,12011.396
2024-12-08T00:00:00,99899.20,100415.00,99686.40,99996.70,10362.305
2024-12-08T04:00:00,99996.70,100100.00,99388.50,99741.50,11720.725
2024-12-08T08:00:00,99741.60,99898.00,98709.40,99755.30,24081.257
2024-12-08T12:00:00,99755.20,100597.50,99409.30,99975.00,29860.114
2024-12-08T16:00:00,99974.90,100272.20,99538.40,100182.30,14904.590
2024-12-08T20:00:00,100182.40,101457.90,99800.00,101200.00,18826.685
2024-12-09T00:00:00,101200.10,101300.00,98500.10,99180.00,41149.178
2024-12-09T04:00:00,99179.90,99798.10,98374.30,99637.10,29272.885
2024-12-09T08:00:00,99637.20,99757.50,98112.00,98157.40,37959.165
2024-12-09T12:00:00,98157.50,100481.30,97555.00,97856.00,78567.275
2024-12-09T16:00:00,97856.10,98448.50,97029.50,97126.80,42609.820
2024-12-09T20:00:00,97126.80,97627.30,94039.70,97349.10,97415.267
2024-12-10T00:00:00,97349.10,98197.80,95591.90,96958.00,47046.703
2024-12-10T04:00:00,96957.90,97540.80,95923.80,97217.70,28323.888
2024-12-10T08:00:00,97217.70,97948.00,96961.10,97745.80,20244.349
2024-12-10T12:00:00,97745.70,98320.60,95639.50,95687.90,69046.590
2024-12-10T16:00:00,95674.80,96566.80,94265.50,95862.90,98509.952
2024-12-10T20:00:00,95862.90,97238.90,95621.10,96602.40,28319.262
2024-12-11T00:00:00,96602.30,97643.00,95650.00,97406.80,37997.227
2024-12-11T04:00:00,97406.90,97800.00,97185.70,97337.90,14407.389
2024-12-11T08:00:00,97337.90,98499.90,97310.60,98289.70,24609.143
2024-12-11T12:00:00,98289.70,100798.60,98047.50,100352.70,66071.763
2024-12-11T16:00:00,100352.70,101136.60,99583.40,101094.10,50125.706
2024-12-11T20:00:00,101094.20,101880.00,100844.60,101115.30,28596.477
2024-12-12T00:00:00,101115.30,101812.30,100309.80,101000.00,27234.965
2024-12-12T04:00:00,101000.00,101162.10,100359.60,100481.60,17652.590
2024-12-12T08:00:00,100481.50,101122.40,100150.00,100339.80,20809.100
2024-12-12T12:00:00,100339.80,101850.00,100336.30,101775.10,56891.436
2024-12-12T16:00:00,101775.10,102538.40,99280.20,99455.10,64519.390
2024-12-12T20:00:00,99455.10,100461.50,99428.60,99982.40,28111.594
2024-12-13T00:00:00,99982.30,100333.00,99149.60,99690.60,21321.108
2024-12-13T04:00:00,99690.60,100215.00,99446.40,100100.00,15814.867
2024-12-13T08:00:00,100099.90,100770.00,99863.50,100331.30,17660.896
2024-12-13T12:00:00,100331.30,101339.00,99653.60,99831.00,38171.736
2024-12-13T16:00:00,99831.00,101869.50,99750.00,101416.00,45302.268
2024-12-13T20:00:00,101416.10,101822.40,101028.70,101371.90,14166.443
2024-12-14T00:00:00,101371.90,102638.00,101106.10,102040.70,30294.884
2024-12-14T04:00:00,102040.70,102113.60,101557.80,101787.00,12566.304
2024-12-14T08:00:00,101787.00,101840.20,101298.40,101562.70,9813.394
2024-12-14T12:00:00,101562.60,101729.20,100777.00,101601.90,26386.649
2024-12-14T16:00:00,101601.90,101716.30,100806.00,101293.00,17681.995
2024-12-14T20:00:00,101293.10,101450.00,100559.80,101381.00,10937.323
2024-12-15T00:00:00,101381.00,102165.40,101200.10,101700.10,15592.176
2024-12-15T04:00:00,101700.00,102900.00,101460.80,101671.90,27541.411
2024-12-15T08:00:00,101671.80,102666.00,101525.20,102623.10,15406.991
2024-12-15T12:00:00,102623.00,103362.30,102438.00,102668.50,31971.916
2024-12-15T16:00:00,102668.50,103498.90,102556.30,103227.70,18789.402
2024-12-15T20:00:00,103227.80,105374.60,102592.40,104460.40,48432.020
2024-12-16T00:00:00,104460.50,106665.80,104245.20,104560.00,62637.778
2024-12-16T04:00:00,104560.00,105390.00,104439.30,104949.90,18270.625
2024-12-16T08:00:00,104950.00,104991.70,103585.20,103717.80,24163.793
2024-12-16T12:00:00,103717.90,106466.90,103264.60,106281.20,72852.537
2024-12-16T16:00:00,106281.10,107777.00,105769.00,106546.00,71322.401
2024-12-16T20:00:00,106546.10,106618.20,105424.00,106023.20,25148.622
2024-12-17T00:00:00,106023.20,106980.00,105623.00,106824.40,21309.575
2024-12-17T04:00:00,106824.40,107113.90,106331.60,106784.00,16950.593
2024-12-17T08:00:00,106784.00,107493.90,106671.70,106777.20,21219.982
2024-12-17T12:00:00,106777.10,108366.80,105674.00,106429.90,71086.715
2024-12-17T16:00:00,106429.90,107596.00,106104.60,106450.50,40303.166
2024-12-17T20:00:00,106450.40,106877.30,105252.00,106074.60,26903.881
2024-12-18T00:00:00,106074.60,106484.60,104527.60,104716.80,36652.409
2024-12-18T04:00:00,104716.80,104716.90,103065.60,104200.10,46474.659
2024-12-18T08:00:00,104200.10,104993.70,103683.90,104978.60,21989.201
2024-12-18T12:00:00,104978.60,105343.80,103611.70,104395.10,45761.763
2024-12-18T16:00:00,104395.20,104959.40,102777.10,102782.10,60569.290
2024-12-18T20:00:00,102781.80,102954.80,99951.10,100181.10,117134.613
2024-12-19T00:00:00,100181.20,101305.10,98744.00,101163.30,68598.754
2024-12-19T04:00:00,101163.40,101694.90,100613.20,101615.20,19507.702
2024-12-19T08:00:00,101615.10,102600.00,101338.80,102419.90,23149.224
2024-12-19T12:00:00,102420.00,102756.70,99455.00,100631.10,75610.020
2024-12-19T16:00:00,100631.10,101162.50,96233.70,97172.10,121737.036
2024-12-19T20:00:00,97172.20,98391.40,95681.20,97434.40,64365.727
2024-12-20T00:00:00,97434.30,97795.50,95946.90,97083.20,42560.281
2024-12-20T04:00:00,97083.20,98243.00,96350.10,97826.10,44423.807
2024-12-20T08:00:00,97826.10,97867.50,92613.70,92715.10,108658.870
2024-12-20T12:00:00,92715.10,97555.00,92272.60,96961.30,115205.819
2024-12-20T16:00:00,96961.40,97721.00,96254.00,97079.60,53735.933
2024-12-20T20:00:00,97079.60,97777.00,95393.80,97764.40,31604.085
2024-12-21T00:00:00,97764.50,97773.10,97142.00,97444.90,16567.071
2024-12-21T04:00:00,97444.90,99485.00,97330.00,98988.10,32678.501
2024-12-21T08:00:00,98988.00,99137.50,97757.80,98225.30,25724.796
2024-12-21T12:00:00,98225.40,98253.50,96375.00,97486.50,42516.701
2024-12-21T16:00:00,97486.60,97695.00,96800.00,97242.20,22571.885
2024-12-21T20:00:00,97242.30,98084.90,96520.00,97261.80,21199.526
2024-12-22T00:00:00,97261.70,97437.90,96532.00,96965.10,16009.718
2024-12-22T04:00:00,96965.10,97057.00,95867.30,96192.10,22249.568
2024-12-22T08:00:00,96192.10,97322.10,96172.10,97054.80,16254.938
2024-12-22T12:00:00,97054.70,97266.60,95085.00,95341.00,35517.211
2024-12-22T16:00:00,95341.00,96426.70,94642.40,94795.40,27681.696
2024-12-22T20:00:00,94795.40,95787.70,94200.00,95153.50,30401.604
2024-12-23T00:00:00,95153.40,96019.80,93655.30,95989.90,43781.728
2024-12-23T04:00:00,95989.80,96488.80,94639.50,95360.50,28583.122
2024-12-23T08:00:00,95360.50,96499.00,94974.20,95899.40,21634.571
2024-12-23T12:00:00,95899.40,96377.20,93060.30,93217.60,63342.199
2024-12-23T16:00:00,93217.70,94249.30,92634.70,92997.70,49457.666
2024-12-23T20:00:00,92997.70,95480.40,92464.40,94861.10,40412.569
2024-12-24T00:00:00,94861.00,94861.10,93525.60,94330.10,24731.379
2024-12-24T04:00:00,94330.10,94638.60,93774.40,94200.00,14943.809
2024-12-24T08:00:00,94199.90,94618.00,93800.00,94369.00,14932.806
2024-12-24T12:00:00,94368.30,98274.90,94039.80,98243.50,66173.325
2024-12-24T16:00:00,98243.50,99450.00,97522.50,97558.50,60647.937
2024-12-24T20:00:00,97558.40,99074.80,97226.20,98627.20,30181.376
2024-12-25T00:00:00,98626.90,98848.40,97681.30,98000.00,16945.268
2024-12-25T04:00:00,98000.10,98539.50,97807.50,98049.70,11793.716
2024-12-25T08:00:00,98049.80,99323.30,97709.90,97889.30,28204.972
2024-12-25T12:00:00,97888.40,98797.90,97570.00,98493.30,27000.386
2024-12-25T16:00:00,98493.30,99258.00,98100.00,98981.30,16271.137
2024-12-25T20:00:00,98981.30,99580.70,98331.50,99379.70,24481.413
2024-12-26T00:00:00,99379.60,99950.00,98400.10,98957.70,30003.867
2024-12-26T04:00:00,98957.70,98957.70,97647.20,97669.60,20353.109
2024-12-26T08:00:00,97669.50,97721.80,95153.00,95662.70,61946.222
2024-12-26T12:00:00,95662.60,96227.40,95200.10,95993.50,37273.370
2024-12-26T16:00:00,95993.10,96580.00,95400.00,96064.80,28521.113
2024-12-26T20:00:00,96064.80,96079.90,95276.40,95751.00,16759.970
2024-12-27T00:00:00,95750.90,96419.00,95350.10,96377.80,24193.173
2024-12-27T04:00:00,96377.80,96580.00,94620.00,95074.40,33137.794
2024-12-27T08:00:00,95080.10,97564.50,95080.10,96900.30,47936.629
2024-12-27T12:00:00,96900.30,96999.00,93982.40,94539.90,46582.934
2024-12-27T16:00:00,94539.90,94979.90,93440.00,94720.30,38793.661
2024-12-27T20:00:00,94720.20,94794.00,94094.00,94258.90,15364.052
2024-12-28T00:00:00,94258.90,94687.60,94100.00,94550.60,9504.565
2024-12-28T04:00:00,94550.60,94762.30,94256.90,94334.70,7504.281
2024-12-28T08:00:00,94334.60,94850.00,94261.70,94711.30,8716.735
2024-12-28T12:00:00,94711.30,95346.10,94320.00,94407.70,20174.431
2024-12-28T16:00:00,94407.80,95197.30,94356.50,94993.80,12257.034
2024-12-28T20:00:00,94993.70,95700.00,94836.00,95259.10,9834.303
2024-12-29T00:00:00,95259.10,95300.00,94761.00,95135.30,8086.524
2024-12-29T04:00:00,95135.30,95250.00,94930.00,95233.20,4847.215
2024-12-29T08:00:00,95233.30,95286.40,94968.40,94986.10,5718.538
2024-12-29T12:00:00,94986.20,95195.00,93925.40,94468.40,25557.782
2024-12-29T16:00:00,94468.30,94537.70,93333.00,93559.60,26206.812
2024-12-29T20:00:00,93559.50,93892.50,92961.80,93700.00,24631.063
2024-12-30T00:00:00,93699.90,94240.00,93326.00,93681.10,19319.653
2024-12-30T04:00:00,93680.80,94048.90,93181.80,93688.90,16272.993
2024-12-30T08:00:00,93688.90,94053.50,93433.00,93900.10,14170.338
2024-12-30T12:00:00,93900.10,94249.90,91510.00,92081.50,70350.035
2024-12-30T16:00:00,92081.50,94668.50,91758.30,94400.00,56405.037
2024-12-30T20:00:00,94400.10,95031.60,91850.00,92759.30,45825.537
2024-12-31T00:00:00,92759.30,92875.40,92000.00,92481.50,16941.843
2024-12-31T04:00:00,92481.50,93000.00,92315.40,92819.60,11095.688
2024-12-31T08:00:00,92819.50,94738.40,92800.00,94202.50,36509.765
2024-12-31T12:00:00,94202.40,96254.30,94202.40,95389.40,58306.271
2024-12-31T16:00:00,95389.30,95569.60,93145.10,94155.80,41481.273
2024-12-31T20:00:00,94155.80,94218.30,93343.40,93548.90,14313.276
2025-01-01T00:00:00,93548.80,94449.20,93460.20,93810.00,13962.019
2025-01-01T04:00:00,93810.00,93914.70,93502.00,93660.70,7852.483
2025-01-01T08:00:00,93660.70,93735.20,92796.50,93420.10,19004.988
2025-01-01T12:00:00,93420.10,94489.50,93375.00,94409.90,22127.069
2025-01-01T16:00:00,94409.90,94823.20,93729.20,94612.10,14907.698
2025-01-01T20:00:00,94612.10,95161.20,94522.10,94580.90,13382.403
2025-01-02T00:00:00,94580.90,95523.50,94357.40,95000.00,22798.717
2025-01-02T04:00:00,95000.00,96031.40,94971.30,95815.30,20140.275
2025-01-02T08:00:00,95815.40,96870.90,95612.50,96715.40,25249.289
2025-01-02T12:00:00,96715.40,97440.00,95910.80,96428.50,52717.632
2025-01-02T16:00:00,96428.50,97777.00,96018.70,97292.70,44624.753
2025-01-02T20:00:00,97292.70,97822.40,96642.70,96967.50,16114.829
2025-01-03T00:00:00,96967.60,97325.70,96622.00,97019.10,11388.626
2025-01-03T04:00:00,97019.10,97034.90,96236.60,96275.00,14493.689
2025-01-03T08:00:00,96275.10,96788.00,96061.50,96710.50,16109.732
2025-01-03T12:00:00,96710.40,97637.70,96422.50,97479.50,33904.407
2025-01-03T16:00:00,97479.60,98949.00,97353.60,98545.50,36541.023
2025-01-03T20:00:00,98545.60,98705.00,98028.50,98145.70,12783.197
2025-01-04T00:00:00,98145.70,98272.60,97762.10,98149.40,11796.611
2025-01-04T04:00:00,98149.30,98300.00,97830.00,98244.20,7743.120
2025-01-04T08:00:00,98244.20,98300.00,97438.20,97831.80,14626.729
2025-01-04T12:00:00,97831.80,98117.60,97472.00,97623.60,15225.112
2025-01-04T16:00:00,97623.50,98334.60,97535.70,98120.30,9987.065
2025-01-04T20:00:00,98120.40,98760.90,98076.40,98173.20,12535.997
2025-01-05T00:00:00,98173.20,98349.80,98001.10,98160.10,5656.739
2025-01-05T04:00:00,98160.00,98496.30,98160.00,98225.30,7364.236
2025-01-05T08:00:00,98225.30,98225.40,97533.60,97609.50,13194.206
2025-01-05T12:00:00,97609.50,98248.50,97227.00,97986.60,19204.699
2025-01-05T16:00:00,97987.10,98297.30,97530.00,98050.00,12523.264
2025-01-05T20:00:00,98050.00,98852.60,97986.30,98340.20,17006.145
2025-01-06T00:00:00,98340.20,99278.00,97872.60,99005.00,26621.424
2025-01-06T04:00:00,99005.00,99886.70,99005.00,99280.00,25842.394
2025-01-06T08:00:00,99280.00,99600.00,98662.70,99219.30,21919.386
2025-01-06T12:00:00,99219.20,102443.90,98670.00,102104.50,78806.424
2025-01-06T16:00:00,102104.50,102444.00,101223.00,101771.70,38386.837
2025-01-06T20:00:00,101771.70,102298.80,101551.20,102180.40,15916.864
2025-01-07T00:00:00,102180.50,102762.10,101459.40,101661.30,18124.335
2025-01-07T04:00:00,101661.40,101986.10,101528.80,101649.30,9587.694
2025-01-07T08:00:00,101649.30,101973.10,100435.40,100787.00,27244.306
2025-01-07T12:00:00,100787.00,100914.20,97100.00,97915.30,102572.629
2025-01-07T16:00:00,97915.40,98307.90,96295.90,96433.30,68434.860
2025-01-07T20:00:00,96433.30,97185.80,96153.00,96920.30,32747.485
2025-01-08T00:00:00,96920.20,97242.20,96200.00,96504.10,22590.190
2025-01-08T04:00:00,96504.10,96616.30,95222.00,95628.40,38378.445
2025-01-08T08:00:00,95628.30,96100.00,94480.70,95093.90,33435.244
2025-01-08T12:00:00,95093.80,96064.50,94588.90,95450.00,55769.475
2025-01-08T16:00:00,95449.90,95456.20,92500.00,94217.20,87321.554
2025-01-08T20:00:00,94217.10,95265.80,93509.80,95014.10,24517.205
2025-01-09T00:00:00,95014.00,95358.70,93405.30,93985.00,32781.223
2025-01-09T04:00:00,93985.00,94582.00,93156.00,93176.40,23080.953
2025-01-09T08:00:00,93176.50,93832.80,92700.00,93414.40,35074.143
2025-01-09T12:00:00,93414.30,94547.70,91747.00,94195.20,67736.150
2025-01-09T16:00:00,94195.10,94644.80,91853.00,91858.30,54387.438
2025-01-09T20:00:00,91858.20,92674.90,91055.80,92505.90,44700.995
2025-01-10T00:00:00,92506.00,93682.80,92395.90,93654.90,20708.684
2025-01-10T04:00:00,93655.00,94975.20,93450.80,94457.00,26429.005
2025-01-10T08:00:00,94457.00,95239.90,94344.50,95030.50,24667.579
2025-01-10T12:00:00,95030.50,95078.00,92173.60,93704.00,110225.730
2025-01-10T16:00:00,93704.00,95882.50,93151.50,95275.90,64309.711
2025-01-10T20:00:00,95276.00,95412.30,94531.40,94675.50,15602.245
2025-01-11T00:00:00,94675.60,94700.00,94060.80,94168.30,10624.496
2025-01-11T04:00:00,94168.30,94394.30,93802.10,94210.30,9858.079
2025-01-11T08:00:00,94210.20,94757.90,94000.00,94570.40,11530.321
2025-01-11T12:00:00,94570.40,94613.60,94262.10,94365.80,8787.678
2025-01-11T16:00:00,94365.90,94680.30,93943.00,94206.50,12137.832
2025-01-11T20:00:00,94206.50,94988.00,94150.90,94562.50,11723.357
2025-01-12T00:00:00,94562.40,94665.70,94260.00,94586.00,6125.373
2025-01-12T04:00:00,94586.00,94614.50,94227.20,94291.30,4831.221
2025-01-12T08:00:00,94291.20,94359.50,93661.10,94209.00,15455.056
2025-01-12T12:00:00,94209.00,95444.00,94128.00,95035.60,21151.098
2025-01-12T16:00:00,95035.70,95278.00,94527.80,94625.10,11349.438
2025-01-12T20:00:00,94625.00,94777.20,93727.40,94499.90,18385.947
2025-01-13T00:00:00,94499.90,95934.50,93852.00,94215.40,39756.953
2025-01-13T04:00:00,94215.40,94878.00,93222.20,93557.90,29936.963
2025-01-13T08:00:00,93557.90,93626.10,90809.80,90827.50,69147.558
2025-01-13T12:00:00,90827.50,93055.00,88909.00,92093.60,127451.604
2025-01-13T16:00:00,92093.70,92501.50,91207.80,92274.80,54692.581
2025-01-13T20:00:00,92274.90,94681.10,91869.30,94485.30,40164.831
2025-01-14T00:00:00,94485.40,95260.00,94305.40,94821.20,22691.711
2025-01-14T04:00:00,94821.30,95437.80,94710.00,94823.30,16022.964
2025-01-14T08:00:00,94823.40,97353.90,94823.30,96508.40,55743.583
2025-01-14T12:00:00,96508.30,97250.00,95715.80,96416.70,59887.331
2025-01-14T16:00:00,96416.80,97044.80,95309.90,96496.50,43657.669
2025-01-14T20:00:00,96496.50,96882.80,96100.10,96514.90,14856.403
2025-01-15T00:00:00,96514.90,97530.20,96450.20,97288.70,26432.753
2025-01-15T04:00:00,97288.80,97688.00,96689.20,97253.70,22265.926
2025-01-15T08:00:00,97253.70,97488.00,96480.00,96725.40,20975.230
2025-01-15T12:00:00,96725.50,99746.60,96500.00,98943.40,85483.105
2025-01-15T16:00:00,98943.30,100038.10,98550.10,99807.40,34322.161
2025-01-15T20:00:00,99807.40,100658.90,99410.30,100460.00,32938.391
2025-01-16T00:00:00,100460.00,100850.00,99106.80,99438.80,28294.304
2025-01-16T04:00:00,99438.90,99869.20,99284.20,99756.50,12552.843
2025-01-16T08:00:00,99756.50,99787.80,98557.80,99107.10,34575.941
2025-01-16T12:00:00,99107.10,99479.70,97293.60,99258.30,68005.563
2025-01-16T16:00:00,99258.20,100426.00,99023.90,100382.00,46977.234
2025-01-16T20:00:00,100382.00,100599.80,99326.30,99937.40,26396.635
2025-01-17T00:00:00,99937.40,102133.70,99902.00,101005.10,45074.023
2025-01-17T04:00:00,101005.20,101845.60,100900.00,101406.90,16966.096
2025-01-17T08:00:00,101406.90,102568.80,101400.00,102181.60,30304.328
2025-01-17T12:00:00,102181.60,104198.90,102137.10,103946.20,68462.094
2025-01-17T16:00:00,103946.30,105784.00,103772.60,105770.90,59774.108
2025-01-17T20:00:00,105771.00,105783.90,104024.80,104042.50,28869.320
2025-01-18T00:00:00,104042.60,104620.00,103001.10,103531.10,21840.674
2025-01-18T04:00:00,103531.20,103746.70,102561.00,102781.00,37862.007
2025-01-18T08:00:00,102781.10,103855.00,102242.80,103547.00,31937.663
2025-01-18T12:00:00,103547.00,104962.10,103086.50,104517.10,32980.549
2025-01-18T16:00:00,104517.10,104681.70,103110.00,104349.90,30255.347
2025-01-18T20:00:00,104349.90,104744.30,103750.00,104524.30,13063.852
2025-01-19T00:00:00,104524.30,105439.00,103980.00,104958.30,20810.853
2025-01-19T04:00:00,104958.20,105629.40,104214.60,105151.80,24589.200
2025-01-19T08:00:00,105151.80,105458.40,103458.60,104353.80,48225.235
2025-01-19T12:00:00,104353.80,105743.10,104285.70,104936.00,36699.724
2025-01-19T16:00:00,104936.00,106259.80,104520.00,106247.90,21082.500
2025-01-19T20:00:00,106247.90,106450.00,99600.00,101311.50,129541.666
2025-01-20T00:00:00,101311.50,102300.00,99501.00,101874.50,78880.347
2025-01-20T04:00:00,101873.80,110000.00,101519.50,107178.80,116597.377
2025-01-20T08:00:00,107178.80,109300.80,107140.00,108267.50,43506.419
2025-01-20T12:00:00,108267.60,108756.60,104500.00,105008.70,85667.609
2025-01-20T16:00:00,105001.30,107082.80,100138.20,103674.20,174874.235
2025-01-20T20:00:00,103674.30,104313.20,101714.40,102247.60,30982.193
2025-01-21T00:00:00,102247.70,103279.90,100097.20,102922.70,54348.060
2025-01-21T04:00:00,102922.70,102972.50,101102.80,101980.70,27001.200
2025-01-21T08:00:00,101980.70,103956.20,101719.40,103725.00,28413.984
2025-01-21T12:00:00,103725.00,105292.30,102800.00,103929.10,64361.253
2025-01-21T16:00:00,103929.10,107241.60,103781.50,106989.90,68892.901
2025-01-21T20:00:00,106989.90,107180.00,105400.20,106114.50,30279.430
2025-01-22T00:00:00,106115.40,106390.00,105431.90,105588.20,16342.423
2025-01-22T04:00:00,105588.10,105948.60,105037.20,105063.80,16263.508
2025-01-22T08:00:00,105063.80,105449.90,104610.00,105083.90,19448.044
2025-01-22T12:00:00,105083.90,105557.20,103612.00,104138.00,47832.318
2025-01-22T16:00:00,104138.10,104721.80,103211.60,104600.00,32231.051
2025-01-22T20:00:00,104600.00,104804.50,103556.70,103664.90,19126.184
2025-01-23T00:00:00,103664.90,103777.40,102082.00,102417.00,30890.534
2025-01-23T04:00:00,102417.10,102955.00,101550.40,102668.40,24694.165
2025-01-23T08:00:00,102668.30,102668.40,101211.00,101909.20,21357.796
2025-01-23T12:00:00,101909.20,106000.00,101279.80,105235.20,136243.990
2025-01-23T16:00:00,105235.20,106840.20,103342.00,103713.70,83709.753
2025-01-23T20:00:00,103713.70,106387.40,102161.90,103864.10,121257.781
2025-01-24T00:00:00,103864.00,104289.90,102680.00,103842.60,24734.677
2025-01-24T04:00:00,103842.60,105331.20,103745.50,104999.90,21476.673
2025-01-24T08:00:00,104999.90,105732.10,104875.70,105374.00,18221.840
2025-01-24T12:00:00,105374.10,106307.60,104623.00,105821.80,36536.511
2025-01-24T16:00:00,105821.30,107076.50,105533.00,105726.70,39006.248
2025-01-24T20:00:00,105726.70,105733.40,104400.00,104808.10,25771.001
2025-01-25T00:00:00,104808.00,105234.50,104310.00,105153.90,14022.122
2025-01-25T04:00:00,105153.90,105153.90,104128.20,104349.30,10568.419
2025-01-25T08:00:00,104349.40,104650.50,104040.60,104626.80,10038.856
2025-01-25T12:00:00,104626.90,105066.00,104400.10,104852.10,10788.444
2025-01-25T16:00:00,104852.10,105274.70,104410.80,105005.60,13101.270
2025-01-25T20:00:00,105005.70,105234.30,104643.30,104702.00,7111.052
2025-01-26T00:00:00,104702.00,105263.30,104461.60,105036.50,8524.479
2025-01-26T04:00:00,105036.60,105496.90,104905.30,104963.70,6808.860
2025-01-26T08:00:00,104963.70,105208.80,104358.30,104775.60,13300.655
2025-01-26T12:00:00,104775.60,105043.40,104648.80,104919.90,6971.965
2025-01-26T16:00:00,104920.00,105237.00,104850.10,105050.10,6836.178
2025-01-26T20:00:00,105050.10,105175.00,102450.30,102560.10,33344.950
2025-01-27T00:00:00,102560.00,103216.50,100632.50,101349.20,52340.587
2025-01-27T04:00:00,101349.10,101349.30,97680.00,98996.30,72374.471
2025-01-27T08:00:00,98996.30,99495.00,98200.00,98700.00,35594.681
2025-01-27T12:00:00,98700.10,102267.80,98666.00,101070.80,80059.767
2025-01-27T16:00:00,101070.80,101207.10,98820.60,99660.40,47155.292
2025-01-27T20:00:00,99660.30,102423.30,99548.90,102021.30,38165.076
2025-01-28T00:00:00,102021.30,102846.10,101263.00,102582.70,25966.028
2025-01-28T04:00:00,102582.70,103325.30,102473.30,102753.80,20947.894
2025-01-28T08:00:00,102754.30,103151.00,102352.30,102717.90,14152.903
2025-01-28T12:00:00,102717.90,103797.00,101770.50,102730.60,41814.816
2025-01-28T16:00:00,102730.60,103089.90,101778.00,102368.70,35294.657
2025-01-28T20:00:00,102368.70,102495.00,100235.00,101279.60,31740.963
2025-01-29T00:00:00,101279.70,102300.00,101269.70,101994.00,14925.038
2025-01-29T04:00:00,101994.10,102800.60,101908.50,102723.20,12728.903
2025-01-29T08:00:00,102723.20,103012.60,102153.80,102594.70,14137.703
2025-01-29T12:00:00,102594.70,102783.70,101526.80,101934.20,28727.356
2025-01-29T16:00:00,101934.20,103997.00,101365.00,103550.50,58082.504
2025-01-29T20:00:00,103550.60,104755.00,102791.00,103698.20,41388.448
2025-01-30T00:00:00,103698.10,105287.90,103224.50,105155.70,23135.964
2025-01-30T04:00:00,105155.60,105564.50,104762.90,105085.10,21889.357
2025-01-30T08:00:00,105085.20,105514.20,104879.30,105251.90,12288.148
2025-01-30T12:00:00,105251.90,106450.00,104607.20,105519.40,41745.937
2025-01-30T16:00:00,105519.40,105960.00,104704.10,105659.80,21888.068
2025-01-30T20:00:00,105659.90,105767.10,104628.30,104676.90,16019.926
2025-01-31T00:00:00,104676.90,104982.20,103880.00,104286.70,19595.660
2025-01-31T04:00:00,104286.60,104776.40,103926.40,104160.10,15289.239
2025-01-31T08:00:00,104160.00,104821.80,103888.60,104691.90,14789.404
2025-01-31T12:00:00,104692.00,106000.00,104050.00,105407.00,36319.944
2025-01-31T16:00:00,105406.90,105537.00,102100.00,102275.80,54110.430
2025-01-31T20:00:00,102275.70,102443.90,101509.00,102379.70,32133.140
2025-02-01T00:00:00,102379.80,102734.90,102131.00,102203.90,11261.398
2025-02-01T04:00:00,102203.80,102543.00,102058.80,102127.00,7685.936
2025-02-01T08:00:00,102127.00,102242.30,101344.00,101980.10,17719.955
2025-02-01T12:00:00,101980.00,102297.00,101680.00,102031.50,13065.456
2025-02-01T16:00:00,102031.60,102250.00,101392.90,101620.10,12351.277
2025-02-01T20:00:00,101620.10,101620.10,100215.00,100603.60,28779.069
2025-02-02T00:00:00,100603.60,101426.00,99111.00,99160.80,32062.059
2025-02-02T04:00:00,99160.80,100470.10,98989.00,99586.20,24488.446
2025-02-02T08:00:00,99586.20,100071.00,98550.00,98811.60,25456.429
2025-02-02T12:00:00,98811.50,99384.50,98100.00,99298.60,33912.653
2025-02-02T16:00:00,99298.60,99319.00,96750.10,98232.00,67223.464
2025-02-02T20:00:00,98232.00,98594.90,96029.60,97664.50,49791.642
2025-02-03T00:00:00,97664.50,97748.00,91130.30,94001.60,168653.996
2025-02-03T04:00:00,94001.60,95373.10,92595.70,95271.10,40481.456
2025-02-03T08:00:00,95271.10,95891.90,94716.50,95070.80,36094.712
2025-02-03T12:00:00,95070.90,99501.40,94111.00,98802.70,91828.338
2025-02-03T16:00:00,98802.80,101832.00,97993.30,101831.90,73898.605
2025-02-03T20:00:00,101831.90,102456.00,100861.00,101293.70,44130.927
2025-02-04T00:00:00,101293.60,101729.30,100500.10,100597.10,21676.343
2025-02-04T04:00:00,100597.20,100736.30,98183.00,98405.10,52017.001
2025-02-04T08:00:00,98405.10,99387.00,97792.80,98924.00,29726.530
2025-02-04T12:00:00,98924.10,100371.00,98215.70,99310.60,55172.933
2025-02-04T16:00:00,99310.50,100743.60,98724.10,98811.80,38784.927
2025-02-04T20:00:00,98812.00,99400.00,96100.00,97709.90,65368.469
2025-02-05T00:00:00,97710.00,98914.40,97069.00,97989.50,26689.012
2025-02-05T04:00:00,97989.50,98300.00,97320.00,97814.90,17884.945
2025-02-05T08:00:00,97814.90,98178.00,97206.00,98161.70,15468.776
2025-02-05T12:00:00,98161.70,99124.20,97709.90,98063.30,34048.979
2025-02-05T16:00:00,98063.30,98262.30,96442.10,97327.10,33419.487
2025-02-05T20:00:00,97327.20,97662.60,96106.10,96553.20,23868.467
2025-02-06T00:00:00,96553.20,97460.00,96373.40,97305.60,14758.431
2025-02-06T04:00:00,97305.60,98390.50,97215.20,98164.90,15525.030
2025-02-06T08:00:00,98164.90,99093.00,97880.00,98826.30,24612.470
2025-02-06T12:00:00,98826.30,99019.90,96866.90,97285.60,42424.160
2025-02-06T16:00:00,97285.70,97500.00,95613.50,95946.10,43232.830
2025-02-06T20:00:00,95946.00,97041.40,95736.00,96515.10,20968.092
2025-02-07T00:00:00,96515.00,97805.80,96358.30,97410.20,16612.270
2025-02-07T04:00:00,97410.20,97835.00,96536.50,96705.10,17746.436
2025-02-07T08:00:00,96705.00,97722.30,96566.30,97703.80,14669.521
2025-02-07T12:00:00,97703.80,100112.40,97150.00,98257.10,98527.475
2025-02-07T16:00:00,98257.10,98535.50,96817.00,96840.10,45070.845
2025-02-07T20:00:00,96840.00,96885.60,95555.00,96454.50,30747.082
2025-02-08T00:00:00,96454.50,96850.00,96288.00,96660.00,12426.456
2025-02-08T04:00:00,96660.00,96660.10,95714.40,96153.40,13155.164
2025-02-08T08:00:00,96153.40,96248.30,95805.00,96074.10,9887.085
2025-02-08T12:00:00,96074.00,96466.00,95600.00,95798.00,14840.001
2025-02-08T16:00:00,95798.00,96725.20,95685.60,96550.00,13291.749
2025-02-08T20:00:00,96550.00,96673.50,96311.60,96411.90,5449.977
2025-02-09T00:00:00,96412.00,97284.10,96306.50,97278.40,12620.838
2025-02-09T04:00:00,97278.30,97301.70,96738.30,97020.00,7892.281
2025-02-09T08:00:00,97020.00,97279.30,96498.50,96511.20,13729.086
2025-02-09T12:00:00,96511.20,96663.60,95633.60,96438.00,21436.138
2025-02-09T16:00:00,96438.00,96541.60,95828.00,96011.40,10274.100
2025-02-09T20:00:00,96011.40,96750.00,94650.10,96423.60,35224.843
2025-02-10T00:00:00,96423.60,97091.80,95200.10,96770.00,32348.746
2025-02-10T04:00:00,96770.00,97634.00,96591.80,97386.30,23605.802
2025-02-10T08:00:00,97386.30,97930.00,97305.50,97627.20,18947.956
2025-02-10T12:00:00,97627.30,98328.00,96806.60,97187.70,35096.177
2025-02-10T16:00:00,97187.70,97611.00,96828.40,97343.60,16027.970
2025-02-10T20:00:00,97343.60,97455.50,97090.30,97379.20,6905.894
2025-02-11T00:00:00,97379.20,98108.50,97352.20,97565.50,15100.134
2025-02-11T04:00:00,97565.40,98482.20,97514.60,98231.10,16552.116
2025-02-11T08:00:00,98231.20,98306.90,97834.30,98100.00,10582.887
2025-02-11T12:00:00,98100.10,98112.20,96529.30,96963.30,40145.936
2025-02-11T16:00:00,96963.20,97002.00,94814.30,94988.00,43455.599
2025-02-11T20:00:00,94988.00,96468.50,94871.20,95731.40,28996.232
2025-02-12T00:00:00,95731.40,96230.00,95050.00,95251.40,15872.659
2025-02-12T04:00:00,95251.40,96130.10,95213.20,96025.80,12022.343
2025-02-12T08:00:00,96025.10,96437.50,95860.50,96062.40,15330.015
2025-02-12T12:00:00,96062.40,96596.30,94003.90,95762.10,81170.853
2025-02-12T16:00:00,95762.00,97700.00,95074.00,97156.60,52129.395
2025-02-12T20:00:00,97156.70,98090.90,96811.20,97816.30,25922.814
2025-02-13T00:00:00,97816.30,98053.80,97309.10,97463.40,12528.340
2025-02-13T04:00:00,97463.40,97519.30,95706.80,96018.50,29528.250
2025-02-13T08:00:00,96018.50,96288.90,95500.00,95883.60,20319.939
2025-02-13T12:00:00,95883.60,96432.40,95288.50,95943.50,37774.418
2025-02-13T16:00:00,95943.20,96325.00,95160.10,95587.80,26297.007
2025-02-13T20:00:00,95587.90,96756.80,95544.90,96560.60,15792.572
2025-02-14T00:00:00,96560.60,97163.00,96309.50,97094.90,13958.196
2025-02-14T04:00:00,97094.90,97212.00,96505.00,96889.90,12651.199
2025-02-14T08:00:00,96889.90,97150.00,96743.40,96844.60,9939.549
2025-02-14T12:00:00,96844.60,97561.10,96225.70,96886.50,34393.742
2025-02-14T16:00:00,96886.50,98792.80,96444.60,97898.30,51033.979
2025-02-14T20:00:00,97898.40,98229.10,96636.70,97445.10,22476.292
2025-02-15T00:00:00,97445.20,97941.20,97170.00,97619.40,10051.551
2025-02-15T04:00:00,97619.40,97750.00,97306.30,97312.40,5995.987
2025-02-15T08:00:00,97312.40,97692.30,97255.20,97569.40,6186.788
2025-02-15T12:00:00,97569.50,97899.80,97377.00,97594.50,11164.250
2025-02-15T16:00:00,97594.50,97682.40,97274.50,97496.90,7776.703
2025-02-15T20:00:00,97497.00,97698.40,97370.00,97538.00,6243.314
2025-02-16T00:00:00,97538.00,97665.80,97373.10,97504.90,5666.471
2025-02-16T04:00:00,97504.80,97638.80,97137.00,97207.40,5859.374
2025-02-16T08:00:00,97207.40,97355.00,97011.00,97293.10,7282.127
2025-02-16T12:00:00,97293.10,97295.70,96629.50,96849.90,13685.034
2025-02-16T16:00:00,96850.00,97134.00,96572.50,97021.50,9001.586
2025-02-16T20:00:00,97021.40,97247.60,96002.00,96067.00,15190.281
2025-02-17T00:00:00,96067.00,96605.70,96000.00,96171.50,11350.760
2025-02-17T04:00:00,96171.40,96421.90,95739.60,96023.80,13627.400
2025-02-17T08:00:00,96023.80,96347.00,95897.10,96018.20,12992.848
2025-02-17T12:00:00,96018.30,97000.00,95491.70,95605.50,29886.124
2025-02-17T16:00:00,95605.50,95900.00,95150.60,95490.80,24809.586
2025-02-17T20:00:00,95490.70,96386.90,95452.80,95743.20,12910.268
2025-02-18T00:00:00,95743.10,96296.50,95508.80,96163.10,12045.894
2025-02-18T04:00:00,96163.10,96267.70,95199.90,95409.90,18722.380
2025-02-18T08:00:00,95409.90,95849.00,95000.00,95606.10,15643.511
2025-02-18T12:00:00,95606.00,96737.30,95115.10,95501.60,39510.683
2025-02-18T16:00:00,95501.60,95595.00,93321.60,94062.10,59876.925
2025-02-18T20:00:00,94062.20,95645.30,93696.40,95622.00,33373.969
2025-02-19T00:00:00,95622.00,95929.00,95020.00,95672.10,17813.797
2025-02-19T04:00:00,95672.20,95816.20,95012.50,95640.40,16957.175
2025-02-19T08:00:00,95640.50,96443.90,95571.20,96392.00,20145.348
2025-02-19T12:00:00,96392.00,96676.00,95494.40,95895.40,32576.279
2025-02-19T16:00:00,95895.40,96447.00,95362.80,96159.90,22433.716
2025-02-19T20:00:00,96159.80,96878.70,96011.60,96598.00,15070.558
2025-02-20T00:00:00,96597.90,97339.80,96366.00,97017.40,16242.992
2025-02-20T04:00:00,97017.40,97310.40,96743.80,96825.80,10876.646
2025-02-20T08:00:00,96825.70,97350.00,96757.20,97164.60,9215.261
2025-02-20T12:00:00,97164.60,98000.00,96756.10,96870.50,40545.385
2025-02-20T16:00:00,96871.10,98480.00,96838.10,98370.00,34903.809
2025-02-20T20:00:00,98369.90,98662.10,97952.80,98252.90,17396.079
2025-02-21T00:00:00,98252.80,98450.00,98030.30,98106.10,9636.148
2025-02-21T04:00:00,98106.00,98555.00,98072.40,98130.00,9837.915
2025-02-21T08:00:00,98129.90,98888.00,98057.50,98579.70,21699.494
2025-02-21T12:00:00,98579.70,99431.50,97143.00,98057.60,85401.790
2025-02-21T16:00:00,98057.60,98720.00,95201.20,95247.50,85986.940
2025-02-21T20:00:00,95247.40,96150.00,94830.40,96127.90,38055.986
2025-02-22T00:00:00,96128.00,96399.90,95701.90,96249.90,12887.850
2025-02-22T04:00:00,96250.00,96542.70,96219.90,96241.70,8085.678
2025-02-22T08:00:00,96241.70,96571.20,96107.00,96526.40,11109.977
2025-02-22T12:00:00,96526.50,96988.00,96444.20,96552.40,18121.719
2025-02-22T16:00:00,96552.30,96794.60,96333.80,96596.60,10553.783
2025-02-22T20:00:00,96596.50,96659.50,96432.60,96503.30,5033.143
2025-02-23T00:00:00,96503.30,96602.90,96309.60,96373.70,5921.475
2025-02-23T04:00:00,96373.70,96504.10,96102.20,96454.60,10823.841
2025-02-23T08:00:00,96454.60,96459.40,96030.00,96064.30,7616.299
2025-02-23T12:00:00,96064.20,96118.10,95326.80,95391.50,21371.740
2025-02-23T16:00:00,95391.50,95823.50,95180.20,95706.50,11934.582
2025-02-23T20:00:00,95706.50,96290.00,95476.50,96218.40,11630.754
2025-02-24T00:00:00,96218.40,96470.00,95263.00,95388.10,17763.849
2025-02-24T04:00:00,95388.00,95918.40,95018.00,95834.20,17643.499
2025-02-24T08:00:00,95834.20,96147.50,95282.40,95774.80,19209.488
2025-02-24T12:00:00,95774.90,96055.10,93800.00,94295.90,60104.206
2025-02-24T16:00:00,94295.90,95182.30,93612.90,93916.10,39593.268
2025-02-24T20:00:00,93917.40,94551.10,91300.00,91514.50,63174.440
2025-02-25T00:00:00,91514.50,92500.00,90850.00,92125.30,49736.339
2025-02-25T04:00:00,92125.30,92287.00,88131.60,89262.90,92098.853
2025-02-25T08:00:00,89262.80,89952.00,86800.00,89186.80,100778.920
2025-02-25T12:00:00,89186.90,89499.90,86020.40,87206.90,108732.091
2025-02-25T16:00:00,87206.80,88048.90,86125.90,87914.30,72441.612
2025-02-25T20:00:00,87914.20,89442.70,87578.10,88639.10,48508.687
2025-02-26T00:00:00,88639.10,89367.10,88101.90,88851.80,21365.208
2025-02-26T04:00:00,88851.80,89214.80,88366.00,88682.30,16621.135
2025-02-26T08:00:00,88682.30,89285.70,88092.00,88570.00,27628.135
2025-02-26T12:00:00,88570.10,88641.00,85377.20,87536.40,113336.525
2025-02-26T16:00:00,87536.50,87784.70,83265.50,83832.00,137446.696
2025-02-26T20:00:00,83832.00,85382.00,82222.00,84208.50,84744.122
2025-02-27T00:00:00,84208.60,85397.10,84000.00,85174.00,31978.449
2025-02-27T04:00:00,85174.00,86687.50,84640.10,86227.90,33054.482
2025-02-27T08:00:00,86228.00,87066.00,85827.10,86655.30,36174.377
2025-02-27T12:00:00,86655.40,86756.10,84609.00,85473.00,71815.480
2025-02-27T16:00:00,85472.90,85664.80,83567.40,84084.00,44193.184
2025-02-27T20:00:00,84084.00,84894.00,82667.00,84668.10,52192.558
2025-02-28T00:00:00,84668.20,84858.60,79500.00,80429.20,150178.095
2025-02-28T04:00:00,80429.20,80939.90,78787.00,79159.90,109818.611
2025-02-28T08:00:00,79159.90,80800.00,78200.20,80474.30,76070.275
2025-02-28T12:00:00,80474.40,84380.90,80030.00,83948.10,103925.229
2025-02-28T16:00:00,83948.10,85084.50,83153.30,84393.30,72721.105
2025-02-28T20:00:00,84393.30,84743.80,83555.00,84299.60,23629.916
2025-03-01T00:00:00,84299.60,85638.00,83779.00,85279.30,31502.988
2025-03-01T04:00:00,85279.10,86516.50,84698.80,84707.30,39241.067
2025-03-01T08:00:00,84707.20,85452.40,84343.00,84593.60,26089.157
2025-03-01T12:00:00,84593.60,84908.50,84285.00,84755.10,17714.663
2025-03-01T16:00:00,84755.00,85613.40,84652.00,85431.20,16936.818
2025-03-01T20:00:00,85431.10,86219.70,85239.60,86007.70,15511.978
2025-03-02T00:00:00,86007.70,86449.90,85571.80,85811.90,18529.902
2025-03-02T04:00:00,85812.00,86515.00,85490.00,86191.40,13859.725
2025-03-02T08:00:00,86191.40,86219.50,85605.00,86047.00,16697.034
2025-03-02T12:00:00,86047.10,88644.00,85015.00,87390.10,74595.642
2025-03-02T16:00:00,87390.10,94971.00,87236.00,93467.30,192872.480
2025-03-02T20:00:00,93467.20,94800.00,93444.90,94222.80,48156.755
2025-03-03T00:00:00,94222.00,94373.40,92380.10,92660.00,37429.120
2025-03-03T04:00:00,92660.00,93304.90,91150.00,92318.00,40159.560
2025-03-03T08:00:00,92318.00,92888.00,91100.00,92700.00,37107.704
2025-03-03T12:00:00,92700.00,93666.00,89100.00,90009.50,115283.973
2025-03-03T16:00:00,90009.50,90959.10,85495.50,85552.00,122196.084
2025-03-03T20:00:00,85552.00,86999.90,85029.00,86192.70,83855.961
2025-03-04T00:00:00,86193.30,86773.50,82420.00,83929.00,106129.625
2025-03-04T04:00:00,83928.90,84566.00,83100.30,83159.40,32146.523
2025-03-04T08:00:00,83159.40,84359.50,83000.10,83890.10,26599.170
2025-03-04T12:00:00,83890.10,84934.90,81200.00,82945.00,118850.856
2025-03-04T16:00:00,82945.00,88488.00,81911.10,88165.30,91455.087
2025-03-04T20:00:00,88165.30,88931.00,86544.00,87245.90,57253.537
2025-03-05T00:00:00,87245.90,87850.00,86328.00,86813.60,31773.108
2025-03-05T04:00:00,86813.70,87688.00,86694.00,87573.90,15899.215
2025-03-05T08:00:00,87573.90,90625.00,87549.00,89777.60,50928.602
2025-03-05T12:00:00,89777.60,90897.10,87890.00,88312.60,93893.227
2025-03-05T16:00:00,88312.50,90444.00,87558.00,89711.20,63517.478
2025-03-05T20:00:00,89711.20,91000.00,89626.30,90566.10,22989.460
2025-03-06T00:00:00,90566.10,91988.00,89955.00,91563.20,37147.404
2025-03-06T04:00:00,91563.20,92780.30,91222.00,91311.30,32218.874
2025-03-06T08:00:00,91311.40,91642.30,90572.40,91319.20,30673.037
2025-03-06T12:00:00,91319.20,91420.00,89070.00,90777.90,79791.931
2025-03-06T16:00:00,90777.90,91025.70,87790.50,88488.50,73825.248
2025-03-06T20:00:00,88488.50,90748.00,88428.80,89887.80,49402.138
2025-03-07T00:00:00,89887.90,91257.70,84600.00,86958.50,132530.280
2025-03-07T04:00:00,86958.40,88569.90,86809.20,88308.80,26269.039
2025-03-07T08:00:00,88308.80,89666.00,87932.00,88928.80,27344.006
2025-03-07T12:00:00,88928.90,91107.90,87979.00,88424.90,106013.324
2025-03-07T16:00:00,88425.00,88990.00,86530.00,87787.20,87066.667
2025-03-07T20:00:00,87787.30,88494.30,85555.00,86753.80,73250.879
2025-03-08T00:00:00,86753.80,86876.50,85108.00,85880.00,27166.455
2025-03-08T04:00:00,85880.00,86622.90,85607.70,86159.20,14502.391
2025-03-08T08:00:00,86159.20,86422.00,85720.00,85923.90,12411.924
2025-03-08T12:00:00,85923.90,86587.00,85774.80,86360.00,14833.073
2025-03-08T16:00:00,86360.00,86459.00,85605.50,86190.50,18610.891
2025-03-08T20:00:00,86190.50,86458.80,85800.00,86184.70,8581.453
2025-03-09T00:00:00,86184.70,86470.60,85902.00,86077.10,10664.199
2025-03-09T04:00:00,86077.10,86128.30,85753.30,85968.90,8708.738
2025-03-09T08:00:00,85968.80,86092.80,84601.30,84990.10,28696.135
2025-03-09T12:00:00,84990.00,85028.10,82619.30,83030.50,56855.474
2025-03-09T16:00:00,83030.40,83727.80,82176.90,82604.90,53961.081
2025-03-09T20:00:00,82605.00,83515.00,79933.40,80688.80,62723.721
2025-03-10T00:00:00,80690.70,82694.20,80001.00,82000.10,51441.000
2025-03-10T04:00:00,82000.10,82761.00,81947.00,82277.60,18157.406
2025-03-10T08:00:00,82277.70,84031.50,81110.00,83540.20,76138.678
2025-03-10T12:00:00,83540.30,83728.20,79142.80,80009.70,124660.837
2025-03-10T16:00:00,80009.70,80217.60,77410.10,79037.10,106456.310
2025-03-10T20:00:00,79035.30,79844.40,78363.60,78567.80,39532.566
2025-03-11T00:00:00,78567.80,79888.00,76560.00,79486.60,78235.731
2025-03-11T04:00:00,79486.70,80585.50,79411.20,80386.00,33668.415
2025-03-11T08:00:00,80386.00,82061.50,80291.00,81684.60,41608.884
2025-03-11T12:00:00,81684.50,82240.00,79026.20,81190.70,139695.873
2025-03-11T16:00:00,81190.70,83600.00,80600.00,83060.10,74604.747
2025-03-11T20:00:00,83060.10,83261.70,82512.40,82896.00,22965.519
2025-03-12T00:00:00,82896.00,83741.80,82066.50,82098.20,35999.113
2025-03-12T04:00:00,82098.20,82500.00,81250.00,82402.90,37098.324
2025-03-12T08:00:00,82402.80,83046.90,81980.00,82972.00,37875.934
2025-03-12T12:00:00,82971.90,84487.00,80578.50,81688.10,122716.834
2025-03-12T16:00:00,81688.00,83127.40,81575.60,82877.30,53129.002
2025-03-12T20:00:00,82877.30,83849.00,82662.00,83640.70,19351.917
2025-03-13T00:00:00,83640.70,84307.10,83267.10,83537.10,24001.951
2025-03-13T04:00:00,83537.20,83663.00,82813.20,83118.50,24236.411
2025-03-13T08:00:00,83118.60,83494.60,82350.00,82939.50,30560.697
2025-03-13T12:00:00,82939.30,84030.00,80914.40,81016.00,88799.609
2025-03-13T16:00:00,81016.00,81243.80,79903.40,80177.90,58197.608
2025-03-13T20:00:00,80177.50,81450.50,80162.90,81085.40,22163.776
2025-03-14T00:00:00,81085.50,82249.00,80772.00,81861.50,27108.918
2025-03-14T04:00:00,81861.50,82425.00,81730.90,82124.50,17419.406
2025-03-14T08:00:00,82124.60,83330.00,82121.20,83202.80,30208.907
2025-03-14T12:00:00,83202.90,85270.20,82594.30,84692.20,97510.760
2025-03-14T16:00:00,84692.10,84908.80,83908.30,84508.10,40100.559
2025-03-14T20:00:00,84504.80,84507.80,83654.70,83939.80,21196.158
2025-03-15T00:00:00,83939.90,84625.00,83915.40,84439.90,13976.156
2025-03-15T04:00:00,84440.00,84520.00,83752.90,83797.00,12901.624
2025-03-15T08:00:00,83797.10,84143.90,83564.50,84054.80,18511.016
2025-03-15T12:00:00,84054.70,84442.00,83961.60,84295.80,16141.216
2025-03-15T16:00:00,84295.70,84453.40,84060.00,84261.20,9720.647
2025-03-15T20:00:00,84261.20,84433.10,84191.20,84302.90,5424.311
2025-03-16T00:00:00,84303.00,84357.10,83691.30,84295.90,13994.399
2025-03-16T04:00:00,84296.00,84382.20,83924.40,84242.00,10835.962
2025-03-16T08:00:00,84242.10,84300.00,82333.40,82367.90,37793.928
2025-03-16T12:00:00,82367.90,83454.00,82354.80,83280.00,36041.854
2025-03-16T16:00:00,83280.00,85136.00,82500.00,83064.30,51260.232
2025-03-16T20:00:00,83064.30,83424.40,81925.60,82541.60,24704.325
2025-03-17T00:00:00,82541.60,83696.60,82483.90,83641.00,21622.978
2025-03-17T04:00:00,83641.10,83842.80,82630.80,83525.20,23981.245
2025-03-17T08:00:00,83525.30,83749.90,83171.70,83475.00,18023.286
2025-03-17T12:00:00,83475.00,84000.00,82384.00,83499.00,64260.353
2025-03-17T16:00:00,83499.10,84727.10,83054.90,84436.20,39230.746
2025-03-17T20:00:00,84436.20,84464.10,83700.00,83962.90,15543.474
2025-03-18T00:00:00,83963.00,83979.80,82913.60,83107.60,23013.546
2025-03-18T04:00:00,83107.60,83241.10,82207.70,83124.80,33722.964
2025-03-18T08:00:00,83124.70,83422.80,82457.60,82550.00,21256.271
2025-03-18T12:00:00,82550.10,82791.30,81113.50,81567.80,61034.890
2025-03-18T16:00:00,81567.50,82446.80,81203.10,82273.40,33916.237
2025-03-18T20:00:00,82273.50,82772.70,81823.50,82666.10,15953.841
2025-03-19T00:00:00,82666.20,83200.00,82501.80,83008.40,20173.238
2025-03-19T04:00:00,83008.40,83329.90,82752.10,83152.50,16262.798
2025-03-19T08:00:00,83152.50,84088.20,83137.80,83848.40,29259.361
2025-03-19T12:00:00,83848.50,84855.00,83455.60,84693.30,47755.976
2025-03-19T16:00:00,84693.30,85908.00,83500.00,85382.50,102445.196
2025-03-19T20:00:00,85382.60,86990.00,85163.90,86809.80,36065.172
2025-03-20T00:00:00,86809.80,87500.00,85580.60,85849.50,46168.248
2025-03-20T04:00:00,85849.60,85972.30,85383.00,85764.70,17109.791
2025-03-20T08:00:00,85764.70,86285.80,84685.50,85462.20,39885.293
2025-03-20T12:00:00,85462.90,86490.00,84520.00,84642.10,65648.016
2025-03-20T16:00:00,84642.00,84846.10,83613.60,84129.30,55952.889
2025-03-20T20:00:00,84129.30,84582.80,83877.40,84183.60,18179.255
2025-03-21T00:00:00,84183.60,84813.60,84140.00,84409.90,15520.668
2025-03-21T04:00:00,84410.00,84773.60,83650.30,83889.60,20591.929
2025-03-21T08:00:00,83889.50,84319.50,83679.80,84006.00,19775.675
2025-03-21T12:00:00,84005.90,84344.40,83122.00,83525.90,52089.133
2025-03-21T16:00:00,83525.90,84405.90,83333.00,83925.00,25233.681
2025-03-21T20:00:00,83925.00,84550.00,83778.00,84050.30,11211.185
2025-03-22T00:00:00,84050.30,84286.00,83940.20,84214.10,7551.459
2025-03-22T04:00:00,84214.10,84389.00,84110.60,84235.40,6393.596
2025-03-22T08:00:00,84235.40,84509.00,84073.70,84190.80,9147.168
2025-03-22T12:00:00,84190.80,84257.20,83932.00,84073.50,8977.145
2025-03-22T16:00:00,84073.40,84292.00,84021.10,84134.60,6453.155
2025-03-22T20:00:00,84134.50,84171.60,83589.50,83804.90,13696.129
2025-03-23T00:00:00,83804.90,84241.50,83761.20,84195.10,7066.186
2025-03-23T04:00:00,84195.10,84282.40,84025.20,84229.90,5066.142
2025-03-23T08:00:00,84229.90,85024.80,84216.80,84651.50,20060.748
2025-03-23T12:00:00,84651.40,85231.70,84529.00,85148.00,18572.248
2025-03-23T16:00:00,85148.00,85376.40,84756.00,84966.70,19055.791
2025-03-23T20:00:00,84966.70,86110.90,84868.90,86044.20,21078.758
2025-03-24T00:00:00,86044.10,86619.90,85478.30,86502.60,34610.780
2025-03-24T04:00:00,86502.60,87277.50,86502.50,86827.60,31398.367
2025-03-24T08:00:00,86827.50,87898.90,86808.00,87643.50,26543.017
2025-03-24T12:00:00,87643.60,88752.00,87100.00,88283.60,58494.267
2025-03-24T16:00:00,88283.70,88492.10,87630.00,88162.30,34573.071
2025-03-24T20:00:00,88162.30,88438.50,87010.00,87463.40,25287.982
2025-03-25T00:00:00,87463.40,87644.00,86278.50,86477.40,28269.465
2025-03-25T04:00:00,86477.30,86847.30,86260.00,86404.40,22193.451
2025-03-25T08:00:00,86404.50,87448.00,86358.20,87323.30,22125.787
2025-03-25T12:00:00,87323.40,88221.00,86839.20,87723.00,47579.277
2025-03-25T16:00:00,87723.00,88284.00,87532.30,88051.40,23475.471
2025-03-25T20:00:00,88054.00,88500.00,87079.00,87369.80,29861.838
2025-03-26T00:00:00,87369.90,87864.40,86980.00,87120.60,16890.189
2025-03-26T04:00:00,87120.60,88270.20,87000.30,88106.70,22666.057
2025-03-26T08:00:00,88106.70,88235.00,87781.80,87914.90,15319.543
2025-03-26T12:00:00,87914.90,87975.00,86387.70,86696.90,63270.743
2025-03-26T16:00:00,86696.80,87032.60,85816.30,86525.30,40992.066
2025-03-26T20:00:00,86525.20,87360.00,86473.80,86873.80,28818.097
2025-03-27T00:00:00,86873.90,87722.40,86752.30,87631.10,18655.879
2025-03-27T04:00:00,87631.20,87654.20,87210.00,87363.20,10658.862
2025-03-27T08:00:00,87363.10,87562.40,86741.50,86900.70,20115.926
2025-03-27T12:00:00,86900.70,87528.00,85724.50,86931.20,77093.821
2025-03-27T16:00:00,86931.20,87380.60,86738.00,87025.80,23043.518
2025-03-27T20:00:00,87025.90,87695.90,86892.00,87191.20,13883.683
2025-03-28T00:00:00,87191.20,87470.00,86694.50,86746.80,19440.395
2025-03-28T04:00:00,86746.80,86792.80,85121.10,85175.10,50638.309
2025-03-28T08:00:00,85175.10,85409.50,84767.00,85214.00,36315.505
2025-03-28T12:00:00,85214.00,85575.00,83915.60,84011.10,66581.578
2025-03-28T16:00:00,84011.00,84190.00,83531.70,83760.70,32959.417
2025-03-28T20:00:00,83760.70,84499.50,83659.60,84380.80,16349.356
2025-03-29T00:00:00,84380.80,84589.70,83668.10,84125.70,18318.477
2025-03-29T04:00:00,84125.80,84222.00,83618.00,83696.00,11481.064
2025-03-29T08:00:00,83696.10,83917.50,81963.00,82255.10,43603.689
2025-03-29T12:00:00,82255.10,82839.90,82104.00,82377.30,22396.817
2025-03-29T16:00:00,82377.30,82737.60,81601.00,82722.90,29476.229
2025-03-29T20:00:00,82722.90,82759.40,82214.00,82604.70,10237.429
2025-03-30T00:00:00,82604.80,83456.00,82450.90,83042.80,19850.117
2025-03-30T04:00:00,83042.80,83283.30,82818.50,83037.40,13129.496
2025-03-30T08:00:00,83037.50,83490.00,82924.10,83080.00,14250.728
2025-03-30T12:00:00,83080.00,83229.60,82531.40,82699.90,18904.413
2025-03-30T16:00:00,82699.90,82878.20,82000.00,82510.60,19922.238
2025-03-30T20:00:00,82510.50,82732.50,81501.40,82352.80,23508.933
2025-03-31T00:00:00,82353.10,82416.00,81222.00,81491.50,31536.956
2025-03-31T04:00:00,81491.60,82275.50,81358.10,81895.20,19826.270
2025-03-31T08:00:00,81895.10,82236.00,81250.00,82171.50,28834.653
2025-03-31T12:00:00,82171.60,83895.80,81600.50,83373.40,80021.150
2025-03-31T16:00:00,83373.30,83655.40,82350.00,82426.70,32906.251
2025-03-31T20:00:00,82426.70,82898.60,82221.00,82517.50,18939.296
2025-04-01T00:00:00,82517.50,83213.00,82383.30,82929.90,15244.220
2025-04-01T04:00:00,82930.00,83565.00,82846.10,83415.20,15232.027
2025-04-01T08:00:00,83415.20,84474.80,83401.00,83879.90,35987.638
2025-04-01T12:00:00,83880.00,85475.00,82505.00,85245.40,81146.631
2025-04-01T16:00:00,85245.50,85452.50,84666.30,84911.70,31993.203
2025-04-01T20:00:00,84911.60,85595.50,84715.70,85120.90,17659.457
2025-04-02T00:00:00,85121.00,85217.90,84479.20,84509.50,19256.193
2025-04-02T04:00:00,84509.50,84695.00,83846.00,84389.80,24222.399
2025-04-02T08:00:00,84389.70,85425.00,84220.00,84528.40,30044.064
2025-04-02T12:00:00,84528.30,87288.00,84424.10,86709.50,101403.902
2025-04-02T16:00:00,86709.50,87255.00,86142.00,86854.20,42796.162
2025-04-02T20:00:00,86854.20,88500.00,82300.00,82485.10,131241.658
2025-04-03T00:00:00,82485.10,83889.20,82137.30,83449.00,43538.786
2025-04-03T04:00:00,83449.20,83707.90,82962.10,83423.70,18012.198
2025-04-03T08:00:00,83423.70,83774.10,83008.40,83058.10,25845.247
2025-04-03T12:00:00,83058.00,83112.00,81172.20,82001.80,92135.552
2025-04-03T16:00:00,82001.70,82463.70,81504.80,81977.40,35332.973
2025-04-03T20:00:00,81977.40,83298.00,81754.90,83181.50,24298.763
2025-04-04T00:00:00,83181.70,83376.00,82553.80,82787.90,23066.562
2025-04-04T04:00:00,82787.90,83987.00,82569.90,83968.20,24342.362
2025-04-04T08:00:00,83968.10,84686.20,81624.60,82633.70,90960.907
2025-04-04T12:00:00,82633.70,83682.90,81796.60,82822.00,128058.822
2025-04-04T16:00:00,82821.90,84580.00,82700.00,83971.90,67073.197
2025-04-04T20:00:00,83969.30,84422.90,83449.70,83861.30,19607.356
2025-04-05T00:00:00,83861.40,84244.50,83323.70,83585.70,17023.772
2025-04-05T04:00:00,83585.60,83832.10,83300.50,83490.00,10620.814
2025-04-05T08:00:00,83490.00,83866.30,83326.20,83428.40,11518.556
2025-04-05T12:00:00,83428.30,83516.80,82333.80,82576.40,33111.923
2025-04-05T16:00:00,82576.50,83108.80,82561.80,82818.70,12394.700
2025-04-05T20:00:00,82818.70,83674.90,82781.50,83506.10,14904.439
2025-04-06T00:00:00,83506.10,83790.50,83100.00,83301.70,13707.665
2025-04-06T04:00:00,83301.70,83496.90,82980.00,82990.90,10928.376
2025-04-06T08:00:00,82990.90,83143.90,82625.00,82810.10,16830.905
2025-04-06T12:00:00,82810.10,82944.00,82155.40,82497.40,29601.982
2025-04-06T16:00:00,82497.40,82524.90,78635.00,79572.60,108788.065
2025-04-06T20:00:00,79572.60,79858.70,77111.00,78390.00,101334.760
2025-04-07T00:00:00,78390.10,79311.50,77311.00,77669.60,69452.679
2025-04-07T04:00:00,77669.50,77950.00,74457.00,75084.10,120677.337
2025-04-07T08:00:00,75084.10,77550.60,75051.70,76655.90,91159.234
2025-04-07T12:00:00,76656.00,81200.00,75761.50,78444.60,284460.151
2025-04-07T16:00:00,78444.60,79347.10,77262.60,78086.30,91535.930
2025-04-07T20:00:00,78093.70,80184.70,78060.00,79140.00,36558.172
2025-04-08T00:00:00,79140.10,80832.10,78726.50,79869.20,44433.570
2025-04-08T04:00:00,79869.30,80383.40,79177.00,79448.60,25868.771
2025-04-08T08:00:00,79448.50,80049.80,78788.00,79949.70,33896.193
2025-04-08T12:00:00,79949.70,80359.50,78136.00,78460.00,92487.008
2025-04-08T16:00:00,78459.90,78500.00,76311.00,76830.00,100174.783
2025-04-08T20:00:00,76832.00,77259.90,76200.10,76297.90,31549.209
2025-04-09T00:00:00,76298.00,76834.60,74578.50,75040.00,79097.570
2025-04-09T04:00:00,75039.90,77906.60,74952.00,77651.40,75116.640
2025-04-09T08:00:00,77651.30,77833.80,75735.90,76204.10,72634.361
2025-04-09T12:00:00,76204.10,78288.80,75988.00,77237.60,98020.430
2025-04-09T16:00:00,77237.50,82967.40,77104.00,82291.40,183836.453
2025-04-09T20:00:00,82291.40,83554.90,81980.10,82588.00,51944.408
2025-04-10T00:00:00,82587.90,82706.90,81424.30,81731.80,34510.348
2025-04-10T04:00:00,81731.90,82315.40,81241.10,81561.60,28212.148
2025-04-10T08:00:00,81561.50,82083.30,81300.90,81839.20,27826.270
2025-04-10T12:00:00,81839.10,82488.00,78559.00,78731.70,115295.495
2025-04-10T16:00:00,78731.70,80011.80,78416.00,79611.10,67707.740
2025-04-10T20:00:00,79611.10,79999.90,79335.20,79560.20,20110.099
2025-04-11T00:00:00,79560.30,80855.00,78935.50,80796.90,41672.942
2025-04-11T04:00:00,80796.90,81388.00,80460.00,81213.60,30258.330
2025-04-11T08:00:00,81213.70,82944.30,80691.30,82096.60,68755.993
2025-04-11T12:00:00,82096.50,83297.90,81305.00,82486.70,79925.014
2025-04-11T16:00:00,82486.80,84178.70,81968.00,83809.50,54200.084
2025-04-11T20:00:00,83809.50,84300.00,83115.10,83378.30,20965.508
2025-04-12T00:00:00,83378.30,83537.60,82756.00,82940.30,18705.450
2025-04-12T04:00:00,82940.30,83785.40,82824.20,83685.40,21558.323
2025-04-12T08:00:00,83685.40,83998.90,83260.00,83484.00,16179.792
2025-04-12T12:00:00,83484.00,85388.00,83432.60,84974.10,58881.989
2025-04-12T16:00:00,84974.10,85225.00,84389.50,84891.80,21838.433
2025-04-12T20:00:00,84891.70,85884.20,84830.80,85237.80,20838.850
2025-04-13T00:00:00,85237.90,86100.00,84689.50,85388.80,34243.838
2025-04-13T04:00:00,85388.80,85400.00,84355.10,84378.40,28885.799
2025-04-13T08:00:00,84378.40,84918.00,84160.80,84490.60,21104.862
2025-04-13T12:00:00,84490.60,84649.00,83450.70,83820.10,40410.003
2025-04-13T16:00:00,83820.10,84999.90,82991.50,83949.90,42854.152
2025-04-13T20:00:00,83950.00,84424.30,82999.90,83713.70,39539.726
2025-04-14T00:00:00,83713.80,85534.80,83630.90,84536.40,53910.823
2025-04-14T04:00:00,84536.40,85067.10,84170.20,84544.20,20195.283
2025-04-14T08:00:00,84544.30,84936.90,84202.00,84891.50,21445.178
2025-04-14T12:00:00,84891.60,85755.00,83668.90,84054.40,69300.966
2025-04-14T16:00:00,84054.40,85171.90,83813.90,84872.60,32361.607
2025-04-14T20:00:00,84872.50,84925.50,84376.00,84553.90,12135.499
2025-04-15T00:00:00,84553.90,85392.20,84303.00,85351.90,22331.604
2025-04-15T04:00:00,85351.90,85835.00,85109.90,85691.30,24303.263
2025-04-15T08:00:00,85691.30,85974.90,85314.40,85549.30,27366.079
2025-04-15T12:00:00,85549.30,86443.00,84567.00,84871.90,65580.031
2025-04-15T16:00:00,84871.90,85115.10,83888.00,83954.60,26216.961
2025-04-15T20:00:00,83954.50,84197.90,83560.00,83608.70,18724.244
2025-04-16T00:00:00,83608.60,83915.70,83063.90,83654.00,25553.467
2025-04-16T04:00:00,83653.90,83788.50,83165.80,83325.00,20539.390
2025-04-16T08:00:00,83325.00,84091.70,83100.00,84008.50,28400.044
2025-04-16T12:00:00,84008.40,85232.00,83453.40,84810.70,51343.800
2025-04-16T16:00:00,84811.30,85493.50,83198.20,84286.00,69049.234
2025-04-16T20:00:00,84286.00,84642.80,83986.70,83990.00,14555.483
2025-04-17T00:00:00,83990.10,84468.80,83772.50,83953.30,16179.399
2025-04-17T04:00:00,83953.30,85043.40,83856.90,84629.00,20775.920
2025-04-17T08:00:00,84629.00,84730.00,84144.10,84531.80,15124.909
2025-04-17T12:00:00,84531.80,84829.40,83700.00,84495.50,36468.828
2025-04-17T16:00:00,84495.60,85441.50,84358.00,84797.50,42706.516
2025-04-17T20:00:00,84797.00,85100.00,84681.40,84915.00,9777.623
2025-04-18T00:00:00,84914.90,85100.00,84682.80,84790.30,8330.771
2025-04-18T04:00:00,84790.40,84803.10,84349.30,84622.90,12408.591
2025-04-18T08:00:00,84622.90,84734.50,84428.90,84629.40,8899.434
2025-04-18T12:00:00,84629.50,84730.00,84300.50,84332.30,11609.942
2025-04-18T16:00:00,84332.20,84616.10,84260.00,84529.10,8055.920
2025-04-18T20:00:00,84529.00,84659.80,84291.40,84421.00,5914.184
2025-04-19T00:00:00,84421.00,84947.80,84317.20,84845.30,10423.621
2025-04-19T04:00:00,84845.30,85240.00,84840.10,85174.50,13824.920
2025-04-19T08:00:00,85174.50,85400.00,85070.90,85179.30,12830.984
2025-04-19T12:00:00,85179.30,85600.00,85006.20,85146.30,15225.821
2025-04-19T16:00:00,85146.30,85277.80,84613.50,85054.30,16462.047
2025-04-19T20:00:00,85054.20,85332.70,84966.00,85046.90,4613.173
2025-04-20T00:00:00,85046.90,85283.60,85001.00,85116.60,5474.433
2025-04-20T04:00:00,85116.70,85210.00,84650.00,84736.50,15243.765
2025-04-20T08:00:00,84736.60,84751.00,83900.00,84084.60,23477.675
2025-04-20T12:00:00,84084.60,84638.40,84050.50,84304.50,17096.184
2025-04-20T16:00:00,84304.60,84624.50,84234.10,84608.80,7272.931
2025-04-20T20:00:00,84608.90,85266.50,84572.00,85138.80,22086.830
2025-04-21T00:00:00,85138.90,87621.80,85100.00,87166.60,72207.253
2025-04-21T04:00:00,87166.60,87702.30,87007.00,87400.60,19796.228
2025-04-21T08:00:00,87400.70,87777.00,86610.00,86936.40,29449.949
2025-04-21T12:00:00,86936.50,88418.20,86750.00,87997.40,72486.723
2025-04-21T16:00:00,87997.30,88216.30,86327.00,87369.10,57440.549
2025-04-21T20:00:00,87369.20,87599.80,86852.00,87466.00,22689.169
2025-04-22T00:00:00,87466.00,88850.00,87017.50,88111.00,52155.508
2025-04-22T04:00:00,88111.00,88445.00,87911.10,88434.90,18699.693
2025-04-22T08:00:00,88434.90,88649.90,88187.20,88572.70,19693.026
2025-04-22T12:00:00,88572.80,91373.00,88432.90,90881.20,124199.257
2025-04-22T16:00:00,90881.10,91686.60,90561.70,91356.40,50079.386
2025-04-22T20:00:00,91356.30,94142.50,90999.30,93404.90,69178.211
2025-04-23T00:00:00,93404.90,93864.90,92552.00,93126.00,33940.086
2025-04-23T04:00:00,93126.00,94263.00,92964.10,94102.50,28985.949
2025-04-23T08:00:00,94102.60,94453.00,93280.00,93425.20,35725.834
2025-04-23T12:00:00,93425.20,94904.30,91898.00,93140.30,86830.394
2025-04-23T16:00:00,93140.30,94178.00,92860.00,93436.30,33955.173
2025-04-23T20:00:00,93436.40,93869.90,93181.80,93632.10,13310.992
2025-04-24T00:00:00,93632.20,93735.10,92607.00,92632.90,19305.989
2025-04-24T04:00:00,92632.80,92869.90,92055.10,92166.00,24136.437
2025-04-24T08:00:00,92166.10,92620.00,91619.00,92575.10,30141.353
2025-04-24T12:00:00,92575.20,93429.60,92380.40,93144.80,36090.385
2025-04-24T16:00:00,93144.80,93595.70,92625.00,93497.50,26446.208
2025-04-24T20:00:00,93497.60,93980.60,92969.00,93931.60,20972.356
2025-04-25T00:00:00,93931.50,94409.50,92788.00,93262.90,29877.009
2025-04-25T04:00:00,93262.90,93821.70,92959.20,93734.00,16763.171
2025-04-25T08:00:00,93733.90,94642.60,93493.90,94602.30,24204.202
2025-04-25T12:00:00,94602.20,95769.60,93876.00,94999.80,78266.827
2025-04-25T16:00:00,94999.80,95498.30,94310.00,95229.20,31103.127
2025-04-25T20:00:00,95229.30,95284.50,94402.00,94591.80,11616.141
2025-04-26T00:00:00,94591.80,95157.10,94500.50,94685.00,13091.802
2025-04-26T04:00:00,94685.00,94776.10,94274.00,94520.10,10766.592
2025-04-26T08:00:00,94520.00,94680.00,93947.50,94095.60,17868.057
2025-04-26T12:00:00,94095.70,94360.00,93833.00,94325.00,12882.691
2025-04-26T16:00:00,94325.00,94332.60,94000.00,94261.00,6646.130
2025-04-26T20:00:00,94261.00,94850.20,94043.10,94575.70,11282.937
2025-04-27T00:00:00,94575.70,95280.50,94000.00,94121.70,25352.851
2025-04-27T04:00:00,94121.60,94250.00,93586.70,94027.60,12220.315
2025-04-27T08:00:00,94027.70,94295.40,93840.00,93871.10,9208.402
2025-04-27T12:00:00,93871.10,94140.80,93547.30,93857.70,15121.759
2025-04-27T16:00:00,93857.70,94394.30,93680.00,94388.90,9835.889
2025-04-27T20:00:00,94388.90,94517.90,93600.00,93697.10,12076.967
2025-04-28T00:00:00,93697.00,93943.80,92700.00,93799.90,34243.196
2025-04-28T04:00:00,93800.00,94758.00,93799.90,94641.60,19207.845
2025-04-28T08:00:00,94641.60,95490.00,94259.20,95276.10,36146.553
2025-04-28T12:00:00,95276.10,95578.80,93520.20,93772.80,60496.166
2025-04-28T16:00:00,93772.70,94874.20,93367.20,94740.90,27658.149
2025-04-28T20:00:00,94741.00,95146.30,94244.50,94969.00,16668.807
2025-04-29T00:00:00,94969.00,95415.70,94380.00,94599.90,32535.760
2025-04-29T04:00:00,94599.90,94927.60,94154.10,94878.00,17947.813
2025-04-29T08:00:00,94877.90,95264.90,94700.10,95086.90,17261.808
2025-04-29T12:00:00,95087.00,95260.00,94466.50,94790.70,25266.996
2025-04-29T16:00:00,94790.60,95426.40,94590.50,95250.50,25414.524
2025-04-29T20:00:00,95250.50,95350.00,93678.70,94200.10,29404.893
2025-04-30T00:00:00,94200.10,95078.50,94081.40,94989.30,18097.325
2025-04-30T04:00:00,94989.30,95149.90,94442.30,94577.60,15073.172
2025-04-30T08:00:00,94577.60,95186.50,94468.60,95126.50,14665.449
2025-04-30T12:00:00,95126.40,95163.60,92848.10,93948.40,81587.654
2025-04-30T16:00:00,93948.40,94488.00,93476.20,94118.20,22363.333
2025-04-30T20:00:00,94118.20,94751.80,93950.00,94125.10,19142.377
2025-05-01T00:00:00,94125.20,94978.10,94086.70,94737.50,19363.191
2025-05-01T04:00:00,94737.60,95146.20,94660.20,94978.60,16342.808
2025-05-01T08:00:00,94978.60,96351.80,94866.60,96129.90,41762.093
2025-05-01T12:00:00,96130.00,97388.00,95742.10,96793.90,62733.290
2025-05-01T16:00:00,96793.90,97300.00,96344.40,96459.10,28899.433
2025-05-01T20:00:00,96459.50,96834.40,96122.40,96423.30,15425.940
2025-05-02T00:00:00,96423.20,97193.70,96400.00,97054.90,17200.018
2025-05-02T04:00:00,97055.00,97262.00,96283.10,96302.00,19341.642
2025-05-02T08:00:00,96302.00,97072.20,96300.00,96875.70,14786.274
2025-05-02T12:00:00,96875.70,97865.40,96585.10,97270.10,54228.730
2025-05-02T16:00:00,97270.10,97740.00,96700.00,96856.80,23304.485
2025-05-02T20:00:00,96856.80,97083.40,96507.60,96831.20,10336.377
2025-05-03T00:00:00,96831.20,96868.40,96255.00,96292.10,12788.794
2025-05-03T04:00:00,96292.10,96557.70,96064.10,96290.80,10809.148
2025-05-03T08:00:00,96290.80,96377.80,95804.80,95895.60,15912.985
2025-05-03T12:00:00,95895.70,96456.00,95834.40,96358.70,11574.759
2025-05-03T16:00:00,96358.70,96370.00,95812.70,96312.00,10135.037
2025-05-03T20:00:00,96312.00,96399.90,95700.00,95803.30,10199.906
2025-05-04T00:00:00,95803.30,96266.60,95508.70,95680.00,14654.377
2025-05-04T04:00:00,95680.00,96109.60,95634.00,95842.10,9794.382
2025-05-04T08:00:00,95842.10,95886.50,95227.20,95376.00,17133.692
2025-05-04T12:00:00,95376.00,95649.00,95172.40,95421.10,13352.424
2025-05-04T16:00:00,95421.10,95590.00,95200.10,95533.90,9415.553
2025-05-04T20:00:00,95534.00,95700.00,94116.40,94230.20,29910.449
2025-05-05T00:00:00,94230.20,94750.10,93445.10,94001.10,35169.994
2025-05-05T04:00:00,94001.20,94778.50,93980.00,94696.40,18884.983
2025-05-05T08:00:00,94696.40,94726.80,93835.00,93986.00,18035.166
2025-05-05T12:00:00,93986.10,94501.00,93559.60,93726.00,37424.134
2025-05-05T16:00:00,93726.00,94871.80,93705.30,94295.50,24018.270
2025-05-05T20:00:00,94295.20,95165.10,93814.20,94696.70,21369.828
2025-05-06T00:00:00,94696.70,94893.30,93961.00,94418.30,16000.398
2025-05-06T04:00:00,94418.40,94600.00,94267.00,94350.00,8862.333
2025-05-06T08:00:00,94350.00,94354.60,93662.20,93770.30,23699.819
2025-05-06T12:00:00,93770.30,94697.20,93327.00,94513.20,48631.997
2025-05-06T16:00:00,94513.20,95119.90,94145.40,94910.80,27227.515
2025-05-06T20:00:00,94910.80,96879.50,94400.00,96798.90,49261.004
2025-05-07T00:00:00,96798.90,97700.00,96153.20,96453.80,49252.243
2025-05-07T04:00:00,96453.80,96963.00,96268.00,96940.00,15114.534
2025-05-07T08:00:00,96940.00,97077.60,96783.00,97000.00,14368.674
2025-05-07T12:00:00,97000.00,97446.80,96655.20,96889.00,34956.983
2025-05-07T16:00:00,96889.00,96916.50,95718.50,96124.60,48429.239
2025-05-07T20:00:00,96124.50,97363.80,96015.10,96988.40,23145.469
2025-05-08T00:00:00,96988.40,99199.90,96831.50,99097.90,60617.723
2025-05-08T04:00:00,99098.00,99374.30,98680.10,99212.00,32945.558
2025-05-08T08:00:00,99212.10,99863.30,99165.20,99369.80,31717.498
2025-05-08T12:00:00,99369.90,101493.20,99050.10,100730.80,83079.999
2025-05-08T16:00:00,100730.90,101686.70,100550.00,101254.20,44847.125
2025-05-08T20:00:00,101254.30,104305.30,101231.70,103228.10,64214.566
2025-05-09T00:00:00,103228.00,103228.10,102327.90,102419.50,24344.001
2025-05-09T04:00:00,102419.50,104373.00,102345.70,103597.40,31095.632
2025-05-09T08:00:00,103597.40,103920.00,102376.50,102914.50,46422.104
2025-05-09T12:00:00,102914.50,103746.80,102358.00,102852.90,38682.860
2025-05-09T16:00:00,102853.00,103336.10,102240.00,103145.50,23424.037
2025-05-09T20:00:00,103145.50,103366.00,102700.00,102941.90,8915.288
2025-05-10T00:00:00,102941.90,103232.00,102784.00,103179.40,9036.731
2025-05-10T04:00:00,103179.30,104085.00,102997.30,103721.70,18134.111
2025-05-10T08:00:00,103721.70,104066.20,103311.00,103374.60,18529.911
2025-05-10T12:00:00,103374.70,103781.10,103038.70,103102.60,13607.261
2025-05-10T16:00:00,103102.60,103589.00,102940.00,103148.60,14747.802
2025-05-10T20:00:00,103148.70,105000.10,103016.20,104788.80,30328.721
2025-05-11T00:00:00,104788.80,104950.00,103406.30,103947.80,27276.827
2025-05-11T04:00:00,103947.80,104363.90,103283.30,103327.90,18978.685
2025-05-11T08:00:00,103327.80,104750.00,103321.00,104613.70,24045.282
2025-05-11T12:00:00,104613.70,104873.50,103726.60,104083.00,30912.963
2025-05-11T16:00:00,104082.90,104800.00,103691.90,104373.80,20721.626
2025-05-11T20:00:00,104373.80,104526.30,103502.40,104072.70,17201.038
2025-05-12T00:00:00,104072.70,105190.40,103664.80,104064.00,30422.810
2025-05-12T04:00:00,104064.00,105863.10,103696.30,104426.20,52152.229
2025-05-12T08:00:00,104426.30,104684.00,103550.00,103705.10,27636.310
2025-05-12T12:00:00,103705.00,104620.10,102345.00,102481.70,70155.841
2025-05-12T16:00:00,102481.80,103040.80,100678.00,101812.80,55847.607
2025-05-12T20:00:00,101812.90,103080.90,101728.30,102739.30,20327.902
2025-05-13T00:00:00,102739.30,102743.90,101400.00,101681.30,25611.921
2025-05-13T04:00:00,101681.30,102900.00,101580.40,102624.00,18458.159
2025-05-13T08:00:00,102624.00,103778.90,102507.60,103685.50,22686.973
2025-05-13T12:00:00,103685.50,103930.10,102762.90,103633.10,44843.029
2025-05-13T16:00:00,103633.00,104949.20,103488.20,104744.70,35688.452
2025-05-13T20:00:00,104744.70,104889.20,103795.50,104082.00,15079.794
2025-05-14T00:00:00,104082.00,104086.50,103409.00,103549.20,16919.418
2025-05-14T04:00:00,103549.10,103949.60,103314.00,103662.20,13321.090
2025-05-14T08:00:00,103662.20,104109.60,102815.00,103903.40,29067.801
2025-05-14T12:00:00,103903.30,104319.00,102773.40,103461.40,39994.122
2025-05-14T16:00:00,103461.30,103675.00,102536.00,103278.70,20724.080
2025-05-14T20:00:00,103278.80,103626.50,103248.90,103458.10,6237.586
2025-05-15T00:00:00,103458.10,103820.00,102663.50,102706.10,16572.907
2025-05-15T04:00:00,102706.00,102926.20,101677.00,101733.90,23248.870
2025-05-15T08:00:00,101734.00,102398.70,101433.00,102335.30,26222.220
2025-05-15T12:00:00,102335.30,103242.00,101270.80,103211.20,48382.314
2025-05-15T16:00:00,103211.20,104162.80,102500.00,103107.00,40544.155
2025-05-15T20:00:00,103107.10,103939.80,102662.00,103714.50,21373.640
2025-05-16T00:00:00,103714.20,104440.10,103414.80,103979.00,22492.546
2025-05-16T04:00:00,103979.10,104150.00,103640.00,103646.60,14442.576
2025-05-16T08:00:00,103646.50,103872.90,103062.30,103614.50,21526.350
2025-05-16T12:00:00,103614.60,104258.70,103300.00,104144.00,26264.535
2025-05-16T16:00:00,104144.00,104524.20,103533.20,103974.30,20926.270
2025-05-16T20:00:00,103974.30,103991.70,103361.60,103412.20,9860.772
2025-05-17T00:00:00,103412.20,103564.70,102541.60,103464.70,26575.089
2025-05-17T04:00:00,103464.60,103658.00,103239.60,103399.40,10427.045
2025-05-17T08:00:00,103399.50,103524.70,102705.00,102944.20,22486.468
2025-05-17T12:00:00,102944.10,103132.30,102591.00,102900.00,11160.074
2025-05-17T16:00:00,102900.10,103305.80,102706.60,103100.10,10946.644
2025-05-17T20:00:00,103100.10,103458.60,102851.50,103079.60,8777.349
2025-05-18T00:00:00,103079.50,103380.80,103052.20,103244.20,6439.874
2025-05-18T04:00:00,103244.30,103949.60,103244.30,103893.00,13111.120
2025-05-18T08:00:00,103893.00,104066.10,103754.40,103769.00,12871.838
2025-05-18T12:00:00,103769.00,105665.30,103660.70,105484.20,41829.124
2025-05-18T16:00:00,105484.20,105999.70,103800.00,103834.00,49587.471
2025-05-18T20:00:00,103834.10,106629.80,103217.20,106407.60,49384.857
2025-05-19T00:00:00,106407.50,107114.30,103502.40,103569.40,51326.874
2025-05-19T04:00:00,103569.50,103739.20,102038.80,103167.00,57011.120
2025-05-19T08:00:00,103167.10,103359.50,102732.80,102912.00,20571.050
2025-05-19T12:00:00,102912.10,104920.20,102088.90,104740.40,60679.364
2025-05-19T16:00:00,104740.50,105519.80,104426.80,105457.80,47160.881
2025-05-19T20:00:00,105457.90,105798.50,104982.00,105531.60,21076.315
2025-05-20T00:00:00,105531.50,106800.00,105480.10,105720.00,42632.840
2025-05-20T04:00:00,105720.00,106371.30,104868.50,104980.10,27220.608
2025-05-20T08:00:00,104980.10,105371.70,104808.60,105159.20,20790.139
2025-05-20T12:00:00,105159.30,105357.60,104115.20,105294.50,41453.456
2025-05-20T16:00:00,105294.50,107252.90,105028.40,106972.20,54588.390
2025-05-20T20:00:00,106972.30,107292.50,105875.80,106800.10,39501.813
2025-05-21T00:00:00,106800.00,107168.70,106146.90,106791.00,22911.733
2025-05-21T04:00:00,106791.00,107950.00,106400.00,106463.60,49534.063
2025-05-21T08:00:00,106463.70,106748.70,106037.90,106490.90,30178.731
2025-05-21T12:00:00,106490.90,109430.00,106277.80,108936.60,94965.494
2025-05-21T16:00:00,108936.60,109804.20,106085.30,108547.30,157112.935
2025-05-21T20:00:00,108547.20,110830.00,107671.70,109609.50,58886.898
2025-05-22T00:00:00,109609.60,111866.40,109153.40,111755.90,64755.016
2025-05-22T04:00:00,111755.90,111776.30,110433.00,111005.80,47573.709
2025-05-22T08:00:00,111005.80,111303.80,110238.50,110944.10,32748.467
2025-05-22T12:00:00,110944.00,111582.50,110492.80,111250.60,49945.987
2025-05-22T16:00:00,111251.00,111959.50,110860.50,111136.10,34534.378
2025-05-22T20:00:00,111136.20,111692.90,110704.10,111662.70,16509.476
2025-05-23T00:00:00,111662.60,111770.40,110958.50,111044.00,22959.440
2025-05-23T04:00:00,111044.00,111143.30,110351.50,110685.20,23761.569
2025-05-23T08:00:00,110685.30,111348.00,108816.00,109033.20,45137.260
2025-05-23T12:00:00,109033.20,109969.60,107250.00,108892.40,108855.124
2025-05-23T16:00:00,108892.50,109760.00,107950.00,108659.40,46212.629
2025-05-23T20:00:00,108659.50,108677.20,106721.90,107271.50,32554.325
2025-05-24T00:00:00,107271.60,108330.60,106836.00,108306.80,24382.839
2025-05-24T04:00:00,108306.70,108520.00,107520.00,107550.60,21546.444
2025-05-24T08:00:00,107550.70,109440.20,107546.10,109152.20,34423.684
2025-05-24T12:00:00,109152.20,109227.10,108495.80,108889.20,29417.399
2025-05-24T16:00:00,108889.10,109165.80,108647.10,108912.70,18957.367
2025-05-24T20:00:00,108912.70,109084.80,107394.70,107698.90,36431.025
2025-05-25T00:00:00,107699.00,108210.00,107142.00,108045.40,24941.567
2025-05-25T04:00:00,108045.40,108250.10,107387.80,107637.10,14442.712
2025-05-25T08:00:00,107637.10,107650.50,106653.00,107214.00,32864.988
2025-05-25T12:00:00,107214.00,107698.40,106497.00,106927.90,33112.095
2025-05-25T16:00:00,106928.00,107888.00,106593.40,107656.30,14416.703
2025-05-25T20:00:00,107656.30,109285.10,107118.80,108955.90,39687.738
2025-05-26T00:00:00,108956.00,109856.00,108616.60,109587.00,31295.991
2025-05-26T04:00:00,109587.10,110197.90,109327.40,110049.90,21821.547
2025-05-26T08:00:00,110049.90,110138.80,109500.00,109736.70,14879.390
2025-05-26T12:00:00,109736.60,110400.00,109412.90,109963.20,30300.067
2025-05-26T16:00:00,109963.20,110394.70,108807.00,109074.30,34224.496
2025-05-26T20:00:00,109074.40,109863.20,108894.00,109386.80,14470.729
2025-05-27T00:00:00,109386.80,109633.80,107438.00,108844.90,51580.633
2025-05-27T04:00:00,108845.00,109600.00,108483.00,109488.00,24898.577
2025-05-27T08:00:00,109488.00,109861.50,109366.90,109541.80,22031.647
2025-05-27T12:00:00,109541.90,110700.00,108609.40,110091.30,77612.286
2025-05-27T16:00:00,110091.30,110459.70,109516.10,109822.80,27423.933
2025-05-27T20:00:00,109824.80,109857.60,108533.50,108889.30,20052.829
2025-05-28T00:00:00,108889.20,109252.60,108339.20,108807.60,20569.689
2025-05-28T04:00:00,108807.30,109040.70,108568.70,108764.90,12077.087
2025-05-28T08:00:00,108764.90,109076.20,108178.10,108821.40,25977.609
2025-05-28T12:00:00,108821.30,109012.00,107000.00,107065.50,53509.222
2025-05-28T16:00:00,107065.50,107793.00,106881.50,106894.10,25973.073
2025-05-28T20:00:00,106894.00,107999.00,106723.90,107723.10,20311.079
2025-05-29T00:00:00,107723.10,108450.00,107378.60,107996.40,22974.724
2025-05-29T04:00:00,107996.50,108056.80,106877.40,107839.40,21142.095
2025-05-29T08:00:00,107839.50,108860.00,107638.60,108740.00,27695.002
2025-05-29T12:00:00,108740.00,108772.90,106400.00,106972.50,66342.689
2025-05-29T16:00:00,106972.60,107121.10,105580.00,105699.20,52209.294
2025-05-29T20:00:00,105699.10,106415.00,105054.20,105539.90,22737.451
2025-05-30T00:00:00,105539.90,106175.90,104521.00,105978.80,41953.330
2025-05-30T04:00:00,105978.80,106266.00,104680.40,104997.50,28438.438
2025-05-30T08:00:00,104997.50,105940.10,104568.00,105827.40,35034.252
2025-05-30T12:00:00,105827.40,105949.10,105000.10,105504.00,38288.794
2025-05-30T16:00:00,105504.00,105531.50,103650.20,104597.60,52008.664
2025-05-30T20:00:00,104597.60,104849.90,103555.00,103950.00,23977.824
2025-05-31T00:00:00,103949.90,104259.40,103032.10,103640.10,32955.856
2025-05-31T04:00:00,103640.20,103863.60,103433.10,103700.60,11063.629
2025-05-31T08:00:00,103700.50,103770.20,103249.90,103460.90,10547.557
2025-05-31T12:00:00,103460.90,104800.00,103444.40,104497.10,29627.761
2025-05-31T16:00:00,104497.10,104743.80,104215.00,104653.90,11091.248
2025-05-31T20:00:00,104653.90,104859.30,104423.00,104544.70,8321.789
2025-06-01T00:00:00,104544.60,104599.60,103860.90,104336.40,14341.262
2025-06-01T04:00:00,104336.40,104700.00,104138.00,104231.00,9469.678
2025-06-01T08:00:00,104230.90,104410.50,103704.10,104038.00,15555.538
2025-06-01T12:00:00,104038.00,104760.00,103708.60,104664.00,16896.822
2025-06-01T16:00:00,104663.90,105285.00,104280.10,105075.20,24033.126
2025-06-01T20:00:00,105075.20,105823.60,104833.10,105583.30,17123.814
2025-06-02T00:00:00,105583.30,105700.00,104520.00,104781.80,17614.141
2025-06-02T04:00:00,104781.80,105398.50,104549.80,105346.40,15376.453
2025-06-02T08:00:00,105346.40,105900.00,103867.80,104000.00,39491.959
2025-06-02T12:00:00,104000.10,104646.10,103600.60,104396.80,42551.179
2025-06-02T16:00:00,104396.90,104699.40,103982.90,104366.40,15855.761
2025-06-02T20:00:00,104366.50,105893.80,104366.50,105814.30,27363.425
2025-06-03T00:00:00,105814.40,106470.80,105280.00,105448.80,29321.060
2025-06-03T04:00:00,105448.80,105475.40,105062.50,105134.40,12956.522
2025-06-03T08:00:00,105134.40,105305.20,104822.40,105240.10,12289.458
2025-06-03T12:00:00,105240.10,106775.00,104969.40,106556.10,42236.633
2025-06-03T16:00:00,106556.10,106619.60,105526.20,106171.80,25039.332
2025-06-03T20:00:00,106179.70,106208.00,105200.40,105330.10,17373.002
2025-06-04T00:00:00,105330.10,105800.00,105072.00,105474.90,15154.628
2025-06-04T04:00:00,105474.80,105566.40,105200.00,105260.20,9967.039
2025-06-04T08:00:00,105260.10,105967.20,105039.10,105044.10,22229.278
2025-06-04T12:00:00,105044.20,105510.20,104111.70,105254.70,44030.271
2025-06-04T16:00:00,105254.70,105437.80,104824.00,104870.40,14054.096
2025-06-04T20:00:00,104870.40,105006.30,104350.00,104641.80,13098.813
2025-06-05T00:00:00,104641.80,105225.60,104594.80,104991.40,11856.411
2025-06-05T04:00:00,104991.50,105183.00,104321.20,104473.00,15487.560
2025-06-05T08:00:00,104473.10,104880.00,104373.00,104772.70,10288.160
2025-06-05T12:00:00,104772.70,105878.30,103825.00,104490.50,68596.820
2025-06-05T16:00:00,104490.50,104547.90,101500.00,101872.90,76338.478
2025-06-05T20:00:00,101873.00,102163.90,100305.10,101458.60,63671.245
2025-06-06T00:00:00,101458.70,102464.70,101003.40,102444.90,24397.812
2025-06-06T04:00:00,102445.00,103424.50,102321.10,103096.80,28923.945
2025-06-06T08:00:00,103096.70,103953.90,103096.70,103866.00,24302.565
2025-06-06T12:00:00,103865.90,105283.00,103471.40,105035.40,61774.111
2025-06-06T16:00:00,105035.40,105240.00,104010.00,104176.90,25548.570
2025-06-06T20:00:00,104177.00,104574.90,104109.20,104240.00,9353.903
2025-06-07T00:00:00,104240.10,104856.00,103800.10,104822.40,15787.969
2025-06-07T04:00:00,104822.40,105293.00,104591.90,104813.60,13412.441
2025-06-07T08:00:00,104813.70,105222.00,104632.00,105094.50,10912.449
2025-06-07T12:00:00,105094.50,105758.80,105094.40,105507.90,19660.879
2025-06-07T16:00:00,105507.90,105850.00,105222.60,105694.20,13309.422
2025-06-07T20:00:00,105694.10,105878.30,105482.70,105507.50,6750.013
2025-06-08T00:00:00,105507.50,105760.50,105347.00,105436.40,8070.070
2025-06-08T04:00:00,105436.50,105617.20,105358.20,105380.40,5648.935
2025-06-08T08:00:00,105380.50,105666.60,104927.40,105619.20,15763.690
2025-06-08T12:00:00,105619.20,106200.00,105450.00,105917.50,19486.972
2025-06-08T16:00:00,105917.60,106300.00,105888.50,106242.60,13202.730
2025-06-08T20:00:00,106242.60,106482.60,105511.00,105676.50,12932.707
2025-06-09T00:00:00,105676.50,105929.80,105253.20,105617.00,12640.840
2025-06-09T04:00:00,105617.00,105685.70,105265.00,105516.70,8731.330
2025-06-09T08:00:00,105516.70,107774.80,105429.20,107707.90,49256.420
2025-06-09T12:00:00,107707.80,107985.00,106800.30,107564.30,43730.983
2025-06-09T16:00:00,107564.30,108791.80,107563.40,108515.10,31629.447
2025-06-09T20:00:00,108515.10,110653.60,108383.00,110227.90,46967.389
2025-06-10T00:00:00,110228.00,110280.00,109340.00,109525.80,20879.389
2025-06-10T04:00:00,109525.90,109690.80,109041.10,109178.00,17640.424
2025-06-10T08:00:00,109178.10,109800.00,109010.20,109498.10,22098.840
2025-06-10T12:00:00,109498.00,109852.90,108282.00,108975.30,44120.927
2025-06-10T16:00:00,108975.20,110367.20,108467.50,109460.00,29872.958
2025-06-10T20:00:00,109460.10,110265.50,109189.00,110235.40,17604.436
2025-06-11T00:00:00,110235.40,110247.00,109500.00,109664.10,12285.286
2025-06-11T04:00:00,109664.10,109715.40,109322.00,109396.90,9255.542
2025-06-11T08:00:00,109396.90,109629.30,109133.80,109200.10,11892.147
2025-06-11T12:00:00,109200.10,110350.00,108950.10,109694.80,47346.710
2025-06-11T16:00:00,109694.90,109776.50,108331.70,108684.50,33333.871
2025-06-11T20:00:00,108684.50,109164.80,108001.20,108600.00,20308.765
2025-06-12T00:00:00,108600.10,108782.10,107650.00,107820.50,24193.834
2025-06-12T04:00:00,107820.50,107951.00,107300.00,107577.00,17432.701
2025-06-12T08:00:00,107577.00,107798.00,106830.00,106862.90,20489.988
2025-06-12T12:00:00,106862.90,107769.10,106539.10,106960.60,44438.417
2025-06-12T16:00:00,106960.60,108398.40,106621.00,106749.60,36093.638
2025-06-12T20:00:00,106749.50,106929.90,105602.00,105609.50,43141.612
2025-06-13T00:00:00,105609.40,105661.00,102614.00,104233.90,98662.526
2025-06-13T04:00:00,104233.90,104891.40,103733.70,104831.40,27313.357
2025-06-13T08:00:00,104831.40,105459.70,104360.00,104989.90,28154.767
2025-06-13T12:00:00,104990.00,105750.00,104069.50,105391.90,46774.893
2025-06-13T16:00:00,105392.00,105912.00,104607.00,105050.00,31938.527
2025-06-13T20:00:00,105050.10,106141.10,104963.10,106027.30,13091.343
2025-06-14T00:00:00,106027.30,106173.60,105150.10,105189.40,16567.596
2025-06-14T04:00:00,105189.30,105374.90,104738.70,105025.10,9863.730
2025-06-14T08:00:00,105025.00,105088.00,104772.30,105030.60,7912.806
2025-06-14T12:00:00,105030.50,105084.20,104570.00,104783.40,11378.285
2025-06-14T16:00:00,104783.40,105011.00,104290.00,104582.30,18623.517
2025-06-14T20:00:00,104584.20,105438.00,104225.40,105359.90,15565.636
2025-06-15T00:00:00,105359.80,105631.60,105208.70,105425.60,7896.238
2025-06-15T04:00:00,105425.60,106099.40,105137.00,105374.10,16601.294
2025-06-15T08:00:00,105374.20,105444.90,104812.20,104924.50,10938.222
2025-06-15T12:00:00,104924.60,105810.60,104900.00,105526.00,16414.581
2025-06-15T16:00:00,105525.90,105744.00,104999.90,105252.00,10211.904
2025-06-15T20:00:00,105251.90,105571.40,104399.90,105534.60,16757.160
2025-06-16T00:00:00,105534.70,105927.00,104920.00,105865.60,17792.791
2025-06-16T04:00:00,105865.60,107250.00,105817.30,107023.80,30100.727
2025-06-16T08:00:00,107023.80,107199.90,106540.00,106842.50,16343.835
2025-06-16T12:00:00,106842.60,107759.80,106446.60,107374.90,32297.364
2025-06-16T16:00:00,107375.00,108882.00,107258.00,108594.20,31766.821
2025-06-16T20:00:00,108594.20,108900.00,106640.10,106750.10,38511.681
2025-06-17T00:00:00,106750.10,107727.40,106068.00,107553.30,37289.670
2025-06-17T04:00:00,107553.30,107655.60,106413.40,106711.10,17587.099
2025-06-17T08:00:00,106711.00,106785.20,105461.40,105592.90,28139.512
2025-06-17T12:00:00,105592.90,105816.50,104068.00,104199.20,60675.190
2025-06-17T16:00:00,104199.20,105288.00,103300.00,104630.60,58959.759
2025-06-17T20:00:00,104630.50,104865.80,104143.40,104508.00,23400.633
2025-06-18T00:00:00,104508.00,105192.20,104312.20,105132.20,14529.003
2025-06-18T04:00:00,105132.10,105500.00,104660.00,104925.70,17150.860
2025-06-18T08:00:00,104925.60,105276.80,104111.40,104791.20,24837.186
2025-06-18T12:00:00,104791.10,105300.00,103750.00,104744.20,52718.894
2025-06-18T16:00:00,104744.20,104795.00,103426.10,103773.30,44220.997
2025-06-18T20:00:00,103773.30,105098.00,103601.50,104832.80,19249.459
2025-06-19T00:00:00,104832.80,105185.70,104364.50,105054.40,15050.881
2025-06-19T04:00:00,105054.40,105184.00,104560.60,104585.90,12630.633
2025-06-19T08:00:00,104585.80,105032.10,104570.10,104717.70,9030.799
2025-06-19T12:00:00,104717.80,104861.00,104021.30,104055.10,21664.367
2025-06-19T16:00:00,104055.20,104795.20,103870.30,104202.60,19357.697
2025-06-19T20:00:00,104202.60,104869.40,104094.60,104607.10,9976.228
2025-06-20T00:00:00,104607.10,104770.00,104338.50,104555.10,8187.275
2025-06-20T04:00:00,104555.00,105765.80,104185.30,105763.50,22781.587
2025-06-20T08:00:00,105763.60,106486.20,105715.00,105928.60,35129.800
2025-06-20T12:00:00,105928.70,106111.90,103805.90,104168.50,58185.489
2025-06-20T16:00:00,104168.50,104221.00,102255.30,103263.90,58187.934
2025-06-20T20:00:00,103263.80,103796.80,102903.60,103246.10,16630.050
2025-06-21T00:00:00,103246.10,103641.00,103067.70,103434.50,8659.610
2025-06-21T04:00:00,103434.60,103550.00,103268.60,103402.20,6144.184
2025-06-21T08:00:00,103402.10,103940.60,103401.90,103827.50,12050.220
2025-06-21T12:00:00,103827.50,103899.00,103222.70,103516.70,17939.107
2025-06-21T16:00:00,103516.70,103600.00,102128.20,102207.50,22756.187
2025-06-21T20:00:00,102207.50,102849.20,100789.90,102079.80,53222.042
2025-06-22T00:00:00,102079.80,103362.60,101781.80,102340.00,46913.542
2025-06-22T04:00:00,102340.00,102910.70,102220.90,102399.00,16170.421
2025-06-22T08:00:00,102399.10,102770.60,102022.50,102693.70,14959.174
2025-06-22T12:00:00,102693.70,102789.70,98786.90,98849.90,119443.671
2025-06-22T16:00:00,98849.70,100348.70,98608.90,98829.70,44659.100
2025-06-22T20:00:00,98829.70,100993.50,98115.40,100904.70,51416.728
2025-06-23T00:00:00,100904.70,101580.60,100425.60,101104.40,27455.568
2025-06-23T04:00:00,101104.30,102155.10,100899.30,101874.50,23144.867
2025-06-23T08:00:00,101874.40,102028.90,101071.10,101248.50,18847.037
2025-06-23T12:00:00,101248.40,102596.50,100749.80,101369.70,54410.602
2025-06-23T16:00:00,101369.60,103273.70,99547.60,103114.20,96846.702
2025-06-23T20:00:00,103114.20,106050.00,102818.40,105290.90,76517.265
2025-06-24T00:00:00,105291.00,105454.10,104658.00,104870.00,22863.359
2025-06-24T04:00:00,104870.00,105775.90,104651.40,104891.80,27514.690
2025-06-24T08:00:00,104891.80,105525.00,104570.80,105134.60,23689.654
2025-06-24T12:00:00,105134.50,105675.00,104750.00,105184.40,32530.670
2025-06-24T16:00:00,105184.30,106239.00,105125.30,105582.10,27242.579
2025-06-24T20:00:00,105582.10,106073.90,105382.40,106034.90,10608.935
2025-06-25T00:00:00,106034.90,106750.90,105755.60,106177.00,25837.304
2025-06-25T04:00:00,106176.90,106664.20,105949.20,106547.50,11857.788
2025-06-25T08:00:00,106547.50,107187.60,106286.50,107136.30,25270.696
2025-06-25T12:00:00,107136.30,108095.70,106700.00,106982.60,62655.746
2025-06-25T16:00:00,106982.70,107863.10,106859.00,107698.20,20971.111
2025-06-25T20:00:00,107698.10,107965.90,107022.60,107280.00,12685.178
2025-06-26T00:00:00,107280.10,108249.90,107041.40,107809.30,21442.778
2025-06-26T04:00:00,107809.40,108044.90,107467.60,107768.50,10862.684
2025-06-26T08:00:00,107768.60,108135.00,107050.00,107272.80,17852.704
2025-06-26T12:00:00,107272.80,107724.50,106500.00,107260.00,33276.670
2025-06-26T16:00:00,107259.90,107630.80,106952.00,107476.10,13297.913
2025-06-26T20:00:00,107476.00,107971.30,106789.90,106913.70,17700.637
2025-06-27T00:00:00,106913.80,107462.50,106345.20,107428.00,15903.805
2025-06-27T04:00:00,107428.10,107686.00,106801.00,106816.90,13995.556
2025-06-27T08:00:00,106816.90,107125.90,106616.80,106943.70,18756.592
2025-06-27T12:00:00,106943.70,107378.60,106313.10,107261.30,34011.743
2025-06-27T16:00:00,107261.20,107659.90,106373.30,106748.10,27344.038
2025-06-27T20:00:00,106748.20,107232.10,106736.70,107010.70,8625.716
2025-06-28T00:00:00,107010.60,107313.40,106767.00,107248.00,8573.672
2025-06-28T04:00:00,107248.00,107458.40,107127.20,107433.00,5266.941
2025-06-28T08:00:00,107433.10,107450.00,107194.70,107320.30,5080.545
2025-06-28T12:00:00,107320.20,107538.00,107039.80,107407.60,6987.810
2025-06-28T16:00:00,107407.70,107494.00,107157.00,107162.50,6567.659
2025-06-28T20:00:00,107162.50,107324.80,107096.70,107241.00,3193.792
2025-06-29T00:00:00,107240.90,107464.00,107112.60,107156.50,6341.251
2025-06-29T04:00:00,107156.50,107372.60,107156.40,107367.20,3360.312
2025-06-29T08:00:00,107367.30,108460.00,107351.60,108448.30,25224.949
2025-06-29T12:00:00,108448.30,108499.00,107580.60,107686.90,14699.842
2025-06-29T16:00:00,107686.90,107735.70,107233.10,107346.50,13327.099
2025-06-29T20:00:00,107346.50,108400.00,107203.80,108309.80,16494.872
2025-06-30T00:00:00,108309.80,108783.90,108193.50,108466.70,16475.112
2025-06-30T04:00:00,108466.80,108500.00,107427.50,107562.60,20237.325
2025-06-30T08:00:00,107562.60,107916.60,107320.00,107608.10,14358.165
2025-06-30T12:00:00,107608.10,107821.80,106686.40,107525.60,38964.361
2025-06-30T16:00:00,107525.70,107775.00,107057.90,107689.60,15502.118
2025-06-30T20:00:00,107689.60,107714.90,106863.80,107087.40,9144.305
2025-07-01T00:00:00,107087.30,107499.90,106972.90,107149.40,9332.538
2025-07-01T04:00:00,107149.40,107164.50,106557.40,107134.90,15896.580
2025-07-01T08:00:00,107134.80,107139.10,106222.00,106556.80,16028.372
2025-07-01T12:00:00,106556.80,107140.70,105578.00,105908.30,45292.146
2025-07-01T16:00:00,105908.30,106248.60,105333.00,105340.10,21726.122
2025-07-01T20:00:00,105340.10,106066.10,105182.60,105637.90,12158.643
2025-07-02T00:00:00,105637.90,106165.10,105010.00,106140.00,15209.233
2025-07-02T04:00:00,106140.00,107144.40,106074.20,107026.00,21402.727
2025-07-02T08:00:00,107026.10,107799.90,107026.10,107439.60,30093.388
2025-07-02T12:00:00,107439.70,108754.60,107132.30,108695.30,42934.441
2025-07-02T16:00:00,108695.40,109690.40,108603.90,109621.90,52472.299
2025-07-02T20:00:00,109621.80,109621.90,108682.50,108800.00,15455.173
2025-07-03T00:00:00,108800.00,109075.10,108480.60,108594.80,12861.074
2025-07-03T04:00:00,108594.80,109516.30,108509.10,109235.00,16803.208
2025-07-03T08:00:00,109234.90,110265.10,109234.90,109551.00,26021.311
2025-07-03T12:00:00,109551.10,110484.00,108706.00,109089.80,60448.794
2025-07-03T16:00:00,109089.90,109865.90,108966.00,109743.90,17643.766
2025-07-03T20:00:00,109743.80,109963.10,109488.80,109545.20,7709.844
2025-07-04T00:00:00,109545.10,109732.30,109050.00,109195.60,10659.199
2025-07-04T04:00:00,109195.70,109283.20,108661.00,108661.00,15465.862
2025-07-04T08:00:00,108661.10,109071.10,108456.40,108842.30,16634.811
2025-07-04T12:00:00,108842.20,108929.30,107436.00,107534.70,48983.286
2025-07-04T16:00:00,107534.60,107868.60,107200.00,107429.60,28292.819
2025-07-04T20:00:00,107429.60,108229.00,107385.90,107935.40,12269.870
2025-07-05T00:00:00,107935.30,108218.00,107688.30,108093.50,7916.035
2025-07-05T04:00:00,108093.40,108368.10,107946.10,108000.90,7573.066
2025-07-05T08:00:00,108000.80,108175.00,107828.10,108059.10,5891.798
2025-07-05T12:00:00,108059.20,108194.40,107908.80,108012.70,5090.317
2025-07-05T16:00:00,108012.60,108130.70,107809.20,108092.10,6157.434
2025-07-05T20:00:00,108092.20,108183.80,107930.10,108153.40,4032.298
2025-07-06T00:00:00,108153.40,108211.00,107968.10,107996.30,4372.140
2025-07-06T04:00:00,107996.20,108180.00,107901.00,107991.30,3924.309
2025-07-06T08:00:00,107991.40,108087.20,107743.40,108017.30,7597.263
2025-07-06T12:00:00,108017.30,109079.10,107984.70,108856.80,25569.419
2025-07-06T16:00:00,108856.80,108917.00,108209.60,108493.80,10930.018
2025-07-06T20:00:00,108493.80,109684.70,108477.90,109145.80,19995.454
2025-07-07T00:00:00,109145.80,109667.30,108622.60,109348.90,15642.606
2025-07-07T04:00:00,109349.00,109409.70,108611.00,109016.30,11504.510
2025-07-07T08:00:00,109016.30,109041.20,108525.00,108599.90,12004.305
2025-07-07T12:00:00,108599.80,108612.20,107903.20,108249.00,30362.595
2025-07-07T16:00:00,108248.90,108460.80,107456.00,107999.90,28556.766
2025-07-07T20:00:00,107999.90,108250.10,107728.50,108203.90,8326.796
2025-07-08T00:00:00,108203.90,108475.00,107400.00,107852.60,17984.307
2025-07-08T04:00:00,107852.50,108445.80,107696.50,108440.70,10189.634
2025-07-08T08:00:00,108440.70,108964.10,108172.40,108713.10,15943.556
2025-07-08T12:00:00,108713.20,109180.00,108151.00,108217.00,24144.169
2025-07-08T16:00:00,108217.00,109115.40,108041.00,108723.60,20875.072
2025-07-08T20:00:00,108723.60,108928.00,108570.10,108873.10,6019.289
2025-07-09T00:00:00,108873.20,109107.40,108284.20,108311.90,11601.542
2025-07-09T04:00:00,108311.90,108900.00,108273.50,108674.80,9998.912
2025-07-09T08:00:00,108674.70,109074.00,108510.00,109008.30,9544.375
2025-07-09T12:00:00,109008.30,109738.50,108429.00,109020.00,44231.698
2025-07-09T16:00:00,109019.90,112036.80,108975.90,111718.80,55843.017
2025-07-09T20:00:00,111718.80,111931.50,110508.00,111199.90,36615.187
2025-07-10T00:00:00,111199.80,111548.30,110834.60,111028.20,13062.149
2025-07-10T04:00:00,111028.30,111399.70,110894.20,111186.10,10503.767
2025-07-10T08:00:00,111186.20,111370.30,110800.00,110972.20,12366.984
2025-07-10T12:00:00,110972.10,111363.50,110432.20,111350.00,29486.905
2025-07-10T16:00:00,111350.00,113760.00,111267.70,113246.10,78710.069
2025-07-10T20:00:00,113246.10,117500.00,113208.40,115979.20,81440.339
2025-07-11T00:00:00,115979.20,116945.80,115186.70,116839.50,29918.240
2025-07-11T04:00:00,116839.50,118395.90,116429.20,117522.70,57156.787
2025-07-11T08:00:00,117522.70,118882.80,117522.70,117790.10,30866.366
2025-07-11T12:00:00,117790.00,118226.00,116725.10,116910.30,41834.893
2025-07-11T16:00:00,116910.30,118128.00,116611.10,118072.70,25630.995
2025-07-11T20:00:00,118072.70,118072.70,117130.00,117500.00,14412.076
2025-07-12T00:00:00,117500.00,117818.60,117055.00,117730.00,8464.791
2025-07-12T04:00:00,117730.00,118036.70,117454.90,117689.70,9786.843
2025-07-12T08:00:00,117689.60,118176.90,117579.80,117773.60,10654.146
2025-07-12T12:00:00,117773.50,117819.80,116862.40,117075.60,20538.261
2025-07-12T16:00:00,117075.60,117609.40,117012.00,117525.70,8165.529
2025-07-12T20:00:00,117525.70,117527.80,116960.00,117389.30,6112.902
2025-07-13T00:00:00,117389.40,117794.70,117164.30,117711.50,7178.918
2025-07-13T04:00:00,117711.60,118040.80,117639.70,117950.00,7310.041
2025-07-13T08:00:00,117950.00,118058.30,117641.30,118036.10,6329.781
2025-07-13T12:00:00,118036.00,119655.00,117933.40,118610.60,39022.920
2025-07-13T16:00:00,118610.60,119454.90,118325.40,118923.00,14954.202
2025-07-13T20:00:00,118922.90,119333.00,118197.70,119038.30,15256.519
2025-07-14T00:00:00,119038.30,121800.00,118862.60,120733.20,43343.170
2025-07-14T04:00:00,120733.20,123300.00,120515.90,122731.00,55896.715
2025-07-14T08:00:00,122731.00,122772.70,121357.00,121474.50,26389.017
2025-07-14T12:00:00,121474.50,122113.90,119590.90,119863.10,50636.426
2025-07-14T16:00:00,119863.10,120510.90,119200.00,119920.00,31947.629
2025-07-14T20:00:00,119920.30,120430.00,119505.00,119816.50,13343.163
2025-07-15T00:00:00,119816.50,119919.40,116870.00,117209.20,58092.182
2025-07-15T04:00:00,117209.20,117761.30,116227.00,116777.10,43592.968
2025-07-15T08:00:00,116777.10,117229.90,116300.00,117110.40,23334.349
2025-07-15T12:00:00,117110.40,118499.80,115678.10,116393.00,79630.187
2025-07-15T16:00:00,116393.10,117727.40,116050.00,116428.90,45663.410
2025-07-15T20:00:00,116428.80,117965.60,116189.00,117738.50,19664.350
2025-07-16T00:00:00,117738.60,118208.60,117017.10,117477.60,17005.915
2025-07-16T04:00:00,117477.70,118297.10,117252.20,118181.20,14568.033
2025-07-16T08:00:00,118181.20,119299.90,118113.60,118755.10,24815.797
2025-07-16T12:00:00,118755.10,119786.70,118156.00,119056.00,52951.251
2025-07-16T16:00:00,119055.90,119888.00,118430.30,119186.70,27062.815
2025-07-16T20:00:00,119186.70,120100.00,118359.40,118590.70,22762.137
2025-07-17T00:00:00,118590.70,119151.30,117663.60,118090.90,24347.198
2025-07-17T04:00:00,118090.80,118763.40,117810.40,118293.90,15838.307
2025-07-17T08:00:00,118293.80,119216.40,117915.20,117968.90,19524.523
2025-07-17T12:00:00,117968.80,119100.00,117412.80,118875.00,33485.560
2025-07-17T16:00:00,118875.00,119879.10,118293.60,118948.80,24071.418
2025-07-17T20:00:00,118948.80,120951.50,118343.20,119176.60,47007.395
2025-07-18T00:00:00,119176.50,120799.00,119003.80,120212.80,22719.763
2025-07-18T04:00:00,120212.80,120846.10,119300.00,119356.60,21765.573
2025-07-18T08:00:00,119356.50,119483.20,118384.60,119175.50,27047.111
2025-07-18T12:00:00,119175.50,119519.80,117230.70,117830.00,46533.252
2025-07-18T16:00:00,117830.10,118053.50,117109.40,117361.60,20948.078
2025-07-18T20:00:00,117361.70,118000.00,116788.90,117896.40,23233.129
2025-07-19T00:00:00,117896.50,118340.70,117588.00,118295.20,9844.745
2025-07-19T04:00:00,118295.30,118337.50,118013.20,118135.00,5699.452
2025-07-19T08:00:00,118134.90,118456.00,117904.00,118300.00,7488.051
2025-07-19T12:00:00,118300.00,118301.40,117615.30,118025.60,11576.241
2025-07-19T16:00:00,118025.60,118149.80,117562.10,117978.30,8300.911
2025-07-19T20:00:00,117978.40,118125.70,117245.90,117814.40,9621.793
2025-07-20T00:00:00,117814.30,118158.70,117618.00,117934.10,7587.220
2025-07-20T04:00:00,117934.20,118214.00,117736.30,117984.30,5749.199
2025-07-20T08:00:00,117984.30,118261.60,117801.00,117869.20,9129.395
2025-07-20T12:00:00,117869.20,118794.00,117701.10,118669.30,17153.006
2025-07-20T16:00:00,118669.40,118856.60,117912.80,118131.20,13641.525
2025-07-20T20:00:00,118131.20,118245.30,116370.10,117216.00,29120.237
2025-07-21T00:00:00,117216.10,118585.00,116454.10,118374.80,21656.729
2025-07-21T04:00:00,118374.80,119720.60,118144.00,119352.20,21794.769
2025-07-21T08:00:00,119352.30,119496.20,118035.00,118045.00,19078.201
2025-07-21T12:00:00,118044.90,119200.00,117726.70,118304.10,33398.891
2025-07-21T16:00:00,118304.20,118381.00,116600.00,116724.70,33604.587
2025-07-21T20:00:00,116724.70,117596.60,116566.90,117330.20,12352.671
2025-07-22T00:00:00,117330.20,117947.10,115865.00,117177.00,31111.146
2025-07-22T04:00:00,117176.90,118554.90,116484.20,117959.50,25633.459
2025-07-22T08:00:00,117959.50,119199.90,117441.50,119142.20,26898.785
2025-07-22T12:00:00,119142.20,119582.30,117522.00,118899.80,51696.429
2025-07-22T16:00:00,118899.80,120300.10,118377.00,119286.50,36767.964
2025-07-22T20:00:00,119286.60,120264.80,119207.50,119993.70,14724.667
2025-07-23T00:00:00,119993.70,120146.50,118522.00,118620.80,18660.208
2025-07-23T04:00:00,118620.70,118997.70,118236.10,118327.00,14724.267
2025-07-23T08:00:00,118326.90,118586.30,117789.20,118484.80,20516.010
2025-07-23T12:00:00,118484.70,118687.10,117259.70,118531.00,37596.998
2025-07-23T16:00:00,118530.90,118530.90,117250.00,118344.40,22578.767
2025-07-23T20:00:00,118344.40,118725.30,117319.00,118713.50,22910.647
2025-07-24T00:00:00,118713.40,119265.40,118425.30,118451.50,19395.181
2025-07-24T04:00:00,118451.60,118542.50,117050.20,118368.00,33247.023
2025-07-24T08:00:00,118368.10,118789.30,117923.00,118558.00,21819.142
2025-07-24T12:00:00,118558.00,119469.90,117773.10,119074.10,34069.135
2025-07-24T16:00:00,119074.10,119376.90,118306.00,118902.00,19232.517
2025-07-24T20:00:00,118902.00,118953.90,118112.00,118294.30,9614.615
2025-07-25T00:00:00,118294.40,118410.80,115300.00,115384.60,67458.100
2025-07-25T04:00:00,115384.70,116100.00,114667.30,115288.80,58534.653
2025-07-25T08:00:00,115288.90,116759.60,115000.00,116504.60,44704.838
2025-07-25T12:00:00,116504.60,116629.00,114846.10,115687.40,47785.037
2025-07-25T16:00:00,115687.40,116989.90,115413.10,116649.60,22061.427
2025-07-25T20:00:00,116649.60,117615.30,116530.00,117583.50,19842.699
2025-07-26T00:00:00,117583.40,117740.60,117114.20,117455.80,11547.475
2025-07-26T04:00:00,117455.80,117515.90,117288.00,117288.10,5970.020
2025-07-26T08:00:00,117288.00,118229.70,117288.00,117758.00,16554.074
2025-07-26T12:00:00,117758.10,118211.80,117755.00,118111.10,10334.632
2025-07-26T16:00:00,118111.10,118300.00,117917.70,118209.00,6040.431
2025-07-26T20:00:00,118209.10,118289.30,117846.10,117889.20,6771.972
2025-07-27T00:00:00,117889.30,118356.00,117800.80,118162.00,6261.936
2025-07-27T04:00:00,118161.90,118432.10,118041.60,118083.60,5969.934
2025-07-27T08:00:00,118083.50,118273.80,117822.20,118053.40,8614.694
2025-07-27T12:00:00,118053.30,118583.20,117850.00,118580.80,14083.048
2025-07-27T16:00:00,118580.90,119550.00,118580.80,118953.30,27165.447
2025-07-27T20:00:00,118953.30,119766.00,118709.20,119423.40,13883.900
2025-07-28T00:00:00,119423.50,119812.00,118949.90,119269.70,14577.544
2025-07-28T04:00:00,119269.60,119692.00,118742.00,118873.20,13369.059
2025-07-28T08:00:00,118873.10,119091.20,118471.30,118813.30,12578.189
2025-07-28T12:00:00,118813.40,119085.00,117900.00,118152.80,33484.739
2025-07-28T16:00:00,118152.90,118363.00,117388.00,118050.00,22310.897
2025-07-28T20:00:00,118050.00,118329.80,117466.10,118041.40,10391.901
2025-07-29T00:00:00,118041.50,118777.00,117406.30,118745.60,16848.829
2025-07-29T04:00:00,118745.60,119258.70,118377.10,118856.20,13443.520
2025-07-29T08:00:00,118856.20,119019.60,118119.10,118560.00,12770.764
2025-07-29T12:00:00,118560.00,119050.00,117218.70,117345.70,34225.744
2025-07-29T16:00:00,117345.70,118019.30,116923.00,117484.90,24192.938
2025-07-29T20:00:00,117485.50,117951.00,117044.10,117897.00,13781.668
2025-07-30T00:00:00,117897.10,118210.00,117363.00,118106.50,9850.102
2025-07-30T04:00:00,118106.50,118384.60,117616.10,118083.10,9746.446
2025-07-30T08:00:00,118083.20,118451.30,117291.60,117526.70,15902.454
2025-07-30T12:00:00,117526.60,118763.50,117300.60,117950.00,28851.628
2025-07-30T16:00:00,117949.90,117995.40,115700.00,116865.20,46229.505
2025-07-30T20:00:00,116865.20,117866.40,116829.80,117771.00,14337.722
2025-07-31T00:00:00,117771.10,118590.00,117713.50,118429.00,17973.204
2025-07-31T04:00:00,118429.00,118910.00,118238.70,118624.10,12172.541
2025-07-31T08:00:00,118624.00,118728.00,118246.80,118330.90,8609.962
2025-07-31T12:00:00,118330.90,118684.40,117783.30,118259.30,26860.019
2025-07-31T16:00:00,118259.40,118850.00,116691.10,116718.90,34611.488
2025-07-31T20:00:00,116718.90,116927.80,115373.90,115697.30,34810.253
2025-08-01T00:00:00,115697.30,116000.00,114239.00,115595.70,42604.847
2025-08-01T04:00:00,115595.60,115873.40,114579.50,115015.10,21214.534
2025-08-01T08:00:00,115015.10,115291.10,114055.60,115246.60,26589.382
2025-08-01T12:00:00,115246.50,115956.00,113871.10,115305.30,54800.767
2025-08-01T16:00:00,115305.30,115656.80,113173.70,113278.50,46088.416
2025-08-01T20:00:00,113278.40,114039.00,112660.00,113244.80,29984.153
2025-08-02T00:00:00,113244.80,113873.70,113145.00,113859.90,11027.075
2025-08-02T04:00:00,113860.00,114000.00,113415.80,113919.90,11938.326
2025-08-02T08:00:00,113920.00,113988.00,113370.00,113732.50,10218.835
2025-08-02T12:00:00,113732.60,113740.50,112769.20,112798.60,18494.393
2025-08-02T16:00:00,112798.60,113388.90,111910.00,112175.50,36337.074
2025-08-02T20:00:00,112175.50,113022.50,112007.90,112508.80,14443.745
2025-08-03T00:00:00,112508.80,113694.00,111850.00,113550.90,17961.770
2025-08-03T04:00:00,113550.90,113676.40,113285.70,113647.20,6301.771
2025-08-03T08:00:00,113647.20,114200.00,113492.50,113810.10,11023.459
2025-08-03T12:00:00,113810.00,114049.80,113529.60,113904.30,10900.396
2025-08-03T16:00:00,113904.30,114730.00,113727.80,114259.00,10570.464
2025-08-03T20:00:00,114259.10,114567.30,114011.30,114150.80,6426.009
2025-08-04T00:00:00,114150.90,114963.40,114053.80,114520.20,12295.237
2025-08-04T04:00:00,114520.30,114739.30,114089.00,114607.00,9279.797
2025-08-04T08:00:00,114607.00,114715.00,114166.00,114450.00,7637.669
2025-08-04T12:00:00,114450.10,115431.60,114070.00,114766.30,27575.335
2025-08-04T16:00:00,114766.40,115686.00,114681.10,114724.00,17022.068
2025-08-04T20:00:00,114724.00,115299.00,114580.40,115002.10,9518.485
2025-08-05T00:00:00,115002.10,115073.30,114213.60,114215.00,10318.429
2025-08-05T04:00:00,114214.90,114468.10,113650.00,113924.70,16889.881
2025-08-05T08:00:00,113924.70,115057.00,113869.50,114782.00,15542.383
2025-08-05T12:00:00,114782.10,114860.10,112582.40,112871.80,48789.021
2025-08-05T16:00:00,112871.70,113731.70,112755.10,113573.10,16283.201
2025-08-05T20:00:00,113573.80,114178.40,113240.10,114069.60,11493.513
2025-08-06T00:00:00,114069.60,114091.30,113355.50,113470.10,9186.999
2025-08-06T04:00:00,113470.20,114390.20,113304.50,114179.20,14343.657
2025-08-06T08:00:00,114179.20,114372.70,113663.30,114188.00,11807.499
2025-08-06T12:00:00,114187.90,115488.00,113520.00,115366.30,37775.792
2025-08-06T16:00:00,115366.20,115674.20,114867.00,115215.10,18625.447
2025-08-06T20:00:00,115215.00,115228.50,114732.80,114941.00,6859.276
2025-08-07T00:00:00,114941.00,115144.00,114333.60,114500.80,10847.644
2025-08-07T04:00:00,114500.90,114834.40,114211.40,114751.10,10679.936
2025-08-07T08:00:00,114751.20,116782.60,114750.00,116469.10,40981.265
2025-08-07T12:00:00,116469.10,116747.60,115950.10,116634.60,24976.017
2025-08-07T16:00:00,116634.60,117487.20,115555.20,117407.60,31486.178
2025-08-07T20:00:00,117407.50,117580.00,116942.20,117419.90,15438.015
2025-08-08T00:00:00,117419.90,117591.80,116639.90,116692.20,17323.039
2025-08-08T04:00:00,116692.20,116917.10,116342.00,116772.00,10920.557
2025-08-08T08:00:00,116772.00,116880.00,116256.00,116840.50,10056.008
2025-08-08T12:00:00,116840.60,117229.90,115850.00,116162.00,25731.574
2025-08-08T16:00:00,116162.10,116863.90,115949.90,116384.40,18032.069
2025-08-08T20:00:00,116384.40,116941.50,116250.00,116628.20,7765.364
2025-08-09T00:00:00,116628.20,116703.60,116304.00,116331.50,5712.949
2025-08-09T04:00:00,116331.60,116950.10,116309.00,116703.20,14934.749
2025-08-09T08:00:00,116703.30,117906.70,116700.00,117064.90,25544.616
2025-08-09T12:00:00,117065.00,117200.00,116600.00,116835.60,13944.013
2025-08-09T16:00:00,116835.50,116900.90,116458.10,116499.90,7593.202
2025-08-09T20:00:00,116499.90,117000.00,116350.00,116422.10,10195.005
2025-08-10T00:00:00,116422.10,118500.00,116413.20,118480.10,34945.874
2025-08-10T04:00:00,118480.00,118738.00,117342.00,117770.00,29066.653
2025-08-10T08:00:00,117770.00,118489.90,117568.90,118295.90,16040.238
2025-08-10T12:00:00,118295.90,119094.00,118192.60,118766.00,22868.048
2025-08-10T16:00:00,118766.00,118917.40,118395.80,118624.50,7283.134
2025-08-10T20:00:00,118624.60,119291.90,118010.00,119255.30,20127.832
2025-08-11T00:00:00,119255.30,122165.40,118950.00,121700.10,59538.202
2025-08-11T04:00:00,121700.10,122450.00,121432.30,121534.80,27806.843
2025-08-11T08:00:00,121534.90,121820.70,120267.30,120545.00,28876.249
2025-08-11T12:00:00,120545.00,120655.00,119345.00,120271.20,48113.091
2025-08-11T16:00:00,120271.20,120799.00,118499.00,119035.30,32996.458
2025-08-11T20:00:00,119035.20,119149.60,118050.00,118641.90,19757.411
2025-08-12T00:00:00,118641.80,119246.40,118551.70,118813.10,13300.142
2025-08-12T04:00:00,118813.20,119120.00,118377.20,118931.90,14300.013
2025-08-12T08:00:00,118931.90,119011.90,118154.30,118464.10,13998.651
2025-08-12T12:00:00,118464.20,119927.90,118234.80,119888.00,45134.657
2025-08-12T16:00:00,119888.00,120163.60,119124.50,119600.30,22828.660
2025-08-12T20:00:00,119600.30,120270.00,119430.00,120081.00,16146.432
2025-08-13T00:00:00,120080.90,120146.60,119028.00,119436.00,16859.449
2025-08-13T04:00:00,119436.00,119798.60,118829.00,119540.30,16032.891
2025-08-13T08:00:00,119540.30,120710.40,119408.80,120538.50,23680.705
2025-08-13T12:00:00,120538.40,122218.30,120066.10,120897.20,65444.155
2025-08-13T16:00:00,120897.30,122831.10,120897.30,122719.90,32963.963
2025-08-13T20:00:00,122720.00,123715.90,122314.10,123323.90,33092.710
2025-08-14T00:00:00,123323.90,124545.60,123272.10,123405.20,29585.605
2025-08-14T04:00:00,123405.10,123485.30,121318.50,121742.40,41732.330
2025-08-14T08:00:00,121742.30,122050.00,120657.60,120947.90,25372.784
2025-08-14T12:00:00,120947.80,121154.70,117410.00,118185.90,112404.602
2025-08-14T16:00:00,118185.90,118500.00,117004.00,117889.50,32884.838
2025-08-14T20:00:00,117889.40,118470.10,117255.00,118242.20,17821.411
2025-08-15T00:00:00,118242.20,119039.90,117970.70,118918.10,14657.063
2025-08-15T04:00:00,118918.10,119184.00,118569.70,118908.30,13276.330
2025-08-15T08:00:00,118908.40,119114.90,118550.00,118950.00,8916.305
2025-08-15T12:00:00,118950.10,119068.80,116750.00,117216.80,48081.547
2025-08-15T16:00:00,117216.80,117859.40,116736.30,116900.00,24658.013
2025-08-15T20:00:00,116900.00,117711.00,116820.50,117279.20,10953.099
2025-08-16T00:00:00,117279.10,117853.50,117162.60,117385.00,10472.387
2025-08-16T04:00:00,117385.00,117857.10,117226.80,117549.90,8878.588
2025-08-16T08:00:00,117550.00,117664.90,117089.70,117340.40,8197.037
2025-08-16T12:00:00,117340.50,117786.00,117268.50,117626.90,7789.925
2025-08-16T16:00:00,117627.00,117774.50,117588.70,117622.30,4894.852
2025-08-16T20:00:00,117622.30,117673.90,117137.40,117329.70,6441.631
2025-08-17T00:00:00,117329.80,117722.50,117121.60,117627.40,5731.934
2025-08-17T04:00:00,117627.30,118187.00,117627.30,117949.90,9439.515
2025-08-17T08:00:00,117950.00,118435.00,117865.00,118253.90,9265.939
2025-08-17T12:00:00,118254.00,118558.00,118010.00,118191.00,7883.199
2025-08-17T16:00:00,118191.00,118267.90,117245.00,117527.00,15033.475
2025-08-17T20:00:00,117527.00,117945.00,117322.20,117353.80,7032.742
2025-08-18T00:00:00,117353.90,117499.40,114950.30,115264.90,46974.544
2025-08-18T04:00:00,115264.80,115684.50,114815.20,115153.20,22828.276
2025-08-18T08:00:00,115153.20,115342.50,114605.00,114900.00,17981.665
2025-08-18T12:00:00,114900.10,116137.80,114769.20,116099.40,28586.539
2025-08-18T16:00:00,116099.40,116761.00,115773.30,116273.40,19769.430
2025-08-18T20:00:00,116273.40,116938.70,115929.90,116183.60,11079.325
2025-08-19T00:00:00,116183.60,116687.70,114734.80,114756.60,21808.316
2025-08-19T04:00:00,114756.70,115430.00,114303.80,114928.70,19906.291
2025-08-19T08:00:00,114928.70,115608.50,114750.00,115461.00,11178.156
2025-08-19T12:00:00,115461.00,115847.40,113506.00,113730.00,44225.425
2025-08-19T16:00:00,113730.10,113844.00,112714.40,113078.30,29407.714
2025-08-19T20:00:00,113078.20,113524.50,112666.60,112824.20,14498.385
2025-08-20T00:00:00,112824.10,113599.40,112500.00,113465.40,21619.508
2025-08-20T04:00:00,113465.40,113805.50,113360.90,113436.70,9143.536
2025-08-20T08:00:00,113436.70,113978.00,113009.50,113627.50,15623.162
2025-08-20T12:00:00,113627.40,114279.30,112301.80,113297.00,45124.338
2025-08-20T16:00:00,113296.90,114411.00,113200.00,114216.30,27678.020
2025-08-20T20:00:00,114216.30,114569.00,113941.90,114220.50,11333.806
2025-08-21T00:00:00,114220.50,114777.00,113843.70,113912.10,13829.073
2025-08-21T04:00:00,113912.00,113997.10,113520.00,113836.80,9921.262
2025-08-21T08:00:00,113836.80,113947.40,112924.60,113100.20,12824.800
2025-08-21T12:00:00,113100.00,113936.00,112545.40,112748.90,27324.857
2025-08-21T16:00:00,112748.80,112940.60,111944.00,112152.80,21010.133
2025-08-21T20:00:00,112152.80,112833.30,112010.00,112462.20,11496.231
2025-08-22T00:00:00,112462.20,113485.90,112273.20,112889.90,15818.142
2025-08-22T04:00:00,112890.00,113350.20,112655.50,113040.10,12847.566
2025-08-22T08:00:00,113040.00,113273.90,112130.30,112272.80,13076.590
2025-08-22T12:00:00,112272.90,117266.90,111625.90,116319.30,110185.220
2025-08-22T16:00:00,116319.40,117397.40,116046.50,116625.50,35551.395
2025-08-22T20:00:00,116625.40,117140.60,116510.00,116897.50,11969.064
2025-08-23T00:00:00,116897.50,116988.00,115414.30,115522.50,21833.348
2025-08-23T04:00:00,115522.60,116015.30,115504.60,115769.90,10604.533
2025-08-23T08:00:00,115770.00,115840.40,115180.00,115266.70,9759.963
2025-08-23T12:00:00,115266.80,115450.00,114510.00,114776.50,22697.545
2025-08-23T16:00:00,114776.40,115166.50,114648.70,115104.90,7958.313
2025-08-23T20:00:00,115104.90,115380.00,114957.70,115377.10,5565.713
2025-08-24T00:00:00,115377.10,115640.00,114902.00,115006.50,11855.839
2025-08-24T04:00:00,115006.50,115264.40,114814.20,114854.80,8290.719
2025-08-24T08:00:00,114854.90,115033.40,114574.10,114702.00,10131.968
2025-08-24T12:00:00,114701.90,114845.00,114324.90,114372.60,14203.317
2025-08-24T16:00:00,114372.70,114914.80,110484.00,112556.40,58915.204
2025-08-24T20:00:00,112556.40,113646.50,111555.00,113446.30,29990.955
2025-08-25T00:00:00,113446.20,113621.30,112100.20,112867.70,22365.177
2025-08-25T04:00:00,112867.80,113022.90,111245.90,111469.70,26547.559
2025-08-25T08:00:00,111469.70,111789.90,110891.00,111183.70,27037.380
2025-08-25T12:00:00,111183.70,112533.20,110532.20,112142.20,41669.829
2025-08-25T16:00:00,112142.20,112897.70,110601.70,110650.40,30479.325
2025-08-25T20:00:00,110650.40,111050.00,109219.80,110064.00,56740.515
2025-08-26T00:00:00,110064.10,110064.10,108559.70,109825.00,32739.345
2025-08-26T04:00:00,109825.10,110508.50,109711.00,110244.20,14571.872
2025-08-26T08:00:00,110244.20,110405.60,109529.50,109842.20,13433.107
2025-08-26T12:00:00,109842.20,110817.50,109350.00,109624.60,40914.503
2025-08-26T16:00:00,109624.60,111106.50,109400.00,111053.50,21525.613
2025-08-26T20:00:00,111053.50,112330.00,110855.00,111709.90,21856.998
2025-08-27T00:00:00,111710.00,111765.60,110867.10,111373.70,15375.235
2025-08-27T04:00:00,111373.80,111700.40,110586.50,110688.00,11788.597
2025-08-27T08:00:00,110688.00,111328.90,110306.90,111270.80,12812.348
2025-08-27T12:00:00,111270.70,112568.50,110958.20,111965.10,29562.927
2025-08-27T16:00:00,111965.00,112550.00,111489.80,112032.80,18174.547
2025-08-27T20:00:00,112032.90,112401.50,110854.40,111194.90,26491.468
2025-08-28T00:00:00,111194.90,111993.00,110811.00,111954.10,11667.908
2025-08-28T04:00:00,111954.00,113318.20,111892.40,113079.20,23087.347
2025-08-28T08:00:00,113079.30,113301.60,112780.30,112876.50,10509.946
2025-08-28T12:00:00,112876.50,113429.00,112344.40,112633.10,26239.509
2025-08-28T16:00:00,112633.10,113153.10,111853.60,111864.70,17144.949
2025-08-28T20:00:00,111864.80,112519.10,111829.40,112507.30,8980.618
2025-08-29T00:00:00,112507.30,112585.70,111238.50,111648.60,17249.864
2025-08-29T04:00:00,111648.60,111797.20,109850.00,109969.00,25126.998
2025-08-29T08:00:00,109969.00,110254.90,109360.00,110047.80,23367.603
2025-08-29T12:00:00,110047.80,111489.50,108034.10,108334.40,70997.820
2025-08-29T16:00:00,108334.40,108777.00,107869.60,108155.50,21364.211
2025-08-29T20:00:00,108155.50,108513.00,107411.40,108332.40,21618.676
2025-08-30T00:00:00,108332.40,108378.00,107281.00,108367.90,16398.309
2025-08-30T04:00:00,108368.00,108615.30,108067.50,108466.60,11466.765
2025-08-30T08:00:00,108466.60,108742.90,108359.60,108638.60,9160.751
2025-08-30T12:00:00,108638.60,108879.60,108155.00,108809.80,13394.470
2025-08-30T16:00:00,108809.80,108851.00,108562.00,108769.40,5467.675
2025-08-30T20:00:00,108769.50,108776.10,108412.20,108757.90,4768.913
2025-08-31T00:00:00,108758.00,109439.90,108750.00,109175.40,13765.096
2025-08-31T04:00:00,109175.50,109190.40,108455.00,108656.90,9506.115
2025-08-31T08:00:00,108656.90,109067.20,108251.30,108350.00,12792.960
2025-08-31T12:00:00,108350.00,108808.50,108153.80,108758.20,10880.915
2025-08-31T16:00:00,108758.20,109196.50,108504.70,108877.20,10481.101
2025-08-31T20:00:00,108877.30,109192.30,108021.00,108208.40,12723.359
2025-09-01T00:00:00,108208.40,108447.60,107355.00,107619.10,25068.790
2025-09-01T04:00:00,107619.10,109390.30,107211.50,109390.30,26104.798
2025-09-01T08:00:00,109390.20,109874.80,108131.60,108721.90,33039.009
2025-09-01T12:00:00,108721.80,109479.20,108515.80,108738.00,21788.115
2025-09-01T16:00:00,108737.90,109298.60,108350.00,109178.70,12872.734
2025-09-01T20:00:00,109178.70,109410.50,107400.00,109187.90,31407.180
2025-09-02T00:00:00,109187.90,110597.90,108834.90,110286.00,28302.513
2025-09-02T04:00:00,110286.00,110571.90,109932.40,110190.10,13927.360
2025-09-02T08:00:00,110190.10,110700.00,109501.70,109698.60,18830.291
2025-09-02T12:00:00,109698.60,111742.10,108333.00,110789.90,79576.083
2025-09-02T16:00:00,110789.90,111076.80,110118.50,110742.90,20760.952
2025-09-02T20:00:00,110742.90,111487.90,110650.80,111188.00,14564.157
2025-09-03T00:00:00,111187.90,111732.90,110842.70,110991.70,14679.713
2025-09-03T04:00:00,110991.80,111117.50,110486.90,111041.50,11117.044
2025-09-03T08:00:00,111041.40,111670.00,110843.00,111391.60,11890.428
2025-09-03T12:00:00,111391.60,112470.50,110966.80,112168.60,42967.906
2025-09-03T16:00:00,112168.50,112541.20,111626.00,112139.90,17438.926
2025-09-03T20:00:00,112140.00,112207.10,111550.90,111659.80,7410.404
2025-09-04T00:00:00,111659.70,112136.80,111081.10,111107.10,14897.088
2025-09-04T04:00:00,111107.10,111283.70,110237.20,110417.30,20718.869
2025-09-04T08:00:00,110417.30,111111.00,110366.00,110763.90,14846.823
2025-09-04T12:00:00,110763.80,111081.60,109269.10,109448.00,33312.199
2025-09-04T16:00:00,109448.00,110150.00,109315.00,109753.90,17804.968
2025-09-04T20:00:00,109753.90,111743.80,109702.80,110679.40,20720.422
2025-09-05T00:00:00,110679.50,111444.10,110394.20,111266.90,14819.651
2025-09-05T04:00:00,111267.00,112949.00,111086.20,112900.10,28206.507
2025-09-05T08:00:00,112900.00,112947.60,112080.00,112299.60,22210.272
2025-09-05T12:00:00,112299.60,113344.30,110240.00,110674.10,88696.603
2025-09-05T16:00:00,110674.10,111598.20,110153.30,111550.10,19053.407
2025-09-05T20:00:00,111550.00,111655.50,110307.60,110614.90,20388.964
2025-09-06T00:00:00,110614.80,111256.20,110504.90,111034.00,7401.220
2025-09-06T04:00:00,111034.00,111034.00,110653.10,110779.90,5151.787
2025-09-06T08:00:00,110779.90,110928.50,110621.00,110732.90,5048.529
2025-09-06T12:00:00,110732.80,110956.50,110285.20,110324.10,9309.436
2025-09-06T16:00:00,110324.20,110359.10,109850.00,109986.70,14613.108
2025-09-06T20:00:00,109986.80,110225.90,109981.20,110135.30,4758.436
2025-09-07T00:00:00,110135.20,110700.00,110120.50,110579.80,8486.949
2025-09-07T04:00:00,110579.80,110880.80,110414.40,110710.80,7174.867
2025-09-07T08:00:00,110710.80,111348.00,110666.40,111249.50,14763.410
2025-09-07T12:00:00,111249.50,111371.40,110998.80,111276.20,7509.152
2025-09-07T16:00:00,111276.20,111327.20,110817.50,111217.00,7640.787
2025-09-07T20:00:00,111216.90,111559.50,110947.60,111076.00,8265.419
2025-09-08T00:00:00,111075.50,111345.00,110566.50,111004.90,14141.826
2025-09-08T04:00:00,111004.80,111580.70,110852.10,111236.40,9409.023
2025-09-08T08:00:00,111236.50,112144.00,111201.00,112022.00,24016.679
2025-09-08T12:00:00,112022.00,112867.60,111800.00,112573.60,28275.809
2025-09-08T16:00:00,112573.60,112635.00,111927.00,112051.00,14865.987
2025-09-08T20:00:00,112050.00,112460.40,111847.00,112012.60,8408.535
2025-09-09T00:00:00,112012.70,112055.70,111050.00,111657.60,19290.250
2025-09-09T04:00:00,111657.70,113238.00,111576.70,112950.10,31921.636
2025-09-09T08:00:00,112950.20,113134.30,112350.00,112397.40,12841.685
2025-09-09T12:00:00,112397.50,112900.00,110714.90,110830.10,49386.303
2025-09-09T16:00:00,110830.10,111342.00,110738.60,111242.30,14928.609
2025-09-09T20:00:00,111242.40,111692.30,111041.10,111499.90,8906.650
2025-09-10T00:00:00,111499.90,111545.00,110855.80,111498.90,17185.891
2025-09-10T04:00:00,111498.90,112555.00,111316.80,112500.10,16775.302
2025-09-10T08:00:00,112500.00,112832.00,112060.00,112266.40,19366.674
2025-09-10T12:00:00,112266.50,114287.90,112266.40,113801.30,64026.700
2025-09-10T16:00:00,113801.30,114046.80,113111.00,113525.20,21631.484
2025-09-10T20:00:00,113525.30,114005.00,113468.40,113896.80,12915.488
2025-09-11T00:00:00,113896.80,114433.20,113614.50,114354.40,11183.876
2025-09-11T04:00:00,114354.40,114419.90,113900.00,114040.00,11621.630
2025-09-11T08:00:00,114040.10,114161.00,113722.20,113960.90,11061.871
2025-09-11T12:00:00,113961.00,114691.70,113340.70,114122.30,50084.085
2025-09-11T16:00:00,114122.40,114564.00,114008.50,114370.50,11930.936
2025-09-11T20:00:00,114370.40,115439.00,114195.00,115427.00,17183.680
2025-09-12T00:00:00,115427.00,116280.00,114993.00,115138.30,31719.513
2025-09-12T04:00:00,115138.30,115613.00,115024.30,115049.00,12398.784
2025-09-12T08:00:00,115048.90,115243.50,114833.80,114863.00,13385.479
2025-09-12T12:00:00,114863.00,115445.90,114681.50,115064.90,18827.404
2025-09-12T16:00:00,115064.80,116605.70,114989.90,116561.10,27949.158
2025-09-12T20:00:00,116561.00,116561.00,115701.40,115978.40,14733.380
2025-09-13T00:00:00,115978.40,116245.40,115500.10,115913.60,10867.694
2025-09-13T04:00:00,115913.60,115913.60,115594.90,115715.50,6578.872
2025-09-13T08:00:00,115715.50,116126.00,115715.50,115912.90,6897.627
2025-09-13T12:00:00,115913.00,116013.70,115546.10,115721.30,9103.390
2025-09-13T16:00:00,115721.40,115780.30,115032.00,115751.40,15004.094
2025-09-13T20:00:00,115751.40,115946.40,115745.60,115862.70,4077.913
2025-09-14T00:00:00,115862.70,116075.80,115580.00,115626.00,7677.134
2025-09-14T04:00:00,115626.00,115884.10,115406.10,115746.00,4741.452
2025-09-14T08:00:00,115746.10,116118.60,115700.30,115750.00,7509.269
2025-09-14T12:00:00,115750.00,115828.10,115100.50,115162.20,15997.510
2025-09-14T16:00:00,115162.20,115605.50,115132.40,115597.40,5946.542
2025-09-14T20:00:00,115597.30,116050.00,115057.00,115210.00,13216.083
2025-09-15T00:00:00,115210.00,115536.00,114777.00,115387.60,13576.469
2025-09-15T04:00:00,115387.70,116759.90,115341.80,115769.50,27463.691
2025-09-15T08:00:00,115769.60,115769.60,114588.00,115009.00,30239.543
2025-09-15T12:00:00,115009.00,115045.50,114338.50,114788.40,25881.909
2025-09-15T16:00:00,114788.10,115528.80,114542.60,115246.70,14288.385
2025-09-15T20:00:00,115246.70,115550.00,115141.40,115300.60,6461.282
2025-09-16T00:00:00,115300.50,115490.80,114890.00,115250.90,8274.606
2025-09-16T04:00:00,115250.80,115968.00,114867.00,115799.40,18532.273
2025-09-16T08:00:00,115799.40,115945.00,115151.00,115222.20,9903.929
2025-09-16T12:00:00,115222.10,115878.20,114600.00,115877.90,24558.996
2025-09-16T16:00:00,115877.90,116830.00,115549.90,116758.00,28427.493
2025-09-16T20:00:00,116757.10,116910.80,116543.70,116747.30,9748.887
2025-09-17T00:00:00,116747.30,117081.90,116317.00,116320.10,11721.837
2025-09-17T04:00:00,116320.20,117266.40,116107.20,117120.50,19903.725
2025-09-17T08:00:00,117120.50,117156.60,116197.00,116200.10,14747.898
2025-09-17T12:00:00,116200.10,116493.00,115340.00,115825.10,27934.073
2025-09-17T16:00:00,115825.10,116316.00,114623.30,115587.60,61585.442
2025-09-17T20:00:00,115587.50,116940.00,115257.10,116402.50,22232.095
2025-09-18T00:00:00,116402.60,117865.90,116033.50,117531.20,30344.595
2025-09-18T04:00:00,117531.30,117713.50,116834.50,117033.60,17350.923
2025-09-18T08:00:00,117033.70,117381.90,116955.00,117015.00,10057.804
2025-09-18T12:00:00,117015.00,117789.90,116913.90,117530.30,22097.569
2025-09-18T16:00:00,117530.20,117875.20,117133.00,117403.00,12457.020
2025-09-18T20:00:00,117402.90,117605.80,116489.70,117017.10,14907.806
2025-09-19T00:00:00,117017.10,117406.80,116800.00,116914.20,10269.210
2025-09-19T04:00:00,116914.10,117049.90,116567.30,116850.10,12862.505
2025-09-19T08:00:00,116850.00,117050.60,116250.70,116343.10,13997.595
2025-09-19T12:00:00,116343.30,116488.00,115408.40,115826.90,27296.129
2025-09-19T16:00:00,115826.90,116093.00,115057.00,115082.40,16518.271
2025-09-19T20:00:00,115082.40,115600.00,115049.90,115569.50,7207.939
2025-09-20T00:00:00,115569.60,115670.00,115355.00,115394.20,4785.626
2025-09-20T04:00:00,115394.30,115933.40,115343.00,115909.80,6258.545
2025-09-20T08:00:00,115909.90,115914.40,115605.60,115834.90,6129.028
2025-09-20T12:00:00,115834.90,116059.20,115750.60,115928.50,6527.830
2025-09-20T16:00:00,115928.40,116017.90,115636.60,115636.60,5001.456
2025-09-20T20:00:00,115636.60,115887.60,115549.90,115624.90,3653.193
2025-09-21T00:00:00,115625.00,115671.20,115388.00,115613.80,4830.646
2025-09-21T04:00:00,115613.80,115772.90,115430.20,115772.90,4856.719
2025-09-21T08:00:00,115772.80,115778.00,115277.00,115559.30,6594.717
2025-09-21T12:00:00,115559.30,115703.90,115413.00,115471.10,4436.358
2025-09-21T16:00:00,115471.00,115620.00,115158.00,115441.00,6740.608
2025-09-21T20:00:00,115441.00,115510.70,115137.60,115183.90,5334.383
2025-09-22T00:00:00,115183.90,115344.60,114050.00,114602.90,34217.270
2025-09-22T04:00:00,114602.90,114604.90,111469.20,112454.40,53970.686
2025-09-22T08:00:00,112454.50,112927.00,112119.00,112814.10,16269.606
2025-09-22T12:00:00,112814.00,113413.50,112333.00,112768.70,26147.892
2025-09-22T16:00:00,112768.70,112839.00,111866.30,112072.90,17130.484
2025-09-22T20:00:00,112072.80,112942.40,111924.60,112604.70,11725.630
2025-09-23T00:00:00,112604.70,112808.40,111405.10,112294.00,21299.087
2025-09-23T04:00:00,112294.00,113080.00,111804.90,113048.10,19008.272
2025-09-23T08:00:00,113048.10,113236.00,112634.00,112938.60,12834.182
2025-09-23T12:00:00,112938.60,113254.80,112390.60,112828.60,16574.487
2025-09-23T16:00:00,112828.60,112927.80,111482.00,111611.80,22467.091
2025-09-23T20:00:00,111611.70,112178.00,111413.50,111947.00,10075.145
2025-09-24T00:00:00,111947.00,112466.60,111622.40,111639.70,16182.590
2025-09-24T04:00:00,111639.80,112732.80,110935.00,112544.70,23001.272
2025-09-24T08:00:00,112544.70,113121.80,112356.40,112982.00,14830.326
2025-09-24T12:00:00,112982.00,113850.00,112760.00,113299.90,27960.187
2025-09-24T16:00:00,113300.00,113895.80,113107.40,113371.70,14802.650
2025-09-24T20:00:00,113371.70,113590.00,113143.30,113254.00,8537.071
2025-09-25T00:00:00,113253.90,113462.10,112155.60,112485.80,27168.994
2025-09-25T04:00:00,112485.70,112574.60,111389.00,111708.50,26475.190
2025-09-25T08:00:00,111708.50,112220.30,111234.80,111316.10,15940.854
2025-09-25T12:00:00,111316.00,111682.60,110555.00,111538.40,42099.500
2025-09-25T16:00:00,111538.40,111636.60,108574.10,109320.50,50538.879
2025-09-25T20:00:00,109320.50,109637.30,108694.80,108934.50,16440.324
2025-09-26T00:00:00,108934.60,109766.00,108750.00,109537.60,17356.486
2025-09-26T04:00:00,109537.50,109588.80,108841.00,109257.30,19163.400
2025-09-26T08:00:00,109257.40,109653.60,108566.00,109082.90,18038.068
2025-09-26T12:00:00,109082.90,109742.30,108656.80,108976.00,28268.466
2025-09-26T16:00:00,108976.00,110250.00,108953.70,109115.90,22207.427
2025-09-26T20:00:00,109115.80,109641.60,109028.70,109588.50,7243.812
2025-09-27T00:00:00,109588.50,109700.00,109267.30,109503.80,7435.557
2025-09-27T04:00:00,109503.80,109694.20,109284.30,109354.80,4334.991
2025-09-27T08:00:00,109354.90,109449.20,109021.90,109265.80,7603.852
2025-09-27T12:00:00,109265.80,109444.20,109145.00,109340.70,7048.089
2025-09-27T16:00:00,109340.80,109397.60,109188.10,109369.30,5170.985
2025-09-27T20:00:00,109369.40,109653.20,109305.50,109577.30,4278.450
2025-09-28T00:00:00,109577.20,109749.90,109284.10,109397.30,8565.210
2025-09-28T04:00:00,109397.30,109500.00,109203.90,109468.50,4028.334
2025-09-28T08:00:00,109468.40,109544.80,109188.00,109319.90,7836.570
2025-09-28T12:00:00,109319.90,109990.00,109136.50,109990.00,16361.203
2025-09-28T16:00:00,109990.00,110350.00,109952.20,110281.60,12576.758
2025-09-28T20:00:00,110281.70,112300.00,110236.60,112119.60,27879.888
2025-09-29T00:00:00,112119.70,112269.30,111517.30,111817.90,18747.416
2025-09-29T04:00:00,111817.90,111860.00,111501.00,111814.70,12523.860
2025-09-29T08:00:00,111814.80,112381.30,111814.70,112052.00,15639.613
2025-09-29T12:00:00,112052.00,114188.00,111844.30,113752.00,48549.611
2025-09-29T16:00:00,113752.00,114349.70,113404.50,114204.80,17519.655
2025-09-29T20:00:00,114204.90,114377.20,113960.60,114257.10,12425.554
2025-09-30T00:00:00,114257.10,114800.00,113985.10,114321.50,18219.208
2025-09-30T04:00:00,114321.50,114321.50,113531.70,113662.40,15263.367
2025-09-30T08:00:00,113662.30,113700.00,112615.30,113003.70,22065.979
2025-09-30T12:00:00,113003.70,113623.80,112800.10,113055.40,25466.936
2025-09-30T16:00:00,113055.40,114528.20,112743.60,114309.10,21865.766
2025-09-30T20:00:00,114309.10,114720.00,113710.00,113988.80,16438.759
2025-10-01T00:00:00,113988.70,114498.00,113899.40,114135.90,15897.091
2025-10-01T04:00:00,114135.80,114700.00,114095.20,114480.80,16277.671
2025-10-01T08:00:00,114480.80,116750.00,114425.60,116736.80,51889.352
2025-10-01T12:00:00,116736.80,117647.80,116311.50,117366.40,32115.557
2025-10-01T16:00:00,117366.50,118190.00,116687.50,117374.10,35556.092
2025-10-01T20:00:00,117374.00,118631.80,117104.10,118552.40,21253.666
2025-10-02T00:00:00,118552.00,119457.00,118335.00,118697.00,30360.048
2025-10-02T04:00:00,118697.00,118893.80,118226.40,118444.10,11848.115
2025-10-02T08:00:00,118444.10,118885.80,118307.30,118716.00,9479.148
2025-10-02T12:00:00,118716.10,119889.00,118458.40,119875.10,42758.205
2025-10-02T16:00:00,119875.10,120999.00,119317.00,120787.90,36408.207
2025-10-02T20:00:00,120787.80,120880.90,120018.00,120481.30,14603.215
2025-10-03T00:00:00,120481.30,120505.50,119766.00,120185.40,14304.582
2025-10-03T04:00:00,120185.40,120281.60,119579.60,119620.10,12310.710
2025-10-03T08:00:00,119620.10,120484.10,119200.00,120307.20,17880.291
2025-10-03T12:00:00,120307.20,122399.90,119820.40,122238.50,38616.185
2025-10-03T16:00:00,122238.50,123900.00,121425.50,122609.30,74701.828
2025-10-03T20:00:00,122609.30,122694.10,121944.70,122182.70,10066.666
2025-10-04T00:00:00,122182.60,122301.90,121636.40,122197.20,16539.763
2025-10-04T04:00:00,122197.30,122781.10,122168.40,122271.30,13166.182
2025-10-04T08:00:00,122271.40,122497.40,121908.30,121924.60,8147.412
2025-10-04T12:00:00,121924.60,122480.90,121638.50,121744.80,13471.868
2025-10-04T16:00:00,121744.80,121920.00,121432.00,121919.00,12409.999
2025-10-04T20:00:00,121918.90,122374.80,121813.40,122343.20,6743.986
2025-10-05T00:00:00,122343.20,124374.00,122088.10,123735.70,34731.178
2025-10-05T04:00:00,123735.70,125877.30,123678.00,124692.40,42796.463
2025-10-05T08:00:00,124692.50,124843.00,122472.00,123413.20,41554.431
2025-10-05T12:00:00,123413.30,123413.30,122600.00,122753.00,12408.739
2025-10-05T16:00:00,122752.90,123422.00,122160.00,122550.40,20005.211
2025-10-05T20:00:00,122550.50,123453.50,122425.70,123426.70,11074.978
2025-10-06T00:00:00,123426.70,124336.30,123018.50,123792.90,24935.811
2025-10-06T04:00:00,123792.80,124137.70,123217.90,123332.30,14538.648
2025-10-06T08:00:00,123332.40,124500.00,123332.30,124161.20,14441.381
2025-10-06T12:00:00,124161.30,125375.00,124123.30,124946.20,37455.595
2025-10-06T16:00:00,124946.20,126208.50,124742.50,125357.30,33248.277
2025-10-06T20:00:00,125357.30,125500.00,124463.00,124628.50,15581.617
2025-10-07T00:00:00,124628.60,125047.00,124055.00,124277.70,13050.893
2025-10-07T04:00:00,124277.80,124631.90,123503.90,123627.10,18156.340
2025-10-07T08:00:00,123627.10,124471.40,123261.60,124397.20,18443.485
2025-10-07T12:00:00,124397.10,125098.00,121102.00,121788.30,70971.787
2025-10-07T16:00:00,121788.20,122049.70,120516.00,121593.60,48194.981
2025-10-07T20:00:00,121593.50,122255.40,121218.00,121286.50,13081.861
2025-10-08T00:00:00,121286.60,122196.90,121137.00,121333.10,19688.959
2025-10-08T04:00:00,121333.10,121880.00,121005.30,121550.40,16141.831
2025-10-08T08:00:00,121550.50,123150.00,121468.50,122825.70,22689.216
2025-10-08T12:00:00,122825.80,123312.90,121607.80,122140.10,30420.126
2025-10-08T16:00:00,122140.10,124170.60,122055.80,123381.80,29648.513
2025-10-08T20:00:00,123381.80,123671.50,122739.70,123237.50,8511.141
2025-10-09T00:00:00,123237.40,123279.70,121411.80,121988.40,17473.027
2025-10-09T04:00:00,121988.40,122221.00,121657.30,121847.90,10691.440
2025-10-09T08:00:00,121847.80,122777.00,121081.50,122672.90,21258.055
2025-10-09T12:00:00,122673.00,123740.10,120595.50,121079.40,62517.268
2025-10-09T16:00:00,121079.40,121426.70,119572.80,120897.60,42006.187
2025-10-09T20:00:00,120897.60,121712.40,120787.90,121579.30,9650.403
2025-10-10T00:00:00,121579.40,121835.50,120850.00,120960.80,16114.114
2025-10-10T04:00:00,120960.80,121712.20,120814.00,120886.10,13636.340
2025-10-10T08:00:00,120886.10,121728.30,120869.20,121493.20,10048.553
2025-10-10T12:00:00,121493.20,122497.00,118424.40,118965.30,67102.354
2025-10-10T16:00:00,118965.20,119403.40,115845.00,116605.30,67842.528
2025-10-10T20:00:00,116605.20,117145.30,101516.50,112714.90,217219.743
2025-10-11T00:00:00,112715.00,113300.10,110987.00,112261.90,45022.178
2025-10-11T04:00:00,112261.60,112931.90,110022.00,110338.70,38020.264
2025-10-11T08:00:00,110338.70,112307.60,110100.50,112224.60,23492.990
2025-10-11T12:00:00,112224.60,112466.20,111740.80,111744.40,16698.898
2025-10-11T16:00:00,111744.40,112142.00,110800.10,111126.70,17110.637
2025-10-11T20:00:00,111126.60,111333.50,109501.00,110579.10,23326.623
2025-10-12T00:00:00,110579.10,111424.00,109509.30,110643.30,32024.510
2025-10-12T04:00:00,110643.30,112110.00,110561.80,111464.00,18747.611
2025-10-12T08:00:00,111463.90,112084.30,111070.40,111783.80,19180.411
2025-10-12T12:00:00,111783.80,113687.60,111111.00,113119.00,60564.451
2025-10-12T16:00:00,113119.00,114654.50,113119.00,114288.70,44045.749
2025-10-12T20:00:00,114288.80,115730.30,114200.00,114894.40,43365.305
2025-10-13T00:00:00,114894.50,115912.00,114566.10,114773.60,33866.079
2025-10-13T04:00:00,114773.50,115500.00,114357.20,115341.70,27016.549
2025-10-13T08:00:00,115341.70,115376.30,113600.50,114129.30,29931.406
2025-10-13T12:00:00,114129.20,115488.90,113721.20,114260.70,52250.214
2025-10-13T16:00:00,114260.80,115827.60,114151.00,115726.60,38754.704
2025-10-13T20:00:00,115726.60,115817.40,114930.10,115111.90,14177.831
2025-10-14T00:00:00,115112.00,115360.20,113210.60,113441.00,31868.196
2025-10-14T04:00:00,113440.90,113677.90,111302.00,111665.20,66212.874
2025-10-14T08:00:00,111665.20,112100.10,109969.20,111241.40,44800.731
2025-10-14T12:00:00,111241.40,112839.90,109802.00,112823.00,52781.510
2025-10-14T16:00:00,112822.90,113480.00,111615.10,112543.90,51041.328
2025-10-14T20:00:00,112543.90,113557.90,112164.60,112983.80,12539.857
2025-10-15T00:00:00,112983.90,113576.10,111758.50,111978.70,20365.548
2025-10-15T04:00:00,111978.70,112637.00,111692.80,112524.30,12933.986
2025-10-15T08:00:00,112524.40,113477.90,111606.10,111841.00,25860.953
2025-10-15T12:00:00,111840.90,112183.40,110320.40,110757.50,40187.854
2025-10-15T16:00:00,110757.40,111500.00,110096.90,111202.70,18943.794
2025-10-15T20:00:00,111202.70,111499.70,110429.80,110699.00,13484.955
2025-10-16T00:00:00,110699.10,111827.50,110300.00,111277.40,15192.718
2025-10-16T04:00:00,111277.50,111711.40,110488.00,110518.20,19927.291
2025-10-16T08:00:00,110518.20,111677.10,109403.50,111363.90,35831.997
2025-10-16T12:00:00,111364.00,111960.00,108250.00,108474.00,56236.512
2025-10-16T16:00:00,108473.90,109212.60,107503.30,108151.30,50886.082
2025-10-16T20:00:00,108151.20,108450.40,107350.00,108129.40,15470.185
2025-10-17T00:00:00,108129.40,109199.80,107885.60,109121.80,14999.648
2025-10-17T04:00:00,109121.90,109182.90,105457.40,105578.30,46920.111
2025-10-17T08:00:00,105578.30,106666.60,103470.00,105610.50,85777.861
2025-10-17T12:00:00,105610.50,106800.00,104489.50,106750.10,57751.674
2025-10-17T16:00:00,106750.00,107505.00,106016.60,106416.40,25754.742
2025-10-17T20:00:00,106416.50,107370.00,106296.30,106378.60,11585.656
2025-10-18T00:00:00,106378.50,107250.00,106270.00,107025.00,15612.225
2025-10-18T04:00:00,107024.90,107452.60,106374.20,106648.30,19538.235
2025-10-18T08:00:00,106648.20,107187.90,106550.00,107151.00,10415.868
2025-10-18T12:00:00,107151.00,107248.00,106669.00,106893.20,9353.647
2025-10-18T16:00:00,106893.30,107047.50,106410.80,107023.00,7832.113
2025-10-18T20:00:00,107023.00,107298.70,106788.40,107117.50,5757.815
2025-10-19T00:00:00,107117.50,107333.00,106666.90,107221.90,9661.995
2025-10-19T04:00:00,107221.90,107241.50,106503.30,106733.30,8079.786
2025-10-19T08:00:00,106733.30,108214.80,106055.80,107730.60,45768.235
2025-10-19T12:00:00,107730.60,108575.60,107312.20,108429.50,20332.538
2025-10-19T16:00:00,108429.60,109399.90,108175.60,108850.00,19259.023
2025-10-19T20:00:00,108850.10,109340.70,108366.40,108586.20,10372.143
2025-10-20T00:00:00,108586.20,110404.30,107377.20,110100.40,30932.220
2025-10-20T04:00:00,110100.30,111350.00,109875.00,111126.20,28821.916
2025-10-20T08:00:00,111126.20,111650.00,110552.30,110969.50,19262.416
2025-10-20T12:00:00,110969.50,111649.00,110522.90,111079.10,22003.588
2025-10-20T16:00:00,111079.20,111255.00,109800.00,110735.00,29379.973
2025-10-20T20:00:00,110735.10,111215.30,110355.00,110469.90,9246.836
2025-10-21T00:00:00,110469.90,110486.30,109005.00,109005.00,17977.098
2025-10-21T04:00:00,109005.10,109005.10,107400.00,108020.00,34541.006
2025-10-21T08:00:00,108019.90,108772.40,107432.80,108519.40,20402.173
2025-10-21T12:00:00,108519.40,113480.00,107677.00,113355.20,76932.616
2025-10-21T16:00:00,113355.20,113940.00,111255.90,111720.70,51739.148
2025-10-21T20:00:00,111720.70,111747.70,108000.00,108253.70,39535.385
2025-10-22T00:00:00,108253.80,108649.40,107777.10,108174.10,22708.974
2025-10-22T04:00:00,108174.00,108581.90,107558.10,108284.10,19772.922
2025-10-22T08:00:00,108284.10,108313.80,106360.30,107501.70,28951.313
2025-10-22T12:00:00,107501.70,109160.00,107389.40,108369.90,61071.108
2025-10-22T16:00:00,108369.80,108780.00,107416.10,107829.00,24816.809
2025-10-22T20:00:00,107829.10,108032.00,106588.00,107532.00,23572.857
2025-10-23T00:00:00,107532.10,108660.00,107462.90,108322.20,17160.974
2025-10-23T04:00:00,108322.20,110275.90,108290.30,109228.60,26449.996
2025-10-23T08:00:00,109228.60,109867.70,109021.30,109218.50,14083.275
2025-10-23T12:00:00,109218.50,110088.00,108639.40,109849.00,30294.704
2025-10-23T16:00:00,109849.00,111240.00,109575.90,110137.80,26886.962
2025-10-23T20:00:00,110137.90,110145.80,109260.00,110025.90,14764.806
2025-10-24T00:00:00,110026.00,110839.90,109927.80,110399.90,13232.129
2025-10-24T04:00:00,110399.90,111498.80,110274.40,111013.70,19519.691
2025-10-24T08:00:00,111013.70,111438.30,110496.50,111006.70,15176.101
2025-10-24T12:00:00,111006.70,112086.00,109650.00,110009.80,43877.194
2025-10-24T16:00:00,110009.90,110907.10,109752.80,110571.30,10895.753
2025-10-24T20:00:00,110571.40,111088.00,110431.00,110965.40,8058.664
2025-10-25T00:00:00,110965.40,111187.50,110600.50,110962.30,5959.945
2025-10-25T04:00:00,110962.30,111775.10,110962.30,111445.40,9261.504
2025-10-25T08:00:00,111445.50,111789.40,111328.00,111522.70,8330.669
2025-10-25T12:00:00,111522.60,111903.90,111255.20,111340.90,10350.647
2025-10-25T16:00:00,111341.00,111686.00,111094.40,111574.90,7533.985
2025-10-25T20:00:00,111574.90,111640.10,111291.00,111589.40,3832.733
2025-10-26T00:00:00,111589.40,111866.70,111200.00,111210.10,6834.903
2025-10-26T04:00:00,111210.10,111677.90,111200.20,111672.80,3509.598
2025-10-26T08:00:00,111672.90,113442.50,111650.30,113235.20,25720.793
2025-10-26T12:00:00,113235.10,114000.00,113221.50,113648.10,26931.538
2025-10-26T16:00:00,113648.00,113774.50,113231.20,113546.30,8821.993
2025-10-26T20:00:00,113546.20,115521.70,112800.00,114497.80,25516.562
2025-10-27T00:00:00,114497.90,115407.70,114300.00,114927.70,18053.270
2025-10-27T04:00:00,114927.80,116380.20,114925.60,115522.50,30815.659
2025-10-27T08:00:00,115522.40,115575.10,114780.20,115302.30,17780.233
2025-10-27T12:00:00,115302.30,115385.70,114433.00,114914.40,22572.882
2025-10-27T16:00:00,114914.50,115744.80,114712.40,114894.90,14588.861
2025-10-27T20:00:00,114894.80,114894.80,113792.40,114064.10,14800.707
2025-10-28T00:00:00,114064.20,114500.10,113477.50,113863.90,15404.391
2025-10-28T04:00:00,113864.00,114320.60,113422.00,114128.70,11948.360
2025-10-28T08:00:00,114128.80,114619.20,114058.00,114290.70,9577.148
2025-10-28T12:00:00,114290.60,116074.30,114080.80,114571.90,40806.620
2025-10-28T16:00:00,114571.70,115554.50,113500.00,113629.00,24148.699
2025-10-28T20:00:00,113629.00,113647.40,112121.40,112833.50,29203.622
2025-10-29T00:00:00,112833.50,112927.50,112036.10,112459.60,16426.727
2025-10-29T04:00:00,112459.60,113525.00,112443.50,113511.90,14258.365
2025-10-29T08:00:00,113512.00,113581.70,112666.00,113084.50,13158.647
2025-10-29T12:00:00,113084.60,113593.00,111326.50,111460.60,33870.214
2025-10-29T16:00:00,111460.70,111963.00,109026.40,110605.60,66487.330
2025-10-29T20:00:00,110605.90,111744.00,109686.40,109985.60,19719.583
2025-10-30T00:00:00,109985.60,110957.90,109670.60,110694.50,17053.264
2025-10-30T04:00:00,110694.40,111565.10,107817.30,111313.50,53901.189
2025-10-30T08:00:00,111313.60,111400.00,109638.60,109666.00,21769.837
2025-10-30T12:00:00,109665.90,109736.30,107254.10,107670.60,53828.523
2025-10-30T16:00:00,107670.50,108184.00,106200.00,106495.10,36902.370
2025-10-30T20:00:00,106494.30,108300.00,106257.00,108263.50,22298.461
2025-10-31T00:00:00,108263.60,110014.40,108226.60,109186.20,32333.602
2025-10-31T04:00:00,109186.30,110200.00,109062.70,109400.10,23926.082
2025-10-31T08:00:00,109400.00,110500.00,109159.00,110375.70,19137.691
2025-10-31T12:00:00,110375.70,111233.00,109308.10,110160.10,44500.399
2025-10-31T16:00:00,110160.10,110273.20,108600.00,109802.80,25323.478
2025-10-31T20:00:00,109802.70,109802.70,109277.70,109557.30,6842.524
2025-11-01T00:00:00,109557.20,110300.00,109351.50,110194.60,8752.106
2025-11-01T04:00:00,110194.60,110557.00,109885.50,110025.30,7330.524
2025-11-01T08:00:00,110025.30,110237.60,109803.00,110096.20,5172.837
2025-11-01T12:00:00,110096.30,110300.00,109654.50,110253.20,9755.490
2025-11-01T16:00:00,110253.10,110486.40,110125.10,110249.00,6444.769
2025-11-01T20:00:00,110249.00,110487.00,109803.50,110047.20,4158.495
2025-11-02T00:00:00,110047.30,110234.40,109836.70,110008.50,4533.290
2025-11-02T04:00:00,110008.40,110988.00,109974.10,110844.10,12154.892
2025-11-02T08:00:00,110844.00,111193.50,110302.10,111145.40,12421.938
2025-11-02T12:00:00,111145.40,111216.00,110030.00,110066.10,13972.771
2025-11-02T16:00:00,110066.20,110286.20,109661.20,110125.20,9115.985
2025-11-02T20:00:00,110125.30,110700.00,109368.90,110494.90,8910.297
2025-11-03T00:00:00,110494.90,110711.00,107850.00,107886.00,27059.636
2025-11-03T04:00:00,107886.00,108088.80,106946.70,107420.50,24838.664
2025-11-03T08:00:00,107420.60,107881.40,106618.70,107737.40,20106.721
2025-11-03T12:00:00,107737.40,108280.00,105500.00,105718.80,48388.035
2025-11-03T16:00:00,105718.80,107797.20,105300.00,107034.70,38120.260
2025-11-03T20:00:00,107034.70,107120.00,105750.10,106544.00,15744.731
2025-11-04T00:00:00,106544.00,107271.90,105820.00,107097.20,21672.139
2025-11-04T04:00:00,107097.10,107247.80,104125.30,104442.90,41302.896
2025-11-04T08:00:00,104442.90,104656.00,103550.00,104530.70,30893.792
2025-11-04T12:00:00,104530.70,104800.00,102870.00,103157.70,45886.912
2025-11-04T16:00:00,103157.70,103474.10,99980.00,100507.00,81901.563
2025-11-04T20:00:00,100507.00,101859.50,98888.80,101450.30,60084.858
2025-11-05T00:00:00,101450.20,102222.00,98909.70,102094.80,55517.144
2025-11-05T04:00:00,102094.80,102326.40,101433.30,101946.10,20988.348
2025-11-05T08:00:00,101946.20,102174.90,101131.00,102019.40,20735.516
2025-11-05T12:00:00,102019.30,103750.00,101867.80,103668.30,35318.597
2025-11-05T16:00:00,103668.20,104496.60,102972.80,103950.00,22268.689
2025-11-05T20:00:00,103950.00,104497.60,103240.50,103837.00,12941.800
2025-11-06T00:00:00,103837.00,103919.70,102684.70,103598.30,17770.869
2025-11-06T04:00:00,103598.30,104210.20,102850.10,103138.60,13713.371
2025-11-06T08:00:00,103138.60,103406.00,102611.50,103182.60,12724.785
2025-11-06T12:00:00,103182.60,103585.00,101570.50,101981.60,41011.914
2025-11-06T16:00:00,101981.60,102367.90,100238.40,101335.90,44808.954
2025-11-06T20:00:00,101335.90,101599.60,100500.00,101305.60,14999.928
2025-11-07T00:00:00,101305.60,102311.00,100700.10,101863.50,20217.531
2025-11-07T04:00:00,101863.40,102480.40,101530.00,101978.80,13280.182
2025-11-07T08:00:00,101978.20,102024.70,99750.00,100369.10,30839.672
2025-11-07T12:00:00,100369.20,101230.00,99200.00,100758.00,47608.527
2025-11-07T16:00:00,100758.00,103350.70,100468.90,103350.00,34409.209
2025-11-07T20:00:00,103350.00,104070.70,102889.60,103305.20,17612.337
2025-11-08T00:00:00,103305.30,103373.80,102488.00,102545.80,15693.661
2025-11-08T04:00:00,102545.80,102794.00,101853.80,102302.90,14868.115
2025-11-08T08:00:00,102302.80,102654.10,101647.70,101805.60,11719.209
2025-11-08T12:00:00,101805.60,102142.90,101400.10,101678.00,14407.901
2025-11-08T16:00:00,101678.10,102182.70,101471.10,101934.30,8852.243
2025-11-08T20:00:00,101934.40,102443.90,101906.60,102269.30,5150.820
2025-11-09T00:00:00,102269.30,102294.90,101300.00,101622.90,8613.569
2025-11-09T04:00:00,101623.00,102097.00,101602.10,101898.20,6756.373
2025-11-09T08:00:00,101898.30,102274.90,101457.00,102198.20,9506.279
2025-11-09T12:00:00,102198.20,104180.00,102001.00,103715.80,29922.195
2025-11-09T16:00:00,103715.80,104780.00,103290.80,104764.10,19690.095
2025-11-09T20:00:00,104764.10,105440.00,103999.50,104670.60,17879.159
2025-11-10T00:00:00,104670.70,106666.00,104205.90,105990.60,32933.122
2025-11-10T04:00:00,105990.60,106499.00,105800.00,106417.70,12528.833
2025-11-10T08:00:00,106417.60,106570.00,105780.10,106136.60,13572.766
2025-11-10T12:00:00,106136.50,106566.70,104615.70,105028.90,33078.144
2025-11-10T16:00:00,105028.90,106081.10,104735.60,105767.20,16326.419
2025-11-10T20:00:00,105767.10,106249.60,105202.70,105966.30,11964.254
2025-11-11T00:00:00,105966.30,107473.70,105399.60,106407.30,30111.804
2025-11-11T04:00:00,106407.40,106496.60,104685.30,104737.00,20998.664
2025-11-11T08:00:00,104737.10,105464.20,104718.20,105256.20,11555.593
2025-11-11T12:00:00,105256.20,105459.80,103135.20,103417.20,35003.229
2025-11-11T16:00:00,103417.20,103694.80,102777.00,103073.60,19238.124
2025-11-11T20:00:00,103073.60,103183.80,102400.00,103005.80,15696.360
2025-11-12T00:00:00,103005.80,103399.40,102629.50,103267.20,13122.938
2025-11-12T04:00:00,103267.20,103605.00,102941.60,103066.70,8824.550
2025-11-12T08:00:00,103066.70,105162.60,103066.70,104979.90,27402.495
2025-11-12T12:00:00,104979.90,105297.00,101900.00,102124.90,41940.216
2025-11-12T16:00:00,102124.90,102249.20,100711.00,101245.40,37825.035
2025-11-12T20:00:00,101245.30,101964.50,101087.80,101605.80,11761.042
2025-11-13T00:00:00,101605.80,102581.70,100850.00,102088.10,22639.572
2025-11-13T04:00:00,102088.00,104024.60,101602.20,103430.90,34325.354
2025-11-13T08:00:00,103430.90,103765.40,102509.10,102900.00,18566.647
2025-11-13T12:00:00,102900.10,103456.00,101135.00,101338.00,45078.899
2025-11-13T16:00:00,101338.00,101495.70,98100.00,98643.10,75018.436
2025-11-13T20:00:00,98643.10,100485.80,97959.00,99654.30,40417.891
2025-11-14T00:00:00,99654.30,99862.80,98657.00,99103.30,28715.780
2025-11-14T04:00:00,99103.30,99152.00,95840.90,97099.90,71313.808
2025-11-14T08:00:00,97099.90,97520.00,95597.90,96134.60,31110.834
2025-11-14T12:00:00,96134.50,97280.00,94500.00,96752.60,82600.541
2025-11-14T16:00:00,96752.70,97377.60,94741.20,95737.30,42316.610
2025-11-14T20:00:00,95737.40,95900.00,93955.00,94544.90,31015.210
2025-11-15T00:00:00,94544.90,96800.00,94523.90,96388.50,27406.464
2025-11-15T04:00:00,96388.50,96543.80,95900.10,96289.40,13884.426
2025-11-15T08:00:00,96289.30,96310.40,95587.30,95657.30,12856.230
2025-11-15T12:00:00,95657.30,96439.60,95534.10,96222.10,13204.020
2025-11-15T16:00:00,96222.10,96362.50,95677.70,95967.70,11960.891
2025-11-15T20:00:00,95967.70,95979.10,95072.10,95560.30,10908.288
2025-11-16T00:00:00,95560.40,95946.40,94800.00,95782.00,12634.047
2025-11-16T04:00:00,95782.00,96170.60,95602.00,96064.80,8616.379
2025-11-16T08:00:00,96064.80,96600.00,95443.60,95588.00,16713.435
2025-11-16T12:00:00,95588.00,95870.00,94300.00,94531.30,18869.751
2025-11-16T16:00:00,94531.20,95544.80,93677.40,93994.50,44324.084
2025-11-16T20:00:00,93994.50,94700.00,92922.80,94221.70,34591.813
2025-11-17T00:00:00,94221.70,95539.30,93730.00,95472.10,24659.317
2025-11-17T04:00:00,95472.00,95838.00,94850.00,95587.90,15760.621
2025-11-17T08:00:00,95587.90,95980.10,95268.90,95530.10,14932.070
2025-11-17T12:00:00,95530.00,96012.20,93511.80,93915.70,58887.551
2025-11-17T16:00:00,93915.80,94388.00,91550.20,91656.20,60184.076
2025-11-17T20:00:00,91656.20,92370.90,91250.00,92169.70,30737.650
2025-11-18T00:00:00,92169.80,92335.40,89666.10,90811.90,54125.497
2025-11-18T04:00:00,90811.80,90842.10,89012.00,90459.10,44370.545
2025-11-18T08:00:00,90459.20,91567.00,90459.10,91473.60,28352.843
2025-11-18T12:00:00,91474.10,92991.70,90888.00,92851.40,58085.185
2025-11-18T16:00:00,92851.50,93799.10,92532.00,93143.10,33005.355
2025-11-18T20:00:00,93143.10,93400.00,92420.30,92916.90,14751.731
2025-11-19T00:00:00,92916.80,92944.80,91600.00,91842.20,24522.251
2025-11-19T04:00:00,91842.10,91987.20,89966.00,91826.60,46058.357
2025-11-19T08:00:00,91826.60,91920.00,91038.90,91372.40,19679.241
2025-11-19T12:00:00,91372.30,92348.20,89822.00,89901.00,42278.255
2025-11-19T16:00:00,89901.00,90202.50,88600.00,88857.70,54170.658
2025-11-19T20:00:00,88857.80,91554.90,88564.40,91508.90,39729.688
2025-11-20T00:00:00,91509.00,92760.00,91140.20,92404.60,26837.515
2025-11-20T04:00:00,92404.70,93150.00,91640.20,92267.40,27995.866
2025-11-20T08:00:00,92267.50,92363.10,91388.50,91892.60,17102.033
2025-11-20T12:00:00,91892.70,92498.60,89804.10,89835.40,50957.631
2025-11-20T16:00:00,89835.50,89885.70,86066.60,86880.30,114064.312
2025-11-20T20:00:00,86880.20,88214.10,86291.70,86601.30,39555.670
2025-11-21T00:00:00,86601.40,87465.40,85288.00,85782.50,45579.338
2025-11-21T04:00:00,85782.40,86313.20,81111.00,84006.70,78365.775
2025-11-21T08:00:00,84006.70,84667.10,81601.70,82279.10,84124.192
2025-11-21T12:00:00,82279.20,85449.20,80600.00,82905.10,129537.870
2025-11-21T16:00:00,82905.00,85548.40,82300.00,84167.20,80734.325
2025-11-21T20:00:00,84167.10,85374.50,83418.40,85093.50,31462.824
2025-11-22T00:00:00,85093.60,85599.90,84180.00,84414.10,19897.887
2025-11-22T04:00:00,84414.00,84764.30,83792.00,84537.40,15965.292
2025-11-22T08:00:00,84537.40,84546.40,83456.00,84066.20,20664.044
2025-11-22T12:00:00,84066.20,84712.70,83578.50,84239.90,18582.456
2025-11-22T16:00:00,84239.90,84888.00,84175.00,84566.70,9063.108
2025-11-22T20:00:00,84566.80,85238.30,84193.80,84689.40,10024.268
2025-11-23T00:00:00,84689.40,86300.00,84622.00,86261.00,24200.097
2025-11-23T04:00:00,86261.00,86826.80,85348.70,85732.00,24602.446
2025-11-23T08:00:00,85732.10,86438.50,85724.70,86290.30,16673.741
2025-11-23T12:00:00,86290.30,87222.00,86222.00,87042.80,26845.253
2025-11-23T16:00:00,87042.80,87653.90,86458.00,87276.70,24543.305
2025-11-23T20:00:00,87276.70,88100.00,86700.00,86807.70,22065.231
2025-11-24T00:00:00,86807.60,88049.50,85915.00,87408.80,36758.713
2025-11-24T04:00:00,87408.70,87795.90,86400.00,87004.60,26095.166
2025-11-24T08:00:00,87004.60,87004.60,85654.10,86232.50,25190.047
2025-11-24T12:00:00,86232.50,86700.00,85226.40,86571.00,47419.810
2025-11-24T16:00:00,86571.10,88788.00,86571.00,88277.00,51453.968
2025-11-24T20:00:00,88277.10,89177.30,88205.30,88247.10,24195.628
2025-11-25T00:00:00,88247.10,88247.10,87378.80,87775.10,19713.977
2025-11-25T04:00:00,87775.00,88477.60,87240.00,87362.20,17064.891
2025-11-25T08:00:00,87362.20,87585.70,86628.40,87311.90,23787.173
2025-11-25T12:00:00,87312.00,87732.70,86061.10,86946.50,39724.105
2025-11-25T16:00:00,86946.60,88115.00,86132.70,86835.00,30082.125
2025-11-25T20:00:00,86835.10,87869.40,86542.00,87324.10,19265.384
2025-11-26T00:00:00,87324.10,88200.00,87022.20,87088.50,17140.975
2025-11-26T04:00:00,87088.40,87947.00,86851.10,87896.20,14105.593
2025-11-26T08:00:00,87896.20,87909.20,86630.00,87049.20,17454.952
2025-11-26T12:00:00,87049.10,87646.80,86260.90,86926.20,36287.132
2025-11-26T16:00:00,86926.30,90362.70,86914.30,89923.30,54312.066
2025-11-26T20:00:00,89923.30,90655.40,89458.70,90438.10,19845.815
2025-11-27T00:00:00,90438.00,91850.00,90024.40,91049.30,32745.927
2025-11-27T04:00:00,91049.30,91520.00,90843.80,91361.50,14177.400
2025-11-27T08:00:00,91361.40,91931.90,91177.20,91334.90,18138.117
2025-11-27T12:00:00,91334.90,91418.40,90410.60,90912.90,24029.717
2025-11-27T16:00:00,90913.00,91800.00,90800.40,91489.00,17191.032
2025-11-27T20:00:00,91489.00,91562.80,91058.40,91292.20,7403.039
2025-11-28T00:00:00,91292.20,91386.60,90612.20,91168.00,13757.156
2025-11-28T04:00:00,91168.00,91690.00,90824.10,90870.20,13510.903
2025-11-28T08:00:00,90870.20,92000.00,90863.60,91382.90,21589.404
2025-11-28T12:00:00,91383.00,93080.00,91314.40,92299.90,48122.799
2025-11-28T16:00:00,92299.80,92323.60,90155.00,91106.10,41246.173
2025-11-28T20:00:00,91106.00,91209.00,90657.60,90847.80,8693.912
2025-11-29T00:00:00,90847.80,91078.40,90500.00,90638.00,7053.901
2025-11-29T04:00:00,90638.10,90884.80,90265.20,90523.50,9280.403
2025-11-29T08:00:00,90523.40,90691.50,90335.20,90633.70,6285.010
2025-11-29T12:00:00,90633.80,91068.10,90484.30,91030.00,8755.570
2025-11-29T16:00:00,91030.00,91130.00,90092.70,90602.90,14802.817
2025-11-29T20:00:00,90602.90,91020.00,90363.00,90765.00,8018.978
2025-11-30T00:00:00,90764.90,91016.00,90414.00,90873.00,6739.259
2025-11-30T04:00:00,90872.90,90999.40,90626.20,90924.50,4260.813
2025-11-30T08:00:00,90924.50,91580.00,90879.30,91000.90,14264.111
2025-11-30T12:00:00,91000.90,91934.40,90960.00,91405.80,16461.441
2025-11-30T16:00:00,91405.90,91818.80,91088.10,91423.20,8957.664
2025-11-30T20:00:00,91423.10,91592.30,90300.00,90320.60,15456.430
2025-12-01T00:00:00,90320.50,90396.90,86126.00,86319.20,80222.892
2025-12-01T04:00:00,86319.10,86524.60,85563.70,86487.60,31809.427
2025-12-01T08:00:00,86487.30,86886.00,86090.00,86100.10,19775.516
2025-12-01T12:00:00,86100.00,86625.00,83786.00,84650.00,83435.905
2025-12-01T16:00:00,84650.00,85528.70,84011.00,84985.00,46606.811
2025-12-01T20:00:00,84985.00,86817.00,84966.80,86241.60,34996.615
2025-12-02T00:00:00,86241.50,87384.00,86140.10,86936.00,23647.179
2025-12-02T04:00:00,86935.90,87245.90,86772.00,86965.00,11979.706
2025-12-02T08:00:00,86965.00,87640.00,86321.00,87326.90,24568.861
2025-12-02T12:00:00,87327.00,91211.30,87005.00,90809.20,78565.044
2025-12-02T16:00:00,90809.20,92273.20,90156.40,91849.90,54905.622
2025-12-02T20:00:00,91849.90,91970.40,90643.50,91249.10,34434.753
2025-12-03T00:00:00,91249.10,93068.90,90954.80,92589.20,30608.344
2025-12-03T04:00:00,92589.20,93932.70,92578.00,92969.90,37966.712
2025-12-03T08:00:00,92970.00,93338.40,92602.80,92957.70,21367.918
2025-12-03T12:00:00,92957.60,93653.60,91637.40,92332.90,58413.578
2025-12-03T16:00:00,92333.00,93471.10,91733.20,92995.80,30690.222
2025-12-03T20:00:00,92995.80,94185.00,92784.30,93376.70,22251.543
2025-12-04T00:00:00,93376.80,94040.00,92628.00,93499.90,24501.316
2025-12-04T04:00:00,93500.00,93549.20,92737.00,93358.60,16001.449
2025-12-04T08:00:00,93358.50,93600.00,92666.10,92894.90,16325.267
2025-12-04T12:00:00,92894.90,93256.30,91762.00,92933.50,38745.228
2025-12-04T16:00:00,92933.40,93143.40,90822.50,91941.50,38482.820
2025-12-04T20:00:00,91941.50,92676.80,91649.80,92034.70,12716.347
2025-12-05T00:00:00,92034.70,92665.50,91917.70,92104.90,10956.852
2025-12-05T04:00:00,92104.80,92455.40,91750.60,92227.50,12306.339
2025-12-05T08:00:00,92227.60,92227.60,90940.40,91307.90,21552.042
2025-12-05T12:00:00,91308.00,91445.20,89863.00,90414.00,55291.144
2025-12-05T16:00:00,90413.90,90460.00,87976.30,89590.50,66447.207
2025-12-05T20:00:00,89590.50,89706.00,88856.70,89288.50,12571.473
2025-12-06T00:00:00,89288.60,89758.00,88986.10,89636.50,10198.215
2025-12-06T04:00:00,89636.50,89732.40,89410.80,89549.60,6055.827
2025-12-06T08:00:00,89549.50,89679.00,89165.90,89585.40,8658.915
2025-12-06T12:00:00,89585.40,90257.30,89424.20,89713.40,14787.600
2025-12-06T16:00:00,89713.30,89940.30,89203.00,89369.40,8623.445
2025-12-06T20:00:00,89369.50,89578.30,88870.10,89197.10,8502.865
2025-12-07T00:00:00,89197.10,89704.50,89131.50,89675.60,5748.385
2025-12-07T04:00:00,89675.70,89750.00,89155.00,89337.10,6553.596
2025-12-07T08:00:00,89337.10,89494.40,89012.90,89109.40,7659.024
2025-12-07T12:00:00,89109.30,89700.00,87688.00,89505.00,41325.561
2025-12-07T16:00:00,89505.00,91722.00,89065.20,91379.70,36596.274
2025-12-07T20:00:00,91379.80,91473.20,88890.00,90345.40,31709.165
2025-12-08T00:00:00,90345.40,91650.00,89806.40,91039.40,20651.383
2025-12-08T04:00:00,91039.30,91868.00,90979.20,91519.80,12977.758
2025-12-08T08:00:00,91519.80,92262.60,91433.60,91923.50,16068.448
2025-12-08T12:00:00,91923.60,92106.40,89553.80,89912.60,57039.196
2025-12-08T16:00:00,89912.70,90471.60,89629.10,90073.60,29715.552
2025-12-08T20:00:00,90073.70,91338.20,90073.70,90610.80,16022.402
2025-12-09T00:00:00,90610.80,90810.80,89774.10,90364.00,15639.888
2025-12-09T04:00:00,90364.10,90485.80,89368.90,90449.90,20910.849
2025-12-09T08:00:00,90449.90,90584.80,89868.00,90341.90,10989.605
2025-12-09T12:00:00,90342.00,92867.00,89953.00,92676.90,45314.765
2025-12-09T16:00:00,92676.90,94555.00,92656.50,93761.90,62023.498
2025-12-09T20:00:00,93761.90,93819.10,92199.00,92638.40,27051.658
2025-12-10T00:00:00,92638.30,92748.20,91900.00,92366.00,16458.476
2025-12-10T04:00:00,92366.00,92749.80,92339.80,92744.70,9066.291
2025-12-10T08:00:00,92744.70,93278.90,91721.00,92085.50,22951.746
2025-12-10T12:00:00,92085.40,92197.30,91520.00,92021.80,20761.517
2025-12-10T16:00:00,92021.80,93223.60,91605.00,92913.80,47793.664
2025-12-10T20:00:00,92913.90,94443.70,91825.00,91977.50,43457.086
2025-12-11T00:00:00,91977.50,92046.30,89321.00,89833.10,41765.030
2025-12-11T04:00:00,89833.10,90445.60,89640.40,90231.40,16187.084
2025-12-11T08:00:00,90231.30,90494.70,89931.00,90195.30,11011.162
2025-12-11T12:00:00,90195.30,90618.00,89200.00,89830.10,36667.082
2025-12-11T16:00:00,89830.10,91499.00,89288.00,90793.50,36608.297
2025-12-11T20:00:00,90793.50,93547.30,90749.60,92477.50,48909.413
2025-12-12T00:00:00,92477.60,92719.00,91400.00,92234.30,22813.990
2025-12-12T04:00:00,92234.30,92685.50,92028.40,92389.50,11201.460
2025-12-12T08:00:00,92389.50,92600.00,92050.00,92381.50,9687.193
2025-12-12T12:00:00,92381.40,92630.00,89688.00,89895.00,49205.788
2025-12-12T16:00:00,89895.00,90617.70,89429.00,90147.30,41898.523
2025-12-12T20:00:00,90147.40,90357.50,89843.00,90229.60,10037.156
2025-12-13T00:00:00,90229.70,90432.00,90077.00,90304.00,5591.180
2025-12-13T04:00:00,90304.10,90379.50,90226.80,90286.10,3796.600
2025-12-13T08:00:00,90286.00,90599.00,90239.00,90298.40,7893.366
2025-12-13T12:00:00,90298.50,90441.90,89888.00,90055.40,9021.404
2025-12-13T16:00:00,90055.30,90236.60,89944.00,90150.90,4576.962
2025-12-13T20:00:00,90150.80,90248.00,89711.90,90191.30,5358.221
2025-12-14T00:00:00,90191.30,90440.00,90071.60,90222.30,7086.650
2025-12-14T04:00:00,90222.40,90300.00,90005.80,90205.10,3999.939
2025-12-14T08:00:00,90205.10,90250.00,88412.80,89308.20,24641.953
2025-12-14T12:00:00,89308.30,89630.80,88831.70,88985.20,17265.699
2025-12-14T16:00:00,88985.20,89372.80,88432.00,88598.70,17696.731
2025-12-14T20:00:00,88598.70,88779.10,87504.30,88118.80,21395.682
2025-12-15T00:00:00,88118.80,89972.40,88025.30,89239.90,27815.116
2025-12-15T04:00:00,89240.00,89880.00,89229.50,89703.00,10941.101
2025-12-15T08:00:00,89702.90,89940.00,89525.00,89606.00,11790.519
2025-12-15T12:00:00,89606.00,89845.00,86563.60,86996.60,67384.379
2025-12-15T16:00:00,86996.50,87189.90,85073.00,86104.20,56199.332
2025-12-15T20:00:00,86104.20,86437.10,85489.70,86389.90,20085.598
2025-12-16T00:00:00,86390.00,86478.60,85340.10,85837.70,16787.316
2025-12-16T04:00:00,85837.60,86577.00,85226.00,85964.80,17300.472
2025-12-16T08:00:00,85964.90,87299.70,85874.60,87216.60,18856.619
2025-12-16T12:00:00,87216.60,88143.90,86055.90,87936.30,54188.458
2025-12-16T16:00:00,87936.30,88012.50,87015.80,87538.70,26033.481
2025-12-16T20:00:00,87538.70,87900.00,87297.90,87826.30,9058.702
2025-12-17T00:00:00,87826.30,87925.80,87104.20,87178.10,11671.628
2025-12-17T04:00:00,87178.20,87360.80,86158.40,87010.40,22749.284
2025-12-17T08:00:00,87010.40,87100.00,86201.00,86939.30,15486.489
2025-12-17T12:00:00,86939.20,90363.20,86768.80,87191.40,86140.012
2025-12-17T16:00:00,87191.00,87737.30,85261.30,85982.70,55699.358
2025-12-17T20:00:00,85982.70,86421.00,85630.00,86201.60,16899.977
2025-12-18T00:00:00,86201.60,86836.20,85820.60,86575.10,16118.556
2025-12-18T04:00:00,86575.10,86859.10,86323.70,86787.50,11560.136
2025-12-18T08:00:00,86787.50,87417.60,86640.50,87268.10,14444.149
2025-12-18T12:00:00,87257.00,89447.90,87068.00,88480.80,75762.851
2025-12-18T16:00:00,88480.70,88500.00,84429.90,84447.00,83673.674
2025-12-18T20:00:00,84447.00,85800.00,84408.60,85469.70,28014.313
2025-12-19T00:00:00,85469.80,87550.00,85062.70,86863.10,30604.064
2025-12-19T04:00:00,86863.20,88366.00,86651.90,87909.70,28039.593
2025-12-19T08:00:00,87909.70,88345.10,87700.00,88169.90,16798.031
2025-12-19T12:00:00,88170.00,89374.60,87488.00,87925.60,51776.280
2025-12-19T16:00:00,87925.60,88888.00,86795.50,87812.80,36941.972
2025-12-19T20:00:00,87812.90,88406.30,87569.10,88100.00,14124.554
2025-12-20T00:00:00,88100.00,88294.80,87926.70,88165.30,5637.357
2025-12-20T04:00:00,88165.30,88551.80,88065.90,88239.90,6898.331
2025-12-20T08:00:00,88240.00,88397.80,88063.80,88243.60,4869.385
2025-12-20T12:00:00,88243.60,88320.00,87698.50,88134.60,11529.379
2025-12-20T16:00:00,88134.50,88407.70,88060.00,88196.30,3919.255
2025-12-20T20:00:00,88196.40,88434.90,88111.10,88320.80,3120.141
2025-12-21T00:00:00,88320.70,88400.00,87821.10,88043.20,7336.323
2025-12-21T04:00:00,88043.30,88174.50,88010.00,88138.70,2659.008
2025-12-21T08:00:00,88138.80,89050.00,88103.30,88570.60,15426.009
2025-12-21T12:00:00,88570.70,88885.90,87548.50,88024.70,25733.455
2025-12-21T16:00:00,88024.70,88588.00,87902.00,88448.20,10214.556
2025-12-21T20:00:00,88448.30,88786.90,88047.40,88621.30,6255.037
2025-12-22T00:00:00,88621.30,89600.00,87845.00,88727.50,31996.805
2025-12-22T04:00:00,88727.40,89173.80,88665.30,89127.70,9144.909
2025-12-22T08:00:00,89127.80,90085.00,89050.10,89905.20,25914.874
2025-12-22T12:00:00,89905.20,90599.00,89109.10,89688.50,43053.447
2025-12-22T16:00:00,89688.60,90088.00,87906.70,88011.10,26150.733
2025-12-22T20:00:00,88011.00,88805.90,87872.60,88581.50,18432.701
2025-12-23T00:00:00,88581.50,88904.90,87738.30,88128.20,16525.238
2025-12-23T04:00:00,88128.20,88342.00,86976.60,87531.30,23180.432
2025-12-23T08:00:00,87531.30,87852.00,87256.30,87813.90,12098.900
2025-12-23T12:00:00,87813.80,87914.00,86536.00,87405.30,34384.868
2025-12-23T16:00:00,87405.20,88247.80,87121.40,87724.20,32501.327
2025-12-23T20:00:00,87724.20,88349.20,87145.00,87463.00,14967.183
2025-12-24T00:00:00,87463.10,87849.90,86817.90,87311.40,15341.836
2025-12-24T04:00:00,87311.40,87430.00,86738.80,86868.10,11302.398
2025-12-24T08:00:00,86868.10,87316.70,86671.70,87162.60,10537.249
2025-12-24T12:00:00,87162.60,87450.00,86355.00,87012.00,23298.985
2025-12-24T16:00:00,87012.00,87660.00,86878.30,87521.40,13327.506
2025-12-24T20:00:00,87521.40,88033.30,87484.60,87627.30,7735.534
2025-12-25T00:00:00,87627.40,87933.50,87466.90,87811.60,5633.524
2025-12-25T04:00:00,87811.60,87830.00,87617.10,87795.90,3874.387
2025-12-25T08:00:00,87795.90,87858.80,87219.00,87485.20,8305.291
2025-12-25T12:00:00,87485.20,88594.00,87360.70,88338.90,15360.367
2025-12-25T16:00:00,88339.00,88451.60,87947.80,88112.30,9470.156
2025-12-25T20:00:00,88112.30,88139.20,86902.10,87182.80,15152.527
2025-12-26T00:00:00,87182.80,89432.00,86824.80,88796.20,38115.137
2025-12-26T04:00:00,88796.20,89557.60,88300.50,88433.00,21937.337
2025-12-26T08:00:00,88433.00,88888.00,88380.00,88507.50,11419.104
2025-12-26T12:00:00,88507.60,89037.00,86619.90,87100.00,51437.502
2025-12-26T16:00:00,87100.00,87555.00,86760.40,87453.70,19187.707
2025-12-26T20:00:00,87453.70,87750.00,87266.60,87318.20,7874.950
2025-12-27T00:00:00,87318.30,87493.40,87203.00,87473.40,4564.436
2025-12-27T04:00:00,87473.40,87669.70,87374.50,87490.90,3525.475
2025-12-27T08:00:00,87490.90,87634.90,87324.60,87433.60,5166.212
2025-12-27T12:00:00,87433.60,87555.00,87264.80,87516.20,4515.048
2025-12-27T16:00:00,87516.30,87545.60,87397.50,87522.40,2442.758
2025-12-27T20:00:00,87522.30,87956.90,87455.50,87829.40,7080.180
2025-12-28T00:00:00,87829.50,87921.70,87674.40,87693.00,4818.273
2025-12-28T04:00:00,87693.10,87802.50,87566.00,87697.70,3595.942
2025-12-28T08:00:00,87697.70,87980.90,87676.40,87850.80,5882.811
2025-12-28T12:00:00,87850.90,88078.30,87762.20,87797.70,6369.212
2025-12-28T16:00:00,87797.60,87902.70,87448.40,87488.60,9230.702
2025-12-28T20:00:00,87488.70,88023.40,87402.60,87920.50,7463.024
2025-12-29T00:00:00,87920.40,90156.50,87778.50,90091.60,45213.489
2025-12-29T04:00:00,90091.50,90373.40,89448.10,89583.00,25464.187
2025-12-29T08:00:00,89583.00,89791.50,87520.10,87529.00,45300.356
2025-12-29T12:00:00,87529.10,88150.00,86760.00,87636.60,49719.631
2025-12-29T16:00:00,87636.40,87968.10,87259.60,87328.90,15239.929
2025-12-29T20:00:00,87328.90,87569.20,87043.40,87203.30,9066.617
2025-12-30T00:00:00,87203.20,87393.10,86789.00,87334.70,13438.983
2025-12-30T04:00:00,87334.70,87581.40,87105.60,87457.50,8171.089
2025-12-30T08:00:00,87457.50,88190.60,87455.50,87875.20,23327.302
2025-12-30T12:00:00,87875.30,89126.00,87788.20,88966.80,38901.923
2025-12-30T16:00:00,88966.80,89355.00,87910.40,88189.70,32511.331
2025-12-30T20:00:00,88189.80,88533.00,87833.20,88455.30,10394.632
2025-12-31T00:00:00,88455.20,88780.00,88134.90,88411.50,11679.228
2025-12-31T04:00:00,88411.60,88596.00,88280.10,88569.00,6284.482
2025-12-31T08:00:00,88568.90,89000.00,88339.90,88967.60,12440.160
2025-12-31T12:00:00,88967.60,89192.80,87729.20,87909.00,31536.840
2025-12-31T16:00:00,87909.00,88024.30,87350.50,87515.00,24053.975
2025-12-31T20:00:00,87515.00,87849.70,87189.20,87608.20,10773.672
2026-01-01T00:00:00,87608.30,88065.00,87600.00,87824.60,7102.550
2026-01-01T04:00:00,87824.60,87831.60,87508.40,87603.70,5685.305
2026-01-01T08:00:00,87603.70,87985.60,87590.00,87980.10,6046.668
2026-01-01T12:00:00,87980.10,88079.30,87758.40,87986.80,8130.085
2026-01-01T16:00:00,87986.80,88475.80,87833.10,88354.80,11314.033
2026-01-01T20:00:00,88354.80,88881.40,88193.20,88800.00,9662.662
2026-01-02T00:00:00,88800.00,89088.00,88324.40,88899.30,19809.197
2026-01-02T04:00:00,88899.30,89055.00,88533.60,88829.30,12241.301
2026-01-02T08:00:00,88829.30,89900.00,88780.00,89458.30,27887.349
2026-01-02T12:00:00,89458.30,90126.50,88401.20,89373.10,50647.142
2026-01-02T16:00:00,89373.00,90945.10,89145.20,89865.00,53631.695
2026-01-02T20:00:00,89865.00,90368.70,89588.00,89951.40,12445.764
2026-01-03T00:00:00,89951.50,90365.90,89914.50,90279.90,6484.185
2026-01-03T04:00:00,90280.00,90456.00,89261.20,89535.90,14358.150
2026-01-03T08:00:00,89535.90,89943.90,89380.20,89706.40,9668.717
2026-01-03T12:00:00,89706.40,90200.00,89620.00,89931.80,10078.954
2026-01-03T16:00:00,89931.70,90189.00,89866.50,90091.80,4811.570
2026-01-03T20:00:00,90091.80,90716.90,89972.90,90595.80,11489.693
2026-01-04T00:00:00,90595.80,91597.60,90595.70,91192.70,21036.474
2026-01-04T04:00:00,91192.70,91779.70,91142.30,91477.50,13544.574
2026-01-04T08:00:00,91477.50,91581.70,91111.90,91262.70,11954.424
2026-01-04T12:00:00,91262.80,91377.20,90968.00,91292.80,10317.597
2026-01-04T16:00:00,91292.80,91429.40,90790.10,91102.90,9385.331
2026-01-04T20:00:00,91102.90,91567.00,91085.10,91497.10,7534.629
2026-01-05T00:00:00,91497.20,93382.50,91476.50,92835.20,51047.503
2026-01-05T04:00:00,92835.30,92920.00,92102.00,92492.10,20234.161
2026-01-05T08:00:00,92492.10,93131.80,92292.00,93093.30,20213.743
2026-01-05T12:00:00,93093.30,93998.90,92370.90,93899.90,43133.117
2026-01-05T16:00:00,93900.00,94475.70,93201.00,94248.60,35514.604
2026-01-05T20:00:00,94248.60,94760.30,93757.90,93822.40,19273.184
2026-01-06T00:00:00,93822.30,94125.10,93467.10,93725.80,13154.652
2026-01-06T04:00:00,93725.70,93966.40,93088.00,93207.40,16653.016
2026-01-06T08:00:00,93207.40,93865.50,93130.40,93799.90,13061.435
2026-01-06T12:00:00,93800.00,94415.40,93292.00,93608.20,42110.368
2026-01-06T16:00:00,93608.20,93728.90,91209.00,92062.20,69722.545
2026-01-06T20:00:00,92062.20,93825.00,92062.20,93708.00,32741.034
2026-01-07T00:00:00,93708.10,93708.10,92202.90,92778.20,23633.179
2026-01-07T04:00:00,92778.10,92893.00,92457.90,92848.10,9331.514
2026-01-07T08:00:00,92848.10,92928.00,91549.90,92041.90,31461.263
2026-01-07T12:00:00,92041.80,92249.30,90987.00,91303.10,39915.388
2026-01-07T16:00:00,91303.20,91750.00,90634.10,91143.60,28364.998
2026-01-07T20:00:00,91143.60,91462.10,90740.50,91328.00,16280.508
2026-01-08T00:00:00,91328.10,91666.00,90555.10,90780.10,15801.589
2026-01-08T04:00:00,90780.00,91157.60,89588.10,90509.90,33939.861
2026-01-08T08:00:00,90509.80,90741.20,89733.60,90192.30,26745.978
2026-01-08T12:00:00,90192.20,90790.00,89242.00,90730.00,49177.480
2026-01-08T16:00:00,90730.00,91425.10,90244.70,90890.90,28633.856
2026-01-08T20:00:00,90890.90,91449.90,90519.90,91059.80,14177.180
2026-01-09T00:00:00,91059.80,91600.00,90800.60,91190.10,13112.406
2026-01-09T04:00:00,91190.10,91203.00,90704.00,90712.10,7718.517
2026-01-09T08:00:00,90712.10,90812.00,89632.80,90398.10,29857.973
2026-01-09T12:00:00,90398.10,91999.00,89800.00,91137.70,50210.138
2026-01-09T16:00:00,91137.80,91749.90,90145.00,90290.60,30045.679
2026-01-09T20:00:00,90290.60,90693.00,90082.60,90603.60,9449.964
2026-01-10T00:00:00,90603.70,90748.60,90474.40,90591.30,4296.028
2026-01-10T04:00:00,90591.30,90650.40,90351.60,90627.10,3897.275
2026-01-10T08:00:00,90627.10,90800.00,90570.00,90692.80,5112.255
2026-01-10T12:00:00,90692.90,90758.70,90494.00,90622.70,4673.046
2026-01-10T16:00:00,90622.80,90708.00,90450.00,90591.40,3632.768
2026-01-10T20:00:00,90591.30,90627.60,90358.50,90469.60,3659.369
2026-01-11T00:00:00,90469.70,90699.90,90410.60,90696.50,3298.738
2026-01-11T04:00:00,90696.40,90818.00,90530.90,90664.00,3375.466
2026-01-11T08:00:00,90663.90,90787.80,90555.00,90707.30,4860.961
2026-01-11T12:00:00,90707.20,91143.10,90650.00,90834.10,11189.115
2026-01-11T16:00:00,90834.00,91252.50,90609.50,90644.70,7657.326
2026-01-11T20:00:00,90644.70,91000.00,90175.30,90964.40,13162.776
2026-01-12T00:00:00,90964.40,92488.00,90642.00,91766.20,34613.115
2026-01-12T04:00:00,91766.20,92245.10,91342.00,91369.20,14891.693
2026-01-12T08:00:00,91369.20,91586.50,90319.40,90573.90,30364.738
2026-01-12T12:00:00,90573.90,91637.80,90066.00,91618.70,33382.596
2026-01-12T16:00:00,91618.60,92299.00,90966.00,91821.90,43461.407
2026-01-12T20:00:00,91821.90,92017.00,90870.00,91252.60,12523.834
2026-01-13T00:00:00,91252.50,91524.50,91011.00,91380.90,11584.552
2026-01-13T04:00:00,91380.90,92258.00,91316.30,91908.00,20473.116
2026-01-13T08:00:00,91908.00,92676.60,91850.60,91962.10,23092.118
2026-01-13T12:00:00,91962.10,93408.00,91700.60,93407.90,48588.204
2026-01-13T16:00:00,93407.90,94189.00,93009.80,94179.50,39149.646
2026-01-13T20:00:00,94179.60,96863.70,94011.70,95375.20,57658.282
2026-01-14T00:00:00,95375.20,95670.00,95082.00,95665.70,16464.491
2026-01-14T04:00:00,95665.60,95755.00,94413.40,95166.60,23449.918
2026-01-14T08:00:00,95166.60,95288.00,94700.00,94763.60,14291.289
2026-01-14T12:00:00,94763.70,97100.00,94643.00,96691.90,56131.329
2026-01-14T16:00:00,96691.90,97733.90,96180.00,97221.80,52868.159
2026-01-14T20:00:00,97221.80,97932.10,96666.60,96907.90,18838.305
2026-01-15T00:00:00,96908.00,96960.90,95733.10,95943.10,19713.874
2026-01-15T04:00:00,95943.10,96744.20,95909.10,96601.20,17931.660
2026-01-15T08:00:00,96601.20,97155.00,96243.80,96548.90,15485.899
2026-01-15T12:00:00,96548.90,97100.00,95403.70,96717.30,45603.132
2026-01-15T16:00:00,96717.30,97047.60,95080.00,95469.20,37698.441
2026-01-15T20:00:00,95469.20,95837.80,95089.00,95567.30,12771.735
2026-01-16T00:00:00,95567.40,95825.00,95279.80,95319.60,9561.470
2026-01-16T04:00:00,95319.60,95790.00,95111.10,95608.40,14107.350
2026-01-16T08:00:00,95608.40,95805.00,95210.50,95382.60,9683.442
2026-01-16T12:00:00,95382.50,95763.00,94234.50,94537.50,37520.560
2026-01-16T16:00:00,94537.60,95191.80,94454.50,94961.00,17146.236
2026-01-16T20:00:00,94961.00,95550.00,94630.00,95503.70,13199.031
2026-01-17T00:00:00,95503.80,95536.90,95136.20,95324.00,5524.505
2026-01-17T04:00:00,95324.10,95346.10,94999.90,95061.10,4766.776
2026-01-17T08:00:00,95061.10,95287.10,94977.50,95283.90,4032.162
2026-01-17T12:00:00,95283.80,95621.90,95152.10,95529.00,11191.027
2026-01-17T16:00:00,95529.00,95529.00,95165.50,95258.30,7792.851
2026-01-17T20:00:00,95258.30,95373.20,95000.00,95107.90,5661.912
2026-01-18T00:00:00,95107.90,95200.90,94819.50,95155.00,6600.369
2026-01-18T04:00:00,95155.00,95236.50,94980.00,94989.90,4813.436
2026-01-18T08:00:00,94989.90,95257.40,94980.00,95133.40,5147.428
2026-01-18T12:00:00,95133.30,95326.40,94850.40,95067.80,12660.949
2026-01-18T16:00:00,95067.70,95485.90,95024.60,95335.60,7763.476
2026-01-18T20:00:00,95335.60,95490.00,93550.30,93614.00,25594.735
2026-01-19T00:00:00,93614.00,93614.10,91800.00,92656.60,49990.263
2026-01-19T04:00:00,92656.70,92810.00,92344.50,92787.90,11351.718
2026-01-19T08:00:00,92787.80,93312.80,92635.00,93136.70,13800.415
2026-01-19T12:00:00,93136.80,93188.00,92660.00,93013.50,11142.096
2026-01-19T16:00:00,93013.40,93379.00,92888.00,93066.20,8569.393
2026-01-19T20:00:00,93066.20,93312.10,92116.00,92589.60,13383.171
2026-01-20T00:00:00,92589.60,92845.00,92200.00,92397.00,13853.313
2026-01-20T04:00:00,92396.90,92440.10,90723.30,91136.10,40101.084
2026-01-20T08:00:00,91136.10,91415.10,90622.20,91185.80,17642.089
2026-01-20T12:00:00,91185.80,91344.80,89819.00,90644.20,49534.190
2026-01-20T16:00:00,90644.30,90944.50,89250.20,89694.10,34730.522
2026-01-20T20:00:00,89694.10,89824.00,87787.20,88390.60,32215.002
2026-01-21T00:00:00,88390.70,89568.50,88218.20,89396.00,18898.318
2026-01-21T04:00:00,89395.90,90088.00,89045.00,89171.30,19315.661
2026-01-21T08:00:00,89171.30,89449.00,88614.10,88757.10,13506.472
2026-01-21T12:00:00,88757.00,90599.50,88109.70,90237.10,54268.387
2026-01-21T16:00:00,90237.20,90427.60,87205.50,90321.90,76317.133
2026-01-21T20:00:00,90321.90,90349.00,89317.90,89411.40,25776.644
2026-01-22T00:00:00,89411.40,90327.70,89411.30,89857.00,13517.244
2026-01-22T04:00:00,89856.90,90170.10,89750.00,89772.60,8495.666
2026-01-22T08:00:00,89772.60,90123.00,89701.90,89909.60,9239.677
2026-01-22T12:00:00,89909.70,90309.50,88465.60,88953.60,42054.956
2026-01-22T16:00:00,88953.70,89882.10,88630.20,89732.90,22922.654
2026-01-22T20:00:00,89732.80,89908.50,89095.50,89518.50,9684.024
2026-01-23T00:00:00,89518.40,89948.90,89400.00,89886.10,7103.310
2026-01-23T04:00:00,89886.20,90050.00,89358.00,89497.20,10350.649
2026-01-23T08:00:00,89497.30,89590.90,88823.30,89171.20,14039.112
2026-01-23T12:00:00,89171.30,89847.20,88530.00,89711.20,27156.810
2026-01-23T16:00:00,89711.20,91195.00,89438.00,89938.30,53329.738
2026-01-23T20:00:00,89938.30,90124.10,89163.60,89558.70,12846.231
2026-01-24T00:00:00,89558.70,89893.90,89383.50,89738.40,5898.549
2026-01-24T04:00:00,89738.40,89820.10,89530.60,89581.20,4004.245
2026-01-24T08:00:00,89581.30,89659.20,89539.50,89548.50,3259.833
2026-01-24T12:00:00,89548.50,89554.90,89131.20,89235.00,8263.039
2026-01-24T16:00:00,89234.90,89425.20,89116.90,89286.00,6341.109
2026-01-24T20:00:00,89286.10,89444.40,89155.00,89180.70,2969.162
2026-01-25T00:00:00,89180.70,89281.60,88800.00,88920.00,5837.206
2026-01-25T04:00:00,88920.00,89057.80,88600.00,88630.30,6941.923
2026-01-25T08:00:00,88630.30,88727.20,88084.00,88531.00,12171.295
2026-01-25T12:00:00,88530.90,88947.10,88306.60,88406.00,12877.754
2026-01-25T16:00:00,88406.00,88410.00,86100.00,86459.40,55909.370
2026-01-25T20:00:00,86459.40,86966.40,86021.70,86628.90,31141.815
2026-01-26T00:00:00,86628.90,87922.00,86463.20,87233.10,28640.303
2026-01-26T04:00:00,87233.10,88059.60,87188.30,87968.90,13632.750
2026-01-26T08:00:00,87969.00,88367.50,87556.90,87810.00,12963.850
2026-01-26T12:00:00,87810.10,88834.10,87278.50,87609.50,37919.782
2026-01-26T16:00:00,87609.40,88496.40,86960.00,87965.60,28639.512
2026-01-26T20:00:00,87965.50,88637.40,87506.80,88300.60,12813.294
2026-01-27T00:00:00,88300.60,88880.60,88157.40,88744.60,12771.372
2026-01-27T04:00:00,88744.70,88983.30,88239.90,88287.90,8861.368
2026-01-27T08:00:00,88288.00,88365.60,87707.10,87947.50,10960.454
2026-01-27T12:00:00,87947.40,88418.80,87530.00,88000.10,21717.911
2026-01-27T16:00:00,88000.10,88836.30,87265.40,88378.10,38341.683
2026-01-27T20:00:00,88378.10,89499.00,88335.60,89197.80,25273.326
2026-01-28T00:00:00,89197.80,89454.60,88932.60,89079.80,10026.193
2026-01-28T04:00:00,89079.80,89366.00,88786.00,89106.80,9710.807
2026-01-28T08:00:00,89106.80,90122.00,88831.90,90036.90,19303.904
2026-01-28T12:00:00,90036.90,90444.40,88852.20,89444.40,38056.703
2026-01-28T16:00:00,89444.50,90592.70,88974.00,89363.60,32992.134
2026-01-28T20:00:00,89363.50,89880.10,88829.00,89261.70,13795.118
2026-01-29T00:00:00,89261.70,89316.80,87650.10,88003.20,26173.956
2026-01-29T04:00:00,88003.20,88394.20,87863.00,88310.90,9421.294
2026-01-29T08:00:00,88310.90,88461.20,87711.00,87795.20,16008.750
2026-01-29T12:00:00,87795.10,88133.20,84335.40,84898.00,74469.515
2026-01-29T16:00:00,84897.90,85596.10,83338.30,83979.40,83125.553
2026-01-29T20:00:00,83979.50,84699.90,83785.60,84604.70,17562.523
2026-01-30T00:00:00,84604.70,84697.20,81000.00,82640.90,76402.239
2026-01-30T04:00:00,82640.90,83300.00,82021.10,82770.10,33705.929
2026-01-30T08:00:00,82770.10,83280.60,82108.40,83104.80,24459.859
2026-01-30T12:00:00,83104.70,83779.20,82328.60,82850.20,42061.200
2026-01-30T16:00:00,82850.10,84599.00,81832.00,84200.00,52992.028
2026-01-30T20:00:00,84199.90,84487.70,83501.00,84211.40,25173.261
2026-01-31T00:00:00,84211.40,84239.50,83775.50,83987.50,9341.051
2026-01-31T04:00:00,83987.50,84110.00,83368.00,83514.40,10028.444
2026-01-31T08:00:00,83514.30,83598.00,82530.20,82983.20,23221.921
2026-01-31T12:00:00,82983.20,83115.30,80754.30,81268.60,51733.360
2026-01-31T16:00:00,81268.60,82200.00,75500.00,77707.90,140211.477
2026-01-31T20:00:00,77707.90,79200.00,77037.80,78706.80,37012.258
2026-02-01T00:00:00,78706.70,79396.80,78245.70,78826.30,19245.976
2026-02-01T04:00:00,78826.30,79094.90,77899.90,78320.80,18661.217
2026-02-01T08:00:00,78320.80,79194.00,78099.80,78712.10,18582.650
2026-02-01T12:00:00,78712.10,78732.00,76752.50,77563.80,45953.015
2026-02-01T16:00:00,77563.80,78421.60,76950.90,77142.40,29864.884
2026-02-01T20:00:00,77142.40,77753.60,75644.00,76931.50,54676.338
2026-02-02T00:00:00,76931.60,78111.00,74555.00,76256.20,70032.518
2026-02-02T04:00:00,76256.20,76930.00,74853.00,76612.60,56149.261
2026-02-02T08:00:00,76612.60,77937.70,76576.70,77716.10,30912.995
2026-02-02T12:00:00,77716.00,79311.00,77515.60,78800.60,58953.880
2026-02-02T16:00:00,78800.50,79248.00,78234.90,78299.20,27195.435
2026-02-02T20:00:00,78299.10,78935.90,77843.20,78692.50,16402.325
2026-02-03T00:00:00,78692.50,79163.00,77566.50,78710.70,24856.120
2026-02-03T04:00:00,78710.70,78967.90,77900.10,78749.90,19860.497
2026-02-03T08:00:00,78750.00,79049.00,77900.00,78040.10,23203.397
2026-02-03T12:00:00,78040.10,78425.80,77000.50,78094.10,51447.122
2026-02-03T16:00:00,78094.20,78101.50,72889.20,74893.80,138235.631
2026-02-03T20:00:00,74893.90,76920.70,74541.00,75732.40,50122.749
2026-02-04T00:00:00,75732.40,76952.50,75420.00,76661.10,25230.293
2026-02-04T04:00:00,76661.10,76809.40,76072.00,76478.90,13166.927
2026-02-04T08:00:00,76478.90,76568.00,75629.90,75987.60,23832.370
2026-02-04T12:00:00,75987.60,76245.50,73756.00,74107.00,78049.845
2026-02-04T16:00:00,74107.00,74211.80,72101.00,73895.30,110739.361
2026-02-04T20:00:00,73895.20,74141.10,71838.00,73137.40,42105.843
2026-02-05T00:00:00,73137.50,73316.30,71111.00,71198.90,61677.796
2026-02-05T04:00:00,71199.00,71600.00,70085.30,70716.10,70629.246
2026-02-05T08:00:00,70716.10,71944.40,69862.00,70279.00,55156.137
2026-02-05T12:00:00,70279.10,70848.60,66666.00,67451.90,168792.675
2026-02-05T16:00:00,67452.00,68667.40,65160.00,65237.40,138785.242
2026-02-05T20:00:00,65237.50,65678.10,62233.30,62868.10,175048.645
2026-02-06T00:00:00,62868.10,65969.50,59800.00,64138.10,176970.308
2026-02-06T04:00:00,64138.10,66783.00,63924.70,64811.20,70097.968
2026-02-06T08:00:00,64811.20,66773.40,64438.90,66586.10,54110.748
2026-02-06T12:00:00,66586.10,69157.90,66072.00,68577.50,105687.051
2026-02-06T16:00:00,68577.50,71451.60,68348.00,70675.50,107975.296
2026-02-06T20:00:00,70675.50,71714.40,69764.70,70544.50,44341.398
2026-02-07T00:00:00,70544.50,70899.50,69674.50,70887.10,31855.755
2026-02-07T04:00:00,70887.20,71690.00,67250.00,68050.50,88703.150
2026-02-07T08:00:00,68050.50,68797.80,67550.20,67935.10,39834.145
2026-02-07T12:00:00,67935.00,70000.00,67870.20,69122.10,59726.379
2026-02-07T16:00:00,69122.10,69887.70,68478.10,69341.40,34087.255
2026-02-07T20:00:00,69341.30,69688.20,68734.60,69254.20,12456.967
2026-02-08T00:00:00,69254.30,69666.00,68843.70,69064.70,14911.652
2026-02-08T04:00:00,69064.70,69693.00,68928.00,69665.00,12103.435
2026-02-08T08:00:00,69665.10,71199.90,69467.90,70954.00,43821.848
2026-02-08T12:00:00,70954.00,71524.90,70653.00,71152.60,28255.244
2026-02-08T16:00:00,71152.50,71480.00,70220.10,71381.00,23445.872
2026-02-08T20:00:00,71381.00,72300.00,69913.30,70288.10,40215.536
2026-02-09T00:00:00,70288.20,71434.90,70013.30,71269.90,28075.139
2026-02-09T04:00:00,71269.80,71320.00,70251.10,70393.50,19162.987
2026-02-09T08:00:00,70393.50,70583.30,68373.90,68899.90,49010.982
2026-02-09T12:00:00,68900.00,69843.70,68271.70,69528.90,56527.819
2026-02-09T16:00:00,69528.90,71041.00,69050.00,70912.70,46984.623
2026-02-09T20:00:00,70912.60,71085.00,69776.10,70110.50,22681.278
2026-02-10T00:00:00,70110.60,70499.90,69155.80,69473.30,22533.107
2026-02-10T04:00:00,69473.20,69886.10,68633.30,68882.10,26911.354
2026-02-10T08:00:00,68882.20,69376.30,68406.40,68489.90,24790.436
2026-02-10T12:00:00,68489.90,69554.70,67883.00,69251.50,61160.036
2026-02-10T16:00:00,69251.40,69957.90,68555.60,69031.40,34739.185
2026-02-10T20:00:00,69031.30,69116.90,68322.10,68805.30,13738.491
2026-02-11T00:00:00,68805.30,69262.70,67951.80,68143.60,19145.197
2026-02-11T04:00:00,68143.60,68288.00,66511.00,67000.00,43120.560
2026-02-11T08:00:00,67000.00,67094.40,66342.60,67023.00,25236.662
2026-02-11T12:00:00,67022.90,68821.10,65718.50,66489.30,94588.830
2026-02-11T16:00:00,66489.40,67831.40,65834.50,67547.70,47502.511
2026-02-11T20:00:00,67547.60,68315.00,66757.40,67054.40,27031.764
2026-02-12T00:00:00,67054.80,68021.00,67016.60,67550.20,19130.074
2026-02-12T04:00:00,67550.30,67659.60,66640.00,67181.50,17969.216
2026-02-12T08:00:00,67181.50,68265.50,66860.00,68031.80,23709.827
2026-02-12T12:00:00,68031.80,68385.00,66958.00,67107.00,45122.558
2026-02-12T16:00:00,67107.00,67221.90,65081.00,65760.70,70971.692
2026-02-12T20:00:00,65760.70,66460.80,65177.80,66243.10,23089.892
2026-02-13T00:00:00,66243.20,66778.50,65833.90,66519.60,18050.465
2026-02-13T04:00:00,66519.60,66650.20,65964.20,66183.30,15780.838
2026-02-13T08:00:00,66183.30,67196.80,66159.90,67137.80,22860.438
2026-02-13T12:00:00,67137.80,69289.50,66823.60,68652.00,71464.150
2026-02-13T16:00:00,68652.10,69473.70,68500.00,68904.20,38164.259
2026-02-13T20:00:00,68904.30,69055.90,68639.70,68821.50,16723.139
2026-02-14T00:00:00,68821.50,69118.10,68736.20,68947.70,9642.697
2026-02-14T04:00:00,68947.70,69318.20,68689.10,69182.20,9127.385
2026-02-14T08:00:00,69182.10,70557.70,69174.50,70464.80,27428.772
2026-02-14T12:00:00,70464.80,70499.40,69163.70,69754.20,36370.367
2026-02-14T16:00:00,69754.20,69903.30,69259.10,69849.00,15953.444
2026-02-14T20:00:00,69848.90,70230.60,69600.00,69795.40,16011.581
2026-02-15T00:00:00,69795.40,69967.40,69212.20,69926.00,18571.897
2026-02-15T04:00:00,69925.90,70907.70,69925.90,70784.00,26247.372
2026-02-15T08:00:00,70784.00,70938.50,70114.80,70268.70,18316.803
2026-02-15T12:00:00,70268.60,70391.00,68741.40,69068.10,41787.049
2026-02-15T16:00:00,69068.10,69074.00,68029.60,68263.60,30584.219
2026-02-15T20:00:00,68263.70,69049.20,68100.20,68796.90,15742.790
2026-02-16T00:00:00,68796.90,69033.60,68112.20,68392.60,13437.439
2026-02-16T04:00:00,68392.60,68869.80,68183.30,68552.40,12323.489
2026-02-16T08:00:00,68552.50,69029.90,68300.00,68769.40,15845.783
2026-02-16T12:00:00,68769.40,70110.90,67250.00,67505.50,69582.444
2026-02-16T16:00:00,67505.50,68221.70,67475.00,67883.60,20666.719
2026-02-16T20:00:00,67883.50,68962.10,67788.60,68862.50,17723.874
2026-02-17T00:00:00,68862.60,69228.60,68350.00,68443.60,16477.877
2026-02-17T04:00:00,68443.60,68681.80,67854.20,68353.40,15435.494
2026-02-17T08:00:00,68353.40,68445.80,67655.00,67824.40,15199.471
2026-02-17T12:00:00,67824.30,68350.00,66588.00,67363.60,51182.908
2026-02-17T16:00:00,67363.60,68220.10,66824.50,67766.90,40921.100
2026-02-17T20:00:00,67766.90,67897.60,67355.70,67475.90,9968.272
2026-02-18T00:00:00,67475.90,67683.40,66850.10,67590.20,13859.457
2026-02-18T04:00:00,67590.30,68190.20,67456.60,68078.40,13751.365
2026-02-18T08:00:00,68078.50,68438.00,67037.20,67345.40,27303.081
2026-02-18T12:00:00,67345.40,68336.00,66666.20,67671.00,43142.829
2026-02-18T16:00:00,67671.10,67684.60,65826.10,66138.20,48354.052
2026-02-18T20:00:00,66138.30,66528.80,65993.10,66422.80,17562.607
2026-02-19T00:00:00,66422.80,66975.00,66301.80,66950.40,11949.431
2026-02-19T04:00:00,66950.40,67299.40,66651.80,67180.40,12987.831
2026-02-19T08:00:00,67180.40,67180.40,66431.10,66468.90,17634.609
2026-02-19T12:00:00,66468.80,66723.00,65595.70,66362.70,53345.665
2026-02-19T16:00:00,66362.60,67174.00,65863.80,67022.90,39321.698
2026-02-19T20:00:00,67022.80,67147.80,66618.20,66974.00,12193.367
2026-02-20T00:00:00,66973.90,67490.00,66912.40,67327.20,16163.093
2026-02-20T04:00:00,67327.20,67999.90,67079.30,67794.70,23131.392
2026-02-20T08:00:00,67794.80,68283.70,67250.00,67290.50,27634.024
2026-02-20T12:00:00,67290.40,68099.90,66408.10,67547.60,89010.872
2026-02-20T16:00:00,67547.60,67998.90,66915.00,67616.50,53992.045
2026-02-20T20:00:00,67616.50,68220.00,67486.60,67979.30,15372.545
2026-02-21T00:00:00,67979.30,68079.00,67488.90,67637.00,13484.385
2026-02-21T04:00:00,67636.90,67899.00,67555.20,67821.00,6835.056
2026-02-21T08:00:00,67821.00,68280.00,67776.20,68060.90,16424.915
2026-02-21T12:00:00,68061.00,68687.00,67882.80,68571.50,21938.833
2026-02-21T16:00:00,68571.50,68632.50,68066.00,68516.30,16510.563
2026-02-21T20:00:00,68516.30,68568.10,67860.00,67933.10,12301.741
2026-02-22T00:00:00,67933.20,68198.50,67763.70,68010.50,12501.071
2026-02-22T04:00:00,68010.50,68204.30,67850.40,67973.00,8942.586
2026-02-22T08:00:00,67973.00,68220.00,67877.00,68183.40,9086.000
2026-02-22T12:00:00,68183.40,68205.10,67275.00,67659.90,31174.344
2026-02-22T16:00:00,67660.00,67712.00,67150.00,67402.20,12981.135
2026-02-22T20:00:00,67402.10,67728.00,67324.10,67613.50,9658.286
2026-02-23T00:00:00,67613.60,67655.80,64232.80,64894.00,89086.873
2026-02-23T04:00:00,64894.10,65980.00,64628.50,65915.80,31480.866
2026-02-23T08:00:00,65915.70,66574.50,65534.60,66170.80,30726.787
2026-02-23T12:00:00,66170.80,66490.00,65500.00,65633.10,44068.051
2026-02-23T16:00:00,65633.10,65701.20,64050.00,64273.90,57061.836
2026-02-23T20:00:00,64273.90,64989.00,63860.00,64625.80,24726.883
2026-02-24T00:00:00,64625.80,64980.00,63303.90,63570.50,44780.755
2026-02-24T04:00:00,63570.50,63606.30,62655.00,63155.30,43162.099
2026-02-24T08:00:00,63155.40,63432.40,62900.00,63192.20,17864.350
2026-02-24T12:00:00,63192.10,63993.10,62401.70,63933.40,55745.736
2026-02-24T16:00:00,63933.40,64719.10,63664.80,64405.40,44265.128
2026-02-24T20:00:00,64405.40,64566.50,63769.20,64031.30,17332.501
2026-02-25T00:00:00,64031.40,66283.10,63876.00,65361.70,56855.085
2026-02-25T04:00:00,65361.70,65627.50,64720.40,65001.10,26612.513
2026-02-25T08:00:00,65001.20,65674.10,64929.70,65396.70,19061.581
2026-02-25T12:00:00,65396.60,67548.00,65280.10,67362.30,69345.322
2026-02-25T16:00:00,67362.40,69531.30,67354.20,69005.20,77165.838
2026-02-25T20:00:00,69005.20,69999.00,67557.00,67952.50,50198.479
2026-02-26T00:00:00,67952.50,68666.00,67690.10,68187.50,24179.246
2026-02-26T04:00:00,68187.40,68850.00,67780.00,67800.00,20005.173
2026-02-26T08:00:00,67800.00,68689.70,67750.00,68025.20,23034.015
2026-02-26T12:00:00,68025.20,68270.90,66730.70,67353.40,50416.384
2026-02-26T16:00:00,67353.30,67888.00,66462.00,67550.70,47321.725
2026-02-26T20:00:00,67550.70,67790.10,67114.00,67448.20,12880.512
2026-02-27T00:00:00,67448.10,67670.00,66841.60,67557.40,22307.866
2026-02-27T04:00:00,67557.40,68188.80,67417.40,67644.10,22791.161
2026-02-27T08:00:00,67644.10,68127.80,65923.00,66094.10,50214.113
2026-02-27T12:00:00,66094.00,66320.00,65626.10,66072.60,53927.286
2026-02-27T16:00:00,66072.50,66095.20,65080.00,65365.40,37731.794
2026-02-27T20:00:00,65365.40,65921.70,64875.60,65836.00,18985.144
2026-02-28T00:00:00,65836.00,65994.70,65681.90,65763.80,10665.044
2026-02-28T04:00:00,65763.80,65786.80,62979.50,63788.40,77198.277
2026-02-28T08:00:00,63787.40,64267.90,63313.90,63810.40,35913.713
2026-02-28T12:00:00,63810.40,65335.80,63782.20,64800.00,55609.039
2026-02-28T16:00:00,64800.10,66642.80,64635.00,66318.10,39161.254
2026-02-28T20:00:00,66318.10,67735.00,66150.00,66937.10,39375.459
2026-03-01T00:00:00,66937.00,68189.00,65812.00,67474.70,56559.864
2026-03-01T04:00:00,67474.80,67582.20,66757.20,67113.90,24461.609
2026-03-01T08:00:00,67114.00,67275.50,66160.40,66439.00,25330.042
2026-03-01T12:00:00,66439.00,67333.00,66100.00,66810.80,31465.641
2026-03-01T16:00:00,66810.80,67083.00,65681.30,65926.00,39092.282
2026-03-01T20:00:00,65925.90,66888.00,65011.00,65750.00,42201.998
2026-03-02T00:00:00,65749.90,67082.50,65726.00,66787.30,30045.733
2026-03-02T04:00:00,66787.30,66966.00,65509.00,65981.30,23909.560
2026-03-02T08:00:00,65981.20,66707.50,65612.40,66329.90,25846.474
2026-03-02T12:00:00,66329.80,69588.00,65234.40,69089.10,100518.310
2026-03-02T16:00:00,69089.10,70100.00,68519.80,68928.40,69288.610
2026-03-02T20:00:00,68928.40,69500.00,68529.50,68801.80,27769.345
2026-03-03T00:00:00,68801.80,69221.60,68142.10,68349.30,24654.008
2026-03-03T04:00:00,68349.40,68561.90,67759.60,68138.30,25184.326
2026-03-03T08:00:00,68138.20,68281.60,66270.70,67000.00,57583.252
2026-03-03T12:00:00,67000.00,68000.00,66080.00,67692.50,67933.027
2026-03-03T16:00:00,67692.50,68972.90,67440.00,68395.90,61502.223
2026-03-03T20:00:00,68395.90,68821.50,67778.40,68295.30,20613.064
2026-03-04T00:00:00,68295.20,68887.90,67350.00,67700.10,33692.828
2026-03-04T04:00:00,67700.10,69676.40,67421.90,69464.50,39330.795
2026-03-04T08:00:00,69464.50,71887.90,69100.20,71082.40,94611.132
2026-03-04T12:00:00,71082.30,73436.40,70559.70,73339.70,92618.500
2026-03-04T16:00:00,73339.70,74046.50,72467.20,73580.20,67026.008
2026-03-04T20:00:00,73580.30,73678.20,72273.00,72641.40,29864.233
2026-03-05T00:00:00,72641.40,73295.70,72300.00,72469.60,23591.685
2026-03-05T04:00:00,72469.50,73060.00,71740.00,72025.50,32629.087
2026-03-05T08:00:00,72025.40,73539.10,71716.30,72879.90,38402.512
2026-03-05T12:00:00,72880.00,73032.00,71136.20,71611.70,62191.887
2026-03-05T16:00:00,71611.70,71620.60,70612.80,70875.50,50962.285
2026-03-05T20:00:00,70875.50,71530.40,70737.90,70854.80,18390.824
2026-03-06T00:00:00,70854.80,71387.50,70339.60,71045.40,23279.920
2026-03-06T04:00:00,71045.40,71168.00,70100.00,71026.70,29611.984
2026-03-06T08:00:00,71026.70,71035.30,70164.90,70185.60,25068.966
2026-03-06T12:00:00,70185.60,70328.50,68121.60,68468.40,84732.612
2026-03-06T16:00:00,68468.30,68759.50,67712.30,68101.00,34900.467
2026-03-06T20:00:00,68100.90,68406.60,67731.00,68083.00,15788.754
2026-03-07T00:00:00,68083.00,68524.90,68018.70,68063.20,14174.659
2026-03-07T04:00:00,68063.30,68130.70,67411.00,67809.40,20253.761
2026-03-07T08:00:00,67809.50,68215.60,67675.00,67975.90,13839.088
2026-03-07T12:00:00,67976.00,68061.10,67568.40,67844.80,13378.413
2026-03-07T16:00:00,67844.80,67913.60,66850.10,67042.60,19525.490
2026-03-07T20:00:00,67042.60,67445.90,67028.00,67232.10,13398.751
2026-03-08T00:00:00,67232.10,67459.00,66720.80,66974.90,16885.389
2026-03-08T04:00:00,66974.90,67430.00,66508.00,67277.20,18554.059
2026-03-08T08:00:00,67277.10,68171.60,67121.10,67490.00,27801.877
2026-03-08T12:00:00,67490.10,67623.00,66730.00,67174.70,27339.604
2026-03-08T16:00:00,67174.60,67459.20,66707.00,67299.00,18854.836
2026-03-08T20:00:00,67299.00,67496.40,65569.20,65934.30,46312.208
2026-03-09T00:00:00,65934.30,67646.00,65770.50,67165.30,41435.983
2026-03-09T04:00:00,67165.30,68038.40,66833.90,67504.80,42658.686
2026-03-09T08:00:00,67504.90,68441.50,67301.00,67723.30,33413.817
2026-03-09T12:00:00,67723.30,69449.10,67714.20,68832.30,64501.076
2026-03-09T16:00:00,68832.40,69498.00,68200.10,68951.80,39934.468
2026-03-09T20:00:00,68951.80,69100.20,68333.00,68394.10,15267.517
2026-03-10T00:00:00,68394.00,70555.00,68345.00,69391.00,51529.442
2026-03-10T04:00:00,69391.00,70500.00,69391.00,70374.70,28318.564
2026-03-10T08:00:00,70374.70,71272.40,70332.20,70570.10,38904.133
2026-03-10T12:00:00,70570.10,71748.10,69184.80,71296.90,79824.041
2026-03-10T16:00:00,71296.90,71665.80,69688.00,70005.20,43473.679
2026-03-10T20:00:00,70005.10,70375.40,69388.00,69901.90,23624.625
2026-03-11T00:00:00,69901.80,70139.60,69455.60,69517.00,19934.411
2026-03-11T04:00:00,69517.00,70249.10,69329.70,69622.10,22428.745
2026-03-11T08:00:00,69622.20,69750.00,69098.00,69144.00,19591.571
2026-03-11T12:00:00,69144.00,71060.70,68932.90,70186.90,81262.520
2026-03-11T16:00:00,70187.00,71286.00,70093.20,70600.80,37304.834
2026-03-11T20:00:00,70600.70,70931.90,70078.60,70150.00,15105.875
2026-03-12T00:00:00,70150.00,70314.10,69180.00,69402.60,24677.582
2026-03-12T04:00:00,69402.60,69818.80,69150.00,69782.60,17621.830
2026-03-12T08:00:00,69782.70,70756.50,69540.90,70388.50,35040.695
2026-03-12T12:00:00,70388.60,70625.00,69303.80,70282.90,60362.280
2026-03-12T16:00:00,70282.80,70530.00,69725.00,70393.70,33038.945
2026-03-12T20:00:00,70393.70,70727.90,69974.70,70480.10,15749.261
2026-03-13T00:00:00,70480.10,71979.20,70342.70,71366.30,49074.595
2026-03-13T04:00:00,71366.30,71649.70,71150.00,71585.30,22770.578
2026-03-13T08:00:00,71585.20,72547.00,71347.10,72189.90,43793.534
2026-03-13T12:00:00,72189.80,73870.00,71700.00,71800.00,95514.604
2026-03-13T16:00:00,71800.10,72215.10,70811.00,71148.00,67789.571
2026-03-13T20:00:00,71148.10,71452.10,70510.80,70895.50,21289.239
2026-03-14T00:00:00,70895.50,71141.70,70436.20,71034.30,17911.298
2026-03-14T04:00:00,71034.30,71272.30,70256.00,70565.60,20769.739
2026-03-14T08:00:00,70565.60,70745.10,70350.00,70705.00,11804.118
2026-03-14T12:00:00,70705.00,70914.60,70444.10,70554.60,12725.591
2026-03-14T16:00:00,70554.70,70707.90,70455.60,70664.10,5710.845
2026-03-14T20:00:00,70664.10,71221.90,70607.70,71174.40,10361.423
2026-03-15T00:00:00,71174.40,71599.90,70815.70,71314.80,17119.670
2026-03-15T04:00:00,71314.80,71750.00,71277.10,71420.80,16031.421
2026-03-15T08:00:00,71420.80,71897.90,71420.80,71800.00,14103.141
2026-03-15T12:00:00,71800.10,71800.10,71220.10,71444.40,19469.966
2026-03-15T16:00:00,71444.40,71971.80,71275.00,71515.20,17115.499
2026-03-15T20:00:00,71515.20,73199.90,71396.40,72778.90,42634.545
2026-03-16T00:00:00,72778.80,74307.30,72235.60,73539.50,50880.921
2026-03-16T04:00:00,73539.50,74444.00,73345.90,73427.70,55945.157
2026-03-16T08:00:00,73427.80,73856.60,72841.90,73515.30,30983.237
2026-03-16T12:00:00,73515.30,74481.50,72926.40,73240.20,65250.406
2026-03-16T16:00:00,73240.20,74399.90,73122.00,73928.80,31945.377
2026-03-16T20:00:00,73928.80,74880.00,73819.00,74846.40,34071.892
2026-03-17T00:00:00,74846.40,75998.90,74231.60,74424.90,58475.828
2026-03-17T04:00:00,74424.90,74652.20,73723.40,74212.70,34915.028
2026-03-17T08:00:00,74212.80,74418.50,73512.00,73997.10,29483.915
2026-03-17T12:00:00,73997.10,74856.20,73330.30,73878.50,51694.124
2026-03-17T16:00:00,73878.50,74763.60,73826.80,74460.80,27312.217
2026-03-17T20:00:00,74460.80,74777.00,73829.50,73872.40,16397.861
2026-03-18T00:00:00,73872.30,74633.00,73492.00,74414.60,17853.087
2026-03-18T04:00:00,74414.70,74455.70,73636.50,73840.00,16057.317
2026-03-18T08:00:00,73840.10,74246.20,72731.60,72906.40,34321.746
2026-03-18T12:00:00,72906.40,72947.40,70821.20,71436.40,94292.645
2026-03-18T16:00:00,71436.30,71980.50,70858.30,71030.30,40790.497
2026-03-18T20:00:00,71030.30,71438.10,70456.00,71202.90,23440.177
2026-03-19T00:00:00,71202.90,71598.30,70858.40,71180.00,16806.300
2026-03-19T04:00:00,71180.00,71180.00,69421.10,70145.10,45952.411
2026-03-19T08:00:00,70145.00,70535.00,69860.30,69926.80,28698.426
2026-03-19T12:00:00,69926.80,70144.60,68750.00,69372.70,72865.933
2026-03-19T16:00:00,69372.80,70563.50,69065.40,70233.10,36895.021
2026-03-19T20:00:00,70233.00,70655.20,69677.10,69887.40,17428.086
2026-03-20T00:00:00,69887.40,70777.00,69801.30,70696.10,18120.173
2026-03-20T04:00:00,70696.10,70944.90,70161.00,70811.90,21998.628
2026-03-20T08:00:00,70812.00,71342.20,70175.00,70439.90,35467.865
2026-03-20T12:00:00,70440.00,70647.50,69450.00,69829.50,61685.772
2026-03-20T16:00:00,69829.50,70161.00,69350.00,70141.90,28032.496
2026-03-20T20:00:00,70141.90,70888.00,69701.30,70472.70,20936.583
2026-03-21T00:00:00,70472.60,70803.10,70403.20,70638.00,8766.870
2026-03-21T04:00:00,70637.90,70849.20,70582.70,70687.30,8316.400
2026-03-21T08:00:00,70687.40,70721.70,70455.60,70618.30,8839.546
2026-03-21T12:00:00,70618.20,71077.70,70420.00,70599.10,14845.433
2026-03-21T16:00:00,70599.10,70620.20,70163.00,70365.90,10277.605
2026-03-21T20:00:00,70365.80,70482.20,68511.30,68881.50,23039.032
2026-03-22T00:00:00,68881.50,69555.80,68189.00,69307.00,35724.348
2026-03-22T04:00:00,69307.10,69493.20,68846.40,68884.50,13159.053
2026-03-22T08:00:00,68884.50,68950.00,68030.00,68177.00,22401.831
2026-03-22T12:00:00,68177.00,69000.00,68153.10,68814.90,20510.702
2026-03-22T16:00:00,68814.90,68852.30,68108.00,68170.60,11335.985
2026-03-22T20:00:00,68170.60,68470.60,67300.00,67830.60,31748.645
2026-03-23T00:00:00,67830.70,68555.50,67400.10,68045.10,25498.732
2026-03-23T04:00:00,68045.20,68872.40,67456.70,68306.00,38017.808
2026-03-23T08:00:00,68305.90,71468.00,67880.00,70097.30,98820.429
2026-03-23T12:00:00,70097.20,71789.80,69644.00,70112.20,82230.708
2026-03-23T16:00:00,70112.20,71232.00,70100.50,70647.10,33568.000
2026-03-23T20:00:00,70647.10,70976.30,70370.00,70865.90,12964.001
2026-03-24T00:00:00,70866.00,71080.00,70232.00,70512.10,16904.604
2026-03-24T04:00:00,70512.10,71377.50,70075.50,71255.20,25264.519
2026-03-24T08:00:00,71255.20,71339.80,70812.70,71116.40,20900.666
2026-03-24T12:00:00,71116.40,71144.00,69467.80,69837.70,60563.264
2026-03-24T16:00:00,69837.60,69979.00,68884.50,69342.60,40454.956
2026-03-24T20:00:00,69342.60,70800.00,69257.90,70523.90,32103.941
2026-03-25T00:00:00,70524.00,71028.00,70375.00,70689.30,20167.741
2026-03-25T04:00:00,70689.20,71319.90,70659.90,70900.00,20176.191
2026-03-25T08:00:00,70899.90,71999.90,70752.50,71650.30,31609.885
2026-03-25T12:00:00,71650.30,71933.30,70531.40,70792.40,50063.907
2026-03-25T16:00:00,70792.40,71742.20,70623.40,70853.20,30523.044
2026-03-25T20:00:00,70853.30,71606.00,70603.00,71297.50,13975.081
2026-03-26T00:00:00,71297.50,71408.10,70640.00,70881.90,15369.374
2026-03-26T04:00:00,70882.00,70882.00,69722.60,70053.80,28170.739
2026-03-26T08:00:00,70053.80,70131.50,69127.20,69239.30,31299.448
2026-03-26T12:00:00,69239.30,69872.20,68553.40,69054.80,49114.500
2026-03-26T16:00:00,69054.90,69138.80,68115.80,68502.70,32420.866
2026-03-26T20:00:00,68502.70,69466.60,68378.50,68788.00,30098.687
2026-03-27T00:00:00,68788.10,69142.70,68458.50,68728.80,15782.447
2026-03-27T04:00:00,68728.80,68925.00,68257.20,68501.70,22617.561
2026-03-27T08:00:00,68501.80,68619.90,66175.40,66663.20,66255.788
2026-03-27T12:00:00,66663.30,66742.20,65681.50,66092.00,59804.127
2026-03-27T16:00:00,66091.90,66267.40,65501.00,66005.40,34760.006
2026-03-27T20:00:00,66005.50,66384.00,65766.10,66364.20,13131.119
2026-03-28T00:00:00,66364.10,66472.40,65888.00,66191.80,13447.828
2026-03-28T04:00:00,66191.80,66533.90,66068.30,66520.80,9361.184
2026-03-28T08:00:00,66520.90,66529.40,66087.30,66288.50,10694.728
2026-03-28T12:00:00,66288.40,67284.00,66191.70,66982.30,31909.105
2026-03-28T16:00:00,66982.40,67065.00,66644.00,66873.00,11262.952
2026-03-28T20:00:00,66873.00,66978.00,66233.60,66334.80,12697.695
2026-03-29T00:00:00,66334.80,67100.00,66235.60,66875.70,15037.104
2026-03-29T04:00:00,66875.70,66907.50,66521.40,66632.50,10557.620
2026-03-29T08:00:00,66632.40,66986.80,66375.50,66780.80,11793.427
2026-03-29T12:00:00,66780.80,66849.00,66288.10,66500.00,16588.365
2026-03-29T16:00:00,66499.90,66639.00,66111.00,66320.20,12137.954
2026-03-29T20:00:00,66320.30,66767.90,64918.20,65977.90,44163.926
2026-03-30T00:00:00,65978.00,67487.70,65754.20,67139.80,43452.227
2026-03-30T04:00:00,67140.00,67777.00,67129.30,67595.90,24988.604
2026-03-30T08:00:00,67595.90,67998.00,67333.30,67651.50,25240.799
2026-03-30T12:00:00,67651.50,68148.40,67055.00,67590.20,42769.125
2026-03-30T16:00:00,67590.20,67614.90,66200.10,66516.00,34170.069
2026-03-30T20:00:00,66515.90,66973.50,66377.10,66764.40,16438.241
2026-03-31T00:00:00,66764.40,68377.00,66498.90,67670.80,38783.787
2026-03-31T04:00:00,67670.80,67865.70,67071.90,67343.80,21775.200
2026-03-31T08:00:00,67343.90,67476.90,65938.00,66652.40,45906.629
2026-03-31T12:00:00,66652.40,67765.80,66374.40,66700.00,60392.206
2026-03-31T16:00:00,66700.00,68600.00,66695.90,67803.00,60172.062
2026-03-31T20:00:00,67803.00,68382.90,67794.80,68241.50,16303.201
2026-04-01T00:00:00,68241.40,68330.00,67534.90,68134.00,21051.997
2026-04-01T04:00:00,68134.00,69288.00,67965.00,68651.90,39490.528
2026-04-01T08:00:00,68651.90,68821.50,68360.00,68669.90,19706.052
2026-04-01T12:00:00,68670.00,68938.80,67883.70,68877.00,38470.852
2026-04-01T16:00:00,68876.90,69142.60,67900.40,68143.80,27241.301
2026-04-01T20:00:00,68143.70,68510.60,67927.00,68086.50,11315.490
2026-04-02T00:00:00,68086.40,68639.10,66455.90,66538.40,51050.567
2026-04-02T04:00:00,66538.40,66898.50,66171.80,66887.90,25041.797
2026-04-02T08:00:00,66887.80,66887.90,66065.10,66180.60,19810.094
2026-04-02T12:00:00,66180.60,67080.00,65676.10,66810.60,54090.961
2026-04-02T16:00:00,66810.60,67400.00,66550.00,66943.20,29514.463
2026-04-02T20:00:00,66943.20,67078.90,66681.30,66868.50,8851.039
2026-04-03T00:00:00,66868.60,66976.20,66240.00,66550.00,18212.835
2026-04-03T04:00:00,66550.10,67233.30,66375.10,67008.80,13472.972
2026-04-03T08:00:00,67008.80,67258.00,66644.00,66983.40,12486.352
2026-04-03T12:00:00,66983.50,67350.00,66478.50,66806.10,22358.522
2026-04-03T16:00:00,66806.00,67046.10,66714.10,66857.00,7921.876
2026-04-03T20:00:00,66857.00,66946.30,66791.80,66930.00,4815.276
2026-04-04T00:00:00,66930.00,66935.30,66773.30,66799.10,3902.732
2026-04-04T04:00:00,66799.10,67023.70,66745.50,66982.00,6007.355
2026-04-04T08:00:00,66982.10,67223.80,66874.50,67128.90,7992.931
2026-04-04T12:00:00,67128.90,67554.50,67003.70,67357.30,16379.357
2026-04-04T16:00:00,67357.40,67523.80,67226.40,67262.70,11176.887
2026-04-04T20:00:00,67262.80,67452.70,67150.60,67271.00,5311.075
2026-04-05T00:00:00,67271.10,67279.20,66900.00,67113.50,6903.652
2026-04-05T04:00:00,67113.40,67160.00,66575.50,66787.40,13916.330
2026-04-05T08:00:00,66787.40,67132.80,66782.10,66972.70,6904.214
2026-04-05T12:00:00,66972.70,67828.60,66650.00,67272.20,27564.797
2026-04-05T16:00:00,67272.20,67540.00,67132.20,67329.10,10633.010
2026-04-05T20:00:00,67329.10,69108.00,67302.40,68997.90,38996.166
2026-04-06T00:00:00,68997.90,69583.00,68740.20,69092.40,31472.532
2026-04-06T04:00:00,69092.30,69338.20,68769.60,69089.70,16774.749
2026-04-06T08:00:00,69089.80,70252.90,69047.70,69583.60,31538.644
2026-04-06T12:00:00,69583.50,69931.90,69088.00,69922.50,31536.197
2026-04-06T16:00:00,69922.40,70332.50,69240.00,69704.80,28697.393
2026-04-06T20:00:00,69704.80,69940.00,68227.50,68817.90,26737.721
2026-04-07T00:00:00,68817.90,69111.80,68241.90,68746.30,22331.356
2026-04-07T04:00:00,68746.40,68955.60,68400.60,68592.10,12350.999
2026-04-07T08:00:00,68592.00,69219.00,68033.00,68310.80,32353.624
2026-04-07T12:00:00,68310.70,68613.80,67711.00,68138.40,38539.121
2026-04-07T16:00:00,68138.50,69068.60,68049.90,68975.90,28366.793
2026-04-07T20:00:00,68975.90,72743.40,68975.90,71890.20,98886.354
2026-04-08T00:00:00,71890.20,72086.40,71186.00,71259.60,26757.697
2026-04-08T04:00:00,71259.70,71919.00,71250.00,71612.00,17009.861
2026-04-08T08:00:00,71612.10,71945.00,71367.00,71650.20,14461.090
2026-04-08T12:00:00,71650.20,72858.50,70671.60,71274.80,79220.378
2026-04-08T16:00:00,71274.90,71934.50,70980.00,71283.00,32164.665
2026-04-08T20:00:00,71283.00,71726.70,70850.90,71038.10,13764.801
2026-04-09T00:00:00,71038.20,71168.00,70428.00,70961.20,21193.853
2026-04-09T04:00:00,70961.20,71087.80,70666.00,70945.00,12002.442
2026-04-09T08:00:00,70945.00,71533.00,70831.90,71109.90,17310.192
2026-04-09T12:00:00,71109.90,72320.00,70470.20,72108.00,49151.802
2026-04-09T16:00:00,72108.00,72517.90,71688.80,72055.90,41877.194
2026-04-09T20:00:00,72055.80,73128.00,71539.90,71750.40,34270.974
2026-04-10T00:00:00,71750.40,72350.00,71546.00,71837.30,21715.955
2026-04-10T04:00:00,71837.30,72243.60,71382.10,71461.20,16485.581
2026-04-10T08:00:00,71461.20,72229.00,71395.00,72092.70,19118.232
2026-04-10T12:00:00,72092.80,73255.70,71868.50,72421.00,57943.465
2026-04-10T16:00:00,72421.10,73223.40,72350.00,73187.30,23358.005
2026-04-10T20:00:00,73187.40,73450.00,72669.10,72917.40,17948.428
2026-04-11T00:00:00,72917.40,73066.20,72615.00,72835.10,10123.999
2026-04-11T04:00:00,72835.10,72921.50,72566.40,72707.70,11906.343
2026-04-11T08:00:00,72707.80,72886.00,72580.00,72868.20,8113.981
2026-04-11T12:00:00,72868.20,72945.00,72451.90,72817.30,12417.345
2026-04-11T16:00:00,72817.30,73773.40,72775.30,73635.90,23634.789
2026-04-11T20:00:00,73635.90,73648.80,72861.20,73013.40,13973.213
2026-04-12T00:00:00,73013.40,73094.40,71259.00,71563.60,43169.182
2026-04-12T04:00:00,71563.60,71750.00,71369.70,71628.10,12023.589
2026-04-12T08:00:00,71628.20,71750.00,71309.70,71435.00,8820.093
2026-04-12T12:00:00,71435.00,71478.00,70566.50,70856.20,34941.462
2026-04-12T16:00:00,70856.10,71199.00,70777.00,71055.20,11517.812
2026-04-12T20:00:00,71055.20,71423.90,70458.20,70711.10,24350.851
2026-04-13T00:00:00,70711.20,71245.00,70574.00,70944.80,15132.601
2026-04-13T04:00:00,70944.80,71114.90,70627.90,70780.00,11392.397
2026-04-13T08:00:00,70780.10,70960.30,70517.30,70883.90,11273.638
2026-04-13T12:00:00,70883.90,72431.00,70722.30,71823.60,57450.265
2026-04-13T16:00:00,71823.60,73441.70,71629.50,73272.20,56314.370
2026-04-13T20:00:00,73272.10,74870.00,72953.30,74385.00,61466.248
2026-04-14T00:00:00,74384.90,74583.10,73946.90,74408.80,19651.083
2026-04-14T04:00:00,74408.80,74900.00,74112.20,74513.40,16214.625
2026-04-14T08:00:00,74513.30,74873.50,74267.20,74342.40,16225.412
2026-04-14T12:00:00,74342.40,76009.00,74234.00,75268.10,75098.043
2026-04-14T16:00:00,75268.10,75684.90,73789.70,74176.40,41947.024
2026-04-14T20:00:00,74176.50,74387.70,73766.80,74106.90,14125.303
2026-04-15T00:00:00,74106.90,74739.20,74085.00,74296.80,16203.804
2026-04-15T04:00:00,74296.80,74400.00,73449.00,73705.10,19300.982
2026-04-15T08:00:00,73705.20,74227.50,73640.10,74155.10,17459.363
2026-04-15T12:00:00,74155.00,74473.50,73540.00,73797.50,32291.529
2026-04-15T16:00:00,73797.50,75240.00,73714.90,74957.80,24574.563
2026-04-15T20:00:00,74957.70,75425.60,74466.50,74776.20,21199.530
2026-04-16T00:00:00,74776.30,75232.70,74400.00,74851.90,15651.250
2026-04-16T04:00:00,74851.90,75130.00,74590.30,74667.70,17045.274
2026-04-16T08:00:00,74667.70,74866.90,74226.20,74528.40,20577.670
2026-04-16T12:00:00,74528.40,74981.10,73256.80,74659.50,56715.810
2026-04-16T16:00:00,74659.50,75378.10,73873.50,75309.40,32912.364
2026-04-16T20:00:00,75309.50,75500.00,74736.50,75106.80,15495.357
2026-04-17T00:00:00,75106.80,75118.40,74480.00,74582.80,13107.450
2026-04-17T04:00:00,74582.80,75060.40,74508.20,75047.40,11691.865
2026-04-17T08:00:00,75047.40,76350.00,74951.60,75542.20,53474.253
2026-04-17T12:00:00,75542.10,77999.90,75481.80,77736.20,107834.631
2026-04-17T16:00:00,77736.20,78300.00,76921.90,77348.80,40552.358
2026-04-17T20:00:00,77349.20,77566.00,76854.20,77030.60,12735.358
2026-04-18T00:00:00,77030.60,77380.00,76903.20,76964.30,9887.034
2026-04-18T04:00:00,76964.40,77233.60,76824.10,76951.00,10695.009
2026-04-18T08:00:00,76951.00,77004.20,75710.60,76002.00,37691.022
2026-04-18T12:00:00,76002.00,76342.70,75738.00,76124.80,17432.324
2026-04-18T16:00:00,76124.80,76176.60,75395.90,75604.20,23009.346
2026-04-18T20:00:00,75604.20,75843.30,75551.00,75653.80,7179.656
2026-04-19T00:00:00,75653.80,75804.00,75314.00,75473.00,10862.513
2026-04-19T04:00:00,75472.90,75747.30,74824.30,75205.60,18131.041
2026-04-19T08:00:00,75205.70,75589.20,74863.60,75557.40,14364.469
2026-04-19T12:00:00,75557.50,76200.00,75342.30,75807.60,28969.611
2026-04-19T16:00:00,75807.70,75817.70,74550.00,74917.90,25232.576
2026-04-19T20:00:00,74918.00,74920.20,73700.20,73758.40,31418.001
2026-04-20T00:00:00,73758.40,74697.60,73669.00,74593.90,21233.994
2026-04-20T04:00:00,74593.90,75539.30,74061.20,74795.50,25444.888
2026-04-20T08:00:00,74795.50,75375.10,74563.20,75148.70,18020.188
2026-04-20T12:00:00,75148.80,75750.00,74639.50,75668.10,42510.020
2026-04-20T16:00:00,75668.10,76449.80,75242.50,76252.50,38692.836
2026-04-20T20:00:00,76252.50,76531.00,75556.20,75790.10,20247.741
2026-04-21T00:00:00,75790.10,76232.30,75433.10,75669.10,13838.396
2026-04-21T04:00:00,75669.10,76276.60,75558.80,76050.00,14272.520
2026-04-21T08:00:00,76050.00,76999.00,76025.00,76408.30,27821.111
2026-04-21T12:00:00,76408.30,76574.30,75355.20,75799.90,48277.160
2026-04-21T16:00:00,75800.00,76155.00,74777.90,74988.60,38568.672
2026-04-21T20:00:00,74988.70,76396.20,74942.20,76288.20,21983.128
2026-04-22T00:00:00,76288.30,77699.00,76078.60,77488.30,39061.724
2026-04-22T04:00:00,77488.40,78447.50,77321.70,77979.80,41227.885
2026-04-22T08:00:00,77979.70,78365.80,77895.30,78263.20,15681.688
2026-04-22T12:00:00,78263.20,79370.00,78060.00,79234.30,53011.501
2026-04-22T16:00:00,79234.30,79444.00,78586.70,78791.30,27094.127
2026-04-22T20:00:00,78791.30,78868.90,78111.60,78139.80,15010.171
2026-04-23T00:00:00,78139.70,78534.90,77410.70,77704.30,29046.607
2026-04-23T04:00:00,77704.30,78310.10,77627.40,78009.10,17571.723
2026-04-23T08:00:00,78009.10,78142.20,76504.60,77649.90,35463.400
2026-04-23T12:00:00,77650.00,78648.00,77322.80,78329.20,35494.645
2026-04-23T16:00:00,78329.30,78466.80,76900.10,77670.50,43195.351
2026-04-23T20:00:00,77670.40,78299.00,77598.40,78216.80,11713.286
2026-04-24T00:00:00,78217.40,78546.00,77500.00,77690.10,23409.633
2026-04-24T04:00:00,77690.10,78019.20,77401.50,77620.50,17255.414
2026-04-24T08:00:00,77620.50,78346.10,77355.80,78194.80,25294.889
2026-04-24T12:00:00,78194.90,78432.90,77521.00,78007.30,31389.885
2026-04-24T16:00:00,78007.30,78031.90,77308.00,77596.10,20079.534
2026-04-24T20:00:00,77596.00,77727.00,77206.80,77395.40,10353.650
2026-04-25T00:00:00,77395.30,77678.00,77254.70,77629.00,6659.441
2026-04-25T04:00:00,77629.00,77653.20,77400.00,77449.90,5246.887
2026-04-25T08:00:00,77449.90,77847.00,77444.00,77638.70,8566.490
2026-04-25T12:00:00,77638.70,77719.10,77263.00,77289.30,9750.494
2026-04-25T16:00:00,77289.30,77411.80,77100.00,77285.60,10601.660
2026-04-25T20:00:00,77285.70,77615.70,77267.30,77585.00,5767.514
2026-04-26T00:00:00,77585.00,77607.70,77280.00,77349.30,6370.913
2026-04-26T04:00:00,77349.30,78164.70,77338.40,78061.50,15176.812
2026-04-26T08:00:00,78061.50,78182.80,77880.00,78050.00,6338.101
2026-04-26T12:00:00,78050.00,78136.50,77715.00,78007.90,11383.992
2026-04-26T16:00:00,78007.90,78477.90,77815.00,78183.10,15250.276
2026-04-26T20:00:00,78183.20,78994.80,77777.00,78613.50,25423.211
2026-04-27T00:00:00,78614.40,79455.00,78319.10,79065.10,28332.003
2026-04-27T04:00:00,79065.10,79128.10,77408.60,77556.70,46056.494
2026-04-27T08:00:00,77556.70,77949.90,77500.00,77804.30,15085.328
2026-04-27T12:00:00,77804.30,78232.00,76524.00,76760.00,45532.905
2026-04-27T16:00:00,76760.00,76902.70,76400.00,76844.40,20255.064
2026-04-27T20:00:00,76844.30,77419.70,76714.80,77331.20,13839.089
2026-04-28T00:00:00,77331.20,77450.00,76632.40,76770.60,16306.693
2026-04-28T04:00:00,76770.60,77132.40,76324.10,76828.40,17501.573
2026-04-28T08:00:00,76828.30,76956.00,76088.00,76198.80,16237.845
2026-04-28T12:00:00,76198.90,76403.70,75635.60,76027.80,32920.405
2026-04-28T16:00:00,76027.70,76352.00,75840.30,76293.60,12516.735
2026-04-28T20:00:00,76293.50,76448.00,76150.00,76298.10,8435.626
2026-04-29T00:00:00,76298.20,77098.80,76138.70,76955.70,17757.966
2026-04-29T04:00:00,76955.70,77432.10,76839.80,77003.80,24024.000
2026-04-29T08:00:00,77003.80,77873.20,76918.50,77552.50,25723.964
2026-04-29T12:00:00,77552.50,77563.60,75675.20,75889.10,47484.616
2026-04-29T16:00:00,75889.10,76220.00,74868.00,75518.50,54386.306
2026-04-29T20:00:00,75518.40,76061.20,75448.00,75749.90,17156.651
2026-04-30T00:00:00,75749.90,76445.00,75448.90,75882.10,22074.553
2026-04-30T04:00:00,75881.60,76148.00,75273.50,76129.90,15761.964
2026-04-30T08:00:00,76129.90,76332.60,75836.00,76032.90,15331.776
2026-04-30T12:00:00,76032.90,76630.30,76009.80,76423.00,26961.697
2026-04-30T16:00:00,76423.00,76470.50,76060.40,76366.70,11760.837
2026-04-30T20:00:00,76366.70,76536.20,76155.10,76305.40,7863.633
2026-05-01T00:00:00,76305.40,77421.20,76265.40,77082.60,21673.031
2026-05-01T04:00:00,77082.60,77177.10,76833.70,77100.00,12318.418
2026-05-01T08:00:00,77099.90,77588.40,77010.50,77429.50,17873.319
2026-05-01T12:00:00,77429.60,78879.90,77368.20,78395.40,66947.870
2026-05-01T16:00:00,78395.40,78642.00,78081.50,78316.90,19035.818
2026-05-01T20:00:00,78317.00,78402.90,77717.70,78192.00,15149.850
2026-05-02T00:00:00,78191.90,78503.90,78123.00,78377.70,8115.878
2026-05-02T04:00:00,78377.70,78416.80,77979.30,78181.60,10254.585
2026-05-02T08:00:00,78181.60,78359.20,78055.70,78105.70,5555.410
2026-05-02T12:00:00,78105.70,78458.20,78056.00,78449.80,8234.343
2026-05-02T16:00:00,78449.80,78565.90,78277.00,78443.80,5602.226
2026-05-02T20:00:00,78444.10,79145.00,78376.00,78652.90,13678.666
2026-05-03T00:00:00,78652.80,78740.50,78069.00,78162.40,13209.701
2026-05-03T04:00:00,78162.30,78415.40,78027.00,78316.60,7080.944
2026-05-03T08:00:00,78316.60,78814.70,78295.10,78620.50,9195.937
2026-05-03T12:00:00,78620.60,78850.00,78522.90,78625.20,9849.891
2026-05-03T16:00:00,78625.20,78832.20,78514.20,78729.10,5743.945
2026-05-03T20:00:00,78729.10,79428.90,78440.00,78529.00,26953.203
2026-05-04T00:00:00,78529.00,80426.00,78235.40,80278.70,59484.212
2026-05-04T04:00:00,80278.70,80590.20,79440.00,79663.50,30796.491
2026-05-04T08:00:00,79663.40,79900.00,78128.30,78753.50,64999.688
2026-05-04T12:00:00,78753.50,80528.90,78450.00,79976.70,75904.797
2026-05-04T16:00:00,79976.60,80771.70,79562.00,80018.40,38924.278
2026-05-04T20:00:00,80018.30,80363.20,79715.90,79826.10,10807.116
2026-05-05T00:00:00,79826.10,81050.00,79761.20,80836.90,24027.045
2026-05-05T04:00:00,80836.80,81278.20,80671.40,80815.80,26966.917
2026-05-05T08:00:00,80815.80,81071.00,80480.60,80973.00,21914.277
2026-05-05T12:00:00,80973.10,81656.60,80879.50,81488.70,49091.490
2026-05-05T16:00:00,81488.70,81636.40,81000.00,81554.40,20374.894
2026-05-05T20:00:00,81554.30,81745.40,80716.80,80861.90,28546.905
2026-05-06T00:00:00,80861.90,81716.30,80651.20,81535.90,19335.861
2026-05-06T04:00:00,81535.90,81599.00,81005.60,81333.30,13068.658
2026-05-06T08:00:00,81333.40,82828.70,81280.00,82485.40,52877.103
2026-05-06T12:00:00,82485.30,82508.70,81073.10,81656.40,47013.667
2026-05-06T16:00:00,81656.40,81855.00,81137.80,81416.50,14700.188
2026-05-06T20:00:00,81416.50,81655.00,80929.80,81390.10,11205.031
2026-05-07T00:00:00,81390.00,81450.50,80767.10,80797.30,18369.798
2026-05-07T04:00:00,80797.40,81680.60,80675.80,81480.10,19556.646
2026-05-07T08:00:00,81480.00,81564.60,80521.80,80827.90,20018.567
2026-05-07T12:00:00,80827.90,81158.70,79605.00,79861.60,40977.456
2026-05-07T16:00:00,79861.50,80235.00,79461.50,80103.10,22970.036
2026-05-07T20:00:00,80103.10,80331.60,79531.10,79969.40,12835.149
2026-05-08T00:00:00,79969.50,80106.30,79137.40,79540.00,17479.539
2026-05-08T04:00:00,79539.90,79743.80,79208.00,79635.00,12514.453
2026-05-08T08:00:00,79635.00,80287.00,79626.00,80181.90,19245.773
2026-05-08T12:00:00,80181.80,80478.00,79507.60,80119.10,35525.912
2026-05-08T16:00:00,80119.10,80266.60,79692.40,80147.70,15204.840
2026-05-08T20:00:00,80147.90,80376.00,80044.70,80155.20,6792.396
2026-05-09T00:00:00,80155.20,80542.00,80080.00,80340.60,7422.748
2026-05-09T04:00:00,80340.70,80641.80,80084.30,80181.70,10981.652
2026-05-09T08:00:00,80181.60,80422.30,80124.80,80310.40,7358.212
2026-05-09T12:00:00,80310.40,80566.00,80190.00,80488.30,9589.206
2026-05-09T16:00:00,80488.30,81043.20,80440.00,80896.90,15965.786
2026-05-09T20:00:00,80897.10,80900.00,80569.00,80634.00,4639.730
2026-05-10T00:00:00,80634.00,80859.90,80533.70,80735.10,6239.685
2026-05-10T04:00:00,80735.20,80809.40,80619.60,80695.90,3918.369
2026-05-10T08:00:00,80695.90,80939.50,80641.50,80782.10,7173.695
2026-05-10T12:00:00,80782.10,81423.20,80743.20,81381.40,15739.641
2026-05-10T16:00:00,81381.50,81587.90,81105.60,81398.00,15380.911
2026-05-10T20:00:00,81398.00,82460.50,80225.10,82177.70,46498.502
2026-05-11T00:00:00,82177.70,82350.00,80470.10,80693.40,34137.133
2026-05-11T04:00:00,80693.40,81033.30,80597.80,80708.90,11262.175
2026-05-11T08:00:00,80708.80,81172.60,80580.00,81167.10,10673.423
2026-05-11T12:00:00,81167.10,81434.80,80394.00,81403.40,29458.505
2026-05-11T16:00:00,81403.40,82098.90,81297.50,81917.10,27429.743
2026-05-11T20:00:00,81917.80,82051.10,81521.50,81699.10,9029.442
2026-05-12T00:00:00,81699.10,81757.30,80661.20,81028.30,20957.010
2026-05-12T04:00:00,81028.30,81270.20,80756.00,80809.20,14722.452
2026-05-12T08:00:00,80809.20,80930.70,80444.00,80742.70,16396.375
2026-05-12T12:00:00,80742.70,80968.60,80143.00,80301.60,36183.842
2026-05-12T16:00:00,80301.60,80836.50,79801.00,80799.50,25607.157
2026-05-12T20:00:00,80799.60,80848.60,80393.90,80461.00,7447.120
2026-05-13T00:00:00,80461.00,81268.00,80364.50,81217.10,14181.690
2026-05-13T04:00:00,81217.00,81253.50,80847.00,80981.90,9637.715
2026-05-13T08:00:00,80981.90,81270.20,80444.00,80460.10,17712.804
2026-05-13T12:00:00,80460.00,80558.00,78753.10,78794.70,57778.155
2026-05-13T16:00:00,78794.70,79776.20,78713.80,79604.80,29131.570
2026-05-13T20:00:00,79604.80,79729.10,79188.00,79288.30,11258.711
2026-05-14T00:00:00,79288.20,79659.90,78869.40,79005.30,18671.685
2026-05-14T04:00:00,79005.40,79962.50,78934.80,79699.90,18751.597
2026-05-14T08:00:00,79700.00,79900.00,79188.00,79216.60,13577.350
2026-05-14T12:00:00,79216.70,81270.20,79196.40,81245.50,60173.208
2026-05-14T16:00:00,81245.60,81999.00,81020.50,81373.70,54556.282
2026-05-14T20:00:00,81373.80,81540.00,81007.90,81048.90,10153.503
2026-05-15T00:00:00,81048.80,81623.80,80706.90,81022.70,21653.619
2026-05-15T04:00:00,81022.70,81073.20,80266.80,80782.80,26883.433
2026-05-15T08:00:00,80782.90,80793.00,80323.00,80582.10,13997.963
2026-05-15T12:00:00,80582.00,80596.70,78610.00,79118.00,69441.517
2026-05-15T16:00:00,79118.10,79532.10,79012.50,79104.20,14707.787
2026-05-15T20:00:00,79104.30,79185.00,78861.60,79074.00,7139.186
2026-05-16T00:00:00,79074.00,79199.70,78970.40,79041.70,6619.717
2026-05-16T04:00:00,79041.70,79096.80,78000.40,78334.30,27621.111
