timestamp,open,high,low,close,volume
2021-05-17T16:00:00,3290.65,3403.79,3125.62,3382.47,1179801.146
2021-05-17T20:00:00,3382.57,3454.65,3192.84,3283.58,750340.334
2021-05-18T00:00:00,3283.23,3421.53,3240.06,3385.99,497130.138
2021-05-18T04:00:00,3386.00,3559.55,3381.02,3513.89,587005.261
2021-05-18T08:00:00,3513.82,3570.27,3437.00,3538.74,446908.934
2021-05-18T12:00:00,3538.74,3545.00,3260.00,3346.93,1175559.538
2021-05-18T16:00:00,3346.94,3440.00,3311.54,3404.06,689965.527
2021-05-18T20:00:00,3403.91,3466.70,3325.00,3376.35,445673.872
2021-05-19T00:00:00,3377.03,3446.24,3059.62,3103.42,1120021.425
2021-05-19T04:00:00,3103.72,3139.34,2856.64,2985.31,1819029.398
2021-05-19T08:00:00,2985.29,3009.37,2432.00,2723.82,2048185.974
2021-05-19T12:00:00,2724.63,2780.00,1400.73,2750.70,2681349.622
2021-05-19T16:00:00,2750.43,2927.91,2558.15,2603.57,1475111.604
2021-05-19T20:00:00,2603.48,2718.07,2426.39,2442.98,1000719.205
2021-05-20T00:00:00,2444.02,2547.58,2150.00,2472.68,1558526.563
2021-05-20T04:00:00,2472.49,2780.24,2455.49,2711.74,920218.579
2021-05-20T08:00:00,2711.90,2760.43,2569.13,2754.57,800373.579
2021-05-20T12:00:00,2754.94,2990.85,2708.39,2904.70,1019949.268
2021-05-20T16:00:00,2904.71,2907.61,2580.00,2782.80,1266134.350
2021-05-20T20:00:00,2782.11,2863.38,2713.48,2768.42,532054.401
2021-05-21T00:00:00,2768.42,2940.00,2761.64,2789.91,484448.027
2021-05-21T04:00:00,2789.91,2807.24,2679.01,2687.30,547460.821
2021-05-21T08:00:00,2687.51,2785.80,2623.98,2712.18,627087.726
2021-05-21T12:00:00,2712.17,2762.34,2374.14,2422.59,1668655.712
2021-05-21T16:00:00,2422.59,2523.37,2308.18,2351.42,1364650.228
2021-05-21T20:00:00,2351.42,2438.00,2097.99,2431.01,1349281.673
2021-05-22T00:00:00,2431.24,2485.00,2306.54,2331.50,674031.111
2021-05-22T04:00:00,2331.50,2354.45,2151.63,2249.37,1042550.014
2021-05-22T08:00:00,2249.21,2479.00,2246.39,2415.73,951899.311
2021-05-22T12:00:00,2415.94,2489.65,2291.00,2367.85,865172.858
2021-05-22T16:00:00,2368.40,2399.00,2251.83,2255.68,580179.163
2021-05-22T20:00:00,2255.75,2385.50,2254.39,2295.15,450987.064
2021-05-23T00:00:00,2295.46,2383.41,2251.28,2318.74,508564.496
2021-05-23T04:00:00,2318.74,2318.74,2127.20,2158.08,720775.169
2021-05-23T08:00:00,2158.23,2172.90,1984.55,2115.07,1724886.216
2021-05-23T12:00:00,2115.07,2139.00,1864.88,1925.20,2042482.638
2021-05-23T16:00:00,1925.21,2000.00,1728.85,1967.04,1961553.793
2021-05-23T20:00:00,1967.04,2149.73,1966.71,2096.63,839407.324
2021-05-24T00:00:00,2096.62,2198.64,2079.00,2141.55,748257.904
2021-05-24T04:00:00,2141.55,2296.25,2082.56,2289.45,766258.490
2021-05-24T08:00:00,2289.42,2376.00,2222.29,2366.71,948920.513
2021-05-24T12:00:00,2366.70,2529.00,2340.00,2508.87,1330094.657
2021-05-24T16:00:00,2508.57,2665.00,2415.51,2651.37,1069516.831
2021-05-24T20:00:00,2651.22,2675.00,2530.00,2649.27,851217.881
2021-05-25T00:00:00,2649.49,2750.00,2538.03,2584.01,934108.643
2021-05-25T04:00:00,2584.01,2684.20,2520.66,2660.66,685086.776
2021-05-25T08:00:00,2660.67,2675.59,2380.60,2393.88,1055122.195
2021-05-25T12:00:00,2393.61,2648.84,2381.05,2610.51,1359391.723
2021-05-25T16:00:00,2610.10,2625.00,2481.59,2512.26,696504.503
2021-05-25T20:00:00,2512.26,2737.32,2504.98,2706.83,592259.103
2021-05-26T00:00:00,2706.82,2846.37,2642.87,2839.50,664354.446
2021-05-26T04:00:00,2839.74,2899.49,2771.90,2890.33,600870.576
2021-05-26T08:00:00,2890.34,2913.00,2777.00,2834.37,713087.642
2021-05-26T12:00:00,2834.36,2869.43,2687.33,2747.30,919754.135
2021-05-26T16:00:00,2747.29,2795.29,2666.00,2741.23,740057.167
2021-05-26T20:00:00,2741.17,2887.42,2723.89,2884.27,413987.833
2021-05-27T00:00:00,2884.16,2893.03,2634.00,2681.03,843705.661
2021-05-27T04:00:00,2681.16,2758.58,2646.39,2736.14,552713.755
2021-05-27T08:00:00,2736.14,2845.00,2684.00,2828.05,588134.988
2021-05-27T12:00:00,2828.04,2871.27,2776.38,2806.25,604354.788
2021-05-27T16:00:00,2806.25,2817.26,2735.18,2758.88,433550.652
2021-05-27T20:00:00,2758.68,2796.84,2701.18,2742.77,419030.090
2021-05-28T00:00:00,2742.77,2763.57,2666.00,2716.60,409584.951
2021-05-28T04:00:00,2716.49,2716.49,2512.18,2566.73,853455.125
2021-05-28T08:00:00,2566.69,2585.00,2419.57,2437.11,1104949.411
2021-05-28T12:00:00,2437.11,2618.40,2422.00,2558.22,957434.646
2021-05-28T16:00:00,2558.19,2573.18,2455.82,2500.13,716565.565
2021-05-28T20:00:00,2500.13,2526.29,2324.48,2411.66,691077.033
2021-05-29T00:00:00,2411.65,2549.25,2394.73,2527.04,553666.721
2021-05-29T04:00:00,2527.04,2577.04,2463.72,2489.50,596797.227
2021-05-29T08:00:00,2489.34,2497.32,2375.00,2449.95,728684.868
2021-05-29T12:00:00,2449.95,2451.14,2284.49,2329.16,1029085.982
2021-05-29T16:00:00,2329.16,2388.90,2220.08,2248.69,960119.521
2021-05-29T20:00:00,2248.70,2323.00,2208.04,2277.99,599668.745
2021-05-30T00:00:00,2277.99,2310.00,2179.13,2296.30,695059.342
2021-05-30T04:00:00,2296.55,2464.10,2275.67,2451.39,751389.733
2021-05-30T08:00:00,2451.37,2476.83,2376.00,2462.35,661735.541
2021-05-30T12:00:00,2462.72,2470.00,2340.00,2382.46,671731.220
2021-05-30T16:00:00,2382.46,2464.95,2364.14,2443.10,506945.962
2021-05-30T20:00:00,2443.09,2461.00,2377.55,2386.11,356122.568
2021-05-31T00:00:00,2386.11,2415.00,2271.46,2300.29,705279.111
2021-05-31T04:00:00,2300.30,2455.50,2281.00,2450.37,686089.990
2021-05-31T08:00:00,2450.44,2586.73,2425.35,2552.00,895881.853
2021-05-31T12:00:00,2552.21,2646.62,2511.00,2637.94,881135.097
2021-05-31T16:00:00,2637.94,2678.78,2573.50,2627.50,605761.682
2021-05-31T20:00:00,2627.73,2721.51,2593.25,2706.33,429772.680
2021-06-01T00:00:00,2706.46,2741.45,2612.77,2631.50,603190.008
2021-06-01T04:00:00,2631.25,2718.03,2616.00,2652.36,495352.796
2021-06-01T08:00:00,2652.35,2672.49,2546.05,2624.15,827919.252
2021-06-01T12:00:00,2624.14,2669.08,2523.82,2567.57,1005498.990
2021-06-01T16:00:00,2567.57,2589.00,2527.02,2542.87,465192.295
2021-06-01T20:00:00,2542.55,2652.96,2535.04,2634.63,382831.929
2021-06-02T00:00:00,2634.61,2651.15,2551.03,2616.10,460288.487
2021-06-02T04:00:00,2616.09,2711.38,2608.56,2694.41,490149.927
2021-06-02T08:00:00,2694.40,2723.27,2661.00,2695.34,573434.839
2021-06-02T12:00:00,2695.33,2799.00,2681.04,2791.01,689334.558
2021-06-02T16:00:00,2791.01,2804.04,2742.00,2759.03,432223.248
2021-06-02T20:00:00,2759.03,2765.00,2673.00,2707.22,381466.762
2021-06-03T00:00:00,2707.03,2728.81,2662.00,2725.18,414245.003
2021-06-03T04:00:00,2725.19,2850.00,2722.65,2820.83,698900.500
2021-06-03T08:00:00,2820.83,2892.23,2800.41,2808.22,804074.963
2021-06-03T12:00:00,2808.26,2844.90,2762.61,2789.34,879356.687
2021-06-03T16:00:00,2789.46,2853.86,2779.03,2794.19,428990.330
2021-06-03T20:00:00,2794.20,2873.47,2790.35,2858.34,335545.752
2021-06-04T00:00:00,2858.34,2861.53,2681.00,2753.00,772058.282
2021-06-04T04:00:00,2753.01,2764.52,2588.38,2620.93,972506.593
2021-06-04T08:00:00,2620.94,2665.00,2585.00,2624.99,714861.413
2021-06-04T12:00:00,2625.00,2673.44,2540.61,2656.51,990563.274
2021-06-04T16:00:00,2656.54,2712.97,2649.08,2679.04,472773.960
2021-06-04T20:00:00,2679.16,2738.60,2648.47,2689.21,421063.360
2021-06-05T00:00:00,2689.41,2782.22,2673.60,2762.28,462060.062
2021-06-05T04:00:00,2762.28,2813.16,2752.41,2781.15,429698.794
2021-06-05T08:00:00,2781.12,2817.43,2622.00,2640.25,1016804.352
2021-06-05T12:00:00,2640.34,2664.45,2580.50,2654.06,959340.262
2021-06-05T16:00:00,2654.06,2654.96,2595.53,2601.20,454120.006
2021-06-05T20:00:00,2601.21,2646.45,2550.77,2627.45,554352.164
2021-06-06T00:00:00,2627.44,2694.00,2613.11,2673.41,441037.319
2021-06-06T04:00:00,2673.39,2709.19,2646.74,2688.93,413847.985
2021-06-06T08:00:00,2688.93,2744.00,2687.30,2690.50,549809.727
2021-06-06T12:00:00,2690.50,2733.31,2652.00,2719.96,620226.983
2021-06-06T16:00:00,2719.96,2737.94,2671.00,2673.12,337184.587
2021-06-06T20:00:00,2673.12,2719.51,2664.65,2711.40,357235.284
2021-06-07T00:00:00,2711.30,2799.00,2690.09,2767.46,558582.371
2021-06-07T04:00:00,2767.46,2799.06,2733.80,2764.28,444993.749
2021-06-07T08:00:00,2764.29,2838.00,2745.00,2812.61,590667.801
2021-06-07T12:00:00,2812.85,2849.65,2752.00,2783.12,765399.893
2021-06-07T16:00:00,2783.11,2789.75,2673.67,2729.30,760598.742
2021-06-07T20:00:00,2729.29,2740.48,2569.30,2592.96,1055013.145
2021-06-08T00:00:00,2592.51,2621.27,2425.34,2490.04,1264501.419
2021-06-08T04:00:00,2490.03,2529.12,2433.11,2513.99,1096077.807
2021-06-08T08:00:00,2514.00,2558.00,2467.61,2531.57,972122.350
2021-06-08T12:00:00,2531.57,2538.67,2305.50,2374.74,1668149.328
2021-06-08T16:00:00,2374.67,2510.00,2356.06,2500.04,995820.602
2021-06-08T20:00:00,2500.13,2550.00,2482.12,2506.19,571222.580
2021-06-09T00:00:00,2506.13,2524.76,2413.46,2454.36,758331.522
2021-06-09T04:00:00,2454.35,2541.21,2404.01,2503.10,881169.592
2021-06-09T08:00:00,2502.96,2546.39,2466.01,2534.44,847674.321
2021-06-09T12:00:00,2534.51,2579.70,2443.54,2565.75,1377381.228
2021-06-09T16:00:00,2565.75,2627.38,2547.00,2562.06,867053.159
2021-06-09T20:00:00,2562.19,2625.79,2547.41,2610.20,396378.466
2021-06-10T00:00:00,2610.20,2624.79,2560.10,2562.56,393940.366
2021-06-10T04:00:00,2562.60,2575.56,2512.00,2547.14,434460.659
2021-06-10T08:00:00,2547.13,2605.00,2492.00,2565.25,730585.673
2021-06-10T12:00:00,2565.22,2570.00,2495.00,2511.75,682696.606
2021-06-10T16:00:00,2511.70,2523.89,2446.20,2457.71,565263.738
2021-06-10T20:00:00,2457.70,2495.00,2423.36,2471.11,344682.273
2021-06-11T00:00:00,2471.05,2497.94,2401.07,2465.02,521608.234
2021-06-11T04:00:00,2465.01,2489.75,2414.60,2444.81,429091.183
2021-06-11T08:00:00,2444.89,2485.00,2437.96,2468.92,444070.040
2021-06-11T12:00:00,2468.93,2479.44,2410.00,2415.76,481993.575
2021-06-11T16:00:00,2415.78,2430.46,2365.55,2397.77,561072.679
2021-06-11T20:00:00,2397.70,2411.08,2320.00,2354.25,494506.625
2021-06-12T00:00:00,2354.25,2365.89,2255.42,2300.48,796147.086
2021-06-12T04:00:00,2300.48,2324.68,2275.48,2320.72,492538.661
2021-06-12T08:00:00,2320.72,2397.65,2298.36,2388.14,689124.690
2021-06-12T12:00:00,2388.05,2452.79,2380.51,2392.49,732522.716
2021-06-12T16:00:00,2392.39,2427.04,2381.00,2409.78,370279.043
2021-06-12T20:00:00,2409.78,2422.75,2362.40,2370.59,268572.590
2021-06-13T00:00:00,2370.61,2420.01,2321.00,2333.10,496285.988
2021-06-13T04:00:00,2333.10,2347.02,2307.41,2323.53,425681.548
2021-06-13T08:00:00,2323.56,2378.66,2319.47,2362.08,466371.763
2021-06-13T12:00:00,2362.00,2382.56,2327.11,2350.29,397719.615
2021-06-13T16:00:00,2350.16,2444.75,2342.87,2429.18,551136.069
2021-06-13T20:00:00,2429.17,2548.00,2427.73,2508.71,662676.772
2021-06-14T00:00:00,2508.56,2525.36,2465.89,2478.13,409525.829
2021-06-14T04:00:00,2478.25,2513.12,2468.91,2499.14,319344.222
2021-06-14T08:00:00,2499.17,2501.00,2460.00,2478.46,312497.050
2021-06-14T12:00:00,2478.45,2579.34,2470.00,2575.74,669958.828
2021-06-14T16:00:00,2575.74,2608.53,2519.90,2538.53,637703.726
2021-06-14T20:00:00,2538.54,2584.00,2531.42,2579.82,243615.697
2021-06-15T00:00:00,2579.80,2624.26,2565.00,2585.41,426475.666
2021-06-15T04:00:00,2585.42,2639.99,2579.22,2621.50,441085.420
2021-06-15T08:00:00,2621.50,2624.00,2561.93,2576.96,470560.344
2021-06-15T12:00:00,2577.08,2606.44,2528.00,2551.07,477020.930
2021-06-15T16:00:00,2551.09,2616.18,2523.00,2530.98,475461.449
2021-06-15T20:00:00,2530.98,2567.00,2506.81,2544.17,318969.177
2021-06-16T00:00:00,2544.28,2544.89,2500.02,2521.02,331531.944
2021-06-16T04:00:00,2521.02,2557.54,2511.70,2527.69,285713.619
2021-06-16T08:00:00,2527.68,2543.00,2458.20,2460.65,479013.691
2021-06-16T12:00:00,2460.65,2468.00,2405.56,2415.99,585204.162
2021-06-16T16:00:00,2415.96,2459.00,2372.00,2418.03,723058.951
2021-06-16T20:00:00,2418.03,2423.48,2350.00,2366.84,311233.422
2021-06-17T00:00:00,2366.84,2438.95,2357.71,2433.31,353949.370
2021-06-17T04:00:00,2433.31,2459.77,2411.00,2439.81,356016.785
2021-06-17T08:00:00,2439.92,2454.80,2421.82,2424.43,359922.901
2021-06-17T12:00:00,2424.42,2426.33,2362.34,2416.03,630804.237
2021-06-17T16:00:00,2416.04,2425.00,2304.15,2338.70,748602.566
2021-06-17T20:00:00,2338.71,2380.73,2319.00,2372.51,355961.911
2021-06-18T00:00:00,2372.50,2376.94,2310.64,2340.72,385044.775
2021-06-18T04:00:00,2340.72,2368.29,2322.00,2340.77,331100.557
2021-06-18T08:00:00,2340.77,2357.91,2277.00,2318.88,691863.442
2021-06-18T12:00:00,2318.90,2325.18,2210.00,2215.00,956279.766
2021-06-18T16:00:00,2215.01,2244.98,2135.04,2152.79,900142.936
2021-06-18T20:00:00,2152.79,2235.00,2149.02,2231.68,518937.222
2021-06-19T00:00:00,2231.68,2253.77,2166.61,2187.27,529541.496
2021-06-19T04:00:00,2187.26,2248.48,2178.00,2244.85,538172.354
2021-06-19T08:00:00,2244.67,2259.00,2217.02,2240.15,423639.897
2021-06-19T12:00:00,2239.91,2280.00,2218.02,2245.58,601187.264
2021-06-19T16:00:00,2245.36,2253.47,2186.84,2220.53,472207.703
2021-06-19T20:00:00,2220.63,2228.60,2160.00,2163.36,340285.398
2021-06-20T00:00:00,2163.36,2194.70,2140.85,2182.40,443346.904
2021-06-20T04:00:00,2182.40,2219.00,2178.42,2203.23,358343.993
2021-06-20T08:00:00,2203.24,2209.93,2057.00,2072.59,1071657.328
2021-06-20T12:00:00,2072.60,2124.91,2038.94,2109.07,1001042.348
2021-06-20T16:00:00,2109.08,2245.12,2100.57,2222.15,648824.895
2021-06-20T20:00:00,2222.19,2277.00,2214.88,2242.70,594227.905
2021-06-21T00:00:00,2242.70,2259.27,2155.00,2156.70,537166.135
2021-06-21T04:00:00,2156.70,2162.13,1968.48,2011.78,2173334.880
2021-06-21T08:00:00,2011.90,2056.00,1890.26,1969.02,2324215.082
2021-06-21T12:00:00,1968.68,2022.83,1912.70,1982.82,1482315.414
2021-06-21T16:00:00,1982.81,1999.95,1908.16,1942.56,961012.792
2021-06-21T20:00:00,1942.56,1956.31,1864.36,1884.77,930199.455
2021-06-22T00:00:00,1884.75,1997.80,1858.00,1974.69,998751.485
2021-06-22T04:00:00,1974.46,1980.00,1925.52,1943.60,484325.994
2021-06-22T08:00:00,1943.60,1945.35,1852.88,1866.03,1378306.346
2021-06-22T12:00:00,1866.09,1890.00,1698.64,1858.56,2916451.470
2021-06-22T16:00:00,1858.58,1953.77,1850.00,1895.26,1254646.177
2021-06-22T20:00:00,1895.26,1934.64,1846.79,1878.46,597061.893
2021-06-23T00:00:00,1878.46,2032.54,1820.30,2010.89,1071281.873
2021-06-23T04:00:00,2011.06,2044.35,1986.08,2004.78,611557.120
2021-06-23T08:00:00,2004.78,2023.90,1964.89,1990.38,611034.415
2021-06-23T12:00:00,1990.28,2040.98,1965.84,1974.50,725984.487
2021-06-23T16:00:00,1974.35,2001.10,1914.50,1915.34,602656.405
2021-06-23T20:00:00,1915.31,1973.71,1907.21,1966.51,448721.962
2021-06-24T00:00:00,1966.48,1981.32,1883.47,1904.01,587475.422
2021-06-24T04:00:00,1904.00,1942.90,1894.68,1919.31,437902.383
2021-06-24T08:00:00,1919.31,1969.50,1915.22,1964.99,487605.541
2021-06-24T12:00:00,1965.03,2018.71,1957.00,1985.21,684640.798
2021-06-24T16:00:00,1985.21,2036.00,1973.00,2011.50,540468.932
2021-06-24T20:00:00,2011.50,2019.68,1970.00,1989.50,331124.952
2021-06-25T00:00:00,1989.50,2020.00,1961.00,1994.87,554330.553
2021-06-25T04:00:00,1994.88,2000.42,1925.65,1942.81,522639.924
2021-06-25T08:00:00,1942.88,1947.00,1847.92,1852.84,827982.220
2021-06-25T12:00:00,1852.72,1879.50,1790.00,1825.23,1228466.152
2021-06-25T16:00:00,1825.21,1868.92,1790.00,1850.92,1059825.069
2021-06-25T20:00:00,1850.97,1868.40,1798.42,1808.00,614365.529
2021-06-26T00:00:00,1808.00,1840.52,1792.00,1818.33,584696.408
2021-06-26T04:00:00,1818.36,1852.95,1742.76,1750.39,829794.304
2021-06-26T08:00:00,1750.38,1809.97,1715.00,1800.40,1107155.836
2021-06-26T12:00:00,1800.41,1813.69,1726.14,1778.02,998125.196
2021-06-26T16:00:00,1778.08,1799.14,1726.86,1784.43,641956.275
2021-06-26T20:00:00,1784.43,1835.00,1750.38,1828.88,385714.881
2021-06-27T00:00:00,1828.86,1888.00,1810.52,1881.22,707758.641
2021-06-27T04:00:00,1881.32,1893.95,1843.40,1865.39,524315.029
2021-06-27T08:00:00,1865.40,1874.40,1810.00,1837.58,657716.008
2021-06-27T12:00:00,1837.58,1865.00,1821.72,1842.97,565360.931
2021-06-27T16:00:00,1843.04,1852.15,1805.00,1821.56,392882.262
2021-06-27T20:00:00,1821.46,1984.61,1810.37,1980.83,795051.764
2021-06-28T00:00:00,1981.00,1996.00,1960.31,1967.18,559664.458
2021-06-28T04:00:00,1967.19,2054.61,1963.50,2047.34,732624.361
2021-06-28T08:00:00,2047.35,2083.63,1975.45,1998.86,1089431.829
2021-06-28T12:00:00,1998.86,2117.42,1985.03,2114.89,1056104.451
2021-06-28T16:00:00,2114.95,2146.91,2070.20,2113.88,1058498.680
2021-06-28T20:00:00,2113.88,2143.17,2060.45,2083.56,589413.430
2021-06-29T00:00:00,2083.55,2139.97,2073.00,2103.26,612911.776
2021-06-29T04:00:00,2103.26,2170.00,2096.81,2129.45,767776.162
2021-06-29T08:00:00,2129.46,2188.00,2111.94,2174.03,872889.150
2021-06-29T12:00:00,2174.03,2235.42,2153.84,2216.61,975095.919
2021-06-29T16:00:00,2216.76,2244.33,2201.25,2220.80,491412.284
2021-06-29T20:00:00,2220.80,2229.42,2155.12,2165.15,529769.077
2021-06-30T00:00:00,2165.03,2186.45,2119.60,2126.75,590507.353
2021-06-30T04:00:00,2126.85,2168.23,2087.23,2160.57,776160.150
2021-06-30T08:00:00,2160.57,2166.49,2104.47,2155.64,777888.213
2021-06-30T12:00:00,2155.90,2164.00,2090.82,2103.18,739773.650
2021-06-30T16:00:00,2103.18,2251.98,2093.59,2242.52,827869.715
2021-06-30T20:00:00,2242.46,2290.00,2221.58,2275.00,862241.115
2021-07-01T00:00:00,2274.99,2275.68,2182.00,2185.40,657077.137
2021-07-01T04:00:00,2185.40,2234.60,2126.13,2128.09,774104.502
2021-07-01T08:00:00,2128.10,2144.20,2088.00,2137.74,916372.178
2021-07-01T12:00:00,2137.60,2145.00,2066.00,2117.51,984076.153
2021-07-01T16:00:00,2117.53,2128.66,2071.74,2098.75,698690.012
2021-07-01T20:00:00,2098.91,2140.00,2098.90,2105.24,439063.046
2021-07-02T00:00:00,2105.23,2139.00,2033.00,2040.09,672762.289
2021-07-02T04:00:00,2040.11,2068.57,2016.95,2058.99,626123.607
2021-07-02T08:00:00,2059.00,2079.00,2016.43,2038.00,775437.423
2021-07-02T12:00:00,2038.00,2128.00,2029.67,2123.46,921103.998
2021-07-02T16:00:00,2122.98,2124.05,2081.66,2102.36,472078.332
2021-07-02T20:00:00,2102.36,2160.00,2080.25,2152.64,422050.219
2021-07-03T00:00:00,2152.64,2166.91,2112.03,2130.92,441141.139
2021-07-03T04:00:00,2130.85,2207.83,2124.14,2194.94,573038.338
2021-07-03T08:00:00,2194.49,2224.00,2185.23,2212.50,610454.480
2021-07-03T12:00:00,2212.50,2239.00,2205.70,2224.52,535335.119
2021-07-03T16:00:00,2224.52,2237.41,2208.00,2224.07,355284.777
2021-07-03T20:00:00,2224.07,2234.37,2186.00,2226.63,450551.212
2021-07-04T00:00:00,2226.71,2231.11,2188.00,2209.06,392438.646
2021-07-04T04:00:00,2209.06,2348.00,2208.18,2333.39,856383.408
2021-07-04T08:00:00,2333.50,2345.65,2310.00,2329.61,451790.882
2021-07-04T12:00:00,2329.61,2331.95,2305.15,2329.68,346344.568
2021-07-04T16:00:00,2329.69,2375.00,2325.23,2355.22,569609.762
2021-07-04T20:00:00,2355.23,2390.00,2300.10,2321.95,584236.692
2021-07-05T00:00:00,2322.13,2324.22,2242.00,2263.58,779245.215
2021-07-05T04:00:00,2263.73,2292.99,2250.00,2272.38,669441.046
2021-07-05T08:00:00,2272.39,2307.00,2174.88,2194.58,971188.416
2021-07-05T12:00:00,2194.52,2233.75,2184.04,2206.00,733451.780
2021-07-05T16:00:00,2206.02,2249.99,2155.04,2243.81,856165.117
2021-07-05T20:00:00,2243.82,2255.00,2192.00,2195.38,487108.059
2021-07-06T00:00:00,2195.38,2249.00,2191.24,2235.94,469642.177
2021-07-06T04:00:00,2235.94,2344.00,2235.47,2336.18,806068.627
2021-07-06T08:00:00,2336.18,2349.92,2253.60,2292.51,1156525.755
2021-07-06T12:00:00,2292.32,2340.00,2276.54,2304.92,887525.744
2021-07-06T16:00:00,2304.93,2335.11,2283.01,2326.65,549462.441
2021-07-06T20:00:00,2326.65,2333.21,2270.00,2322.04,327875.706
2021-07-07T00:00:00,2321.82,2343.96,2292.94,2337.05,547464.136
2021-07-07T04:00:00,2337.04,2410.00,2327.91,2376.62,758970.669
2021-07-07T08:00:00,2376.62,2399.22,2361.55,2383.60,490115.177
2021-07-07T12:00:00,2383.61,2398.11,2325.22,2341.86,597259.583
2021-07-07T16:00:00,2341.86,2370.00,2330.00,2364.58,324165.447
2021-07-07T20:00:00,2364.59,2366.97,2304.35,2314.65,395907.662
2021-07-08T00:00:00,2314.64,2326.58,2235.00,2253.28,683075.080
2021-07-08T04:00:00,2253.26,2253.26,2162.40,2180.97,885433.543
2021-07-08T08:00:00,2180.89,2193.00,2123.42,2168.30,909196.391
2021-07-08T12:00:00,2168.32,2178.19,2130.00,2172.73,710508.034
2021-07-08T16:00:00,2172.66,2179.70,2133.69,2156.80,460938.926
2021-07-08T20:00:00,2156.78,2160.04,2082.07,2114.88,505153.434
2021-07-09T00:00:00,2114.81,2133.37,2045.00,2119.79,892775.551
2021-07-09T04:00:00,2119.80,2159.10,2105.00,2125.74,647115.771
2021-07-09T08:00:00,2125.72,2126.44,2070.42,2080.19,655948.062
2021-07-09T12:00:00,2080.27,2189.27,2063.30,2171.80,1110284.937
2021-07-09T16:00:00,2171.84,2183.84,2121.02,2133.46,518595.262
2021-07-09T20:00:00,2133.46,2169.61,2123.00,2147.53,342127.714
2021-07-10T00:00:00,2147.40,2195.00,2122.12,2134.20,495861.113
2021-07-10T04:00:00,2134.20,2142.93,2094.77,2121.70,494953.862
2021-07-10T08:00:00,2121.77,2138.62,2085.00,2109.35,493697.403
2021-07-10T12:00:00,2109.23,2128.00,2091.36,2118.50,376127.079
2021-07-10T16:00:00,2118.45,2160.00,2073.00,2093.14,649871.028
2021-07-10T20:00:00,2093.14,2129.99,2076.45,2111.14,292862.495
2021-07-11T00:00:00,2111.14,2139.47,2083.07,2090.12,349758.569
2021-07-11T04:00:00,2090.14,2107.77,2080.00,2099.22,302770.847
2021-07-11T08:00:00,2099.22,2135.37,2090.40,2128.86,432844.217
2021-07-11T12:00:00,2128.87,2150.70,2112.00,2144.75,406839.229
2021-07-11T16:00:00,2144.83,2155.55,2126.80,2134.61,286599.816
2021-07-11T20:00:00,2134.61,2175.00,2123.36,2140.27,375903.519
2021-07-12T00:00:00,2140.26,2167.95,2125.36,2163.15,318695.838
2021-07-12T04:00:00,2163.15,2167.80,2139.50,2145.73,316814.849
2021-07-12T08:00:00,2145.60,2157.00,2100.54,2100.79,486537.589
2021-07-12T12:00:00,2100.79,2111.44,2082.30,2086.80,474237.174
2021-07-12T16:00:00,2086.85,2097.00,2003.40,2019.87,970484.307
2021-07-12T20:00:00,2019.85,2042.74,2008.71,2030.85,374889.616
2021-07-13T00:00:00,2030.78,2044.20,2012.78,2028.13,330994.904
2021-07-13T04:00:00,2028.13,2034.00,1975.00,2026.69,750818.534
2021-07-13T08:00:00,2026.68,2048.97,1992.10,1996.26,632964.924
2021-07-13T12:00:00,1996.26,2008.99,1960.00,1997.80,817163.199
2021-07-13T16:00:00,1997.79,2007.64,1916.00,1923.63,677261.300
2021-07-13T20:00:00,1923.63,1957.50,1918.24,1940.32,432414.878
2021-07-14T00:00:00,1940.31,1945.89,1862.32,1883.36,847253.581
2021-07-14T04:00:00,1883.44,1906.44,1863.89,1898.00,611014.183
2021-07-14T08:00:00,1898.00,1958.31,1870.11,1947.75,906075.448
2021-07-14T12:00:00,1947.75,2018.55,1937.42,1995.03,1004699.110
2021-07-14T16:00:00,1995.02,2013.99,1970.92,1979.48,590452.730
2021-07-14T20:00:00,1979.49,2009.39,1979.33,1993.82,315267.857
2021-07-15T00:00:00,1993.82,2042.10,1972.01,1977.91,642880.091
2021-07-15T04:00:00,1977.92,1984.42,1942.20,1953.67,548080.450
2021-07-15T08:00:00,1953.61,1978.00,1903.98,1912.84,815061.423
2021-07-15T12:00:00,1912.83,1940.00,1882.38,1913.32,922337.781
2021-07-15T16:00:00,1913.32,1929.00,1880.29,1917.26,656340.778
2021-07-15T20:00:00,1917.26,1936.00,1900.00,1919.35,306961.733
2021-07-16T00:00:00,1919.36,1958.45,1895.28,1948.65,527530.794
2021-07-16T04:00:00,1948.66,1965.85,1896.34,1912.32,517772.878
2021-07-16T08:00:00,1912.32,1913.62,1846.00,1851.68,847059.121
2021-07-16T12:00:00,1851.68,1933.85,1850.00,1933.74,1005964.076
2021-07-16T16:00:00,1933.76,1940.00,1903.67,1913.29,524740.120
2021-07-16T20:00:00,1913.30,1920.58,1869.63,1876.10,374764.447
2021-07-17T00:00:00,1876.09,1900.00,1856.66,1866.71,575681.214
2021-07-17T04:00:00,1866.72,1894.65,1860.95,1877.18,354695.382
2021-07-17T08:00:00,1877.18,1910.00,1841.00,1863.43,813396.813
2021-07-17T12:00:00,1863.48,1895.00,1858.45,1885.86,588336.608
2021-07-17T16:00:00,1885.88,1919.00,1879.07,1907.47,564938.054
2021-07-17T20:00:00,1907.46,1915.00,1887.60,1898.55,271996.774
2021-07-18T00:00:00,1898.55,1994.26,1896.16,1980.99,803286.074
2021-07-18T04:00:00,1981.00,1990.00,1953.00,1958.54,477701.073
2021-07-18T08:00:00,1958.38,1974.20,1950.00,1965.56,386579.187
2021-07-18T12:00:00,1965.40,1973.38,1879.04,1889.65,783307.777
2021-07-18T16:00:00,1889.64,1910.00,1875.00,1900.48,444353.610
2021-07-18T20:00:00,1900.48,1928.00,1880.06,1890.66,454906.902
2021-07-19T00:00:00,1890.80,1907.36,1864.02,1884.79,456400.331
2021-07-19T04:00:00,1884.80,1917.82,1880.11,1890.82,481507.946
2021-07-19T08:00:00,1890.93,1900.00,1854.61,1861.66,569851.777
2021-07-19T12:00:00,1861.78,1867.88,1801.00,1819.11,1168523.079
2021-07-19T16:00:00,1819.26,1831.50,1807.00,1824.00,370489.579
2021-07-19T20:00:00,1824.00,1828.72,1810.00,1818.40,270433.861
2021-07-20T00:00:00,1818.40,1841.34,1715.00,1727.84,1253882.663
2021-07-20T04:00:00,1727.79,1768.50,1722.32,1760.76,623821.770
2021-07-20T08:00:00,1760.77,1763.03,1716.00,1754.96,838121.702
2021-07-20T12:00:00,1754.98,1812.60,1734.00,1803.87,980781.638
2021-07-20T16:00:00,1803.87,1820.00,1775.55,1788.25,468693.563
2021-07-20T20:00:00,1788.26,1804.16,1764.60,1785.04,345116.544
2021-07-21T00:00:00,1785.20,1808.75,1752.35,1800.60,641141.924
2021-07-21T04:00:00,1800.61,1880.00,1799.75,1874.10,974118.153
2021-07-21T08:00:00,1874.09,1912.30,1859.90,1904.91,726500.202
2021-07-21T12:00:00,1904.87,1958.91,1892.03,1953.65,849347.878
2021-07-21T16:00:00,1953.65,2038.00,1935.57,1937.27,1749869.193
2021-07-21T20:00:00,1937.26,1995.70,1931.42,1995.49,525972.162
2021-07-22T00:00:00,1995.50,2023.49,1959.20,1975.56,604312.280
2021-07-22T04:00:00,1975.56,2013.91,1962.36,1990.23,664248.959
2021-07-22T08:00:00,1990.34,2018.20,1966.00,1982.66,721370.757
2021-07-22T12:00:00,1982.66,2045.75,1945.00,2033.07,994481.759
2021-07-22T16:00:00,2033.13,2046.00,2012.61,2028.12,453190.209
2021-07-22T20:00:00,2028.12,2028.87,1989.00,2023.55,301966.556
2021-07-23T00:00:00,2024.00,2078.00,2013.60,2059.49,539167.043
2021-07-23T04:00:00,2059.49,2094.83,2053.60,2064.66,520143.405
2021-07-23T08:00:00,2064.59,2072.78,2037.24,2054.28,478464.673
2021-07-23T12:00:00,2054.28,2077.99,2046.00,2047.17,395521.700
2021-07-23T16:00:00,2047.18,2049.13,1995.02,2019.63,664101.186
2021-07-23T20:00:00,2019.63,2131.96,2015.14,2124.33,639602.861
2021-07-24T00:00:00,2124.34,2141.00,2105.40,2138.32,466955.584
2021-07-24T04:00:00,2138.56,2144.96,2122.01,2131.55,389135.016
2021-07-24T08:00:00,2131.54,2168.94,2115.56,2153.59,582544.603
2021-07-24T12:00:00,2153.58,2179.99,2143.05,2149.49,482932.952
2021-07-24T16:00:00,2149.49,2198.00,2138.68,2145.01,611910.235
2021-07-24T20:00:00,2145.00,2187.63,2126.07,2183.53,367121.215
2021-07-25T00:00:00,2183.54,2193.98,2136.00,2151.19,441420.025
2021-07-25T04:00:00,2151.20,2184.96,2144.00,2173.80,374490.664
2021-07-25T08:00:00,2173.80,2183.00,2150.00,2158.99,403627.991
2021-07-25T12:00:00,2158.98,2159.00,2106.12,2136.85,670557.428
2021-07-25T16:00:00,2136.85,2163.90,2120.88,2152.61,395708.718
2021-07-25T20:00:00,2152.60,2197.00,2144.14,2188.11,368217.893
2021-07-26T00:00:00,2188.15,2398.59,2170.03,2317.81,1538990.334
2021-07-26T04:00:00,2317.80,2392.32,2304.52,2327.45,931748.895
2021-07-26T08:00:00,2327.32,2362.17,2300.00,2342.90,543913.368
2021-07-26T12:00:00,2343.01,2358.95,2309.14,2341.96,543153.459
2021-07-26T16:00:00,2341.95,2433.53,2335.01,2362.03,843378.102
2021-07-26T20:00:00,2362.08,2368.00,2205.00,2227.41,1247368.847
2021-07-27T00:00:00,2227.44,2241.49,2150.00,2172.54,781208.481
2021-07-27T04:00:00,2172.54,2209.99,2165.36,2202.33,486424.888
2021-07-27T08:00:00,2202.02,2277.10,2192.00,2277.08,539710.272
2021-07-27T12:00:00,2277.08,2319.00,2240.00,2277.62,1127137.436
2021-07-27T16:00:00,2277.63,2284.44,2200.04,2228.07,661154.921
2021-07-27T20:00:00,2228.06,2313.03,2227.42,2298.04,482187.747
2021-07-28T00:00:00,2298.05,2335.62,2263.73,2287.11,571922.216
2021-07-28T04:00:00,2287.11,2304.76,2242.20,2295.27,512588.765
2021-07-28T08:00:00,2295.26,2345.54,2275.32,2329.61,595348.893
2021-07-28T12:00:00,2329.53,2332.79,2265.28,2290.90,567264.178
2021-07-28T16:00:00,2290.87,2328.83,2250.00,2309.08,763419.680
2021-07-28T20:00:00,2309.12,2313.96,2280.00,2300.08,299095.270
2021-07-29T00:00:00,2300.12,2307.62,2263.33,2277.48,314476.008
2021-07-29T04:00:00,2277.49,2305.81,2270.00,2294.68,267029.289
2021-07-29T08:00:00,2294.67,2328.00,2280.54,2292.44,427511.585
2021-07-29T12:00:00,2292.44,2337.27,2282.70,2322.05,521477.081
2021-07-29T16:00:00,2322.04,2344.00,2301.00,2309.64,361070.765
2021-07-29T20:00:00,2309.64,2406.44,2302.53,2382.45,478246.650
2021-07-30T00:00:00,2382.45,2452.22,2365.56,2422.86,669313.201
2021-07-30T04:00:00,2422.86,2429.88,2384.61,2403.56,464206.817
2021-07-30T08:00:00,2403.76,2405.94,2316.03,2334.89,851039.693
2021-07-30T12:00:00,2334.88,2357.98,2321.15,2345.39,399652.568
2021-07-30T16:00:00,2345.37,2378.58,2333.41,2378.10,302283.987
2021-07-30T20:00:00,2378.10,2473.99,2373.91,2461.72,869206.773
2021-07-31T00:00:00,2461.52,2484.64,2439.05,2463.95,434830.739
2021-07-31T04:00:00,2463.94,2468.55,2421.76,2441.76,351368.900
2021-07-31T08:00:00,2441.71,2477.79,2439.00,2458.01,385206.361
2021-07-31T12:00:00,2458.00,2468.37,2431.20,2458.01,324982.906
2021-07-31T16:00:00,2458.00,2466.54,2433.23,2455.86,274902.001
2021-07-31T20:00:00,2455.83,2553.80,2443.25,2530.49,592654.797
2021-08-01T00:00:00,2530.37,2620.00,2511.88,2615.71,631924.148
2021-08-01T04:00:00,2615.72,2638.00,2583.00,2587.90,679093.140
2021-08-01T08:00:00,2587.90,2613.41,2560.42,2587.89,450703.328
2021-08-01T12:00:00,2588.04,2608.66,2573.00,2584.00,421376.856
2021-08-01T16:00:00,2584.00,2665.04,2530.00,2654.83,998412.733
2021-08-01T20:00:00,2654.83,2699.00,2525.01,2554.71,1022123.443
2021-08-02T00:00:00,2554.72,2579.50,2506.11,2558.90,627202.564
2021-08-02T04:00:00,2558.91,2639.73,2541.63,2617.49,639704.042
2021-08-02T08:00:00,2617.36,2624.35,2556.00,2589.99,664416.792
2021-08-02T12:00:00,2590.00,2657.60,2561.59,2632.82,785167.693
2021-08-02T16:00:00,2632.81,2666.91,2595.01,2603.18,564386.330
2021-08-02T20:00:00,2603.17,2638.31,2581.23,2607.09,476577.281
2021-08-03T00:00:00,2607.09,2633.27,2517.05,2533.98,733010.300
2021-08-03T04:00:00,2534.04,2544.50,2441.00,2491.43,911116.048
2021-08-03T08:00:00,2491.52,2524.09,2468.20,2487.81,602894.729
2021-08-03T12:00:00,2487.80,2539.69,2452.00,2495.88,834135.493
2021-08-03T16:00:00,2495.88,2509.50,2451.00,2473.89,477242.566
2021-08-03T20:00:00,2473.81,2528.73,2450.27,2506.87,476695.252
2021-08-04T00:00:00,2506.50,2537.50,2481.00,2484.71,433863.039
2021-08-04T04:00:00,2484.59,2516.50,2465.31,2478.34,415721.373
2021-08-04T08:00:00,2478.33,2512.30,2456.83,2504.58,453039.274
2021-08-04T12:00:00,2504.58,2697.50,2503.18,2672.39,1618226.773
2021-08-04T16:00:00,2672.39,2734.30,2665.00,2695.22,1011141.615
2021-08-04T20:00:00,2695.22,2775.06,2689.00,2725.00,707329.159
2021-08-05T00:00:00,2725.00,2743.36,2665.28,2711.99,636501.911
2021-08-05T04:00:00,2712.00,2722.50,2666.80,2683.23,469010.909
2021-08-05T08:00:00,2683.25,2693.22,2573.11,2620.98,1220084.623
2021-08-05T12:00:00,2620.96,2824.99,2527.00,2755.53,2665823.987
2021-08-05T16:00:00,2755.53,2834.36,2745.35,2796.80,941002.379
2021-08-05T20:00:00,2796.79,2845.90,2785.27,2826.80,498224.400
2021-08-06T00:00:00,2826.81,2846.63,2752.28,2761.98,645268.387
2021-08-06T04:00:00,2762.35,2808.75,2750.30,2768.70,456818.944
2021-08-06T08:00:00,2768.70,2784.00,2732.77,2736.56,460015.238
2021-08-06T12:00:00,2736.57,2851.74,2720.31,2838.99,832687.028
2021-08-06T16:00:00,2839.01,2948.36,2838.54,2930.66,1101700.542
2021-08-06T20:00:00,2930.57,2940.81,2874.44,2892.30,460940.051
2021-08-07T00:00:00,2892.29,2940.00,2865.45,2936.20,462778.761
2021-08-07T04:00:00,2936.19,2989.11,2929.03,2957.09,580770.189
2021-08-07T08:00:00,2957.09,3120.00,2944.59,3108.10,1144308.212
2021-08-07T12:00:00,3108.10,3176.00,3055.14,3084.11,1473894.298
2021-08-07T16:00:00,3084.23,3101.37,3000.00,3078.86,940975.447
2021-08-07T20:00:00,3078.86,3175.17,3058.64,3163.26,609166.741
2021-08-08T00:00:00,3163.26,3195.67,3071.79,3120.66,708429.034
2021-08-08T04:00:00,3120.66,3188.72,3093.52,3138.07,649827.992
2021-08-08T08:00:00,3137.85,3157.53,3083.00,3102.42,547073.662
2021-08-08T12:00:00,3102.42,3152.05,3017.66,3034.34,832940.026
2021-08-08T16:00:00,3034.34,3073.87,2950.45,2988.36,844016.054
2021-08-08T20:00:00,2988.52,3066.00,2965.92,3014.06,625187.232
2021-08-09T00:00:00,3014.06,3037.48,2903.17,2949.89,704271.810
2021-08-09T04:00:00,2949.91,2966.95,2890.03,2946.10,603958.057
2021-08-09T08:00:00,2946.10,3143.15,2933.92,3133.81,1170968.062
2021-08-09T12:00:00,3133.83,3177.75,3080.00,3168.51,1015731.541
2021-08-09T16:00:00,3168.50,3190.80,3130.00,3149.13,589904.029
2021-08-09T20:00:00,3149.14,3185.00,3037.02,3163.43,912191.356
2021-08-10T00:00:00,3163.43,3213.51,3094.40,3117.56,619890.862
2021-08-10T04:00:00,3117.68,3150.00,3090.00,3144.57,413859.195
2021-08-10T08:00:00,3144.57,3175.00,3112.03,3124.71,545644.039
2021-08-10T12:00:00,3124.71,3239.13,3088.82,3123.24,1246836.271
2021-08-10T16:00:00,3123.24,3148.88,3053.24,3145.97,693252.977
2021-08-10T20:00:00,3145.97,3200.00,3123.83,3143.98,491842.340
2021-08-11T00:00:00,3143.97,3191.00,3120.69,3161.50,415394.495
2021-08-11T04:00:00,3161.49,3259.09,3147.80,3234.62,816203.442
2021-08-11T08:00:00,3234.68,3254.13,3206.08,3216.32,472667.385
2021-08-11T12:00:00,3216.31,3279.78,3207.23,3245.99,602701.238
2021-08-11T16:00:00,3245.99,3257.43,3220.00,3251.72,343118.861
2021-08-11T20:00:00,3251.71,3269.00,3150.01,3161.52,597969.268
2021-08-12T00:00:00,3161.52,3241.57,3146.00,3214.73,376993.297
2021-08-12T04:00:00,3214.72,3222.20,3095.00,3143.64,667054.332
2021-08-12T08:00:00,3143.65,3176.42,3084.00,3095.00,600875.047
2021-08-12T12:00:00,3095.00,3119.85,3022.42,3030.06,830434.292
2021-08-12T16:00:00,3030.20,3066.70,2981.00,3049.05,734953.210
2021-08-12T20:00:00,3049.14,3074.67,2987.00,3046.74,440924.788
2021-08-13T00:00:00,3046.63,3144.14,3034.35,3117.37,493523.136
2021-08-13T04:00:00,3117.46,3237.57,3093.03,3225.44,662363.147
2021-08-13T08:00:00,3225.26,3267.98,3214.38,3216.99,628044.967
2021-08-13T12:00:00,3216.99,3248.83,3180.68,3216.22,572796.405
2021-08-13T16:00:00,3216.08,3247.05,3200.00,3228.05,306359.530
2021-08-13T20:00:00,3228.05,3332.88,3218.00,3324.12,628314.617
2021-08-14T00:00:00,3324.12,3328.68,3285.23,3299.00,288284.279
2021-08-14T04:00:00,3298.99,3326.46,3280.11,3309.54,221727.142
2021-08-14T08:00:00,3309.55,3337.99,3210.00,3248.00,774612.457
2021-08-14T12:00:00,3248.00,3279.50,3213.00,3272.92,450687.031
2021-08-14T16:00:00,3273.10,3293.62,3232.13,3265.89,277923.623
2021-08-14T20:00:00,3265.89,3280.00,3216.14,3266.31,294104.198
2021-08-15T00:00:00,3266.31,3289.97,3246.18,3249.00,274337.827
2021-08-15T04:00:00,3249.00,3258.64,3155.25,3163.46,475393.962
2021-08-15T08:00:00,3163.45,3178.00,3133.00,3160.76,499320.451
2021-08-15T12:00:00,3160.76,3198.31,3135.03,3156.57,561801.802
2021-08-15T16:00:00,3156.65,3217.91,3109.00,3208.13,471422.605
2021-08-15T20:00:00,3208.13,3326.00,3202.00,3312.31,581280.378
2021-08-16T00:00:00,3312.31,3343.00,3262.33,3264.38,513085.238
2021-08-16T04:00:00,3264.39,3314.00,3260.00,3275.73,355947.119
2021-08-16T08:00:00,3275.74,3309.67,3247.16,3289.54,382889.764
2021-08-16T12:00:00,3289.54,3298.82,3183.75,3225.34,712735.770
2021-08-16T16:00:00,3225.06,3246.41,3163.00,3178.16,351846.210
2021-08-16T20:00:00,3178.17,3201.84,3133.33,3146.83,506937.524
2021-08-17T00:00:00,3146.82,3209.78,3115.41,3194.20,475733.364
2021-08-17T04:00:00,3194.61,3216.26,3135.00,3171.06,400586.656
2021-08-17T08:00:00,3171.03,3282.09,3168.38,3258.00,575018.175
2021-08-17T12:00:00,3257.98,3294.23,3160.00,3167.46,676364.536
2021-08-17T16:00:00,3167.50,3190.96,3103.00,3118.79,620525.306
2021-08-17T20:00:00,3118.79,3128.55,2992.00,3014.64,834826.395
2021-08-18T00:00:00,3014.63,3053.74,2950.00,3052.05,676195.202
2021-08-18T04:00:00,3052.21,3084.68,3022.37,3030.95,404434.625
2021-08-18T08:00:00,3030.89,3069.64,2990.01,3001.23,424792.754
2021-08-18T12:00:00,3001.23,3117.96,2996.61,3111.69,520433.387
2021-08-18T16:00:00,3111.69,3125.92,3023.00,3031.88,498028.366
2021-08-18T20:00:00,3031.87,3059.26,2996.69,3014.25,390879.757
2021-08-19T00:00:00,3014.31,3054.20,2966.31,2966.97,496697.348
2021-08-19T04:00:00,2966.98,3018.88,2958.80,2996.83,401166.531
2021-08-19T08:00:00,2996.83,3023.99,2973.00,2973.65,408780.420
2021-08-19T12:00:00,2973.51,3079.73,2962.63,3068.01,557068.365
2021-08-19T16:00:00,3068.01,3168.00,3022.13,3149.59,584137.727
2021-08-19T20:00:00,3149.61,3194.00,3145.00,3186.80,347437.273
2021-08-20T00:00:00,3186.76,3249.48,3180.00,3221.09,439607.504
2021-08-20T04:00:00,3221.09,3237.84,3207.14,3219.95,260623.844
2021-08-20T08:00:00,3220.00,3229.38,3190.00,3207.36,282661.718
2021-08-20T12:00:00,3207.36,3308.26,3205.89,3286.44,607554.417
2021-08-20T16:00:00,3286.44,3302.23,3220.00,3253.43,400359.496
2021-08-20T20:00:00,3253.42,3298.45,3245.39,3286.62,232208.345
2021-08-21T00:00:00,3286.65,3288.20,3235.70,3278.78,254605.102
2021-08-21T04:00:00,3278.78,3313.20,3257.19,3296.50,312102.744
2021-08-21T08:00:00,3296.51,3313.90,3241.10,3252.25,437885.131
2021-08-21T12:00:00,3252.26,3301.00,3246.24,3274.25,324986.044
2021-08-21T16:00:00,3274.25,3295.00,3207.12,3220.00,327731.713
2021-08-21T20:00:00,3219.99,3264.16,3213.30,3226.40,180764.047
2021-08-22T00:00:00,3226.39,3259.91,3218.00,3228.51,200338.315
2021-08-22T04:00:00,3228.51,3274.60,3228.04,3264.51,215923.729
2021-08-22T08:00:00,3264.51,3276.42,3242.40,3258.00,211910.261
2021-08-22T12:00:00,3258.00,3265.97,3152.97,3181.85,489623.241
2021-08-22T16:00:00,3181.85,3194.40,3124.35,3175.10,327178.717
2021-08-22T20:00:00,3175.11,3256.70,3133.13,3241.29,328246.654
2021-08-23T00:00:00,3241.29,3365.25,3233.07,3347.77,611575.908
2021-08-23T04:00:00,3347.77,3363.24,3315.01,3326.72,396631.858
2021-08-23T08:00:00,3326.72,3369.00,3319.28,3345.73,355072.406
2021-08-23T12:00:00,3345.88,3383.00,3300.00,3329.68,508370.961
2021-08-23T16:00:00,3329.69,3359.96,3308.07,3313.77,307021.474
2021-08-23T20:00:00,3314.22,3348.66,3281.85,3323.01,252180.384
2021-08-24T00:00:00,3323.00,3353.64,3285.00,3327.09,306231.037
2021-08-24T04:00:00,3327.09,3362.00,3318.09,3349.91,250736.323
2021-08-24T08:00:00,3349.91,3356.03,3301.26,3326.18,308116.683
2021-08-24T12:00:00,3326.18,3327.56,3205.00,3215.96,668964.848
2021-08-24T16:00:00,3215.98,3235.00,3145.00,3220.50,716761.656
2021-08-24T20:00:00,3220.49,3228.38,3167.36,3173.98,269776.581
2021-08-25T00:00:00,3173.99,3219.49,3170.64,3177.00,290741.885
2021-08-25T04:00:00,3176.99,3224.74,3161.00,3185.04,319949.863
2021-08-25T08:00:00,3185.04,3191.55,3078.52,3140.69,656911.755
2021-08-25T12:00:00,3140.70,3227.08,3101.77,3217.47,603136.731
2021-08-25T16:00:00,3217.48,3249.00,3201.51,3214.65,320674.674
2021-08-25T20:00:00,3214.65,3240.86,3200.00,3227.90,214089.908
2021-08-26T00:00:00,3227.90,3254.00,3142.00,3150.11,381520.914
2021-08-26T04:00:00,3150.11,3169.00,3061.31,3106.81,594409.268
2021-08-26T08:00:00,3106.94,3118.66,3075.74,3088.16,342638.068
2021-08-26T12:00:00,3088.16,3148.77,3052.00,3105.71,565208.995
2021-08-26T16:00:00,3105.95,3136.79,3076.33,3109.05,290215.962
2021-08-26T20:00:00,3109.06,3149.30,3087.74,3093.77,186884.434
2021-08-27T00:00:00,3093.81,3147.69,3061.44,3095.20,395668.808
2021-08-27T04:00:00,3095.21,3133.42,3077.31,3127.20,286827.174
2021-08-27T08:00:00,3127.21,3175.00,3103.63,3156.55,337555.549
2021-08-27T12:00:00,3156.55,3249.82,3133.41,3240.32,642523.752
2021-08-27T16:00:00,3240.42,3250.00,3221.74,3233.22,246219.372
2021-08-27T20:00:00,3233.22,3283.00,3224.09,3273.91,318576.224
2021-08-28T00:00:00,3274.12,3288.22,3242.47,3246.42,222014.462
2021-08-28T04:00:00,3246.52,3260.56,3227.85,3233.03,167603.925
2021-08-28T08:00:00,3233.03,3259.41,3209.93,3223.57,191363.886
2021-08-28T12:00:00,3223.44,3251.64,3213.31,3248.00,234927.250
2021-08-28T16:00:00,3248.01,3267.63,3220.62,3231.43,194423.454
2021-08-28T20:00:00,3231.43,3257.79,3228.20,3247.29,114463.362
2021-08-29T00:00:00,3247.47,3291.70,3157.35,3180.74,481325.682
2021-08-29T04:00:00,3180.74,3209.79,3150.50,3206.53,276731.949
2021-08-29T08:00:00,3206.54,3219.75,3181.21,3182.56,221221.667
2021-08-29T12:00:00,3182.56,3207.94,3165.00,3187.75,229387.499
2021-08-29T16:00:00,3187.75,3227.20,3182.00,3221.09,179752.185
2021-08-29T20:00:00,3221.09,3259.10,3215.69,3225.47,254115.310
2021-08-30T00:00:00,3225.47,3231.61,3142.38,3162.19,343617.698
2021-08-30T04:00:00,3162.19,3188.00,3146.09,3181.64,277094.878
2021-08-30T08:00:00,3181.34,3205.93,3169.03,3189.17,212990.737
2021-08-30T12:00:00,3189.19,3227.93,3151.16,3220.23,352169.939
2021-08-30T16:00:00,3220.02,3345.00,3215.00,3340.94,753082.528
2021-08-30T20:00:00,3340.94,3350.00,3211.42,3230.43,596476.023
2021-08-31T00:00:00,3230.42,3249.74,3187.85,3238.40,410563.797
2021-08-31T04:00:00,3238.39,3374.14,3213.06,3363.62,645913.813
2021-08-31T08:00:00,3363.63,3443.38,3312.35,3431.80,909108.353
2021-08-31T12:00:00,3431.81,3478.00,3365.00,3391.05,830486.466
2021-08-31T16:00:00,3391.05,3424.97,3340.00,3416.01,461958.289
2021-08-31T20:00:00,3416.00,3447.24,3371.00,3430.49,347840.369
2021-09-01T00:00:00,3430.49,3449.00,3381.23,3444.05,437441.029
2021-09-01T04:00:00,3444.04,3548.00,3428.49,3518.36,590824.048
2021-09-01T08:00:00,3518.28,3564.00,3514.01,3532.96,410843.513
2021-09-01T12:00:00,3532.97,3586.95,3517.79,3580.86,430944.064
2021-09-01T16:00:00,3580.86,3817.63,3577.69,3716.21,1008936.317
2021-09-01T20:00:00,3716.20,3849.00,3712.45,3831.44,460823.426
2021-09-02T00:00:00,3831.42,3843.21,3742.00,3770.30,427647.535
2021-09-02T04:00:00,3770.50,3776.45,3723.87,3736.61,294004.713
2021-09-02T08:00:00,3736.61,3772.49,3730.03,3763.42,229029.370
2021-09-02T12:00:00,3763.42,3838.00,3741.44,3759.68,583965.538
2021-09-02T16:00:00,3759.69,3811.77,3757.79,3787.00,240656.596
2021-09-02T20:00:00,3786.99,3834.80,3780.00,3788.95,222123.428
2021-09-03T00:00:00,3788.94,3820.00,3710.77,3809.88,382609.935
2021-09-03T04:00:00,3809.88,3829.69,3781.33,3800.86,247310.059
2021-09-03T08:00:00,3800.85,3989.00,3793.89,3958.79,845904.553
2021-09-03T12:00:00,3958.79,4036.44,3931.34,3971.51,648030.444
2021-09-03T16:00:00,3971.51,3988.80,3930.10,3948.63,225412.664
2021-09-03T20:00:00,3949.29,3949.36,3868.00,3942.79,294412.555
2021-09-04T00:00:00,3942.83,3976.59,3908.29,3923.47,255294.482
2021-09-04T04:00:00,3923.47,3941.17,3896.39,3920.78,170204.000
2021-09-04T08:00:00,3920.77,3960.00,3886.10,3891.80,317937.980
2021-09-04T12:00:00,3891.81,3932.23,3882.20,3922.00,235363.370
2021-09-04T16:00:00,3922.00,3930.64,3835.00,3864.91,367221.546
2021-09-04T20:00:00,3864.90,3906.70,3858.81,3889.71,162885.680
2021-09-05T00:00:00,3889.95,3919.56,3847.02,3848.05,210309.917
2021-09-05T04:00:00,3848.01,3893.19,3837.00,3875.35,228350.535
2021-09-05T08:00:00,3875.35,3964.38,3865.00,3929.18,379345.631
2021-09-05T12:00:00,3929.18,3960.00,3900.00,3910.67,253461.348
2021-09-05T16:00:00,3910.68,3958.05,3902.98,3934.20,162280.779
2021-09-05T20:00:00,3934.20,3991.25,3923.98,3952.56,249589.784
2021-09-06T00:00:00,3952.56,3967.92,3900.13,3908.35,238008.728
2021-09-06T04:00:00,3908.35,3959.23,3900.03,3947.94,197339.357
2021-09-06T08:00:00,3947.94,3976.60,3902.00,3908.27,300689.952
2021-09-06T12:00:00,3908.28,3951.19,3864.27,3929.42,368609.726
2021-09-06T16:00:00,3929.51,3965.00,3916.04,3942.44,176078.023
2021-09-06T20:00:00,3942.44,3975.00,3921.18,3929.00,190769.800
2021-09-07T00:00:00,3929.01,3952.53,3891.00,3918.51,285000.269
2021-09-07T04:00:00,3918.52,3941.28,3880.11,3887.21,276381.602
2021-09-07T08:00:00,3887.22,3887.49,3650.35,3753.04,996045.635
2021-09-07T12:00:00,3753.04,3777.41,2923.00,3451.65,1838793.033
2021-09-07T16:00:00,3451.65,3575.00,3336.00,3412.80,1109058.951
2021-09-07T20:00:00,3412.81,3463.81,3316.73,3435.00,442717.301
2021-09-08T00:00:00,3435.00,3542.32,3377.00,3431.47,440318.769
2021-09-08T04:00:00,3431.50,3483.47,3252.88,3261.54,688472.792
2021-09-08T08:00:00,3261.75,3461.16,3217.01,3408.08,703833.336
2021-09-08T12:00:00,3408.08,3455.60,3352.50,3419.99,472352.686
2021-09-08T16:00:00,3419.99,3544.00,3400.00,3522.30,360483.864
2021-09-08T20:00:00,3522.59,3562.25,3441.94,3497.99,320715.823
2021-09-09T00:00:00,3497.68,3524.64,3425.80,3471.25,300810.055
2021-09-09T04:00:00,3471.25,3514.53,3455.00,3500.68,203001.182
2021-09-09T08:00:00,3500.92,3570.34,3450.00,3480.62,378761.732
2021-09-09T12:00:00,3480.97,3557.02,3390.00,3524.48,602759.298
2021-09-09T16:00:00,3524.48,3559.00,3451.31,3465.10,294603.191
2021-09-09T20:00:00,3465.10,3480.51,3415.26,3426.42,200988.442
2021-09-10T00:00:00,3426.43,3517.91,3410.00,3467.18,237337.034
2021-09-10T04:00:00,3467.18,3483.45,3391.19,3405.59,269621.290
2021-09-10T08:00:00,3405.69,3432.89,3336.84,3404.12,397988.075
2021-09-10T12:00:00,3404.11,3419.30,3210.00,3299.28,732803.094
2021-09-10T16:00:00,3299.45,3344.53,3281.31,3312.62,229092.239
2021-09-10T20:00:00,3312.62,3332.63,3143.20,3209.84,433013.175
2021-09-11T00:00:00,3209.85,3297.93,3199.26,3243.04,289124.587
2021-09-11T04:00:00,3242.82,3287.59,3220.00,3249.00,240179.573
2021-09-11T08:00:00,3248.99,3318.00,3220.00,3293.32,290629.764
2021-09-11T12:00:00,3293.69,3349.17,3283.43,3311.53,246870.557
2021-09-11T16:00:00,3311.53,3343.00,3282.83,3297.75,190055.795
2021-09-11T20:00:00,3297.96,3310.00,3241.91,3267.23,156853.315
2021-09-12T00:00:00,3267.28,3331.29,3230.84,3328.58,218735.826
2021-09-12T04:00:00,3328.58,3341.00,3293.08,3321.79,159387.040
2021-09-12T08:00:00,3321.69,3454.30,3315.38,3437.99,363038.858
2021-09-12T12:00:00,3438.00,3474.95,3391.58,3418.07,267781.561
2021-09-12T16:00:00,3418.07,3441.07,3378.22,3407.14,137419.117
2021-09-12T20:00:00,3407.15,3451.00,3303.40,3405.21,371872.509
2021-09-13T00:00:00,3405.65,3432.12,3250.00,3258.30,388612.465
2021-09-13T04:00:00,3258.29,3298.00,3175.00,3204.28,452896.122
2021-09-13T08:00:00,3204.28,3256.86,3165.84,3251.60,408593.168
2021-09-13T12:00:00,3251.61,3387.94,3107.02,3202.47,1013256.879
2021-09-13T16:00:00,3202.47,3262.69,3183.02,3253.24,204527.748
2021-09-13T20:00:00,3253.36,3307.69,3253.36,3284.41,186978.872
2021-09-14T00:00:00,3284.17,3339.35,3269.25,3292.47,264445.424
2021-09-14T04:00:00,3292.44,3336.75,3273.11,3311.49,214966.809
2021-09-14T08:00:00,3311.50,3364.00,3310.20,3329.35,240429.318
2021-09-14T12:00:00,3329.35,3409.34,3291.25,3388.26,421439.296
2021-09-14T16:00:00,3388.26,3401.36,3340.46,3350.55,176151.828
2021-09-14T20:00:00,3350.55,3438.00,3330.17,3435.42,218709.998
2021-09-15T00:00:00,3435.29,3453.84,3388.06,3396.22,188404.353
2021-09-15T04:00:00,3396.23,3409.75,3358.08,3404.02,195238.367
2021-09-15T08:00:00,3404.02,3435.57,3379.45,3411.16,244406.930
2021-09-15T12:00:00,3411.03,3509.28,3395.57,3497.49,447248.619
2021-09-15T16:00:00,3497.34,3555.00,3495.54,3534.66,310244.959
2021-09-15T20:00:00,3534.66,3620.00,3534.66,3614.72,267273.254
2021-09-16T00:00:00,3614.71,3622.77,3524.44,3542.97,305728.160
2021-09-16T04:00:00,3542.96,3678.00,3538.17,3634.56,360205.252
2021-09-16T08:00:00,3634.55,3636.91,3570.00,3620.14,265026.372
2021-09-16T12:00:00,3620.00,3646.00,3534.39,3619.03,455404.336
2021-09-16T16:00:00,3619.02,3637.63,3541.00,3564.29,223435.685
2021-09-16T20:00:00,3564.54,3582.05,3482.00,3570.46,269918.129
2021-09-17T00:00:00,3570.46,3597.52,3528.91,3565.72,185955.916
2021-09-17T04:00:00,3565.70,3587.92,3515.29,3523.10,216177.104
2021-09-17T08:00:00,3523.29,3544.87,3427.50,3451.43,400270.221
2021-09-17T12:00:00,3451.44,3479.94,3405.00,3452.49,307402.280
2021-09-17T16:00:00,3452.49,3471.67,3362.00,3425.80,304061.181
2021-09-17T20:00:00,3425.80,3428.57,3350.00,3400.99,251878.599
2021-09-18T00:00:00,3401.00,3454.43,3370.25,3451.45,192867.541
2021-09-18T04:00:00,3451.60,3524.89,3447.14,3504.35,269850.476
2021-09-18T08:00:00,3504.36,3546.00,3491.85,3498.23,230477.945
2021-09-18T12:00:00,3498.23,3519.04,3463.56,3476.52,243494.016
2021-09-18T16:00:00,3476.52,3493.00,3421.06,3447.09,219315.095
2021-09-18T20:00:00,3447.09,3449.00,3375.49,3435.35,236161.875
2021-09-19T00:00:00,3435.36,3441.47,3372.20,3413.84,190727.463
2021-09-19T04:00:00,3413.85,3459.00,3396.56,3440.13,177594.745
2021-09-19T08:00:00,3440.13,3453.00,3301.00,3326.41,316503.157
2021-09-19T12:00:00,3326.42,3382.00,3311.00,3363.89,273615.107
2021-09-19T16:00:00,3364.06,3380.00,3326.54,3337.85,187651.498
2021-09-19T20:00:00,3337.85,3365.77,3275.00,3328.72,263178.922
2021-09-20T00:00:00,3328.99,3347.99,3150.65,3187.46,580703.404
2021-09-20T04:00:00,3187.46,3219.00,3088.00,3127.53,470905.509
2021-09-20T08:00:00,3127.45,3179.45,3011.79,3043.08,804898.122
2021-09-20T12:00:00,3043.08,3097.95,2907.07,3086.38,1026438.275
2021-09-20T16:00:00,3086.30,3123.23,2977.00,3073.15,550761.249
2021-09-20T20:00:00,3073.14,3083.00,2947.50,2978.34,461149.288
2021-09-21T00:00:00,2978.34,3032.80,2805.00,2998.77,896646.908
2021-09-21T04:00:00,2998.77,3074.50,2951.00,3073.97,390735.952
2021-09-21T08:00:00,3073.94,3108.17,3039.03,3062.15,350471.189
2021-09-21T12:00:00,3062.16,3085.01,2965.60,3035.93,552001.425
2021-09-21T16:00:00,3035.94,3049.38,2863.55,2886.63,806597.786
2021-09-21T20:00:00,2886.63,2920.60,2647.80,2765.48,1291366.334
2021-09-22T00:00:00,2765.47,2895.82,2736.57,2866.33,555138.529
2021-09-22T04:00:00,2866.33,2959.80,2831.56,2941.37,397059.778
2021-09-22T08:00:00,2941.37,2956.00,2882.09,2894.73,326706.620
2021-09-22T12:00:00,2894.73,3012.54,2881.56,3006.77,505839.608
2021-09-22T16:00:00,3006.45,3088.88,2990.00,3022.93,664914.447
2021-09-22T20:00:00,3022.79,3078.60,3005.22,3076.62,224635.122
2021-09-23T00:00:00,3076.62,3120.57,3032.77,3117.67,342483.329
2021-09-23T04:00:00,3117.67,3145.30,3095.05,3143.45,280084.163
2021-09-23T08:00:00,3143.71,3147.95,3040.53,3060.35,359117.857
2021-09-23T12:00:00,3060.14,3141.78,3046.69,3091.53,360771.193
2021-09-23T16:00:00,3091.53,3173.99,3084.05,3145.54,402792.294
2021-09-23T20:00:00,3145.54,3161.74,3118.38,3150.70,198409.942
2021-09-24T00:00:00,3150.70,3157.50,3068.00,3073.39,242734.314
2021-09-24T04:00:00,3073.39,3116.36,3036.73,3086.18,351540.923
2021-09-24T08:00:00,3086.27,3112.05,2731.00,2825.44,1606232.072
2021-09-24T12:00:00,2825.89,2939.00,2765.00,2874.24,928532.593
2021-09-24T16:00:00,2874.05,2922.00,2856.72,2899.83,321185.310
2021-09-24T20:00:00,2899.83,2979.44,2897.38,2926.37,278581.786
2021-09-25T00:00:00,2926.36,2954.74,2870.82,2910.56,293721.630
2021-09-25T04:00:00,2910.48,2943.51,2880.00,2885.27,243116.850
2021-09-25T08:00:00,2885.27,2967.32,2800.00,2911.82,694798.286
2021-09-25T12:00:00,2911.82,2944.52,2845.00,2920.85,496794.852
2021-09-25T16:00:00,2920.86,2931.56,2848.78,2916.11,319625.892
2021-09-25T20:00:00,2916.11,2946.72,2891.36,2921.08,186415.546
2021-09-26T00:00:00,2921.08,2930.94,2840.24,2864.31,322015.714
2021-09-26T04:00:00,2864.32,2865.93,2737.20,2771.90,561864.607
2021-09-26T08:00:00,2771.67,3031.00,2737.19,2973.02,920624.568
2021-09-26T12:00:00,2972.98,3056.32,2972.97,3051.00,403334.729
2021-09-26T16:00:00,3051.22,3074.00,3027.75,3057.16,221363.564
2021-09-26T20:00:00,3057.16,3116.84,3008.89,3057.63,335100.786
2021-09-27T00:00:00,3057.62,3163.90,3026.75,3130.00,355871.633
2021-09-27T04:00:00,3130.02,3148.80,3072.98,3090.66,274921.435
2021-09-27T08:00:00,3090.21,3136.85,3075.21,3091.61,283344.344
2021-09-27T12:00:00,3091.62,3127.00,3030.00,3058.11,444737.442
2021-09-27T16:00:00,3058.09,3061.00,2981.50,2992.24,325467.851
2021-09-27T20:00:00,2992.24,3026.55,2920.22,2923.60,342875.914
2021-09-28T00:00:00,2923.59,2958.81,2891.04,2947.00,287325.984
2021-09-28T04:00:00,2946.99,2969.00,2880.64,2893.27,322186.832
2021-09-28T08:00:00,2893.28,2940.00,2874.10,2925.91,425800.804
2021-09-28T12:00:00,2925.90,2960.20,2837.14,2842.28,641244.261
2021-09-28T16:00:00,2842.28,2871.48,2801.00,2836.86,395522.338
2021-09-28T20:00:00,2836.52,2890.00,2781.00,2803.50,297016.543
2021-09-29T00:00:00,2803.34,2900.00,2788.37,2895.49,347751.310
2021-09-29T04:00:00,2895.49,2933.00,2887.43,2922.38,238425.031
2021-09-29T08:00:00,2922.24,2949.00,2893.33,2931.46,254121.761
2021-09-29T12:00:00,2931.54,2948.22,2850.18,2860.34,422629.644
2021-09-29T16:00:00,2860.24,2871.18,2801.00,2808.87,339374.617
2021-09-29T20:00:00,2808.87,2853.14,2780.00,2848.38,254015.502
2021-09-30T00:00:00,2848.38,3037.93,2835.29,3027.48,505663.531
2021-09-30T04:00:00,3027.48,3049.30,2994.00,3001.84,292610.190
2021-09-30T08:00:00,3001.85,3013.17,2938.92,2962.71,373318.701
2021-09-30T12:00:00,2962.72,3030.89,2951.24,2984.98,457654.637
2021-09-30T16:00:00,2984.98,3047.00,2963.40,2990.86,308886.353
2021-09-30T20:00:00,2990.92,3020.93,2953.46,2999.45,220968.485
2021-10-01T00:00:00,2999.45,3040.54,2967.10,3000.19,272915.664
2021-10-01T04:00:00,3000.52,3096.95,2987.00,3089.65,336205.075
2021-10-01T08:00:00,3089.78,3250.00,3089.77,3235.38,750925.635
2021-10-01T12:00:00,3235.38,3279.91,3176.06,3235.99,477474.568
2021-10-01T16:00:00,3235.99,3321.00,3222.88,3296.80,329900.477
2021-10-01T20:00:00,3296.82,3331.56,3270.00,3308.58,246780.757
2021-10-02T00:00:00,3308.59,3345.00,3261.34,3267.18,250047.242
2021-10-02T04:00:00,3267.34,3298.00,3257.05,3279.07,148429.505
2021-10-02T08:00:00,3279.14,3319.00,3263.17,3296.35,172359.378
2021-10-02T12:00:00,3296.35,3399.00,3288.43,3386.40,427578.731
2021-10-02T16:00:00,3386.26,3467.29,3370.17,3467.02,337193.534
2021-10-02T20:00:00,3467.02,3471.58,3365.01,3387.25,251730.495
2021-10-03T00:00:00,3387.24,3425.00,3340.00,3405.72,266941.143
2021-10-03T04:00:00,3405.81,3427.66,3387.75,3392.92,127154.927
2021-10-03T08:00:00,3392.92,3422.97,3370.00,3414.11,177781.679
2021-10-03T12:00:00,3414.11,3448.66,3392.65,3403.82,198661.121
2021-10-03T16:00:00,3403.81,3489.22,3400.45,3468.50,304693.622
2021-10-03T20:00:00,3468.79,3474.31,3381.23,3418.25,238772.117
2021-10-04T00:00:00,3418.21,3426.35,3320.00,3336.47,281335.221
2021-10-04T04:00:00,3336.47,3382.00,3321.45,3378.75,207498.395
2021-10-04T08:00:00,3378.69,3385.27,3289.86,3314.52,235059.433
2021-10-04T12:00:00,3314.42,3426.00,3268.81,3322.53,574278.361
2021-10-04T16:00:00,3322.63,3440.00,3311.20,3417.43,472294.039
2021-10-04T20:00:00,3417.44,3425.00,3354.99,3386.12,191303.638
2021-10-05T00:00:00,3386.12,3419.71,3363.56,3388.65,202991.038
2021-10-05T04:00:00,3388.65,3406.58,3365.00,3388.42,134552.508
2021-10-05T08:00:00,3388.42,3475.79,3381.00,3447.00,386553.229
2021-10-05T12:00:00,3447.00,3471.99,3414.54,3420.80,260465.754
2021-10-05T16:00:00,3420.80,3499.00,3407.00,3491.64,241279.637
2021-10-05T20:00:00,3491.74,3549.90,3490.13,3517.64,250925.943
2021-10-06T00:00:00,3517.64,3542.31,3473.94,3488.04,199642.487
2021-10-06T04:00:00,3488.04,3503.75,3439.32,3456.84,208457.630
2021-10-06T08:00:00,3456.98,3460.73,3339.67,3382.73,444748.306
2021-10-06T12:00:00,3382.68,3638.00,3373.07,3617.83,878092.223
2021-10-06T16:00:00,3617.83,3626.59,3565.64,3590.90,219535.036
2021-10-06T20:00:00,3590.90,3612.00,3551.02,3576.85,183759.884
2021-10-07T00:00:00,3576.90,3578.04,3470.37,3522.36,320836.316
2021-10-07T04:00:00,3522.36,3620.00,3505.97,3617.07,235382.093
2021-10-07T08:00:00,3616.76,3621.00,3535.62,3578.67,294196.097
2021-10-07T12:00:00,3578.68,3649.61,3520.00,3587.53,511150.807
2021-10-07T16:00:00,3587.54,3630.00,3557.65,3609.50,200386.072
2021-10-07T20:00:00,3609.50,3659.98,3559.91,3589.85,247051.618
2021-10-08T00:00:00,3589.85,3620.00,3553.31,3575.99,187271.703
2021-10-08T04:00:00,3575.98,3616.00,3549.30,3605.38,163979.183
2021-10-08T08:00:00,3605.36,3675.41,3600.10,3614.46,351178.624
2021-10-08T12:00:00,3614.48,3664.87,3582.00,3622.53,391485.208
2021-10-08T16:00:00,3622.53,3650.19,3607.00,3627.27,174237.564
2021-10-08T20:00:00,3627.64,3631.78,3531.00,3563.81,233797.568
2021-10-09T00:00:00,3563.82,3591.21,3538.10,3580.71,174184.816
2021-10-09T04:00:00,3580.71,3627.00,3570.30,3607.89,149438.334
2021-10-09T08:00:00,3607.85,3623.00,3570.51,3598.52,179900.296
2021-10-09T12:00:00,3598.53,3639.00,3595.00,3602.48,173606.831
2021-10-09T16:00:00,3602.48,3611.50,3576.74,3584.02,130966.056
2021-10-09T20:00:00,3584.01,3594.76,3557.00,3577.80,99778.831
2021-10-10T00:00:00,3577.65,3587.06,3478.87,3532.41,289300.147
2021-10-10T04:00:00,3532.42,3607.55,3506.52,3585.49,261754.929
2021-10-10T08:00:00,3585.48,3600.00,3550.00,3565.69,170324.869
2021-10-10T12:00:00,3565.82,3583.05,3523.33,3559.18,215346.004
2021-10-10T16:00:00,3559.21,3566.17,3503.00,3530.00,173277.019
2021-10-10T20:00:00,3530.01,3573.00,3402.12,3415.01,408796.460
2021-10-11T00:00:00,3415.01,3523.45,3368.00,3519.72,379590.335
2021-10-11T04:00:00,3519.72,3588.00,3503.04,3580.18,290704.916
2021-10-11T08:00:00,3580.18,3629.00,3535.34,3561.41,403290.447
2021-10-11T12:00:00,3561.42,3612.00,3551.18,3595.74,271690.313
2021-10-11T16:00:00,3595.75,3603.59,3515.02,3517.98,236856.800
2021-10-11T20:00:00,3517.89,3547.83,3465.00,3543.10,292483.416
2021-10-12T00:00:00,3543.09,3545.02,3445.48,3487.74,312139.684
2021-10-12T04:00:00,3487.74,3522.41,3455.56,3482.65,260996.684
2021-10-12T08:00:00,3482.91,3509.68,3413.52,3457.95,310458.675
2021-10-12T12:00:00,3457.94,3549.82,3404.00,3506.24,632390.143
2021-10-12T16:00:00,3505.81,3530.23,3462.00,3467.54,260484.493
2021-10-12T20:00:00,3467.55,3513.78,3415.00,3492.91,210330.736
2021-10-13T00:00:00,3492.90,3535.00,3485.05,3503.62,160059.109
2021-10-13T04:00:00,3503.62,3528.44,3426.05,3429.43,324782.364
2021-10-13T08:00:00,3429.50,3470.87,3413.14,3469.35,254950.375
2021-10-13T12:00:00,3469.35,3515.65,3412.29,3487.12,388824.599
2021-10-13T16:00:00,3487.12,3540.00,3481.35,3523.75,220981.131
2021-10-13T20:00:00,3523.76,3618.00,3522.56,3610.05,285817.626
2021-10-14T00:00:00,3610.24,3662.27,3590.02,3646.27,297737.515
2021-10-14T04:00:00,3646.27,3669.14,3615.02,3632.80,190715.260
2021-10-14T08:00:00,3632.80,3757.61,3622.63,3740.65,352001.106
2021-10-14T12:00:00,3740.65,3830.00,3725.30,3812.15,492426.887
2021-10-14T16:00:00,3812.04,3830.00,3755.55,3794.99,288774.990
2021-10-14T20:00:00,3794.99,3798.96,3757.97,3794.19,114881.872
2021-10-15T00:00:00,3794.18,3847.00,3737.13,3823.91,352455.273
2021-10-15T04:00:00,3823.91,3864.75,3799.23,3809.27,271940.281
2021-10-15T08:00:00,3809.50,3815.15,3747.10,3780.95,283861.460
2021-10-15T12:00:00,3780.95,3838.53,3768.00,3793.59,271891.410
2021-10-15T16:00:00,3793.59,3898.28,3791.35,3851.65,367793.324
2021-10-15T20:00:00,3851.66,3915.00,3820.30,3872.71,280073.838
2021-10-16T00:00:00,3872.70,3876.93,3825.56,3846.27,123626.411
2021-10-16T04:00:00,3846.17,3869.97,3835.01,3857.18,133912.793
2021-10-16T08:00:00,3857.17,3974.39,3852.54,3962.15,389200.074
2021-10-16T12:00:00,3962.24,3980.00,3882.28,3911.38,356037.513
2021-10-16T16:00:00,3911.38,3917.73,3830.00,3842.51,235783.026
2021-10-16T20:00:00,3842.97,3857.00,3801.38,3833.30,159934.461
2021-10-17T00:00:00,3833.29,3892.04,3809.21,3880.43,169549.373
2021-10-17T04:00:00,3880.44,3925.95,3855.82,3881.00,214979.163
2021-10-17T08:00:00,3881.00,3914.67,3858.71,3862.92,170927.426
2021-10-17T12:00:00,3862.91,3879.70,3752.00,3789.92,301901.556
2021-10-17T16:00:00,3790.18,3817.68,3755.56,3768.81,169522.353
2021-10-17T20:00:00,3768.80,3868.00,3634.32,3851.01,584135.054
2021-10-18T00:00:00,3851.17,3898.94,3836.34,3856.50,230937.703
2021-10-18T04:00:00,3856.52,3890.15,3835.81,3840.85,156443.867
2021-10-18T08:00:00,3840.86,3866.00,3707.28,3747.68,463204.019
2021-10-18T12:00:00,3747.76,3826.35,3675.50,3763.00,521981.040
2021-10-18T16:00:00,3763.55,3783.36,3696.36,3750.36,242603.880
2021-10-18T20:00:00,3750.51,3771.00,3717.45,3748.31,153132.516
2021-10-19T00:00:00,3748.10,3837.70,3734.93,3826.16,252527.859
2021-10-19T04:00:00,3826.15,3848.48,3769.83,3811.53,222298.376
2021-10-19T08:00:00,3811.52,3824.87,3775.00,3801.22,214083.392
2021-10-19T12:00:00,3801.21,3868.00,3745.00,3776.43,580124.476
2021-10-19T16:00:00,3776.51,3842.00,3776.50,3818.63,254251.103
2021-10-19T20:00:00,3818.60,3893.00,3803.00,3881.48,246470.320
2021-10-20T00:00:00,3881.49,3909.66,3844.89,3848.11,204760.258
2021-10-20T04:00:00,3848.10,3863.81,3830.00,3860.92,162458.501
2021-10-20T08:00:00,3860.91,3876.95,3846.47,3863.89,163053.246
2021-10-20T12:00:00,3863.89,4087.90,3861.22,4083.64,930816.671
2021-10-20T16:00:00,4083.77,4143.23,4057.41,4104.62,490060.044
2021-10-20T20:00:00,4104.78,4173.50,4072.36,4164.14,327186.242
2021-10-21T00:00:00,4164.13,4249.00,4139.45,4190.00,620435.019
2021-10-21T04:00:00,4190.06,4202.31,4112.18,4166.52,276948.727
2021-10-21T08:00:00,4166.52,4389.60,4145.55,4219.13,988616.158
2021-10-21T12:00:00,4218.71,4280.00,4006.83,4093.20,1127867.240
2021-10-21T16:00:00,4093.21,4141.99,4044.00,4084.64,515319.622
2021-10-21T20:00:00,4084.65,4124.68,4043.40,4057.26,278627.431
2021-10-22T00:00:00,4057.26,4167.76,4055.97,4160.04,292648.472
2021-10-22T04:00:00,4160.03,4172.52,4106.52,4147.35,218331.620
2021-10-22T08:00:00,4147.36,4162.11,4086.00,4127.96,227764.487
2021-10-22T12:00:00,4127.97,4148.80,3959.00,3970.05,686471.892
2021-10-22T16:00:00,3970.05,3993.00,3888.00,3986.70,528071.723
2021-10-22T20:00:00,3986.70,4002.23,3930.00,3975.56,159837.789
2021-10-23T00:00:00,3975.55,4041.27,3948.00,4025.96,177981.847
2021-10-23T04:00:00,4025.95,4056.29,4002.78,4015.87,184470.571
2021-10-23T08:00:00,4015.86,4051.06,3940.60,4042.96,341547.619
2021-10-23T12:00:00,4042.97,4101.97,4017.76,4089.99,318283.590
2021-10-23T16:00:00,4089.99,4133.00,4068.54,4086.51,288903.000
2021-10-23T20:00:00,4086.51,4177.27,4072.01,4170.50,183187.930
2021-10-24T00:00:00,4170.50,4191.72,4118.92,4137.87,188267.321
2021-10-24T04:00:00,4137.86,4141.44,4080.00,4098.84,154473.384
2021-10-24T08:00:00,4098.83,4129.49,4027.00,4030.62,273327.785
2021-10-24T12:00:00,4030.63,4077.75,3985.00,4003.64,387852.041
2021-10-24T16:00:00,4003.64,4050.00,3962.86,4045.00,277912.092
2021-10-24T20:00:00,4045.00,4102.90,4039.13,4084.61,220028.150
2021-10-25T00:00:00,4084.60,4148.83,4071.37,4138.89,226764.749
2021-10-25T04:00:00,4138.89,4182.47,4117.71,4153.57,224771.600
2021-10-25T08:00:00,4153.57,4166.19,4110.00,4130.33,220761.243
2021-10-25T12:00:00,4130.33,4219.95,4112.24,4216.39,278975.543
2021-10-25T16:00:00,4216.40,4240.03,4175.00,4189.11,286161.946
2021-10-25T20:00:00,4189.10,4230.08,4178.42,4224.14,151687.939
2021-10-26T00:00:00,4224.13,4265.00,4208.00,4228.41,180109.429
2021-10-26T04:00:00,4228.42,4235.36,4180.00,4201.19,158443.822
2021-10-26T08:00:00,4201.19,4237.57,4200.33,4220.04,165206.276
2021-10-26T12:00:00,4220.08,4228.25,4130.94,4189.47,348688.547
2021-10-26T16:00:00,4189.41,4234.46,4140.00,4214.87,231520.420
2021-10-26T20:00:00,4214.87,4306.61,4092.00,4133.39,581732.205
2021-10-27T00:00:00,4133.37,4233.21,4120.00,4214.29,238270.685
2021-10-27T04:00:00,4214.30,4319.00,4137.00,4139.76,574005.633
2021-10-27T08:00:00,4139.71,4140.82,3926.10,3995.01,819713.886
2021-10-27T12:00:00,3995.00,4044.45,3960.00,3995.51,413836.192
2021-10-27T16:00:00,3995.51,4011.94,3940.00,4002.03,334705.847
2021-10-27T20:00:00,4002.03,4027.80,3900.00,3923.57,261596.608
2021-10-28T00:00:00,3923.58,4026.00,3887.75,3998.32,319837.193
2021-10-28T04:00:00,3998.33,4044.00,3982.85,4012.56,270788.188
2021-10-28T08:00:00,4012.56,4177.35,4011.59,4154.37,466106.595
2021-10-28T12:00:00,4154.37,4209.98,4138.21,4154.08,268443.964
2021-10-28T16:00:00,4154.08,4273.50,4113.00,4263.16,583655.173
2021-10-28T20:00:00,4263.16,4300.00,4209.00,4288.96,325072.385
2021-10-29T00:00:00,4288.91,4412.00,4269.16,4383.84,488496.615
2021-10-29T04:00:00,4383.84,4392.58,4290.00,4312.78,250391.731
2021-10-29T08:00:00,4312.79,4371.80,4278.32,4323.18,265836.721
2021-10-29T12:00:00,4323.25,4454.58,4300.70,4444.49,434927.797
2021-10-29T16:00:00,4444.48,4467.89,4342.93,4406.52,296801.888
2021-10-29T20:00:00,4406.52,4434.00,4389.43,4421.53,125954.728
2021-10-30T00:00:00,4421.53,4438.85,4334.20,4346.87,166710.624
2021-10-30T04:00:00,4346.88,4386.93,4333.00,4353.85,113908.099
2021-10-30T08:00:00,4353.84,4362.98,4288.00,4337.89,203722.426
2021-10-30T12:00:00,4337.88,4356.72,4230.55,4284.53,345703.385
2021-10-30T16:00:00,4284.35,4342.74,4268.00,4338.85,148140.438
2021-10-30T20:00:00,4338.85,4346.88,4250.00,4324.82,167503.835
2021-10-31T00:00:00,4324.82,4399.22,4319.21,4373.52,224220.236
2021-10-31T04:00:00,4373.52,4386.13,4301.00,4320.97,174877.348
2021-10-31T08:00:00,4321.12,4323.19,4188.88,4209.95,344783.796
2021-10-31T12:00:00,4209.95,4237.57,4161.00,4216.54,292952.089
2021-10-31T16:00:00,4216.54,4263.74,4194.00,4250.42,126412.639
2021-10-31T20:00:00,4250.43,4333.00,4232.05,4288.86,145575.207
2021-11-01T00:00:00,4288.87,4329.65,4172.59,4192.61,295327.671
2021-11-01T04:00:00,4192.62,4325.00,4145.00,4306.85,336225.546
2021-11-01T08:00:00,4306.84,4360.00,4300.14,4319.04,234418.727
2021-11-01T12:00:00,4319.04,4385.57,4310.44,4353.35,276288.234
2021-11-01T16:00:00,4353.12,4370.00,4266.27,4367.75,249450.399
2021-11-01T20:00:00,4367.75,4370.00,4280.51,4322.72,149520.195
2021-11-02T00:00:00,4322.72,4353.75,4286.67,4322.00,142304.616
2021-11-02T04:00:00,4322.01,4395.29,4317.75,4344.97,193141.594
2021-11-02T08:00:00,4344.96,4488.00,4334.10,4417.84,363049.179
2021-11-02T12:00:00,4418.13,4525.00,4418.12,4513.19,343268.130
2021-11-02T16:00:00,4513.24,4523.90,4477.66,4511.50,182211.465
2021-11-02T20:00:00,4511.50,4604.96,4483.85,4593.88,253094.763
2021-11-03T00:00:00,4593.17,4645.79,4557.28,4593.61,246257.477
2021-11-03T04:00:00,4593.61,4619.95,4538.89,4614.31,160413.285
2021-11-03T08:00:00,4614.31,4620.49,4555.04,4580.69,151314.110
2021-11-03T12:00:00,4580.69,4583.15,4456.00,4547.24,383487.924
2021-11-03T16:00:00,4547.48,4676.00,4500.00,4629.52,414958.962
2021-11-03T20:00:00,4629.52,4641.75,4577.08,4606.59,119828.940
2021-11-04T00:00:00,4606.59,4611.23,4543.60,4559.78,135253.530
2021-11-04T04:00:00,4559.79,4592.05,4517.08,4520.47,144940.359
2021-11-04T08:00:00,4520.46,4559.93,4484.16,4513.14,236588.537
2021-11-04T12:00:00,4513.15,4586.63,4462.15,4482.88,295331.218
2021-11-04T16:00:00,4482.88,4503.53,4423.09,4492.73,271625.524
2021-11-04T20:00:00,4492.73,4540.13,4482.34,4535.37,118618.645
2021-11-05T00:00:00,4535.38,4559.00,4471.21,4545.00,184709.225
2021-11-05T04:00:00,4545.01,4575.00,4520.38,4532.59,141649.439
2021-11-05T08:00:00,4532.58,4548.74,4474.73,4478.25,172381.541
2021-11-05T12:00:00,4478.24,4540.00,4452.00,4465.04,239553.022
2021-11-05T16:00:00,4464.95,4514.00,4462.00,4498.25,124072.014
2021-11-05T20:00:00,4498.25,4500.09,4445.10,4477.29,105019.754
2021-11-06T00:00:00,4477.29,4514.04,4459.56,4495.45,109906.482
2021-11-06T04:00:00,4495.46,4520.00,4460.13,4474.46,109910.113
2021-11-06T08:00:00,4474.46,4499.90,4341.80,4372.00,325164.237
2021-11-06T12:00:00,4372.00,4412.40,4325.91,4399.93,209033.285
2021-11-06T16:00:00,4399.94,4499.74,4383.37,4498.95,176390.428
2021-11-06T20:00:00,4498.95,4538.29,4485.00,4521.40,132023.330
2021-11-07T00:00:00,4521.70,4577.19,4505.41,4554.58,171256.848
2021-11-07T04:00:00,4554.58,4576.00,4540.48,4544.85,84325.306
2021-11-07T08:00:00,4544.83,4624.70,4523.00,4597.02,218554.771
2021-11-07T12:00:00,4597.37,4630.18,4574.21,4607.72,161912.958
2021-11-07T16:00:00,4607.85,4623.00,4592.93,4606.17,95106.061
2021-11-07T20:00:00,4606.17,4642.76,4590.00,4616.50,101235.641
2021-11-08T00:00:00,4616.51,4744.00,4615.21,4723.44,308861.968
2021-11-08T04:00:00,4723.43,4773.47,4710.00,4728.66,200397.257
2021-11-08T08:00:00,4728.35,4747.80,4713.24,4734.12,113390.336
2021-11-08T12:00:00,4734.12,4782.46,4706.00,4767.00,227843.656
2021-11-08T16:00:00,4766.99,4797.57,4750.92,4753.52,161479.847
2021-11-08T20:00:00,4753.51,4830.66,4732.73,4814.30,202472.175
2021-11-09T00:00:00,4814.13,4821.47,4781.00,4819.79,169981.771
2021-11-09T04:00:00,4819.78,4844.97,4774.97,4785.07,172817.914
2021-11-09T08:00:00,4785.07,4825.80,4753.00,4776.24,160680.042
2021-11-09T12:00:00,4776.39,4838.80,4759.01,4792.20,286559.293
2021-11-09T16:00:00,4792.51,4800.00,4714.83,4753.98,226847.016
2021-11-09T20:00:00,4753.99,4806.12,4719.72,4734.98,135087.183
2021-11-10T00:00:00,4734.99,4762.97,4683.03,4695.28,175165.929
2021-11-10T04:00:00,4695.28,4747.99,4676.64,4718.79,124245.399
2021-11-10T08:00:00,4718.79,4760.84,4705.11,4732.28,132401.155
2021-11-10T12:00:00,4732.28,4877.54,4696.11,4850.95,391777.450
2021-11-10T16:00:00,4850.95,4872.12,4692.68,4706.16,287435.063
2021-11-10T20:00:00,4706.16,4725.80,4450.00,4632.21,737803.008
2021-11-11T00:00:00,4632.42,4660.71,4580.90,4640.24,240208.585
2021-11-11T04:00:00,4640.25,4700.91,4624.04,4693.68,153386.396
2021-11-11T08:00:00,4693.67,4750.00,4657.21,4724.25,228846.355
2021-11-11T12:00:00,4723.71,4766.00,4676.02,4722.06,260100.428
2021-11-11T16:00:00,4722.06,4783.12,4717.10,4760.47,155168.351
2021-11-11T20:00:00,4760.61,4779.57,4714.23,4721.19,108293.759
2021-11-12T00:00:00,4721.19,4811.00,4691.00,4776.85,225108.021
2021-11-12T04:00:00,4776.84,4788.47,4695.00,4713.54,143476.097
2021-11-12T08:00:00,4713.55,4741.07,4580.72,4604.55,390347.186
2021-11-12T12:00:00,4604.54,4636.90,4541.11,4573.95,377986.126
2021-11-12T16:00:00,4573.96,4673.15,4508.00,4654.34,394945.939
2021-11-12T20:00:00,4654.35,4694.69,4630.00,4665.99,139162.030
2021-11-13T00:00:00,4665.99,4708.00,4621.07,4639.20,147362.177
2021-11-13T04:00:00,4639.21,4653.40,4610.89,4646.16,90677.788
2021-11-13T08:00:00,4646.15,4648.80,4585.11,4609.80,104777.045
2021-11-13T12:00:00,4609.79,4700.93,4598.00,4681.35,223059.732
2021-11-13T16:00:00,4681.35,4705.00,4614.62,4645.06,168277.178
2021-11-13T20:00:00,4645.06,4664.70,4633.39,4644.42,78589.885
2021-11-14T00:00:00,4644.42,4700.00,4620.28,4628.63,148473.668
2021-11-14T04:00:00,4628.63,4658.85,4593.81,4599.27,128376.475
2021-11-14T08:00:00,4599.28,4617.94,4567.41,4613.31,136065.891
2021-11-14T12:00:00,4613.32,4639.45,4575.04,4584.91,139699.729
2021-11-14T16:00:00,4584.92,4592.00,4515.84,4549.03,233499.042
2021-11-14T20:00:00,4549.03,4635.79,4536.28,4629.44,161033.871
2021-11-15T00:00:00,4629.75,4727.00,4629.74,4706.50,272333.813
2021-11-15T04:00:00,4706.51,4728.31,4679.09,4683.28,115174.303
2021-11-15T08:00:00,4683.28,4750.00,4662.26,4726.78,182310.348
2021-11-15T12:00:00,4726.78,4771.83,4635.91,4651.35,360723.549
2021-11-15T16:00:00,4651.34,4663.50,4570.12,4603.98,242066.892
2021-11-15T20:00:00,4603.98,4603.98,4541.44,4567.01,178501.786
2021-11-16T00:00:00,4567.01,4567.07,4219.05,4311.89,796452.741
2021-11-16T04:00:00,4311.88,4369.00,4265.10,4313.06,374814.507
2021-11-16T08:00:00,4313.05,4345.00,4077.00,4291.27,701263.204
2021-11-16T12:00:00,4291.27,4345.00,4222.97,4284.14,375339.214
2021-11-16T16:00:00,4284.14,4331.05,4231.13,4265.70,218891.528
2021-11-16T20:00:00,4265.55,4298.00,4161.00,4209.42,267278.349
2021-11-17T00:00:00,4209.42,4243.19,4062.00,4123.81,475111.545
2021-11-17T04:00:00,4123.70,4218.09,4077.43,4182.88,337620.510
2021-11-17T08:00:00,4182.94,4256.60,4100.67,4251.78,397113.363
2021-11-17T12:00:00,4251.77,4262.45,4143.55,4176.00,251322.899
2021-11-17T16:00:00,4176.00,4268.20,4150.00,4241.67,228752.144
2021-11-17T20:00:00,4241.67,4300.00,4210.00,4287.99,170681.466
2021-11-18T00:00:00,4288.00,4343.33,4269.50,4279.29,259272.643
2021-11-18T04:00:00,4279.28,4297.45,4224.08,4247.83,204613.075
2021-11-18T08:00:00,4247.99,4260.74,4182.33,4190.00,240871.381
2021-11-18T12:00:00,4190.00,4235.67,4044.00,4070.65,582491.002
2021-11-18T16:00:00,4070.64,4091.86,3960.12,4066.37,653605.822
2021-11-18T20:00:00,4066.66,4093.30,3957.96,3997.72,345316.544
2021-11-19T00:00:00,3997.72,4106.53,3973.14,4012.75,437191.634
2021-11-19T04:00:00,4012.74,4088.21,4007.57,4063.11,190733.187
2021-11-19T08:00:00,4062.98,4175.74,4062.60,4142.77,275291.349
2021-11-19T12:00:00,4142.78,4237.99,4133.11,4216.87,259763.217
2021-11-19T16:00:00,4216.87,4298.47,4211.71,4289.50,190013.652
2021-11-19T20:00:00,4289.49,4309.04,4248.00,4293.44,161413.513
2021-11-20T00:00:00,4293.44,4333.00,4276.77,4281.64,190102.430
2021-11-20T04:00:00,4281.63,4319.60,4262.86,4281.04,137786.271
2021-11-20T08:00:00,4281.05,4324.03,4271.14,4317.82,111763.407
2021-11-20T12:00:00,4317.82,4335.00,4211.17,4215.77,251235.166
2021-11-20T16:00:00,4215.78,4400.00,4202.24,4398.27,310808.945
2021-11-20T20:00:00,4398.27,4436.01,4388.74,4412.55,141917.311
2021-11-21T00:00:00,4412.37,4416.00,4334.32,4344.35,172302.502
2021-11-21T04:00:00,4344.34,4382.00,4327.53,4349.66,109327.367
2021-11-21T08:00:00,4349.67,4370.84,4302.64,4320.45,173859.665
2021-11-21T12:00:00,4320.45,4387.00,4306.00,4367.90,159389.988
2021-11-21T16:00:00,4367.90,4425.73,4335.59,4346.09,204646.377
2021-11-21T20:00:00,4346.08,4389.99,4242.00,4259.23,176962.669
2021-11-22T00:00:00,4259.28,4266.68,4142.23,4167.33,373728.777
2021-11-22T04:00:00,4167.33,4218.80,4126.00,4188.65,211600.531
2021-11-22T08:00:00,4188.93,4236.53,4166.09,4173.25,145679.671
2021-11-22T12:00:00,4173.26,4327.75,4128.00,4235.90,531762.026
2021-11-22T16:00:00,4235.90,4246.78,4050.00,4065.93,364230.221
2021-11-22T20:00:00,4065.93,4114.49,4019.35,4086.57,264090.687
2021-11-23T00:00:00,4086.41,4191.74,4063.72,4178.28,233855.210
2021-11-23T04:00:00,4178.28,4190.00,4088.00,4108.21,167073.159
2021-11-23T08:00:00,4108.02,4232.72,4059.55,4135.36,468031.515
2021-11-23T12:00:00,4135.98,4332.77,4129.66,4272.14,371968.044
2021-11-23T16:00:00,4272.15,4362.95,4268.52,4358.27,259071.766
2021-11-23T20:00:00,4358.26,4387.00,4324.00,4341.36,136864.891
2021-11-24T00:00:00,4341.36,4377.00,4233.00,4250.16,257895.160
2021-11-24T04:00:00,4250.16,4294.00,4219.70,4272.39,184760.890
2021-11-24T08:00:00,4272.39,4345.00,4256.16,4295.15,203906.647
2021-11-24T12:00:00,4295.15,4314.96,4170.38,4253.93,407111.137
2021-11-24T16:00:00,4253.94,4276.00,4201.20,4213.73,181657.235
2021-11-24T20:00:00,4213.73,4283.69,4202.03,4271.29,130567.890
2021-11-25T00:00:00,4271.29,4338.21,4250.34,4318.61,178098.634
2021-11-25T04:00:00,4318.62,4324.72,4266.56,4297.52,134339.975
2021-11-25T08:00:00,4297.52,4398.00,4274.07,4390.99,264489.694
2021-11-25T12:00:00,4391.00,4506.19,4385.38,4479.11,330837.059
2021-11-25T16:00:00,4479.29,4535.03,4466.47,4506.36,201005.868
2021-11-25T20:00:00,4506.28,4558.29,4472.00,4527.86,138884.320
2021-11-26T00:00:00,4528.20,4555.00,4429.00,4430.64,199721.285
2021-11-26T04:00:00,4430.86,4451.63,4315.71,4343.53,271888.719
2021-11-26T08:00:00,4343.51,4343.53,3979.29,3984.30,1141436.595
2021-11-26T12:00:00,3984.30,4123.00,3911.00,4063.11,588333.093
2021-11-26T16:00:00,4063.11,4114.00,4021.15,4081.70,246639.313
2021-11-26T20:00:00,4081.70,4125.33,4026.50,4040.66,209031.064
2021-11-27T00:00:00,4040.66,4148.70,4027.32,4113.82,187630.757
2021-11-27T04:00:00,4113.75,4146.44,4085.49,4122.69,131967.689
2021-11-27T08:00:00,4122.70,4182.66,4103.55,4111.97,221567.934
2021-11-27T12:00:00,4111.97,4158.66,4104.20,4131.53,150169.861
2021-11-27T16:00:00,4131.54,4160.81,4111.57,4115.24,117378.809
2021-11-27T20:00:00,4115.24,4129.37,4032.01,4095.33,199294.127
2021-11-28T00:00:00,4095.33,4097.69,3980.00,4027.05,262222.442
2021-11-28T04:00:00,4027.06,4081.00,4007.56,4069.87,149920.206
2021-11-28T08:00:00,4069.86,4133.22,4034.00,4097.86,194554.561
2021-11-28T12:00:00,4097.87,4116.58,4045.35,4079.01,156536.776
2021-11-28T16:00:00,4079.02,4131.10,3958.58,4100.65,322274.366
2021-11-28T20:00:00,4101.16,4301.07,4101.00,4296.60,427310.039
2021-11-29T00:00:00,4297.01,4374.81,4283.28,4308.18,327889.183
2021-11-29T04:00:00,4308.18,4368.31,4306.06,4353.50,191719.092
2021-11-29T08:00:00,4353.50,4361.00,4280.00,4299.87,214256.843
2021-11-29T12:00:00,4299.66,4379.00,4297.03,4337.36,227227.254
2021-11-29T16:00:00,4337.36,4460.00,4330.50,4389.24,314660.025
2021-11-29T20:00:00,4389.23,4458.04,4385.74,4445.10,157168.811
2021-11-30T00:00:00,4445.09,4505.68,4402.00,4436.17,309120.795
2021-11-30T04:00:00,4436.17,4457.24,4347.90,4414.10,320717.738
2021-11-30T08:00:00,4414.11,4623.66,4392.89,4595.62,442464.160
2021-11-30T12:00:00,4595.62,4757.80,4574.06,4618.90,665778.555
2021-11-30T16:00:00,4619.13,4700.00,4525.00,4666.33,640457.611
2021-11-30T20:00:00,4666.33,4678.43,4603.37,4631.51,195337.348
2021-12-01T00:00:00,4631.43,4775.27,4603.20,4760.67,381467.718
2021-12-01T04:00:00,4760.66,4783.19,4684.31,4768.44,223670.262
2021-12-01T08:00:00,4768.47,4772.72,4652.59,4676.96,304368.420
2021-12-01T12:00:00,4676.88,4765.00,4658.50,4728.93,321008.341
2021-12-01T16:00:00,4728.44,4761.35,4600.00,4662.70,277239.983
2021-12-01T20:00:00,4662.51,4664.67,4528.50,4586.66,353802.439
2021-12-02T00:00:00,4586.67,4624.51,4452.53,4492.44,364837.284
2021-12-02T04:00:00,4492.79,4587.85,4486.26,4562.68,196671.881
2021-12-02T08:00:00,4562.68,4602.00,4498.10,4533.39,251767.084
2021-12-02T12:00:00,4533.38,4636.86,4482.49,4544.76,458252.897
2021-12-02T16:00:00,4545.01,4560.00,4435.76,4491.77,323245.344
2021-12-02T20:00:00,4491.77,4560.00,4473.59,4514.32,172357.202
2021-12-03T00:00:00,4514.32,4550.00,4471.77,4494.20,193655.455
2021-12-03T04:00:00,4494.21,4592.00,4490.65,4569.45,237600.115
2021-12-03T08:00:00,4569.46,4619.56,4545.50,4613.36,217257.197
2021-12-03T12:00:00,4613.35,4658.00,4457.09,4468.80,429228.484
2021-12-03T16:00:00,4468.71,4468.76,4180.00,4229.33,832680.463
2021-12-03T20:00:00,4229.33,4249.64,4004.00,4213.66,737958.406
2021-12-04T00:00:00,4213.67,4237.20,4055.47,4059.62,403480.759
2021-12-04T04:00:00,4058.91,4119.03,3388.15,3893.07,1664522.358
2021-12-04T08:00:00,3893.08,3980.00,3825.25,3866.18,459611.495
2021-12-04T12:00:00,3866.18,4063.06,3866.17,4032.53,458093.848
2021-12-04T16:00:00,4032.15,4135.20,3975.70,4115.96,296538.117
2021-12-04T20:00:00,4115.96,4127.45,4030.93,4115.79,249449.315
2021-12-05T00:00:00,4115.79,4179.84,4065.00,4160.53,318561.845
2021-12-05T04:00:00,4160.53,4228.00,4138.71,4199.12,261405.618
2021-12-05T08:00:00,4199.27,4218.99,4160.02,4191.66,246337.845
2021-12-05T12:00:00,4191.65,4247.19,4033.00,4070.84,520914.875
2021-12-05T16:00:00,4070.46,4179.10,4063.78,4139.79,342743.336
2021-12-05T20:00:00,4139.19,4205.00,4099.00,4197.53,219804.332
2021-12-06T00:00:00,4197.52,4204.00,4103.46,4169.90,280993.912
2021-12-06T04:00:00,4169.87,4198.50,4015.24,4072.04,292983.370
2021-12-06T08:00:00,4072.04,4152.00,3920.00,4044.41,871354.547
2021-12-06T12:00:00,4044.42,4126.69,3981.00,4122.76,473798.568
2021-12-06T16:00:00,4122.97,4217.99,4096.00,4192.84,308505.153
2021-12-06T20:00:00,4192.85,4377.58,4182.16,4345.20,373540.220
2021-12-07T00:00:00,4345.44,4385.00,4302.90,4339.40,226094.200
2021-12-07T04:00:00,4339.41,4384.39,4327.57,4351.60,153088.991
2021-12-07T08:00:00,4351.60,4425.00,4343.94,4407.42,243939.615
2021-12-07T12:00:00,4407.42,4418.00,4330.98,4385.35,330547.180
2021-12-07T16:00:00,4385.37,4404.71,4280.00,4312.89,232725.326
2021-12-07T20:00:00,4313.00,4329.88,4255.27,4305.82,202408.414
2021-12-08T00:00:00,4305.83,4345.87,4281.11,4293.28,174842.830
2021-12-08T04:00:00,4293.27,4377.58,4292.56,4364.41,156817.227
2021-12-08T08:00:00,4364.41,4385.00,4229.62,4265.92,310886.352
2021-12-08T12:00:00,4266.02,4454.60,4224.98,4403.49,455700.957
2021-12-08T16:00:00,4403.50,4421.44,4363.11,4381.55,194322.432
2021-12-08T20:00:00,4381.56,4441.00,4372.59,4435.33,150896.497
2021-12-09T00:00:00,4435.70,4490.97,4349.54,4358.86,317934.497
2021-12-09T04:00:00,4358.35,4412.96,4340.03,4378.05,201922.701
2021-12-09T08:00:00,4378.33,4378.86,4268.11,4303.70,291731.835
2021-12-09T12:00:00,4303.72,4322.65,4134.82,4199.53,483523.588
2021-12-09T16:00:00,4198.91,4233.13,4096.02,4122.65,338796.571
2021-12-09T20:00:00,4122.65,4201.01,4075.00,4103.80,271423.324
2021-12-10T00:00:00,4103.80,4199.09,4097.02,4138.79,272166.262
2021-12-10T04:00:00,4139.29,4163.49,4018.05,4029.38,255589.208
2021-12-10T08:00:00,4029.38,4170.00,4019.00,4154.82,262896.782
2021-12-10T12:00:00,4154.81,4232.00,3981.33,4020.10,613365.125
2021-12-10T16:00:00,4020.09,4032.28,3928.88,4014.81,430619.003
2021-12-10T20:00:00,4014.81,4056.47,3882.84,3895.95,288409.126
2021-12-11T00:00:00,3895.85,4042.20,3831.01,4007.43,453875.373
2021-12-11T04:00:00,4007.43,4069.85,3929.96,3976.68,290790.566
2021-12-11T08:00:00,3976.68,4087.16,3963.76,4012.36,363078.344
2021-12-11T12:00:00,4012.39,4062.00,3988.83,4056.69,225889.567
2021-12-11T16:00:00,4056.32,4094.82,3997.17,4002.41,203091.553
2021-12-11T20:00:00,4002.61,4093.12,3975.00,4089.81,193029.524
2021-12-12T00:00:00,4088.86,4098.09,4026.03,4041.67,126277.294
2021-12-12T04:00:00,4041.67,4061.70,4001.79,4054.70,119101.144
2021-12-12T08:00:00,4054.69,4059.60,3985.00,4035.13,203154.051
2021-12-12T12:00:00,4035.13,4057.61,4013.66,4022.75,164758.918
2021-12-12T16:00:00,4022.77,4171.22,4015.22,4139.60,294858.047
2021-12-12T20:00:00,4139.61,4173.37,4114.83,4129.00,136541.747
2021-12-13T00:00:00,4129.16,4142.00,3950.17,3992.70,376964.874
2021-12-13T04:00:00,3992.87,4043.91,3970.35,3985.03,223424.171
2021-12-13T08:00:00,3985.21,4029.84,3947.02,4009.46,209360.494
2021-12-13T12:00:00,4009.45,4018.69,3760.00,3806.29,530355.748
2021-12-13T16:00:00,3806.28,3881.19,3668.34,3761.89,647228.188
2021-12-13T20:00:00,3761.89,3809.17,3712.57,3780.63,264963.439
2021-12-14T00:00:00,3780.33,3830.55,3745.66,3773.34,228423.767
2021-12-14T04:00:00,3773.33,3793.57,3682.00,3780.29,268926.341
2021-12-14T08:00:00,3780.29,3850.00,3761.45,3837.99,310109.541
2021-12-14T12:00:00,3837.79,3865.44,3763.00,3784.30,367234.548
2021-12-14T16:00:00,3784.30,3801.99,3723.52,3767.74,270948.090
2021-12-14T20:00:00,3767.73,3879.13,3766.59,3856.66,272359.123
2021-12-15T00:00:00,3856.67,3893.15,3802.00,3845.86,207248.738
2021-12-15T04:00:00,3845.87,3892.61,3823.30,3862.47,214145.383
2021-12-15T08:00:00,3862.48,3898.85,3841.75,3849.59,197185.202
2021-12-15T12:00:00,3849.58,3870.49,3650.00,3656.61,439843.616
2021-12-15T16:00:00,3656.60,3988.12,3639.39,3968.35,917199.700
2021-12-15T20:00:00,3968.35,4096.00,3965.44,4019.01,440192.428
2021-12-16T00:00:00,4019.01,4057.60,4004.54,4018.13,176641.916
2021-12-16T04:00:00,4017.97,4047.66,3978.15,4019.79,179943.937
2021-12-16T08:00:00,4019.79,4083.90,4012.07,4067.08,193955.644
2021-12-16T12:00:00,4067.24,4118.47,4006.11,4080.78,429492.995
2021-12-16T16:00:00,4080.77,4110.00,3980.59,3996.81,360666.693
2021-12-16T20:00:00,3996.81,4046.96,3951.14,3958.67,263145.669
2021-12-17T00:00:00,3958.70,3992.99,3932.37,3967.43,181912.752
2021-12-17T04:00:00,3967.43,3986.97,3850.43,3880.62,274957.938
2021-12-17T08:00:00,3880.61,3894.26,3803.44,3833.34,272104.194
2021-12-17T12:00:00,3833.31,3849.30,3694.20,3831.22,606583.743
2021-12-17T16:00:00,3831.37,3946.27,3825.00,3879.76,472932.664
2021-12-17T20:00:00,3879.76,3939.47,3821.02,3873.93,303910.750
2021-12-18T00:00:00,3872.98,3908.04,3764.96,3876.51,355409.276
2021-12-18T04:00:00,3876.69,3936.36,3838.88,3888.42,236129.999
2021-12-18T08:00:00,3888.29,3993.00,3873.18,3957.33,271155.839
2021-12-18T12:00:00,3957.37,3982.00,3924.93,3944.05,175110.838
2021-12-18T16:00:00,3944.04,3965.99,3905.99,3941.84,145077.672
2021-12-18T20:00:00,3941.83,3997.39,3925.65,3957.64,123485.049
2021-12-19T00:00:00,3957.65,4034.99,3881.89,3987.73,308633.147
2021-12-19T04:00:00,3987.73,4024.42,3966.00,3976.56,141485.868
2021-12-19T08:00:00,3976.52,3987.58,3896.11,3924.21,220501.216
2021-12-19T12:00:00,3924.22,3995.99,3896.85,3925.59,378241.855
2021-12-19T16:00:00,3925.59,3950.00,3882.52,3911.85,179278.281
2021-12-19T20:00:00,3911.85,3990.00,3895.22,3922.51,174215.670
2021-12-20T00:00:00,3922.51,3981.48,3888.00,3905.23,263061.845
2021-12-20T04:00:00,3905.23,3932.91,3804.19,3822.45,280909.689
2021-12-20T08:00:00,3822.33,3832.75,3757.44,3811.71,285407.083
2021-12-20T12:00:00,3811.72,3848.34,3750.00,3799.96,379989.789
2021-12-20T16:00:00,3799.96,3880.87,3791.47,3870.89,223913.261
2021-12-20T20:00:00,3870.65,3967.46,3870.45,3943.48,308227.752
2021-12-21T00:00:00,3943.64,4024.88,3912.26,4008.04,325416.552
2021-12-21T04:00:00,4008.08,4055.53,3990.58,4002.90,243826.484
2021-12-21T08:00:00,4002.90,4037.69,3993.57,4025.76,154248.136
2021-12-21T12:00:00,4025.75,4063.00,3961.16,3978.16,263743.056
2021-12-21T16:00:00,3978.17,4013.58,3970.54,4007.94,120483.245
2021-12-21T20:00:00,4007.94,4042.53,3997.15,4014.38,138703.996
2021-12-22T00:00:00,4014.38,4074.99,3991.85,4048.77,198967.437
2021-12-22T04:00:00,4048.77,4059.80,4030.00,4046.91,110787.066
2021-12-22T08:00:00,4046.91,4063.04,4003.11,4021.73,170774.248
2021-12-22T12:00:00,4021.73,4030.35,3924.36,4005.86,312855.199
2021-12-22T16:00:00,4005.69,4033.65,3954.00,3995.79,171113.344
2021-12-22T20:00:00,3995.97,4018.62,3972.49,3978.62,111597.750
2021-12-23T00:00:00,3978.63,4004.34,3906.79,3959.44,331884.983
2021-12-23T04:00:00,3959.45,3971.24,3896.26,3909.65,171501.052
2021-12-23T08:00:00,3909.85,3953.32,3888.87,3932.11,232946.300
2021-12-23T12:00:00,3932.10,3964.47,3923.04,3948.30,173408.412
2021-12-23T16:00:00,3948.30,4153.71,3944.00,4133.89,490256.542
2021-12-23T20:00:00,4133.88,4143.97,4086.01,4111.30,186938.610
2021-12-24T00:00:00,4111.31,4129.70,4075.00,4091.48,155334.297
2021-12-24T04:00:00,4091.47,4099.99,4060.13,4089.03,97907.711
2021-12-24T08:00:00,4089.03,4118.62,4070.00,4078.80,149980.638
2021-12-24T12:00:00,4078.80,4112.00,4050.52,4094.09,206191.334
2021-12-24T16:00:00,4094.18,4133.38,4070.00,4077.99,195286.298
2021-12-24T20:00:00,4078.00,4079.13,4014.45,4045.00,221893.801
2021-12-25T00:00:00,4045.19,4074.43,4015.00,4038.08,138830.651
2021-12-25T04:00:00,4038.07,4060.24,4026.14,4050.90,95733.216
2021-12-25T08:00:00,4050.89,4061.32,4020.86,4049.67,126264.517
2021-12-25T12:00:00,4049.68,4107.21,4049.00,4077.53,170295.546
2021-12-25T16:00:00,4077.76,4100.01,4034.37,4076.21,187015.261
2021-12-25T20:00:00,4076.21,4138.47,4072.23,4093.87,172222.403
2021-12-26T00:00:00,4093.88,4101.29,4002.70,4012.27,200564.373
2021-12-26T04:00:00,4012.21,4037.82,4002.00,4034.96,102644.895
2021-12-26T08:00:00,4034.96,4056.00,4011.06,4031.44,127029.580
2021-12-26T12:00:00,4031.45,4066.33,4020.28,4051.95,102090.389
2021-12-26T16:00:00,4051.96,4079.63,4046.50,4074.12,89650.265
2021-12-26T20:00:00,4074.00,4104.84,4042.05,4062.24,145538.249
2021-12-27T00:00:00,4062.40,4086.73,4047.00,4079.89,99813.989
2021-12-27T04:00:00,4079.89,4081.04,4048.00,4051.16,78712.408
2021-12-27T08:00:00,4051.16,4065.77,4033.00,4059.69,116019.627
2021-12-27T12:00:00,4059.70,4113.90,4042.80,4091.33,208314.097
2021-12-27T16:00:00,4091.34,4126.00,4074.81,4078.01,179309.864
2021-12-27T20:00:00,4078.00,4091.62,4030.06,4037.36,155174.658
2021-12-28T00:00:00,4037.35,4037.36,3930.76,3959.72,334963.077
2021-12-28T04:00:00,3959.71,3959.71,3871.02,3914.53,262519.183
2021-12-28T08:00:00,3914.52,3932.00,3880.00,3918.84,213562.836
2021-12-28T12:00:00,3918.84,3931.80,3842.30,3896.30,246943.061
2021-12-28T16:00:00,3896.30,3900.12,3756.26,3806.29,462031.275
2021-12-28T20:00:00,3806.30,3841.23,3788.94,3791.99,155184.100
2021-12-29T00:00:00,3792.00,3825.91,3783.00,3814.62,114051.691
2021-12-29T04:00:00,3814.62,3819.99,3785.13,3795.50,96012.451
2021-12-29T08:00:00,3795.50,3824.93,3765.49,3789.66,194724.525
2021-12-29T12:00:00,3789.78,3799.00,3693.80,3792.77,412215.099
2021-12-29T16:00:00,3792.78,3796.72,3710.00,3724.25,148034.110
2021-12-29T20:00:00,3724.25,3767.09,3600.45,3628.55,353149.855
2021-12-30T00:00:00,3628.49,3668.30,3580.00,3647.70,257970.757
2021-12-30T04:00:00,3647.69,3717.36,3645.72,3706.40,149869.577
2021-12-30T08:00:00,3706.40,3745.00,3676.82,3736.06,155253.139
2021-12-30T12:00:00,3736.07,3748.64,3700.00,3707.41,157306.339
2021-12-30T16:00:00,3707.44,3766.71,3703.59,3749.20,145496.663
2021-12-30T20:00:00,3749.21,3757.21,3680.00,3708.37,157974.243
2021-12-31T00:00:00,3708.45,3746.56,3683.22,3740.13,165403.699
2021-12-31T04:00:00,3740.14,3759.09,3685.00,3718.41,196276.336
2021-12-31T08:00:00,3718.40,3814.95,3711.06,3778.65,340045.392
2021-12-31T12:00:00,3778.65,3811.80,3771.46,3782.80,161232.388
2021-12-31T16:00:00,3782.80,3787.73,3621.67,3625.33,303285.862
2021-12-31T20:00:00,3625.77,3712.56,3621.32,3676.02,177696.497
2022-01-01T00:00:00,3676.01,3747.78,3676.01,3722.07,116271.787
2022-01-01T04:00:00,3722.07,3764.03,3701.16,3714.77,141654.520
2022-01-01T08:00:00,3714.77,3733.33,3671.86,3692.08,150783.679
2022-01-01T12:00:00,3692.09,3744.99,3690.78,3723.98,126802.578
2022-01-01T16:00:00,3723.98,3765.00,3716.43,3745.22,121449.659
2022-01-01T20:00:00,3745.22,3776.33,3737.41,3763.06,98657.570
2022-01-02T00:00:00,3763.05,3770.00,3740.03,3756.54,73133.431
2022-01-02T04:00:00,3756.64,3759.75,3714.48,3745.52,92299.056
2022-01-02T08:00:00,3745.53,3769.25,3730.50,3742.48,80636.325
2022-01-02T12:00:00,3742.46,3790.43,3728.20,3776.17,118529.543
2022-01-02T16:00:00,3776.18,3860.00,3770.56,3797.01,293953.888
2022-01-02T20:00:00,3797.01,3838.25,3792.09,3826.21,81527.187
2022-01-03T00:00:00,3826.10,3826.97,3772.85,3784.10,115349.784
2022-01-03T04:00:00,3784.10,3821.99,3778.25,3806.97,85813.346
2022-01-03T08:00:00,3806.96,3844.67,3790.01,3832.51,132361.771
2022-01-03T12:00:00,3832.51,3850.00,3775.00,3782.30,218422.155
2022-01-03T16:00:00,3782.29,3792.81,3732.20,3737.57,219012.898
2022-01-03T20:00:00,3737.45,3775.86,3680.00,3764.07,228919.399
2022-01-04T00:00:00,3764.07,3772.00,3711.00,3742.67,123831.971
2022-01-04T04:00:00,3742.66,3763.18,3726.45,3761.92,100104.249
2022-01-04T08:00:00,3761.91,3840.72,3755.23,3836.19,236747.954
2022-01-04T12:00:00,3836.19,3893.19,3815.00,3849.02,291036.175
2022-01-04T16:00:00,3849.02,3863.82,3756.71,3812.00,367061.077
2022-01-04T20:00:00,3812.00,3833.39,3784.10,3785.60,134999.264
2022-01-05T00:00:00,3785.60,3827.00,3767.00,3808.70,117269.804
2022-01-05T04:00:00,3808.67,3822.63,3797.00,3816.32,70794.241
2022-01-05T08:00:00,3816.32,3847.18,3780.01,3790.85,169165.759
2022-01-05T12:00:00,3790.86,3833.55,3762.42,3819.25,252397.390
2022-01-05T16:00:00,3819.25,3821.70,3638.00,3653.62,416255.283
2022-01-05T20:00:00,3653.54,3663.56,3405.00,3537.71,788099.471
2022-01-06T00:00:00,3537.81,3549.11,3443.57,3447.77,267095.835
2022-01-06T04:00:00,3448.00,3478.65,3405.42,3452.21,323223.064
2022-01-06T08:00:00,3452.20,3454.95,3292.31,3347.99,550831.824
2022-01-06T12:00:00,3347.99,3423.84,3316.10,3394.68,355332.123
2022-01-06T16:00:00,3394.41,3458.30,3380.77,3444.64,224024.638
2022-01-06T20:00:00,3444.64,3456.63,3403.37,3404.60,119981.864
2022-01-07T00:00:00,3404.61,3415.35,3220.29,3238.05,406671.912
2022-01-07T04:00:00,3238.05,3251.04,3112.50,3201.99,760873.510
2022-01-07T08:00:00,3202.00,3294.84,3188.12,3225.08,384640.522
2022-01-07T12:00:00,3225.07,3268.89,3040.77,3130.02,707967.478
2022-01-07T16:00:00,3130.13,3224.00,3087.62,3195.96,431165.505
2022-01-07T20:00:00,3195.97,3224.32,3164.06,3196.58,163907.425
2022-01-08T00:00:00,3196.58,3246.54,3179.40,3202.85,235691.684
2022-01-08T04:00:00,3202.86,3227.96,3190.05,3215.31,114212.443
2022-01-08T08:00:00,3215.30,3248.03,3206.60,3218.33,177346.832
2022-01-08T12:00:00,3218.34,3229.23,3145.79,3159.67,246911.235
2022-01-08T16:00:00,3159.66,3179.69,2996.45,3028.14,727814.341
2022-01-08T20:00:00,3028.14,3131.69,3002.14,3080.03,357909.620
2022-01-09T00:00:00,3079.86,3145.45,3057.00,3119.04,220247.578
2022-01-09T04:00:00,3119.04,3144.65,3114.27,3125.35,125024.726
2022-01-09T08:00:00,3125.36,3137.41,3082.16,3126.82,193217.747
2022-01-09T12:00:00,3126.82,3133.00,3072.81,3096.81,224693.559
2022-01-09T16:00:00,3096.84,3208.10,3090.63,3201.08,310848.996
2022-01-09T20:00:00,3201.09,3209.40,3142.61,3150.00,156816.186
2022-01-10T00:00:00,3149.99,3168.70,3125.88,3153.10,154673.056
2022-01-10T04:00:00,3153.00,3179.16,3149.95,3161.76,134308.674
2022-01-10T08:00:00,3161.76,3168.07,3092.00,3104.20,257274.821
2022-01-10T12:00:00,3104.20,3110.00,2924.78,3004.19,1007497.690
2022-01-10T16:00:00,3004.19,3101.45,2965.01,3028.85,587746.188
2022-01-10T20:00:00,3028.90,3095.95,3017.81,3081.31,180794.136
2022-01-11T00:00:00,3081.25,3127.74,3050.58,3118.04,176792.680
2022-01-11T04:00:00,3118.04,3135.00,3095.95,3127.55,118787.356
2022-01-11T08:00:00,3127.56,3145.79,3087.46,3108.91,258289.501
2022-01-11T12:00:00,3108.90,3157.64,3073.51,3132.05,365537.761
2022-01-11T16:00:00,3132.04,3262.66,3128.00,3234.80,514660.206
2022-01-11T20:00:00,3234.81,3247.18,3220.83,3236.86,99436.242
2022-01-12T00:00:00,3236.86,3257.27,3214.97,3232.98,117916.397
2022-01-12T04:00:00,3232.99,3260.79,3203.85,3216.14,157045.169
2022-01-12T08:00:00,3216.01,3295.00,3213.26,3269.98,267496.569
2022-01-12T12:00:00,3269.98,3384.25,3266.60,3360.27,528684.398
2022-01-12T16:00:00,3360.28,3392.00,3334.40,3379.77,208378.618
2022-01-12T20:00:00,3379.77,3411.00,3355.00,3369.93,155933.498
2022-01-13T00:00:00,3369.92,3382.87,3313.95,3336.98,161467.825
2022-01-13T04:00:00,3336.98,3351.99,3321.87,3339.71,108259.093
2022-01-13T08:00:00,3339.70,3377.56,3327.97,3332.38,171102.390
2022-01-13T12:00:00,3332.37,3408.89,3271.03,3300.21,439727.116
2022-01-13T16:00:00,3300.20,3318.00,3246.60,3270.63,316832.575
2022-01-13T20:00:00,3270.62,3278.77,3230.97,3240.36,176884.065
2022-01-14T00:00:00,3240.32,3274.25,3222.00,3265.68,147790.103
2022-01-14T04:00:00,3265.67,3312.25,3262.98,3267.55,154069.529
2022-01-14T08:00:00,3267.55,3273.37,3190.41,3200.77,278176.578
2022-01-14T12:00:00,3200.77,3299.89,3181.20,3276.93,377356.069
2022-01-14T16:00:00,3276.93,3327.76,3257.28,3306.76,219043.519
2022-01-14T20:00:00,3306.75,3342.63,3291.45,3305.60,133358.469
2022-01-15T00:00:00,3305.61,3323.60,3294.10,3306.19,89513.302
2022-01-15T04:00:00,3306.19,3320.00,3292.35,3313.48,79667.611
2022-01-15T08:00:00,3313.49,3338.10,3308.08,3317.01,104423.234
2022-01-15T12:00:00,3317.01,3368.89,3257.59,3360.56,320824.956
2022-01-15T16:00:00,3360.55,3372.00,3338.00,3348.31,103384.560
2022-01-15T20:00:00,3348.31,3369.00,3321.45,3324.05,111206.470
2022-01-16T00:00:00,3324.06,3335.05,3293.26,3312.43,98087.241
2022-01-16T04:00:00,3312.44,3338.36,3303.21,3330.81,83848.509
2022-01-16T08:00:00,3330.69,3336.00,3283.64,3310.40,154804.857
2022-01-16T12:00:00,3310.41,3362.30,3269.01,3351.87,311400.704
2022-01-16T16:00:00,3351.92,3394.62,3311.17,3319.25,181341.452
2022-01-16T20:00:00,3319.24,3361.02,3308.47,3345.49,105459.038
2022-01-17T00:00:00,3345.50,3355.30,3252.00,3256.05,215239.062
2022-01-17T04:00:00,3256.06,3298.36,3235.11,3269.87,231660.222
2022-01-17T08:00:00,3269.87,3280.51,3249.85,3254.32,188505.275
2022-01-17T12:00:00,3254.32,3278.48,3215.00,3235.35,268146.808
2022-01-17T16:00:00,3235.41,3245.00,3179.19,3217.14,300916.647
2022-01-17T20:00:00,3217.22,3223.91,3139.37,3208.61,235670.920
2022-01-18T00:00:00,3208.60,3243.95,3173.98,3180.50,202730.196
2022-01-18T04:00:00,3180.49,3204.58,3161.28,3185.69,172966.822
2022-01-18T08:00:00,3185.70,3191.90,3125.00,3170.14,320156.753
2022-01-18T12:00:00,3170.12,3180.81,3099.26,3115.47,416088.984
2022-01-18T16:00:00,3115.47,3139.42,3080.50,3126.57,258146.241
2022-01-18T20:00:00,3126.57,3193.35,3099.89,3159.32,219355.671
2022-01-19T00:00:00,3159.31,3174.60,3085.09,3097.24,258522.476
2022-01-19T04:00:00,3097.25,3112.81,3046.00,3059.85,255902.996
2022-01-19T08:00:00,3059.85,3129.61,3045.00,3115.96,352088.428
2022-01-19T12:00:00,3115.96,3160.00,3109.00,3122.00,331992.924
2022-01-19T16:00:00,3122.00,3159.27,3079.26,3127.44,313443.012
2022-01-19T20:00:00,3127.45,3137.17,3080.36,3082.81,156567.246
2022-01-20T00:00:00,3082.80,3130.15,3082.21,3124.33,143333.123
2022-01-20T04:00:00,3124.34,3153.24,3111.84,3138.01,134760.592
2022-01-20T08:00:00,3138.01,3154.10,3115.89,3150.87,166840.725
2022-01-20T12:00:00,3150.87,3271.64,3126.60,3260.67,490718.483
2022-01-20T16:00:00,3260.67,3272.24,3203.00,3214.53,314575.481
2022-01-20T20:00:00,3214.55,3218.74,2985.00,2999.92,630491.044
2022-01-21T00:00:00,2999.92,3031.90,2806.50,2836.04,916688.930
2022-01-21T04:00:00,2836.04,2893.67,2832.64,2879.82,370743.966
2022-01-21T08:00:00,2879.81,2896.52,2834.00,2847.33,314177.879
2022-01-21T12:00:00,2847.32,2853.77,2726.35,2830.14,989295.649
2022-01-21T16:00:00,2830.14,2860.22,2737.59,2740.36,486603.930
2022-01-21T20:00:00,2740.35,2762.89,2460.00,2566.91,1439764.005
2022-01-22T00:00:00,2566.91,2625.60,2538.00,2565.73,565190.714
2022-01-22T04:00:00,2565.73,2575.00,2422.76,2461.13,716571.651
2022-01-22T08:00:00,2461.60,2504.49,2293.56,2430.11,1281100.126
2022-01-22T12:00:00,2430.17,2518.48,2378.43,2385.72,673654.207
2022-01-22T16:00:00,2385.72,2466.45,2318.00,2335.92,811364.804
2022-01-22T20:00:00,2336.15,2470.72,2316.72,2410.96,614517.371
2022-01-23T00:00:00,2410.57,2462.99,2384.19,2414.96,362146.295
2022-01-23T04:00:00,2414.89,2500.00,2406.22,2486.10,393561.408
2022-01-23T08:00:00,2485.80,2549.00,2473.64,2497.59,426966.422
2022-01-23T12:00:00,2497.58,2513.75,2403.00,2431.04,446893.373
2022-01-23T16:00:00,2431.03,2456.00,2373.88,2382.36,306350.613
2022-01-23T20:00:00,2382.36,2548.08,2368.00,2538.41,436056.757
2022-01-24T00:00:00,2538.40,2539.59,2428.86,2457.74,343719.670
2022-01-24T04:00:00,2457.74,2468.64,2378.01,2384.95,294282.516
2022-01-24T08:00:00,2384.94,2445.03,2199.74,2237.98,1240152.175
2022-01-24T12:00:00,2237.99,2286.32,2151.00,2273.84,1370282.538
2022-01-24T16:00:00,2273.84,2408.72,2211.22,2377.21,1022625.192
2022-01-24T20:00:00,2377.20,2480.00,2366.45,2438.13,423238.163
2022-01-25T00:00:00,2437.87,2441.00,2376.59,2414.90,259069.008
2022-01-25T04:00:00,2414.76,2421.11,2349.60,2382.50,251089.884
2022-01-25T08:00:00,2382.47,2454.24,2371.63,2422.18,370442.524
2022-01-25T12:00:00,2422.19,2468.99,2361.30,2418.08,674882.503
2022-01-25T16:00:00,2417.66,2504.98,2411.01,2464.86,444021.420
2022-01-25T20:00:00,2464.95,2470.08,2402.83,2457.37,326471.223
2022-01-26T00:00:00,2457.37,2483.50,2413.06,2474.47,252895.618
2022-01-26T04:00:00,2474.48,2499.50,2443.29,2460.01,218591.755
2022-01-26T08:00:00,2460.01,2547.51,2459.01,2544.54,441001.867
2022-01-26T12:00:00,2544.53,2669.12,2520.80,2604.19,732606.039
2022-01-26T16:00:00,2604.19,2720.06,2560.53,2572.47,913855.656
2022-01-26T20:00:00,2572.49,2572.51,2400.01,2461.61,811917.401
2022-01-27T00:00:00,2461.62,2494.16,2351.58,2363.77,504541.706
2022-01-27T04:00:00,2363.50,2418.80,2360.00,2401.82,313872.428
2022-01-27T08:00:00,2402.00,2456.65,2382.93,2454.67,332066.454
2022-01-27T12:00:00,2454.76,2520.00,2440.35,2478.44,524577.739
2022-01-27T16:00:00,2478.44,2494.69,2389.29,2393.48,454403.980
2022-01-27T20:00:00,2393.49,2429.84,2314.33,2422.61,577272.295
2022-01-28T00:00:00,2422.61,2454.99,2361.91,2445.34,389311.155
2022-01-28T04:00:00,2445.52,2474.17,2388.17,2389.19,311255.922
2022-01-28T08:00:00,2389.18,2419.94,2370.00,2395.00,378649.740
2022-01-28T12:00:00,2395.00,2448.00,2357.00,2442.15,538173.903
2022-01-28T16:00:00,2442.15,2493.12,2421.19,2459.96,422431.919
2022-01-28T20:00:00,2459.77,2556.93,2458.69,2543.34,354853.149
2022-01-29T00:00:00,2543.34,2586.00,2519.21,2540.00,248499.685
2022-01-29T04:00:00,2540.00,2570.00,2521.54,2566.03,173398.532
2022-01-29T08:00:00,2566.04,2577.50,2533.44,2553.08,172886.066
2022-01-29T12:00:00,2553.07,2612.16,2523.14,2541.95,419207.937
2022-01-29T16:00:00,2541.61,2607.16,2525.68,2589.09,220736.588
2022-01-29T20:00:00,2589.08,2658.41,2578.56,2599.94,287660.587
2022-01-30T00:00:00,2599.93,2613.40,2556.24,2568.62,196673.085
2022-01-30T04:00:00,2568.62,2632.10,2565.30,2617.65,214787.382
2022-01-30T08:00:00,2617.65,2644.93,2595.88,2624.36,170542.416
2022-01-30T12:00:00,2624.51,2639.19,2584.00,2616.13,230859.774
2022-01-30T16:00:00,2616.13,2623.33,2550.56,2559.21,223801.985
2022-01-30T20:00:00,2559.21,2629.97,2541.46,2600.45,285571.835
2022-01-31T00:00:00,2600.45,2607.17,2486.42,2510.51,377043.584
2022-01-31T04:00:00,2510.51,2527.60,2475.33,2526.69,206339.526
2022-01-31T08:00:00,2526.68,2571.72,2517.50,2556.85,227358.346
2022-01-31T12:00:00,2556.86,2636.00,2517.92,2619.36,509923.441
2022-01-31T16:00:00,2619.37,2706.39,2612.33,2672.07,590747.669
2022-01-31T20:00:00,2672.08,2706.47,2662.16,2685.34,208366.420
2022-02-01T00:00:00,2685.34,2758.28,2672.61,2749.50,283580.554
2022-02-01T04:00:00,2749.49,2765.99,2716.53,2735.34,183367.132
2022-02-01T08:00:00,2735.34,2795.00,2716.59,2758.47,423453.414
2022-02-01T12:00:00,2758.50,2810.00,2730.00,2767.27,580651.655
2022-02-01T16:00:00,2767.26,2812.94,2748.46,2749.55,391592.055
2022-02-01T20:00:00,2749.56,2804.88,2748.50,2786.38,192152.035
2022-02-02T00:00:00,2786.37,2802.99,2739.22,2778.70,246579.732
2022-02-02T04:00:00,2778.71,2779.87,2740.00,2748.50,216632.998
2022-02-02T08:00:00,2748.50,2774.65,2739.20,2765.24,145443.620
2022-02-02T12:00:00,2765.23,2810.00,2652.23,2662.83,757831.414
2022-02-02T16:00:00,2662.82,2717.54,2636.43,2705.05,459504.025
2022-02-02T20:00:00,2705.04,2732.60,2610.40,2678.00,528865.218
2022-02-03T00:00:00,2678.47,2722.99,2651.00,2656.98,288324.831
2022-02-03T04:00:00,2656.86,2675.53,2636.00,2669.10,232497.658
2022-02-03T08:00:00,2669.27,2684.23,2577.00,2619.76,467802.788
2022-02-03T12:00:00,2619.76,2647.00,2572.64,2638.33,530489.800
2022-02-03T16:00:00,2638.39,2659.66,2588.73,2596.68,284033.409
2022-02-03T20:00:00,2596.67,2700.00,2575.00,2694.37,368594.155
2022-02-04T00:00:00,2694.20,2696.54,2670.14,2682.28,194106.806
2022-02-04T04:00:00,2682.29,2807.99,2674.44,2803.77,500400.023
2022-02-04T08:00:00,2803.78,2872.89,2802.93,2828.53,510796.040
2022-02-04T12:00:00,2828.62,2930.00,2762.83,2870.99,962013.847
2022-02-04T16:00:00,2870.99,2969.32,2867.00,2957.58,513925.105
2022-02-04T20:00:00,2957.36,2995.00,2929.79,2993.65,272642.077
2022-02-05T00:00:00,2993.64,3019.80,2958.01,2996.56,287074.018
2022-02-05T04:00:00,2996.57,3036.92,2988.08,3000.98,247764.665
2022-02-05T08:00:00,3000.98,3034.13,2986.82,3010.55,199303.183
2022-02-05T12:00:00,3010.55,3059.91,2995.97,3048.92,346912.842
2022-02-05T16:00:00,3048.81,3053.72,2961.72,3009.91,345090.031
2022-02-05T20:00:00,3009.86,3035.82,2992.12,3011.59,131246.806
2022-02-06T00:00:00,3011.58,3033.50,3007.09,3007.45,99220.697
2022-02-06T04:00:00,3007.44,3021.31,2986.94,3009.68,148891.296
2022-02-06T08:00:00,3009.68,3021.64,2997.00,3004.77,113447.836
2022-02-06T12:00:00,3004.83,3050.13,2948.00,2989.94,396117.666
2022-02-06T16:00:00,2989.94,3008.92,2976.84,2999.95,152002.922
2022-02-06T20:00:00,2999.83,3075.00,2973.03,3054.26,241849.432
2022-02-07T00:00:00,3054.26,3072.88,2990.83,3066.68,366240.693
2022-02-07T04:00:00,3066.56,3111.96,3053.03,3078.00,274533.699
2022-02-07T08:00:00,3078.01,3084.52,3046.72,3066.09,214650.221
2022-02-07T12:00:00,3066.10,3128.02,3053.00,3120.23,418259.373
2022-02-07T16:00:00,3120.01,3185.99,3105.00,3165.92,463826.373
2022-02-07T20:00:00,3165.91,3183.73,3128.52,3138.55,183081.559
2022-02-08T00:00:00,3138.55,3154.88,3110.40,3144.03,186541.381
2022-02-08T04:00:00,3144.03,3246.65,3140.40,3172.77,433709.915
2022-02-08T08:00:00,3172.67,3177.48,3073.14,3103.81,489495.865
2022-02-08T12:00:00,3103.81,3103.81,3028.09,3075.50,444656.124
2022-02-08T16:00:00,3075.50,3083.34,3023.28,3050.35,296663.192
2022-02-08T20:00:00,3050.32,3136.50,3045.36,3115.23,270940.505
2022-02-09T00:00:00,3115.23,3129.99,3059.33,3074.49,194213.830
2022-02-09T04:00:00,3074.49,3111.47,3052.50,3103.83,181316.878
2022-02-09T08:00:00,3103.83,3157.00,3066.48,3150.89,290998.486
2022-02-09T12:00:00,3150.89,3218.84,3137.26,3177.00,438685.069
2022-02-09T16:00:00,3177.00,3258.00,3161.39,3245.45,307337.993
2022-02-09T20:00:00,3245.46,3269.16,3229.13,3241.82,158933.113
2022-02-10T00:00:00,3241.79,3247.11,3168.01,3177.67,201680.162
2022-02-10T04:00:00,3177.67,3194.51,3155.11,3187.90,181435.461
2022-02-10T08:00:00,3187.91,3282.96,3181.00,3246.60,373799.329
2022-02-10T12:00:00,3246.56,3265.00,3083.58,3208.22,1073394.446
2022-02-10T16:00:00,3208.21,3260.75,3112.57,3119.11,501122.099
2022-02-10T20:00:00,3119.10,3138.55,3055.24,3070.90,341360.474
2022-02-11T00:00:00,3070.89,3095.52,2998.00,3080.06,418572.986
2022-02-11T04:00:00,3080.07,3104.99,3039.00,3096.64,196162.832
2022-02-11T08:00:00,3096.65,3115.00,3060.60,3087.00,254370.181
2022-02-11T12:00:00,3087.00,3136.55,3077.27,3101.28,385379.198
2022-02-11T16:00:00,3101.27,3111.12,2966.00,2992.13,546123.721
2022-02-11T20:00:00,2992.13,3001.43,2873.50,2926.04,532859.516
2022-02-12T00:00:00,2926.03,2957.95,2910.00,2933.32,210421.662
2022-02-12T04:00:00,2933.32,2947.47,2881.27,2918.48,252788.659
2022-02-12T08:00:00,2918.49,2943.90,2865.00,2930.27,318387.841
2022-02-12T12:00:00,2930.27,2937.27,2855.00,2880.55,395302.851
2022-02-12T16:00:00,2880.42,2977.00,2863.60,2951.50,380233.139
2022-02-12T20:00:00,2951.50,2983.62,2862.63,2916.93,312107.374
2022-02-13T00:00:00,2917.04,2950.22,2896.00,2917.55,162581.700
2022-02-13T04:00:00,2917.56,2927.92,2896.90,2921.43,133105.906
2022-02-13T08:00:00,2921.44,2943.01,2906.16,2929.87,139707.174
2022-02-13T12:00:00,2929.86,2952.66,2907.49,2918.35,235153.883
2022-02-13T16:00:00,2918.36,2920.63,2830.31,2855.35,389643.407
2022-02-13T20:00:00,2855.36,2908.00,2847.27,2870.32,217294.627
2022-02-14T00:00:00,2870.33,2893.02,2829.80,2863.89,261214.083
2022-02-14T04:00:00,2863.90,2884.00,2843.10,2881.48,167138.383
2022-02-14T08:00:00,2881.48,2887.73,2845.07,2872.94,213925.807
2022-02-14T12:00:00,2873.09,2964.44,2855.00,2935.64,532358.096
2022-02-14T16:00:00,2935.64,2962.99,2855.10,2877.88,426337.997
2022-02-14T20:00:00,2877.87,2947.77,2865.00,2928.87,214986.077
2022-02-15T00:00:00,2928.87,3037.70,2911.85,3023.45,340166.363
2022-02-15T04:00:00,3023.45,3059.94,3005.58,3048.01,205927.882
2022-02-15T08:00:00,3048.00,3115.00,3039.00,3092.98,403026.679
2022-02-15T12:00:00,3092.99,3153.96,3086.00,3121.54,404935.180
2022-02-15T16:00:00,3121.55,3141.75,3087.01,3108.75,260531.295
2022-02-15T20:00:00,3108.75,3198.00,3091.31,3183.73,241488.718
2022-02-16T00:00:00,3183.74,3184.72,3132.50,3140.61,226951.234
2022-02-16T04:00:00,3140.61,3152.61,3105.11,3148.11,197204.873
2022-02-16T08:00:00,3148.48,3161.98,3112.01,3134.65,203612.370
2022-02-16T12:00:00,3134.64,3144.93,3050.00,3064.99,455438.714
2022-02-16T16:00:00,3065.00,3186.79,3040.42,3167.59,464167.308
2022-02-16T20:00:00,3167.78,3178.00,3114.98,3121.80,186087.919
2022-02-17T00:00:00,3121.80,3158.68,3081.14,3082.44,214814.216
2022-02-17T04:00:00,3082.56,3110.74,3046.00,3107.43,334356.745
2022-02-17T08:00:00,3107.60,3140.00,3030.39,3064.21,506356.345
2022-02-17T12:00:00,3064.22,3085.73,2959.09,2987.08,667175.089
2022-02-17T16:00:00,2986.98,3003.57,2879.56,2908.70,564525.823
2022-02-17T20:00:00,2908.70,2912.97,2850.00,2890.80,345376.168
2022-02-18T00:00:00,2890.75,2917.97,2860.10,2905.75,243179.798
2022-02-18T04:00:00,2905.48,2914.81,2875.08,2902.86,174577.507
2022-02-18T08:00:00,2902.87,2941.94,2870.90,2877.62,286460.195
2022-02-18T12:00:00,2877.71,2907.00,2778.11,2798.58,684464.904
2022-02-18T16:00:00,2798.63,2825.23,2750.00,2796.88,552296.247
2022-02-18T20:00:00,2796.88,2806.31,2752.03,2778.46,221962.820
2022-02-19T00:00:00,2778.46,2829.99,2765.09,2804.59,192182.605
2022-02-19T04:00:00,2804.59,2824.41,2793.32,2810.69,131261.672
2022-02-19T08:00:00,2810.69,2817.99,2704.01,2721.43,373400.871
2022-02-19T12:00:00,2721.43,2752.54,2691.00,2744.52,363592.691
2022-02-19T16:00:00,2744.63,2794.65,2736.22,2742.99,353541.082
2022-02-19T20:00:00,2743.00,2766.83,2725.01,2761.89,132364.965
2022-02-20T00:00:00,2761.90,2762.89,2694.16,2711.53,244217.028
2022-02-20T04:00:00,2711.53,2716.93,2616.00,2652.23,499907.290
2022-02-20T08:00:00,2652.23,2652.73,2598.25,2641.00,437858.046
2022-02-20T12:00:00,2641.03,2664.87,2599.63,2650.24,379896.288
2022-02-20T16:00:00,2650.25,2673.68,2630.00,2648.66,263859.900
2022-02-20T20:00:00,2648.66,2664.40,2573.33,2620.72,416732.721
2022-02-21T00:00:00,2620.72,2738.81,2603.11,2709.76,463314.823
2022-02-21T04:00:00,2709.75,2755.00,2709.28,2745.32,241694.926
2022-02-21T08:00:00,2745.32,2758.00,2602.57,2624.73,607310.700
2022-02-21T12:00:00,2624.53,2749.90,2580.00,2722.33,1091450.990
2022-02-21T16:00:00,2722.32,2744.61,2605.22,2651.46,828056.545
2022-02-21T20:00:00,2651.46,2675.00,2555.56,2566.88,753561.110
2022-02-22T00:00:00,2566.88,2621.63,2506.28,2518.60,594637.300
2022-02-22T04:00:00,2518.63,2546.89,2495.00,2514.11,455151.987
2022-02-22T08:00:00,2514.12,2606.92,2512.67,2587.19,521889.708
2022-02-22T12:00:00,2587.20,2670.00,2563.26,2622.59,781128.660
2022-02-22T16:00:00,2622.60,2639.73,2578.31,2631.82,538824.357
2022-02-22T20:00:00,2631.82,2655.35,2589.28,2635.57,304170.780
2022-02-23T00:00:00,2635.57,2653.78,2595.00,2623.45,331504.609
2022-02-23T04:00:00,2623.45,2697.30,2618.28,2693.96,370856.246
2022-02-23T08:00:00,2694.09,2737.33,2680.30,2717.66,497149.592
2022-02-23T12:00:00,2717.67,2752.38,2683.00,2688.08,536877.331
2022-02-23T16:00:00,2688.08,2729.63,2618.07,2632.16,570905.047
2022-02-23T20:00:00,2632.15,2639.99,2573.39,2578.02,397306.490
2022-02-24T00:00:00,2578.02,2591.48,2385.22,2395.45,987875.493
2022-02-24T04:00:00,2395.45,2408.73,2298.72,2369.90,1343244.647
2022-02-24T08:00:00,2369.46,2422.00,2329.05,2393.58,950713.073
2022-02-24T12:00:00,2393.42,2475.81,2347.88,2453.40,1065859.906
2022-02-24T16:00:00,2453.55,2599.00,2427.60,2594.30,967300.896
2022-02-24T20:00:00,2594.28,2777.33,2543.07,2595.47,912792.290
2022-02-25T00:00:00,2595.47,2648.89,2581.14,2635.16,388774.778
2022-02-25T04:00:00,2635.16,2645.83,2583.57,2612.67,315434.225
2022-02-25T08:00:00,2612.66,2640.00,2571.68,2632.34,436301.985
2022-02-25T12:00:00,2632.36,2745.00,2631.09,2732.14,822444.881
2022-02-25T16:00:00,2732.14,2747.37,2664.36,2678.17,415521.951
2022-02-25T20:00:00,2678.17,2835.00,2666.83,2766.36,557941.062
2022-02-26T00:00:00,2766.42,2882.00,2760.23,2792.75,418986.947
2022-02-26T04:00:00,2792.75,2820.65,2756.39,2791.80,218462.538
2022-02-26T08:00:00,2791.76,2818.00,2726.00,2750.66,374669.943
2022-02-26T12:00:00,2750.65,2810.61,2741.34,2783.94,313637.726
2022-02-26T16:00:00,2783.94,2833.73,2762.00,2808.60,265016.837
2022-02-26T20:00:00,2808.60,2854.04,2762.18,2778.15,261513.155
2022-02-27T00:00:00,2778.15,2789.67,2676.19,2714.42,387469.073
2022-02-27T04:00:00,2714.42,2743.99,2696.00,2734.33,190525.936
2022-02-27T08:00:00,2734.28,2832.89,2721.00,2820.33,410226.551
2022-02-27T12:00:00,2820.33,2836.21,2705.06,2807.36,711323.383
2022-02-27T16:00:00,2807.61,2808.34,2594.00,2605.89,522294.476
2022-02-27T20:00:00,2605.85,2658.35,2553.68,2615.99,726946.738
2022-02-28T00:00:00,2615.99,2678.85,2587.17,2605.81,468049.934
2022-02-28T04:00:00,2605.98,2651.91,2565.00,2634.06,474872.498
2022-02-28T08:00:00,2634.20,2658.00,2609.56,2638.97,331257.980
2022-02-28T12:00:00,2638.97,2829.07,2605.29,2814.22,1047901.634
2022-02-28T16:00:00,2814.22,2830.00,2788.01,2807.36,507381.169
2022-02-28T20:00:00,2807.36,2966.00,2794.77,2920.10,576466.488
2022-03-01T00:00:00,2920.05,2974.44,2890.07,2911.82,399872.252
2022-03-01T04:00:00,2911.82,2934.62,2881.00,2921.56,252613.202
2022-03-01T08:00:00,2921.56,2934.41,2852.20,2902.40,454874.434
2022-03-01T12:00:00,2902.41,3036.00,2898.20,2949.20,1065512.670
2022-03-01T16:00:00,2949.20,2976.02,2896.70,2945.89,497664.013
2022-03-01T20:00:00,2946.10,2979.98,2936.77,2975.61,232582.881
2022-03-02T00:00:00,2975.61,3028.99,2912.96,3017.25,421465.217
2022-03-02T04:00:00,3017.26,3046.46,2954.07,2968.43,387878.898
2022-03-02T08:00:00,2968.44,3027.33,2950.00,3004.36,396879.476
2022-03-02T12:00:00,3004.29,3035.99,2925.01,2952.09,930411.254
2022-03-02T16:00:00,2952.09,2982.35,2913.51,2932.90,315929.696
2022-03-02T20:00:00,2932.90,2988.00,2928.42,2947.47,175530.063
2022-03-03T00:00:00,2947.48,2970.00,2884.08,2895.09,275357.596
2022-03-03T04:00:00,2895.10,2920.00,2870.00,2907.35,249720.265
2022-03-03T08:00:00,2907.35,2934.48,2877.35,2912.03,292473.873
2022-03-03T12:00:00,2912.03,2934.71,2814.64,2827.56,516856.375
2022-03-03T16:00:00,2827.57,2840.14,2781.77,2816.80,476080.296
2022-03-03T20:00:00,2816.79,2848.67,2790.00,2832.97,257942.066
2022-03-04T00:00:00,2832.98,2835.90,2684.80,2724.28,500685.336
2022-03-04T04:00:00,2724.28,2733.60,2708.70,2731.98,185071.402
2022-03-04T08:00:00,2731.98,2759.73,2703.05,2742.53,366333.483
2022-03-04T12:00:00,2742.48,2754.98,2640.58,2670.85,635007.521
2022-03-04T16:00:00,2670.89,2697.02,2608.00,2616.34,421978.439
2022-03-04T20:00:00,2616.36,2628.87,2570.65,2620.25,322540.022
2022-03-05T00:00:00,2620.25,2628.88,2588.00,2623.94,216527.129
2022-03-05T04:00:00,2623.94,2643.78,2608.25,2636.16,156078.530
2022-03-05T08:00:00,2636.15,2656.93,2629.13,2647.00,196144.266
2022-03-05T12:00:00,2647.00,2670.00,2626.00,2642.02,239721.525
2022-03-05T16:00:00,2642.01,2684.87,2638.33,2668.95,179912.491
2022-03-05T20:00:00,2668.96,2679.11,2648.64,2663.55,97076.619
2022-03-06T00:00:00,2663.55,2674.61,2632.39,2637.80,114951.331
2022-03-06T04:00:00,2637.81,2659.16,2613.88,2643.69,200351.217
2022-03-06T08:00:00,2643.68,2647.03,2585.70,2607.08,307163.614
2022-03-06T12:00:00,2607.07,2647.50,2603.29,2625.99,255197.984
2022-03-06T16:00:00,2625.98,2656.00,2602.09,2606.07,206657.984
2022-03-06T20:00:00,2606.08,2644.00,2529.00,2549.37,310230.218
2022-03-07T00:00:00,2549.36,2557.03,2505.15,2523.93,390533.157
2022-03-07T04:00:00,2523.93,2541.45,2512.31,2519.50,178343.629
2022-03-07T08:00:00,2519.50,2547.00,2481.99,2536.86,321330.462
2022-03-07T12:00:00,2536.85,2650.00,2536.85,2616.51,685650.129
2022-03-07T16:00:00,2616.51,2639.00,2431.62,2458.67,679255.210
2022-03-07T20:00:00,2458.68,2526.76,2443.00,2489.90,435611.845
2022-03-08T00:00:00,2489.84,2572.29,2478.35,2548.31,380596.610
2022-03-08T04:00:00,2548.31,2563.69,2493.66,2535.25,328870.245
2022-03-08T08:00:00,2535.08,2609.00,2525.79,2587.32,417855.824
2022-03-08T12:00:00,2587.32,2608.32,2529.68,2558.11,606395.723
2022-03-08T16:00:00,2558.10,2623.00,2523.84,2578.17,721864.385
2022-03-08T20:00:00,2578.16,2588.38,2546.72,2575.49,187605.901
2022-03-09T00:00:00,2575.50,2717.68,2566.41,2698.46,505366.244
2022-03-09T04:00:00,2698.46,2750.00,2697.90,2743.24,360968.307
2022-03-09T08:00:00,2743.25,2773.17,2721.05,2744.74,338964.145
2022-03-09T12:00:00,2744.74,2767.75,2710.58,2756.58,397330.812
2022-03-09T16:00:00,2756.58,2759.07,2677.33,2713.26,288060.908
2022-03-09T20:00:00,2713.27,2734.93,2678.53,2726.37,184692.190
2022-03-10T00:00:00,2726.37,2733.37,2652.00,2657.96,314953.880
2022-03-10T04:00:00,2657.96,2664.11,2570.00,2591.20,451244.080
2022-03-10T08:00:00,2591.21,2608.63,2573.24,2592.04,271982.602
2022-03-10T12:00:00,2592.33,2646.62,2546.83,2595.92,678353.850
2022-03-10T16:00:00,2595.82,2616.90,2582.27,2611.74,200754.518
2022-03-10T20:00:00,2611.80,2620.00,2590.02,2605.44,119553.157
2022-03-11T00:00:00,2605.43,2608.89,2520.50,2550.10,294946.813
2022-03-11T04:00:00,2550.09,2619.00,2531.87,2607.99,287973.607
2022-03-11T08:00:00,2607.99,2670.97,2573.50,2651.69,433701.868
2022-03-11T12:00:00,2651.52,2676.20,2565.15,2579.43,539317.536
2022-03-11T16:00:00,2579.47,2580.19,2544.54,2556.16,264944.087
2022-03-11T20:00:00,2556.16,2590.00,2525.93,2555.89,225251.624
2022-03-12T00:00:00,2555.90,2597.46,2552.22,2582.95,145559.322
2022-03-12T04:00:00,2583.03,2599.80,2567.02,2587.73,121740.899
2022-03-12T08:00:00,2587.76,2591.46,2571.83,2577.56,115202.035
2022-03-12T12:00:00,2577.57,2596.03,2560.57,2583.29,173410.348
2022-03-12T16:00:00,2583.30,2620.00,2573.80,2576.77,194767.883
2022-03-12T20:00:00,2576.76,2591.72,2560.00,2567.64,84563.423
2022-03-13T00:00:00,2567.63,2604.13,2555.81,2591.48,147316.714
2022-03-13T04:00:00,2591.47,2596.38,2579.80,2580.46,72716.832
2022-03-13T08:00:00,2580.46,2595.00,2564.30,2573.92,177743.267
2022-03-13T12:00:00,2573.92,2590.00,2532.00,2578.29,345817.228
2022-03-13T16:00:00,2578.29,2585.50,2560.09,2561.55,111939.561
2022-03-13T20:00:00,2561.51,2572.59,2490.25,2514.07,297500.810
2022-03-14T00:00:00,2513.77,2543.54,2496.85,2532.82,205314.600
2022-03-14T04:00:00,2532.82,2606.07,2531.22,2585.72,361839.459
2022-03-14T08:00:00,2585.90,2609.32,2576.00,2579.41,233024.451
2022-03-14T12:00:00,2579.41,2592.27,2554.52,2572.50,315005.883
2022-03-14T16:00:00,2572.50,2581.60,2513.08,2535.01,308189.959
2022-03-14T20:00:00,2535.01,2596.75,2520.78,2588.96,277232.745
2022-03-15T00:00:00,2588.96,2602.96,2534.81,2542.66,369541.833
2022-03-15T04:00:00,2542.67,2563.16,2504.50,2530.77,222091.377
2022-03-15T08:00:00,2530.78,2543.80,2509.60,2533.40,219893.891
2022-03-15T12:00:00,2533.40,2592.21,2518.23,2571.50,401854.930
2022-03-15T16:00:00,2571.51,2661.15,2566.19,2658.70,531503.754
2022-03-15T20:00:00,2658.70,2668.80,2605.85,2617.29,266047.805
2022-03-16T00:00:00,2617.29,2738.90,2602.06,2619.83,609738.848
2022-03-16T04:00:00,2619.83,2647.79,2605.00,2644.96,244122.048
2022-03-16T08:00:00,2644.95,2703.25,2642.94,2686.80,323212.766
2022-03-16T12:00:00,2686.80,2723.63,2661.13,2703.00,392239.942
2022-03-16T16:00:00,2703.00,2760.00,2628.00,2752.99,815849.174
2022-03-16T20:00:00,2753.00,2789.86,2739.43,2772.78,286240.766
2022-03-17T00:00:00,2772.78,2789.62,2751.88,2766.02,190651.026
2022-03-17T04:00:00,2766.01,2774.70,2745.33,2755.39,161584.846
2022-03-17T08:00:00,2755.40,2779.00,2750.50,2774.39,190240.404
2022-03-17T12:00:00,2774.35,2839.00,2770.49,2801.09,481701.163
2022-03-17T16:00:00,2801.08,2834.24,2774.43,2827.54,256208.581
2022-03-17T20:00:00,2827.54,2828.00,2797.90,2810.74,108222.309
2022-03-18T00:00:00,2810.75,2812.48,2760.00,2775.58,249191.984
2022-03-18T04:00:00,2775.57,2807.97,2769.53,2792.86,180680.426
2022-03-18T08:00:00,2792.86,2814.00,2779.42,2794.99,261186.674
2022-03-18T12:00:00,2794.99,2900.00,2787.24,2894.00,658243.029
2022-03-18T16:00:00,2894.01,2974.10,2881.04,2964.98,445451.232
2022-03-18T20:00:00,2964.99,2984.72,2929.54,2938.02,217584.977
2022-03-19T00:00:00,2938.03,2980.00,2927.50,2947.60,172982.384
2022-03-19T04:00:00,2947.60,2956.31,2919.96,2924.33,129516.009
2022-03-19T08:00:00,2924.33,2954.24,2921.79,2945.84,141723.346
2022-03-19T12:00:00,2945.84,2978.16,2936.56,2966.79,274546.630
2022-03-19T16:00:00,2966.79,2992.00,2943.34,2949.38,189310.748
2022-03-19T20:00:00,2949.38,2967.51,2890.60,2950.00,230242.998
2022-03-20T00:00:00,2949.90,2965.00,2905.21,2932.73,227751.415
2022-03-20T04:00:00,2932.74,2935.00,2914.82,2925.00,103073.512
2022-03-20T08:00:00,2925.00,2930.96,2871.66,2886.64,194378.437
2022-03-20T12:00:00,2886.64,2899.10,2844.00,2854.42,344963.682
2022-03-20T16:00:00,2854.42,2880.00,2817.49,2874.86,328677.295
2022-03-20T20:00:00,2874.86,2911.99,2850.38,2860.47,238176.460
2022-03-21T00:00:00,2860.53,2876.41,2830.50,2843.06,219176.569
2022-03-21T04:00:00,2843.07,2895.82,2833.91,2889.08,205947.028
2022-03-21T08:00:00,2888.93,2924.00,2873.00,2905.24,247895.051
2022-03-21T12:00:00,2905.24,2956.99,2885.69,2954.13,515177.779
2022-03-21T16:00:00,2954.13,2960.00,2894.27,2917.13,370386.667
2022-03-21T20:00:00,2917.14,2923.46,2881.24,2889.08,128236.514
2022-03-22T00:00:00,2889.07,3038.97,2885.49,3007.33,503982.193
2022-03-22T04:00:00,3007.33,3055.90,2964.00,2992.79,396087.127
2022-03-22T08:00:00,2992.79,3026.21,2984.71,3020.50,258448.113
2022-03-22T12:00:00,3020.51,3029.48,2986.47,3002.17,263649.951
2022-03-22T16:00:00,3002.16,3013.62,2978.96,2982.71,189002.536
2022-03-22T20:00:00,2983.23,3015.00,2956.52,2968.49,186583.653
2022-03-23T00:00:00,2968.48,2992.88,2922.25,2946.01,292875.880
2022-03-23T04:00:00,2946.01,2961.00,2915.51,2947.45,244043.718
2022-03-23T08:00:00,2947.45,2971.78,2932.19,2948.00,217187.544
2022-03-23T12:00:00,2948.00,3038.38,2937.30,3029.63,433186.262
2022-03-23T16:00:00,3029.63,3043.69,2950.60,2961.41,397976.216
2022-03-23T20:00:00,2961.41,3038.02,2958.39,3035.55,196109.115
2022-03-24T00:00:00,3035.54,3082.79,3004.46,3016.69,420271.655
2022-03-24T04:00:00,3016.69,3071.05,3013.96,3037.37,243550.386
2022-03-24T08:00:00,3037.38,3067.94,3030.99,3047.99,263382.052
2022-03-24T12:00:00,3047.99,3129.75,3001.00,3114.23,737209.279
2022-03-24T16:00:00,3114.34,3122.65,3085.00,3107.44,288447.000
2022-03-24T20:00:00,3107.25,3118.00,3085.24,3109.89,128291.272
2022-03-25T00:00:00,3109.89,3155.00,3093.49,3135.80,231647.205
2022-03-25T04:00:00,3135.79,3147.41,3125.00,3128.01,209148.948
2022-03-25T08:00:00,3128.01,3178.77,3092.00,3167.23,372910.696
2022-03-25T12:00:00,3167.18,3195.00,3105.79,3120.27,577152.817
2022-03-25T16:00:00,3120.27,3138.61,3075.00,3114.09,492335.181
2022-03-25T20:00:00,3114.09,3128.67,3092.61,3101.37,124067.959
2022-03-26T00:00:00,3101.37,3116.00,3084.03,3107.25,124759.914
2022-03-26T04:00:00,3107.21,3137.66,3098.94,3132.35,133497.465
2022-03-26T08:00:00,3132.36,3138.53,3115.08,3121.61,110889.203
2022-03-26T12:00:00,3121.62,3127.94,3106.35,3114.81,145656.835
2022-03-26T16:00:00,3114.81,3127.74,3107.08,3121.94,82446.323
2022-03-26T20:00:00,3121.95,3152.24,3120.85,3143.47,163164.546
2022-03-27T00:00:00,3143.47,3170.00,3135.58,3142.70,156978.247
2022-03-27T04:00:00,3142.71,3158.41,3132.08,3153.68,100117.739
2022-03-27T08:00:00,3153.69,3157.77,3137.97,3144.90,88164.883
2022-03-27T12:00:00,3144.89,3178.35,3125.26,3169.11,229746.030
2022-03-27T16:00:00,3169.11,3189.18,3163.42,3174.03,170736.129
2022-03-27T20:00:00,3174.03,3299.33,3162.16,3295.01,497453.765
2022-03-28T00:00:00,3295.01,3337.64,3274.30,3311.05,291154.729
2022-03-28T04:00:00,3311.04,3340.00,3299.46,3318.57,182957.215
2022-03-28T08:00:00,3318.57,3359.00,3305.00,3346.24,220047.200
2022-03-28T12:00:00,3346.24,3400.34,3330.00,3356.42,428987.521
2022-03-28T16:00:00,3356.41,3430.00,3333.00,3408.54,369631.027
2022-03-28T20:00:00,3408.54,3423.55,3315.34,3333.62,287373.263
2022-03-29T00:00:00,3333.62,3400.00,3330.32,3370.19,204774.776
2022-03-29T04:00:00,3370.20,3422.85,3369.18,3386.18,222453.227
2022-03-29T08:00:00,3386.17,3471.00,3384.00,3463.80,370124.930
2022-03-29T12:00:00,3463.79,3480.00,3392.24,3401.22,494085.442
2022-03-29T16:00:00,3401.22,3443.08,3367.14,3429.31,377960.911
2022-03-29T20:00:00,3429.33,3429.45,3336.00,3399.00,259542.264
2022-03-30T00:00:00,3399.00,3399.01,3332.00,3383.11,244222.460
2022-03-30T04:00:00,3383.12,3417.35,3360.63,3407.51,202022.296
2022-03-30T08:00:00,3407.52,3419.52,3379.52,3406.99,214872.899
2022-03-30T12:00:00,3407.00,3409.70,3345.00,3381.10,347450.080
2022-03-30T16:00:00,3381.11,3447.74,3371.15,3394.08,351010.249
2022-03-30T20:00:00,3394.08,3413.94,3370.01,3385.10,152791.435
2022-03-31T00:00:00,3385.09,3423.24,3377.35,3396.78,134383.812
2022-03-31T04:00:00,3396.77,3409.00,3385.39,3401.23,110379.562
2022-03-31T08:00:00,3401.20,3426.77,3395.09,3408.50,171666.176
2022-03-31T12:00:00,3408.50,3444.60,3333.99,3349.48,612089.760
2022-03-31T16:00:00,3349.47,3354.11,3260.84,3282.42,599429.956
2022-03-31T20:00:00,3282.81,3305.32,3261.69,3281.43,187525.488
2022-04-01T00:00:00,3281.43,3307.59,3210.06,3249.72,394284.129
2022-04-01T04:00:00,3249.73,3280.00,3241.92,3276.96,175150.712
2022-04-01T08:00:00,3276.97,3302.82,3266.04,3283.41,208732.150
2022-04-01T12:00:00,3283.42,3458.00,3260.64,3432.20,752687.468
2022-04-01T16:00:00,3432.20,3483.12,3404.10,3469.29,431381.019
2022-04-01T20:00:00,3469.28,3471.90,3425.78,3454.33,147528.641
2022-04-02T00:00:00,3454.33,3526.05,3438.34,3473.79,385376.165
2022-04-02T04:00:00,3473.80,3493.36,3461.50,3483.19,153562.519
2022-04-02T08:00:00,3483.18,3497.77,3468.02,3485.43,149881.572
2022-04-02T12:00:00,3485.43,3533.00,3444.00,3459.97,504993.363
2022-04-02T16:00:00,3459.97,3486.40,3430.20,3469.89,277145.050
2022-04-02T20:00:00,3469.88,3486.16,3432.73,3443.07,181455.691
2022-04-03T00:00:00,3443.06,3465.84,3411.90,3454.87,212656.367
2022-04-03T04:00:00,3454.95,3508.26,3450.67,3489.14,219939.166
2022-04-03T08:00:00,3489.14,3511.39,3470.00,3483.68,180903.160
2022-04-03T12:00:00,3483.67,3519.92,3476.68,3498.24,232299.410
2022-04-03T16:00:00,3498.24,3520.00,3477.00,3486.33,204858.193
2022-04-03T20:00:00,3486.32,3580.00,3485.05,3520.76,380572.208
2022-04-04T00:00:00,3520.65,3522.42,3467.00,3487.99,260029.871
2022-04-04T04:00:00,3487.98,3510.25,3478.15,3500.91,121214.302
2022-04-04T08:00:00,3500.91,3504.87,3447.59,3477.51,262609.804
2022-04-04T12:00:00,3477.51,3492.99,3420.00,3423.40,369362.759
2022-04-04T16:00:00,3423.40,3498.57,3405.03,3488.92,354104.922
2022-04-04T20:00:00,3488.92,3551.55,3471.93,3518.96,286415.849
2022-04-05T00:00:00,3518.97,3534.99,3499.86,3523.36,129691.233
2022-04-05T04:00:00,3523.37,3534.97,3507.49,3525.56,124635.599
2022-04-05T08:00:00,3525.57,3528.10,3503.00,3522.25,120992.091
2022-04-05T12:00:00,3522.25,3554.99,3436.97,3451.00,583707.489
2022-04-05T16:00:00,3451.00,3476.42,3416.55,3463.37,320061.298
2022-04-05T20:00:00,3463.29,3470.90,3388.97,3405.04,208477.395
2022-04-06T00:00:00,3405.03,3406.08,3258.74,3340.62,515484.008
2022-04-06T04:00:00,3340.62,3372.16,3319.69,3343.26,208459.323
2022-04-06T08:00:00,3343.26,3359.00,3277.00,3303.78,320214.574
2022-04-06T12:00:00,3303.77,3324.81,3214.00,3255.84,570249.615
2022-04-06T16:00:00,3255.84,3264.45,3170.00,3224.82,746922.135
2022-04-06T20:00:00,3225.02,3239.25,3160.19,3166.78,261392.325
2022-04-07T00:00:00,3166.77,3205.32,3140.33,3184.02,358995.032
2022-04-07T04:00:00,3184.11,3232.69,3181.70,3222.40,201237.374
2022-04-07T08:00:00,3222.39,3260.00,3202.00,3249.46,248234.904
2022-04-07T12:00:00,3249.47,3267.58,3157.52,3198.03,529704.156
2022-04-07T16:00:00,3198.02,3245.49,3193.05,3215.89,272208.303
2022-04-07T20:00:00,3216.06,3258.54,3195.75,3225.15,141803.457
2022-04-08T00:00:00,3225.00,3274.46,3213.70,3265.50,201627.261
2022-04-08T04:00:00,3265.50,3286.67,3242.70,3284.46,208665.870
2022-04-08T08:00:00,3284.46,3315.00,3253.87,3257.69,350801.749
2022-04-08T12:00:00,3257.69,3307.80,3210.00,3279.67,539559.823
2022-04-08T16:00:00,3279.66,3291.03,3213.35,3238.44,386532.352
2022-04-08T20:00:00,3238.18,3256.86,3171.95,3191.26,271080.647
2022-04-09T00:00:00,3191.27,3223.03,3180.24,3209.20,217971.819
2022-04-09T04:00:00,3209.20,3228.00,3194.74,3208.70,129068.769
2022-04-09T08:00:00,3208.69,3216.47,3192.00,3208.24,105519.149
2022-04-09T12:00:00,3208.25,3234.42,3200.22,3208.53,176193.371
2022-04-09T16:00:00,3208.53,3255.00,3200.91,3232.35,143203.273
2022-04-09T20:00:00,3232.35,3269.62,3220.26,3257.53,137901.084
2022-04-10T00:00:00,3257.54,3266.82,3245.00,3256.03,92093.178
2022-04-10T04:00:00,3256.03,3261.95,3233.38,3241.45,94609.234
2022-04-10T08:00:00,3241.45,3255.00,3232.00,3249.94,97577.982
2022-04-10T12:00:00,3249.94,3260.00,3230.62,3254.00,138444.910
2022-04-10T16:00:00,3254.00,3307.21,3250.34,3290.26,213504.443
2022-04-10T20:00:00,3290.26,3296.00,3187.00,3200.24,364333.923
2022-04-11T00:00:00,3200.24,3212.00,3151.00,3173.73,334404.457
2022-04-11T04:00:00,3173.74,3189.00,3164.12,3177.37,151065.525
2022-04-11T08:00:00,3177.38,3180.35,3025.00,3049.25,697153.235
2022-04-11T12:00:00,3049.25,3064.00,3001.00,3002.21,451730.034
2022-04-11T16:00:00,3002.20,3039.00,2973.48,3002.91,503474.689
2022-04-11T20:00:00,3002.90,3018.06,2945.08,2978.69,427742.266
2022-04-12T00:00:00,2978.69,2995.66,2948.19,2981.61,264336.732
2022-04-12T04:00:00,2981.62,3026.14,2968.94,3023.17,245666.134
2022-04-12T08:00:00,3023.16,3040.00,3010.00,3039.05,199527.326
2022-04-12T12:00:00,3039.05,3082.00,3013.00,3042.69,614287.602
2022-04-12T16:00:00,3042.84,3062.05,2966.01,2971.12,322505.949
2022-04-12T20:00:00,2971.12,3035.50,2965.00,3026.30,217305.242
2022-04-13T00:00:00,3026.31,3065.80,3004.19,3047.22,208822.497
2022-04-13T04:00:00,3047.21,3068.61,3038.25,3049.55,168700.344
2022-04-13T08:00:00,3049.56,3058.34,3010.81,3013.18,212285.056
2022-04-13T12:00:00,3013.18,3115.00,2995.23,3092.19,636228.620
2022-04-13T16:00:00,3092.22,3113.99,3068.00,3084.67,264957.751
2022-04-13T20:00:00,3084.78,3133.00,3080.50,3116.45,161984.209
2022-04-14T00:00:00,3116.53,3148.00,3108.05,3116.55,185279.961
2022-04-14T04:00:00,3116.55,3122.03,3098.00,3112.31,131046.470
2022-04-14T08:00:00,3112.31,3121.21,3067.70,3071.99,246903.722
2022-04-14T12:00:00,3071.98,3097.84,3010.00,3014.85,515402.971
2022-04-14T16:00:00,3014.85,3024.35,2973.47,2993.71,292038.529
2022-04-14T20:00:00,2993.71,3024.93,2981.20,3019.82,134850.509
2022-04-15T00:00:00,3019.82,3042.00,3010.81,3039.79,134873.137
2022-04-15T04:00:00,3039.80,3045.41,3009.61,3032.64,159262.801
2022-04-15T08:00:00,3032.64,3039.57,3015.22,3026.27,137649.296
2022-04-15T12:00:00,3026.27,3062.81,2990.06,3026.68,297018.852
2022-04-15T16:00:00,3026.67,3039.39,3007.00,3020.90,128118.555
2022-04-15T20:00:00,3020.89,3043.60,3016.83,3039.19,66377.233
2022-04-16T00:00:00,3039.20,3048.92,3033.00,3036.10,77422.489
2022-04-16T04:00:00,3036.10,3046.61,3031.00,3032.65,63118.814
2022-04-16T08:00:00,3032.65,3046.60,3026.74,3037.97,86252.424
2022-04-16T12:00:00,3037.97,3060.00,3008.08,3015.82,211651.451
2022-04-16T16:00:00,3015.83,3027.24,3012.32,3022.77,63266.129
2022-04-16T20:00:00,3022.77,3090.00,3020.84,3057.99,150863.715
2022-04-17T00:00:00,3058.00,3063.60,3019.23,3027.00,126786.605
2022-04-17T04:00:00,3027.00,3044.80,3026.22,3036.21,61717.719
2022-04-17T08:00:00,3036.22,3047.84,3035.36,3045.98,69506.201
2022-04-17T12:00:00,3045.98,3082.56,3041.09,3071.66,288052.976
2022-04-17T16:00:00,3071.66,3076.93,3020.00,3050.24,238283.150
2022-04-17T20:00:00,3050.25,3076.81,2980.60,2986.03,290821.372
2022-04-18T00:00:00,2986.02,3000.00,2974.00,2993.18,165001.341
2022-04-18T04:00:00,2993.18,2993.90,2875.87,2891.18,428328.619
2022-04-18T08:00:00,2891.18,2921.41,2887.00,2909.56,174357.203
2022-04-18T12:00:00,2909.57,2951.52,2902.95,2912.34,319163.966
2022-04-18T16:00:00,2912.50,3033.43,2892.14,3004.56,479480.315
2022-04-18T20:00:00,3004.55,3069.00,3003.73,3054.02,249495.751
2022-04-19T00:00:00,3054.02,3098.86,3034.05,3036.36,211865.637
2022-04-19T04:00:00,3036.35,3050.73,3027.66,3037.52,109177.123
2022-04-19T08:00:00,3037.52,3063.15,3030.64,3039.70,151751.073
2022-04-19T12:00:00,3039.70,3129.43,3038.49,3109.52,422269.635
2022-04-19T16:00:00,3109.52,3124.80,3080.18,3109.67,198649.580
2022-04-19T20:00:00,3109.67,3110.66,3083.94,3100.42,100456.041
2022-04-20T00:00:00,3100.43,3106.17,3066.00,3089.85,139557.913
2022-04-20T04:00:00,3089.86,3113.99,3077.29,3088.01,137801.721
2022-04-20T08:00:00,3088.00,3173.89,3084.32,3151.29,283080.051
2022-04-20T12:00:00,3151.28,3160.83,3050.00,3066.73,489509.308
2022-04-20T16:00:00,3066.72,3085.89,3031.48,3068.16,223155.862
2022-04-20T20:00:00,3068.54,3094.65,3056.50,3074.01,120737.075
2022-04-21T00:00:00,3073.96,3103.33,3069.01,3094.92,112084.766
2022-04-21T04:00:00,3094.92,3103.92,3064.60,3098.98,143875.476
2022-04-21T08:00:00,3099.01,3158.55,3081.85,3149.00,322476.172
2022-04-21T12:00:00,3149.01,3180.00,3102.00,3104.19,438860.523
2022-04-21T16:00:00,3104.18,3107.08,3018.09,3024.85,399346.438
2022-04-21T20:00:00,3024.85,3032.45,2933.33,2981.31,385088.636
2022-04-22T00:00:00,2981.31,3007.63,2966.45,2993.15,192763.341
2022-04-22T04:00:00,2993.15,3035.37,2983.38,3018.73,217715.253
2022-04-22T08:00:00,3018.73,3027.66,2975.01,3012.43,234116.552
2022-04-22T12:00:00,3012.43,3018.00,2942.00,2948.59,426384.077
2022-04-22T16:00:00,2948.58,2982.00,2930.26,2955.52,289376.633
2022-04-22T20:00:00,2955.50,2971.00,2935.04,2960.38,116502.913
2022-04-23T00:00:00,2960.39,2973.56,2940.66,2945.31,102046.278
2022-04-23T04:00:00,2945.31,2963.26,2904.36,2957.48,157801.643
2022-04-23T08:00:00,2957.48,2968.87,2950.02,2956.98,76199.782
2022-04-23T12:00:00,2956.99,2969.82,2944.28,2964.67,98631.087
2022-04-23T16:00:00,2964.66,2976.82,2945.04,2952.28,88922.436
2022-04-23T20:00:00,2952.29,2967.99,2919.53,2930.28,92167.921
2022-04-24T00:00:00,2930.28,2958.28,2920.98,2953.97,117080.560
2022-04-24T04:00:00,2953.97,2957.44,2942.00,2948.12,63721.301
2022-04-24T08:00:00,2948.12,2954.22,2933.00,2937.27,79775.119
2022-04-24T12:00:00,2937.27,2957.01,2908.99,2942.43,214280.926
2022-04-24T16:00:00,2942.44,2967.20,2915.00,2958.67,227781.659
2022-04-24T20:00:00,2958.67,2961.79,2916.00,2918.97,145120.510
2022-04-25T00:00:00,2918.98,2923.62,2838.65,2873.33,389105.869
2022-04-25T04:00:00,2873.34,2874.07,2791.30,2810.10,320044.918
2022-04-25T08:00:00,2810.10,2863.18,2794.22,2859.45,277617.528
2022-04-25T12:00:00,2859.45,2895.00,2839.57,2867.01,473961.918
2022-04-25T16:00:00,2867.01,3015.00,2863.45,3011.19,522549.550
2022-04-25T20:00:00,3011.19,3026.02,2988.31,3006.11,224257.734
2022-04-26T00:00:00,3006.12,3043.00,2985.01,2999.99,180802.020
2022-04-26T04:00:00,3000.00,3013.00,2978.09,3002.25,160864.259
2022-04-26T08:00:00,3002.25,3020.40,2984.03,3001.50,158654.474
2022-04-26T12:00:00,3001.49,3011.76,2850.80,2858.25,700764.870
2022-04-26T16:00:00,2858.25,2884.60,2807.37,2837.34,541100.472
2022-04-26T20:00:00,2837.34,2855.00,2761.27,2807.88,373487.270
2022-04-27T00:00:00,2807.89,2842.55,2792.27,2834.29,195057.560
2022-04-27T04:00:00,2834.28,2888.88,2829.49,2887.41,204701.838
2022-04-27T08:00:00,2887.41,2920.00,2858.43,2883.18,407037.474
2022-04-27T12:00:00,2883.18,2918.84,2818.80,2864.07,637918.047
2022-04-27T16:00:00,2864.06,2894.99,2836.47,2851.08,290031.995
2022-04-27T20:00:00,2850.87,2898.48,2848.77,2887.57,154900.362
2022-04-28T00:00:00,2887.57,2914.64,2866.95,2882.47,187183.280
2022-04-28T04:00:00,2882.48,2950.00,2872.70,2899.64,192777.874
2022-04-28T08:00:00,2899.64,2946.80,2898.90,2927.69,255452.289
2022-04-28T12:00:00,2927.69,2946.26,2853.24,2888.28,672194.675
2022-04-28T16:00:00,2888.28,2979.76,2874.12,2947.87,416946.427
2022-04-28T20:00:00,2947.87,2969.61,2910.66,2935.39,201314.378
2022-04-29T00:00:00,2935.39,2946.29,2902.63,2925.36,164063.978
2022-04-29T04:00:00,2925.36,2935.50,2908.51,2924.98,140897.978
2022-04-29T08:00:00,2924.97,2927.08,2832.28,2841.81,333813.395
2022-04-29T12:00:00,2841.82,2884.99,2830.17,2854.81,417564.155
2022-04-29T16:00:00,2854.81,2856.43,2776.00,2791.98,444232.574
2022-04-29T20:00:00,2791.98,2821.88,2787.28,2815.37,171347.731
2022-04-30T00:00:00,2815.38,2836.43,2809.37,2817.03,141609.794
2022-04-30T04:00:00,2817.03,2841.04,2807.72,2827.79,91711.336
2022-04-30T08:00:00,2827.80,2838.70,2816.00,2828.70,100452.383
2022-04-30T12:00:00,2828.69,2835.46,2768.06,2814.25,288417.915
2022-04-30T16:00:00,2814.26,2820.60,2772.90,2805.09,182029.349
2022-04-30T20:00:00,2805.09,2806.74,2711.65,2725.10,311549.454
2022-05-01T00:00:00,2725.10,2778.65,2714.50,2774.72,253490.205
2022-05-01T04:00:00,2774.72,2794.55,2763.16,2765.13,135096.446
2022-05-01T08:00:00,2765.13,2780.84,2751.25,2755.09,105413.595
2022-05-01T12:00:00,2755.09,2818.52,2750.90,2804.02,218874.006
2022-05-01T16:00:00,2804.05,2830.26,2753.25,2764.23,270922.997
2022-05-01T20:00:00,2764.22,2849.00,2756.95,2823.38,233653.642
2022-05-02T00:00:00,2823.38,2848.00,2821.17,2838.96,153535.334
2022-05-02T04:00:00,2838.95,2874.77,2830.00,2844.41,176886.343
2022-05-02T08:00:00,2844.42,2854.53,2787.75,2794.20,243390.303
2022-05-02T12:00:00,2794.20,2850.74,2774.97,2826.99,507746.527
2022-05-02T16:00:00,2826.96,2850.56,2776.01,2840.89,337200.283
2022-05-02T20:00:00,2840.92,2882.15,2823.56,2855.16,179935.360
2022-05-03T00:00:00,2855.15,2860.76,2826.97,2849.01,150040.194
2022-05-03T04:00:00,2849.00,2853.54,2829.09,2844.05,125175.437
2022-05-03T08:00:00,2844.05,2852.72,2821.80,2847.81,135421.717
2022-05-03T12:00:00,2847.80,2849.45,2814.00,2821.38,241032.991
2022-05-03T16:00:00,2821.38,2827.00,2758.66,2772.42,331800.629
2022-05-03T20:00:00,2772.49,2799.99,2753.00,2780.91,187095.687
2022-05-04T00:00:00,2780.92,2809.88,2770.08,2797.22,123529.344
2022-05-04T04:00:00,2797.23,2833.00,2788.00,2828.12,174605.647
2022-05-04T08:00:00,2828.13,2893.00,2825.86,2870.39,336013.667
2022-05-04T12:00:00,2870.40,2882.56,2825.00,2843.24,280052.375
2022-05-04T16:00:00,2843.24,2965.00,2823.80,2954.63,648144.461
2022-05-04T20:00:00,2954.63,2957.73,2921.05,2939.76,154576.018
2022-05-05T00:00:00,2939.76,2955.79,2937.00,2941.37,132061.012
2022-05-05T04:00:00,2941.38,2951.00,2924.19,2933.63,98101.324
2022-05-05T08:00:00,2933.62,2938.34,2915.30,2925.40,151790.147
2022-05-05T12:00:00,2925.41,2935.61,2718.89,2740.65,890557.731
2022-05-05T16:00:00,2740.65,2773.00,2684.84,2727.07,671200.803
2022-05-05T20:00:00,2727.07,2755.03,2711.27,2746.37,230657.986
2022-05-06T00:00:00,2746.36,2757.28,2723.10,2745.05,143482.754
2022-05-06T04:00:00,2745.05,2754.26,2692.53,2729.05,200660.406
2022-05-06T08:00:00,2729.05,2744.32,2658.50,2674.21,354234.625
2022-05-06T12:00:00,2674.20,2726.13,2630.00,2687.06,809219.475
2022-05-06T16:00:00,2687.05,2712.10,2668.50,2688.73,300412.109
2022-05-06T20:00:00,2688.74,2706.03,2673.43,2691.59,109383.454
2022-05-07T00:00:00,2691.60,2696.83,2663.56,2668.60,94996.727
2022-05-07T04:00:00,2668.61,2677.97,2652.03,2671.66,135658.278
2022-05-07T08:00:00,2671.67,2697.00,2666.41,2687.96,118875.420
2022-05-07T12:00:00,2687.96,2703.61,2670.02,2691.42,141917.244
2022-05-07T16:00:00,2691.43,2700.00,2678.99,2681.67,97065.468
2022-05-07T20:00:00,2681.67,2681.67,2581.89,2634.82,374564.767
2022-05-08T00:00:00,2634.82,2641.11,2514.00,2544.91,540093.643
2022-05-08T04:00:00,2544.91,2568.62,2528.21,2555.11,218205.781
2022-05-08T08:00:00,2555.10,2576.57,2545.00,2566.99,164026.367
2022-05-08T12:00:00,2567.06,2577.70,2510.97,2515.36,361490.011
2022-05-08T16:00:00,2515.35,2572.09,2480.00,2560.95,513917.303
2022-05-08T20:00:00,2560.95,2564.09,2507.00,2518.90,201536.049
2022-05-09T00:00:00,2519.03,2530.88,2420.50,2456.92,469792.910
2022-05-09T04:00:00,2456.91,2479.84,2422.02,2446.81,292910.187
2022-05-09T08:00:00,2446.82,2469.99,2350.00,2404.54,677245.475
2022-05-09T12:00:00,2404.53,2448.41,2344.00,2381.68,841690.822
2022-05-09T16:00:00,2381.68,2404.64,2222.46,2270.86,1474689.466
2022-05-09T20:00:00,2270.79,2334.40,2224.34,2227.48,775423.188
2022-05-10T00:00:00,2227.62,2345.90,2197.38,2299.80,943017.514
2022-05-10T04:00:00,2299.79,2438.34,2296.66,2372.20,735987.316
2022-05-10T08:00:00,2372.20,2409.89,2364.49,2401.47,465442.961
2022-05-10T12:00:00,2401.28,2455.88,2320.39,2361.30,922806.808
2022-05-10T16:00:00,2361.29,2409.83,2328.18,2353.14,492758.876
2022-05-10T20:00:00,2353.14,2366.63,2258.43,2340.86,519474.281
2022-05-11T00:00:00,2340.85,2392.45,2318.70,2359.79,390919.767
2022-05-11T04:00:00,2359.79,2405.62,2263.84,2314.43,735751.985
2022-05-11T08:00:00,2314.43,2451.86,2289.67,2410.53,783482.371
2022-05-11T12:00:00,2410.36,2429.95,2120.00,2264.57,2052927.101
2022-05-11T16:00:00,2265.06,2283.74,2093.07,2116.53,957459.250
2022-05-11T20:00:00,2116.66,2152.40,2002.00,2083.98,905923.667
2022-05-12T00:00:00,2083.98,2193.70,1968.37,1968.91,828866.712
2022-05-12T04:00:00,1968.49,1983.88,1775.43,1913.60,1878402.090
2022-05-12T08:00:00,1913.60,2016.63,1867.07,1949.30,890282.767
2022-05-12T12:00:00,1949.30,2050.00,1881.44,1966.85,933973.729
2022-05-12T16:00:00,1966.86,2036.59,1897.58,1944.26,693602.086
2022-05-12T20:00:00,1944.22,1983.23,1865.81,1959.78,414645.597
2022-05-13T00:00:00,1959.79,2110.59,1939.33,2094.43,630280.202
2022-05-13T04:00:00,2094.43,2144.66,2047.03,2047.57,433938.568
2022-05-13T08:00:00,2047.58,2125.00,2047.57,2114.14,422121.049
2022-05-13T12:00:00,2114.36,2149.99,2077.42,2092.07,618918.456
2022-05-13T16:00:00,2092.07,2111.00,2028.06,2064.07,445099.707
2022-05-13T20:00:00,2064.07,2084.20,1998.31,2008.49,248997.894
2022-05-14T00:00:00,2008.48,2068.60,1999.83,2053.63,265813.256
2022-05-14T04:00:00,2053.62,2054.25,2013.71,2031.61,174568.976
2022-05-14T08:00:00,2031.62,2054.00,1970.20,1984.35,339741.351
2022-05-14T12:00:00,1984.34,1999.99,1950.07,1962.65,304581.832
2022-05-14T16:00:00,1962.65,2034.25,1952.86,1995.17,364214.423
2022-05-14T20:00:00,1995.17,2066.14,1991.80,2055.00,263383.140
2022-05-15T00:00:00,2054.99,2079.00,2000.00,2013.15,238918.093
2022-05-15T04:00:00,2013.14,2049.00,2001.21,2036.14,194408.637
2022-05-15T08:00:00,2036.14,2089.00,2017.01,2079.29,251262.179
2022-05-15T12:00:00,2079.29,2098.66,2047.02,2061.54,337938.375
2022-05-15T16:00:00,2061.54,2106.66,2056.22,2103.38,241818.710
2022-05-15T20:00:00,2103.38,2174.32,2095.12,2144.07,356886.290
2022-05-16T00:00:00,2144.06,2144.07,2066.00,2075.63,314762.046
2022-05-16T04:00:00,2075.63,2082.82,1989.50,2010.84,468741.188
2022-05-16T08:00:00,2010.83,2051.22,1976.00,2030.24,440312.257
2022-05-16T12:00:00,2030.24,2063.19,1983.32,2013.82,742521.909
2022-05-16T16:00:00,2013.83,2045.00,1977.40,2006.04,420108.270
2022-05-16T20:00:00,2006.04,2055.00,2004.01,2022.89,256258.999
2022-05-17T00:00:00,2022.79,2079.00,2018.16,2071.78,288746.120
2022-05-17T04:00:00,2071.78,2094.43,2063.64,2069.72,210607.627
2022-05-17T08:00:00,2069.71,2098.37,2067.75,2079.99,231795.040
2022-05-17T12:00:00,2079.98,2124.10,2042.78,2059.79,518981.983
2022-05-17T16:00:00,2059.78,2068.90,2006.71,2045.66,472911.284
2022-05-17T20:00:00,2045.73,2102.43,2040.02,2090.00,237638.649
2022-05-18T00:00:00,2090.00,2110.89,2031.86,2038.29,328951.515
2022-05-18T04:00:00,2038.28,2051.68,2017.02,2037.73,269246.269
2022-05-18T08:00:00,2037.72,2047.99,2020.47,2030.15,194811.509
2022-05-18T12:00:00,2030.15,2034.49,1942.58,1954.86,643777.264
2022-05-18T16:00:00,1954.86,1993.49,1935.02,1980.12,536933.571
2022-05-18T20:00:00,1980.11,1980.69,1906.61,1914.20,358103.034
2022-05-19T00:00:00,1914.19,1970.00,1901.70,1952.62,427342.076
2022-05-19T04:00:00,1952.61,1974.71,1940.47,1951.11,255642.881
2022-05-19T08:00:00,1951.10,1967.79,1912.39,1963.88,432931.840
2022-05-19T12:00:00,1963.89,2039.30,1942.50,2022.51,857690.884
2022-05-19T16:00:00,2022.52,2028.35,1990.41,1992.71,409104.662
2022-05-19T20:00:00,1992.71,2027.84,1991.09,2019.46,200059.573
2022-05-20T00:00:00,2019.45,2053.00,2003.68,2022.90,342236.404
2022-05-20T04:00:00,2022.89,2035.00,2001.23,2024.77,289513.843
2022-05-20T08:00:00,2024.77,2064.74,2021.20,2053.47,315639.896
2022-05-20T12:00:00,2053.47,2057.70,1950.69,1959.79,750833.796
2022-05-20T16:00:00,1959.79,1971.59,1922.00,1967.05,673058.620
2022-05-20T20:00:00,1967.04,1979.00,1952.00,1958.69,234870.497
2022-05-21T00:00:00,1958.69,1972.86,1935.52,1966.72,207590.464
2022-05-21T04:00:00,1966.72,1986.03,1960.00,1977.71,185568.003
2022-05-21T08:00:00,1977.71,1987.93,1955.13,1969.35,198835.242
2022-05-21T12:00:00,1969.35,1985.00,1958.00,1979.27,290819.317
2022-05-21T16:00:00,1979.26,1990.75,1971.45,1980.09,176845.049
2022-05-21T20:00:00,1980.09,1984.30,1964.69,1973.94,101281.685
2022-05-22T00:00:00,1973.94,1982.92,1970.67,1973.21,112147.382
2022-05-22T04:00:00,1973.21,1976.89,1965.25,1975.01,95487.264
2022-05-22T08:00:00,1975.01,2037.56,1972.35,2017.51,468078.970
2022-05-22T12:00:00,2017.51,2032.41,1990.21,2003.45,327090.560
2022-05-22T16:00:00,2003.45,2022.09,1991.55,2007.04,200286.763
2022-05-22T20:00:00,2007.04,2056.73,2005.27,2042.63,230228.029
2022-05-23T00:00:00,2042.63,2058.50,2018.83,2030.43,209246.197
2022-05-23T04:00:00,2030.42,2080.43,2025.63,2065.86,299069.766
2022-05-23T08:00:00,2065.86,2084.59,2051.00,2067.89,296364.693
2022-05-23T12:00:00,2067.90,2088.60,2034.85,2064.34,604701.329
2022-05-23T16:00:00,2064.34,2078.60,1976.65,1979.60,523094.613
2022-05-23T20:00:00,1979.59,2003.63,1955.01,1972.45,408286.095
2022-05-24T00:00:00,1972.45,1989.53,1967.64,1986.83,172412.483
2022-05-24T04:00:00,1986.82,1993.72,1973.00,1984.04,151237.115
2022-05-24T08:00:00,1984.04,1985.42,1950.00,1965.16,293198.018
2022-05-24T12:00:00,1965.16,1974.99,1911.38,1961.54,748152.723
2022-05-24T16:00:00,1961.55,1976.81,1933.67,1961.76,480179.305
2022-05-24T20:00:00,1961.77,1991.43,1950.54,1978.56,232114.194
2022-05-25T00:00:00,1978.56,2022.74,1969.01,2013.46,323944.336
2022-05-25T04:00:00,2013.47,2014.82,1972.05,1976.58,276929.736
2022-05-25T08:00:00,1976.59,1981.87,1940.36,1943.22,336389.011
2022-05-25T12:00:00,1943.21,1985.00,1933.00,1963.27,549019.172
2022-05-25T16:00:00,1963.27,1982.00,1942.91,1950.98,462860.985
2022-05-25T20:00:00,1951.00,1971.76,1939.29,1942.00,202626.253
2022-05-26T00:00:00,1942.01,1965.28,1932.21,1947.58,272452.400
2022-05-26T04:00:00,1947.57,1950.16,1906.51,1925.34,435691.564
2022-05-26T08:00:00,1925.34,1926.42,1795.05,1815.69,878965.679
2022-05-26T12:00:00,1815.68,1876.50,1725.00,1860.90,1580637.395
2022-05-26T16:00:00,1860.90,1908.00,1825.16,1826.00,743452.166
2022-05-26T20:00:00,1826.00,1847.69,1787.81,1791.02,493621.678
2022-05-27T00:00:00,1790.99,1807.97,1726.86,1766.73,861598.394
2022-05-27T04:00:00,1766.74,1798.99,1708.83,1764.12,975607.974
2022-05-27T08:00:00,1764.11,1789.34,1750.00,1770.46,656811.983
2022-05-27T12:00:00,1770.46,1821.85,1754.96,1763.57,953684.112
2022-05-27T16:00:00,1763.56,1774.50,1713.44,1753.33,833825.205
2022-05-27T20:00:00,1753.33,1772.30,1694.97,1726.55,462094.540
2022-05-28T00:00:00,1726.55,1766.19,1721.30,1763.72,447377.557
2022-05-28T04:00:00,1763.72,1784.10,1753.81,1764.69,347051.256
2022-05-28T08:00:00,1764.69,1788.30,1748.02,1772.19,322829.758
2022-05-28T12:00:00,1772.18,1809.33,1768.70,1794.15,466332.872
2022-05-28T16:00:00,1794.14,1799.55,1755.00,1792.13,302078.056
2022-05-28T20:00:00,1792.13,1805.00,1777.54,1791.74,187226.206
2022-05-29T00:00:00,1791.75,1794.99,1755.25,1775.57,272966.578
2022-05-29T04:00:00,1775.57,1789.06,1768.47,1782.79,152658.996
2022-05-29T08:00:00,1782.78,1803.48,1773.29,1801.27,328779.803
2022-05-29T12:00:00,1801.26,1829.00,1792.36,1796.48,415257.352
2022-05-29T16:00:00,1796.49,1809.87,1784.40,1787.82,208159.540
2022-05-29T20:00:00,1787.81,1826.46,1786.03,1812.45,263160.362
2022-05-30T00:00:00,1812.46,1889.85,1801.52,1879.08,587743.673
2022-05-30T04:00:00,1879.08,1920.00,1868.46,1906.80,494257.719
2022-05-30T08:00:00,1906.80,1910.41,1891.00,1902.30,361756.863
2022-05-30T12:00:00,1902.29,1925.01,1872.22,1911.71,629533.019
2022-05-30T16:00:00,1911.70,1942.81,1905.26,1916.27,380635.570
2022-05-30T20:00:00,1916.28,2013.56,1911.94,1997.87,810082.278
2022-05-31T00:00:00,1997.87,2016.77,1975.82,1993.75,383767.369
2022-05-31T04:00:00,1993.75,1995.96,1960.04,1970.14,335488.071
2022-05-31T08:00:00,1970.14,1986.96,1955.55,1978.15,340605.319
2022-05-31T12:00:00,1978.15,1995.54,1929.36,1987.87,810262.414
2022-05-31T16:00:00,1987.87,1999.00,1922.00,1933.76,583509.055
2022-05-31T20:00:00,1933.82,1959.69,1933.65,1941.68,201444.436
2022-06-01T00:00:00,1941.68,1959.25,1926.14,1929.73,292457.630
2022-06-01T04:00:00,1929.73,1945.97,1912.69,1930.78,310009.186
2022-06-01T08:00:00,1930.79,1945.00,1924.00,1938.68,242307.109
2022-06-01T12:00:00,1938.68,1972.77,1877.00,1880.30,1090227.363
2022-06-01T16:00:00,1880.30,1880.83,1806.39,1820.56,988511.734
2022-06-01T20:00:00,1820.56,1843.61,1758.52,1817.10,575758.965
2022-06-02T00:00:00,1817.16,1835.35,1804.67,1813.84,344287.863
2022-06-02T04:00:00,1813.84,1836.62,1801.12,1825.78,288936.590
2022-06-02T08:00:00,1825.77,1843.27,1812.18,1838.29,273973.094
2022-06-02T12:00:00,1838.30,1840.29,1780.48,1815.60,843120.057
2022-06-02T16:00:00,1815.60,1832.90,1799.86,1821.27,380369.239
2022-06-02T20:00:00,1821.25,1852.99,1818.00,1833.37,260192.730
2022-06-03T00:00:00,1833.37,1843.33,1821.09,1826.86,199666.604
2022-06-03T04:00:00,1826.86,1828.41,1805.41,1813.23,205256.436
2022-06-03T08:00:00,1813.18,1821.52,1751.84,1761.47,614726.376
2022-06-03T12:00:00,1761.46,1779.76,1733.01,1762.51,774573.314
2022-06-03T16:00:00,1762.52,1767.44,1741.71,1750.54,302451.192
2022-06-03T20:00:00,1750.55,1794.89,1748.46,1774.15,267076.536
2022-06-04T00:00:00,1774.16,1779.00,1747.45,1752.42,217007.138
2022-06-04T04:00:00,1752.42,1774.99,1751.38,1768.29,168758.123
2022-06-04T08:00:00,1768.30,1779.48,1761.60,1767.65,182198.352
2022-06-04T12:00:00,1767.66,1788.55,1756.13,1777.76,328881.709
2022-06-04T16:00:00,1777.76,1781.48,1766.45,1771.48,183285.194
2022-06-04T20:00:00,1771.48,1815.48,1769.20,1803.71,238787.303
2022-06-05T00:00:00,1803.70,1810.75,1782.98,1793.23,201354.659
2022-06-05T04:00:00,1793.22,1799.44,1784.64,1784.77,132093.278
2022-06-05T08:00:00,1784.77,1795.00,1772.19,1787.14,205711.830
2022-06-05T12:00:00,1787.13,1812.50,1779.00,1810.53,259827.365
2022-06-05T16:00:00,1810.54,1830.00,1794.48,1820.21,415090.775
2022-06-05T20:00:00,1820.21,1826.93,1801.45,1805.39,218307.356
2022-06-06T00:00:00,1805.40,1884.60,1803.52,1876.99,541550.729
2022-06-06T04:00:00,1876.98,1896.49,1866.49,1892.78,380318.457
2022-06-06T08:00:00,1892.79,1914.96,1889.00,1908.78,441173.870
2022-06-06T12:00:00,1908.79,1919.33,1865.11,1885.91,755704.410
2022-06-06T16:00:00,1885.91,1888.00,1843.00,1863.18,548606.963
2022-06-06T20:00:00,1863.19,1877.04,1845.98,1859.11,250161.901
2022-06-07T00:00:00,1859.10,1861.23,1722.00,1755.70,1300817.971
2022-06-07T04:00:00,1755.69,1764.54,1746.48,1762.14,300795.005
2022-06-07T08:00:00,1762.13,1779.26,1746.17,1753.21,361948.813
2022-06-07T12:00:00,1753.20,1793.40,1735.45,1780.70,637902.359
2022-06-07T16:00:00,1780.71,1875.00,1766.51,1846.89,637080.714
2022-06-07T20:00:00,1846.89,1869.43,1751.00,1812.61,848770.240
2022-06-08T00:00:00,1812.62,1836.99,1763.87,1778.92,607967.551
2022-06-08T04:00:00,1778.89,1818.14,1771.55,1805.59,417191.740
2022-06-08T08:00:00,1805.59,1817.03,1794.72,1807.54,275182.900
2022-06-08T12:00:00,1807.54,1840.13,1783.37,1814.40,699802.288
2022-06-08T16:00:00,1814.40,1821.79,1770.54,1789.87,432532.321
2022-06-08T20:00:00,1789.88,1814.99,1787.18,1791.02,196079.153
2022-06-09T00:00:00,1791.01,1801.42,1776.32,1798.60,268111.623
2022-06-09T04:00:00,1798.60,1811.88,1793.00,1811.71,170988.225
2022-06-09T08:00:00,1811.72,1832.70,1801.70,1804.41,359167.440
2022-06-09T12:00:00,1804.41,1810.39,1777.54,1798.33,508315.901
2022-06-09T16:00:00,1798.34,1818.62,1781.15,1782.89,344610.986
2022-06-09T20:00:00,1782.88,1799.41,1780.00,1788.03,188475.514
2022-06-10T00:00:00,1788.03,1803.82,1740.60,1791.87,491626.794
2022-06-10T04:00:00,1791.86,1800.00,1786.08,1787.63,166218.697
2022-06-10T08:00:00,1787.63,1794.48,1762.23,1770.95,357849.685
2022-06-10T12:00:00,1770.94,1781.22,1706.46,1725.72,1214606.640
2022-06-10T16:00:00,1725.72,1729.91,1650.00,1667.64,1070605.103
2022-06-10T20:00:00,1667.65,1685.29,1653.75,1661.95,307990.365
2022-06-11T00:00:00,1661.95,1680.97,1656.53,1668.40,234324.819
2022-06-11T04:00:00,1668.40,1679.00,1661.78,1666.15,239342.217
2022-06-11T08:00:00,1666.16,1669.30,1528.46,1575.07,1426310.580
2022-06-11T12:00:00,1575.06,1590.88,1498.93,1516.87,1657505.915
2022-06-11T16:00:00,1516.88,1580.00,1506.06,1545.64,981294.192
2022-06-11T20:00:00,1545.64,1552.89,1516.71,1532.19,421661.253
2022-06-12T00:00:00,1532.19,1541.71,1444.05,1465.70,1138631.827
2022-06-12T04:00:00,1465.70,1479.95,1421.00,1470.30,1030298.256
2022-06-12T08:00:00,1470.30,1486.96,1451.71,1468.16,724243.097
2022-06-12T12:00:00,1468.16,1548.81,1423.42,1525.21,1613713.822
2022-06-12T16:00:00,1525.20,1531.78,1475.49,1478.59,788942.459
2022-06-12T20:00:00,1478.59,1488.18,1432.33,1434.35,720642.995
2022-06-13T00:00:00,1434.35,1454.58,1303.33,1350.71,2836186.023
2022-06-13T04:00:00,1350.62,1388.00,1260.84,1283.03,2527627.990
2022-06-13T08:00:00,1283.05,1289.15,1177.00,1208.78,4757449.649
2022-06-13T12:00:00,1208.53,1258.73,1162.00,1229.15,3855462.801
2022-06-13T16:00:00,1229.31,1280.00,1208.27,1227.75,2011187.180
2022-06-13T20:00:00,1227.75,1285.00,1166.92,1209.04,1363872.115
2022-06-14T00:00:00,1209.03,1224.78,1073.00,1173.04,3310687.104
2022-06-14T04:00:00,1173.05,1256.90,1135.00,1240.22,2737143.235
2022-06-14T08:00:00,1240.23,1243.49,1153.38,1174.31,1674336.022
2022-06-14T12:00:00,1174.31,1263.00,1156.72,1250.01,2550230.480
2022-06-14T16:00:00,1249.96,1268.90,1194.26,1205.27,1122561.683
2022-06-14T20:00:00,1205.27,1221.72,1158.20,1208.32,941699.229
2022-06-15T00:00:00,1208.32,1232.03,1168.14,1172.47,952847.713
2022-06-15T04:00:00,1172.36,1174.98,1080.00,1093.60,2309974.776
2022-06-15T08:00:00,1093.59,1134.13,1012.42,1119.50,3826162.896
2022-06-15T12:00:00,1119.49,1160.00,1093.01,1119.57,2453427.247
2022-06-15T16:00:00,1119.47,1237.18,1042.59,1169.87,4672688.347
2022-06-15T20:00:00,1169.89,1249.40,1153.10,1236.49,1424509.657
2022-06-16T00:00:00,1236.48,1257.29,1201.75,1209.26,1068506.336
2022-06-16T04:00:00,1209.26,1217.80,1155.12,1164.71,1060318.879
2022-06-16T08:00:00,1164.71,1180.00,1092.41,1110.18,1886550.237
2022-06-16T12:00:00,1110.19,1149.80,1081.07,1113.70,2174561.248
2022-06-16T16:00:00,1113.70,1134.40,1092.00,1095.56,1394061.084
2022-06-16T20:00:00,1095.56,1119.36,1050.51,1067.77,1180837.633
2022-06-17T00:00:00,1067.77,1116.70,1050.00,1070.90,1408118.537
2022-06-17T04:00:00,1070.90,1118.00,1067.16,1098.38,1228523.396
2022-06-17T08:00:00,1098.39,1112.90,1085.39,1091.74,1031979.603
2022-06-17T12:00:00,1091.74,1101.60,1062.52,1084.19,1579127.763
2022-06-17T16:00:00,1084.15,1092.91,1071.00,1079.54,799681.997
2022-06-17T20:00:00,1079.53,1099.65,1074.27,1085.99,535245.285
2022-06-18T00:00:00,1085.99,1097.00,1071.00,1078.74,611162.085
2022-06-18T04:00:00,1078.73,1082.99,986.00,1002.64,1896335.722
2022-06-18T08:00:00,1002.63,1017.81,971.75,1004.47,2179489.963
2022-06-18T12:00:00,1004.47,1008.10,987.00,989.04,891670.111
2022-06-18T16:00:00,989.09,999.59,912.00,914.15,2163882.294
2022-06-18T20:00:00,914.15,1015.00,878.04,994.09,3644973.020
2022-06-19T00:00:00,994.09,1009.08,940.08,952.42,1851512.026
2022-06-19T04:00:00,952.49,973.63,935.50,955.12,1406927.732
2022-06-19T08:00:00,955.19,1080.67,951.98,1054.63,2471637.172
2022-06-19T12:00:00,1054.63,1079.20,1017.50,1071.06,1738780.526
2022-06-19T16:00:00,1071.07,1131.54,1042.17,1099.81,1486709.221
2022-06-19T20:00:00,1099.72,1162.98,1097.23,1127.88,1450917.541
2022-06-20T00:00:00,1127.88,1132.20,1052.05,1079.10,1512360.832
2022-06-20T04:00:00,1079.10,1093.00,1059.70,1079.21,1026475.427
2022-06-20T08:00:00,1079.22,1174.00,1076.24,1152.59,2119796.928
2022-06-20T12:00:00,1152.60,1154.56,1106.00,1133.75,1679606.423
2022-06-20T16:00:00,1133.76,1136.57,1082.33,1105.80,1347291.204
2022-06-20T20:00:00,1105.80,1138.56,1090.23,1127.83,961472.291
2022-06-21T00:00:00,1127.82,1143.80,1108.63,1130.40,1036087.805
2022-06-21T04:00:00,1130.40,1164.99,1117.47,1147.95,1195518.958
2022-06-21T08:00:00,1147.95,1180.00,1136.29,1140.87,1223129.493
2022-06-21T12:00:00,1140.88,1194.00,1134.65,1167.79,1541043.933
2022-06-21T16:00:00,1167.79,1174.74,1121.00,1123.80,994248.016
2022-06-21T20:00:00,1123.72,1140.66,1112.89,1125.47,729163.747
2022-06-22T00:00:00,1125.47,1126.81,1086.00,1088.60,863311.767
2022-06-22T04:00:00,1088.60,1106.43,1065.50,1074.80,1000428.646
2022-06-22T08:00:00,1074.80,1105.32,1068.75,1096.72,802299.746
2022-06-22T12:00:00,1096.72,1125.75,1068.87,1074.51,1608398.191
2022-06-22T16:00:00,1074.51,1088.56,1053.00,1069.93,1257928.641
2022-06-22T20:00:00,1069.93,1074.24,1042.00,1049.40,907334.688
2022-06-23T00:00:00,1049.41,1097.59,1044.16,1075.58,1008549.970
2022-06-23T04:00:00,1075.51,1110.00,1071.00,1091.06,823094.711
2022-06-23T08:00:00,1091.10,1117.25,1090.60,1106.05,943033.008
2022-06-23T12:00:00,1106.05,1134.51,1086.16,1093.50,1324562.064
2022-06-23T16:00:00,1093.49,1127.93,1081.79,1126.11,827390.976
2022-06-23T20:00:00,1126.10,1156.01,1119.56,1143.71,1018698.979
2022-06-24T00:00:00,1143.71,1169.00,1140.23,1149.90,760008.625
2022-06-24T04:00:00,1149.90,1160.94,1131.36,1147.95,822111.107
2022-06-24T08:00:00,1147.95,1206.10,1142.15,1195.26,1187991.943
2022-06-24T12:00:00,1195.26,1227.33,1189.78,1197.36,1391704.097
2022-06-24T16:00:00,1197.36,1229.99,1183.64,1227.15,974944.900
2022-06-24T20:00:00,1227.16,1244.94,1213.84,1224.42,915981.632
2022-06-25T00:00:00,1224.42,1226.97,1203.34,1223.01,721908.410
2022-06-25T04:00:00,1223.01,1239.22,1210.09,1233.74,704160.618
2022-06-25T08:00:00,1233.73,1243.00,1212.00,1216.50,614892.247
2022-06-25T12:00:00,1216.49,1218.80,1180.99,1183.44,1114857.304
2022-06-25T16:00:00,1183.43,1215.25,1179.03,1204.69,587867.661
2022-06-25T20:00:00,1204.69,1258.00,1200.74,1241.60,793963.805
2022-06-26T00:00:00,1241.60,1245.78,1227.07,1232.55,440759.672
2022-06-26T04:00:00,1232.56,1251.80,1231.52,1237.64,534337.959
2022-06-26T08:00:00,1237.64,1278.00,1234.48,1269.11,798360.246
2022-06-26T12:00:00,1269.11,1280.00,1211.11,1222.57,1389538.998
2022-06-26T16:00:00,1222.57,1232.62,1209.20,1225.17,580112.392
2022-06-26T20:00:00,1225.17,1249.17,1193.54,1197.21,821295.295
2022-06-27T00:00:00,1197.20,1226.79,1194.83,1219.09,673909.088
2022-06-27T04:00:00,1219.09,1237.06,1211.78,1227.25,539703.005
2022-06-27T08:00:00,1227.25,1238.89,1217.00,1219.59,537669.727
2022-06-27T12:00:00,1219.59,1223.50,1173.00,1186.63,1522573.358
2022-06-27T16:00:00,1186.63,1211.00,1172.14,1196.07,836543.619
2022-06-27T20:00:00,1196.07,1218.70,1188.76,1191.90,520111.504
2022-06-28T00:00:00,1191.89,1199.06,1160.00,1181.42,896111.293
2022-06-28T04:00:00,1181.41,1215.00,1178.46,1207.02,737640.970
2022-06-28T08:00:00,1207.02,1234.00,1203.32,1222.80,905886.627
2022-06-28T12:00:00,1222.80,1239.66,1181.04,1183.26,1398671.792
2022-06-28T16:00:00,1183.26,1192.96,1152.00,1155.96,1134399.367
2022-06-28T20:00:00,1155.96,1167.74,1135.65,1143.50,758140.670
2022-06-29T00:00:00,1143.51,1156.76,1132.10,1144.31,729165.823
2022-06-29T04:00:00,1144.31,1154.99,1112.31,1129.80,1030552.149
2022-06-29T08:00:00,1129.80,1142.18,1102.00,1117.45,1076761.817
2022-06-29T12:00:00,1117.45,1124.12,1089.78,1113.73,1566361.643
2022-06-29T16:00:00,1113.66,1119.00,1085.60,1117.72,1095850.702
2022-06-29T20:00:00,1117.69,1122.71,1092.01,1099.32,756618.391
2022-06-30T00:00:00,1099.33,1106.60,1076.00,1093.39,852290.452
2022-06-30T04:00:00,1093.40,1096.80,1052.00,1056.82,1212217.549
2022-06-30T08:00:00,1056.82,1056.95,1011.12,1017.73,1901167.336
2022-06-30T12:00:00,1017.73,1041.78,995.00,1031.57,2019249.251
2022-06-30T16:00:00,1031.56,1046.75,1011.51,1020.54,1072621.641
2022-06-30T20:00:00,1020.72,1085.48,1004.00,1070.85,1375826.252
2022-07-01T00:00:00,1070.90,1118.21,1050.00,1054.04,1957828.758
2022-07-01T04:00:00,1054.04,1076.00,1045.00,1066.11,1205909.564
2022-07-01T08:00:00,1066.12,1086.64,1032.65,1049.54,1333752.372
2022-07-01T12:00:00,1049.54,1074.99,1042.12,1056.18,1396712.916
2022-07-01T16:00:00,1056.11,1083.97,1054.24,1067.32,840149.974
2022-07-01T20:00:00,1067.32,1092.80,1054.00,1059.24,731327.687
2022-07-02T00:00:00,1059.16,1069.07,1033.00,1037.28,887219.539
2022-07-02T04:00:00,1037.28,1053.08,1035.28,1041.39,480707.211
2022-07-02T08:00:00,1041.39,1048.84,1026.16,1043.30,669693.067
2022-07-02T12:00:00,1043.30,1064.86,1039.18,1052.16,872127.298
2022-07-02T16:00:00,1052.17,1078.98,1048.66,1065.56,721325.888
2022-07-02T20:00:00,1065.55,1075.00,1059.30,1066.53,343215.529
2022-07-03T00:00:00,1066.53,1070.89,1053.50,1061.77,379100.638
2022-07-03T04:00:00,1061.77,1088.00,1040.01,1063.26,1047042.856
2022-07-03T08:00:00,1063.26,1064.93,1048.80,1060.57,442047.706
2022-07-03T12:00:00,1060.58,1062.77,1040.19,1049.89,679820.650
2022-07-03T16:00:00,1049.90,1082.80,1048.78,1077.19,548773.871
2022-07-03T20:00:00,1077.26,1087.00,1069.41,1073.90,652923.042
2022-07-04T00:00:00,1073.91,1076.20,1046.62,1050.88,769295.520
2022-07-04T04:00:00,1050.87,1057.46,1044.33,1050.16,420268.615
2022-07-04T08:00:00,1050.15,1107.00,1049.23,1100.62,1205231.585
2022-07-04T12:00:00,1100.61,1135.97,1083.50,1111.39,1758388.610
2022-07-04T16:00:00,1111.38,1135.78,1102.40,1122.59,894430.592
2022-07-04T20:00:00,1122.60,1160.68,1116.58,1150.23,883132.703
2022-07-05T00:00:00,1150.23,1164.54,1141.62,1152.80,665069.914
2022-07-05T04:00:00,1152.79,1176.00,1141.30,1157.58,819454.820
2022-07-05T08:00:00,1157.58,1158.25,1107.56,1111.78,1250220.383
2022-07-05T12:00:00,1111.78,1112.74,1075.00,1092.40,1873859.503
2022-07-05T16:00:00,1092.40,1152.57,1087.45,1146.11,1365718.070
2022-07-05T20:00:00,1146.13,1169.60,1127.24,1131.80,1165085.994
2022-07-06T00:00:00,1131.81,1153.66,1111.03,1130.36,1123966.362
2022-07-06T04:00:00,1130.36,1150.36,1120.16,1138.91,1106926.578
2022-07-06T08:00:00,1138.91,1155.40,1127.72,1133.44,838793.224
2022-07-06T12:00:00,1133.44,1150.00,1122.22,1132.85,1163399.105
2022-07-06T16:00:00,1132.85,1168.09,1131.74,1152.83,1211853.164
2022-07-06T20:00:00,1152.83,1205.45,1150.05,1186.37,1089729.306
2022-07-07T00:00:00,1186.36,1189.74,1166.19,1175.94,628966.553
2022-07-07T04:00:00,1175.94,1177.94,1162.93,1176.18,494427.703
2022-07-07T08:00:00,1176.18,1194.08,1172.30,1185.43,642791.324
2022-07-07T12:00:00,1185.37,1229.00,1178.32,1219.75,1619422.694
2022-07-07T16:00:00,1219.75,1254.82,1214.37,1247.32,1260756.521
2022-07-07T20:00:00,1247.33,1249.81,1224.64,1236.92,674218.376
2022-07-08T00:00:00,1236.91,1277.00,1230.28,1258.57,1002173.481
2022-07-08T04:00:00,1258.57,1268.36,1234.36,1240.82,671068.006
2022-07-08T08:00:00,1240.83,1244.44,1204.08,1220.78,1348454.180
2022-07-08T12:00:00,1220.77,1240.88,1192.00,1235.00,1949257.761
2022-07-08T16:00:00,1235.00,1247.96,1213.00,1239.53,916031.811
2022-07-08T20:00:00,1239.53,1254.42,1210.88,1213.53,611630.128
2022-07-09T00:00:00,1213.53,1221.26,1203.75,1216.19,619103.254
2022-07-09T04:00:00,1216.19,1226.96,1210.15,1224.21,427007.092
2022-07-09T08:00:00,1224.21,1227.90,1205.00,1209.73,482860.899
2022-07-09T12:00:00,1209.74,1222.46,1205.78,1215.00,474756.238
2022-07-09T16:00:00,1215.00,1236.87,1208.56,1217.94,526731.918
2022-07-09T20:00:00,1217.94,1226.22,1212.24,1216.48,266730.631
2022-07-10T00:00:00,1216.49,1219.50,1181.58,1187.73,687141.186
2022-07-10T04:00:00,1187.73,1195.00,1183.82,1188.78,360086.160
2022-07-10T08:00:00,1188.78,1193.91,1172.83,1183.04,540158.405
2022-07-10T12:00:00,1183.03,1187.00,1155.14,1163.13,873281.743
2022-07-10T16:00:00,1163.14,1176.72,1152.00,1173.62,584186.030
2022-07-10T20:00:00,1173.62,1184.00,1160.00,1167.81,523391.268
2022-07-11T00:00:00,1167.81,1170.97,1143.00,1153.89,718912.813
2022-07-11T04:00:00,1153.88,1154.60,1136.69,1142.87,586854.948
2022-07-11T08:00:00,1142.86,1149.95,1140.95,1142.87,465946.405
2022-07-11T12:00:00,1142.87,1162.40,1127.05,1143.12,1093894.207
2022-07-11T16:00:00,1143.13,1156.55,1135.74,1141.34,619079.503
2022-07-11T20:00:00,1141.26,1144.55,1091.10,1095.95,1047850.483
2022-07-12T00:00:00,1095.88,1097.51,1081.00,1085.66,762327.094
2022-07-12T04:00:00,1085.66,1092.71,1062.20,1068.41,760492.614
2022-07-12T08:00:00,1068.42,1072.50,1052.63,1065.11,917152.832
2022-07-12T12:00:00,1065.10,1082.75,1061.25,1075.53,1206048.019
2022-07-12T16:00:00,1075.54,1088.50,1032.09,1040.53,1237002.203
2022-07-12T20:00:00,1040.52,1051.29,1034.45,1037.88,761639.159
2022-07-13T00:00:00,1037.88,1059.43,1034.51,1051.62,617085.539
2022-07-13T04:00:00,1051.62,1072.00,1048.33,1068.72,654160.194
2022-07-13T08:00:00,1068.72,1084.61,1064.80,1081.10,787390.191
2022-07-13T12:00:00,1081.09,1105.00,1005.00,1059.63,3890353.458
2022-07-13T16:00:00,1059.62,1100.00,1048.80,1075.90,1517254.045
2022-07-13T20:00:00,1075.90,1120.00,1074.01,1114.19,1024330.693
2022-07-14T00:00:00,1114.18,1126.91,1108.50,1111.99,809138.999
2022-07-14T04:00:00,1111.99,1114.35,1092.59,1097.06,701613.263
2022-07-14T08:00:00,1097.06,1100.28,1070.57,1080.80,995731.552
2022-07-14T12:00:00,1080.80,1148.00,1072.20,1140.47,1951367.268
2022-07-14T16:00:00,1140.48,1216.90,1132.88,1193.65,2321670.538
2022-07-14T20:00:00,1193.66,1200.60,1180.25,1193.01,676292.179
2022-07-15T00:00:00,1193.01,1224.45,1180.74,1199.25,955668.624
2022-07-15T04:00:00,1199.25,1217.60,1188.09,1211.20,961265.790
2022-07-15T08:00:00,1211.20,1229.98,1202.75,1210.70,1133972.564
2022-07-15T12:00:00,1210.70,1237.20,1206.50,1221.56,1670614.846
2022-07-15T16:00:00,1221.55,1270.00,1202.77,1265.85,1610493.348
2022-07-15T20:00:00,1265.89,1294.99,1226.00,1230.58,1304801.083
2022-07-16T00:00:00,1230.59,1234.68,1209.00,1221.44,718527.366
2022-07-16T04:00:00,1221.45,1222.59,1191.41,1196.85,860899.086
2022-07-16T08:00:00,1196.86,1206.27,1192.40,1197.19,600177.266
2022-07-16T12:00:00,1197.19,1277.00,1195.42,1274.16,1713648.868
2022-07-16T16:00:00,1274.15,1440.57,1271.97,1335.86,3432435.679
2022-07-16T20:00:00,1335.85,1362.00,1314.06,1355.37,1040724.798
2022-07-17T00:00:00,1355.38,1387.92,1327.60,1352.65,1186626.451
2022-07-17T04:00:00,1352.64,1376.70,1346.32,1360.56,782747.979
2022-07-17T08:00:00,1360.56,1375.15,1336.60,1362.73,938040.576
2022-07-17T12:00:00,1362.74,1367.33,1329.58,1351.00,1261466.807
2022-07-17T16:00:00,1350.99,1383.99,1316.00,1347.02,1478073.373
2022-07-17T20:00:00,1347.02,1375.00,1334.45,1338.27,727262.669
2022-07-18T00:00:00,1338.28,1421.00,1335.49,1405.81,1431426.355
2022-07-18T04:00:00,1405.80,1476.00,1393.00,1465.96,1693434.391
2022-07-18T08:00:00,1465.95,1511.27,1462.08,1478.13,1876940.848
2022-07-18T12:00:00,1478.13,1529.00,1454.83,1519.99,1539357.238
2022-07-18T16:00:00,1519.99,1530.00,1450.00,1472.22,1749188.145
2022-07-18T20:00:00,1472.21,1597.19,1461.56,1580.12,1607744.943
2022-07-19T00:00:00,1580.12,1640.00,1510.36,1515.63,2272724.634
2022-07-19T04:00:00,1515.63,1542.90,1492.57,1510.34,1446771.132
2022-07-19T08:00:00,1510.33,1561.00,1505.20,1541.24,1216261.119
2022-07-19T12:00:00,1541.24,1576.17,1505.00,1539.38,2133061.517
2022-07-19T16:00:00,1539.58,1590.91,1534.09,1560.31,1573008.054
2022-07-19T20:00:00,1560.31,1588.87,1525.00,1541.39,852420.522
2022-07-20T00:00:00,1541.40,1567.90,1508.88,1561.05,925250.415
2022-07-20T04:00:00,1561.05,1579.01,1529.00,1530.25,883512.281
2022-07-20T08:00:00,1530.27,1614.25,1525.59,1602.63,1734831.743
2022-07-20T12:00:00,1602.64,1620.00,1581.53,1595.83,1584273.474
2022-07-20T16:00:00,1595.83,1596.80,1537.00,1550.99,1394675.692
2022-07-20T20:00:00,1551.00,1566.00,1477.00,1521.34,1661509.234
2022-07-21T00:00:00,1521.26,1555.00,1482.00,1487.64,1240491.867
2022-07-21T04:00:00,1487.63,1497.86,1462.30,1487.44,994382.401
2022-07-21T08:00:00,1487.43,1520.00,1475.00,1488.45,1124512.443
2022-07-21T12:00:00,1488.45,1515.00,1480.41,1510.21,1324917.289
2022-07-21T16:00:00,1510.22,1581.50,1508.85,1578.93,1666953.126
2022-07-21T20:00:00,1578.81,1607.00,1565.09,1575.39,974007.090
2022-07-22T00:00:00,1575.38,1595.86,1552.00,1561.44,662681.991
2022-07-22T04:00:00,1561.45,1617.66,1555.50,1601.16,963076.526
2022-07-22T08:00:00,1601.21,1646.30,1595.00,1638.18,1492659.441
2022-07-22T12:00:00,1638.19,1643.97,1567.99,1574.10,1784815.334
2022-07-22T16:00:00,1574.10,1592.45,1518.87,1526.00,1199702.774
2022-07-22T20:00:00,1526.01,1543.45,1515.75,1534.53,625302.151
2022-07-23T00:00:00,1534.53,1578.80,1522.75,1570.37,620309.972
2022-07-23T04:00:00,1570.37,1596.72,1563.56,1577.90,741613.518
2022-07-23T08:00:00,1577.90,1588.10,1518.40,1522.00,1066251.124
2022-07-23T12:00:00,1522.00,1536.75,1502.35,1523.15,1018696.712
2022-07-23T16:00:00,1523.16,1532.97,1485.53,1512.76,1050102.946
2022-07-23T20:00:00,1512.66,1554.88,1511.00,1548.01,653040.666
2022-07-24T00:00:00,1548.01,1578.26,1543.45,1551.49,768344.742
2022-07-24T04:00:00,1551.50,1620.21,1546.68,1605.04,1217162.426
2022-07-24T08:00:00,1605.03,1631.72,1580.36,1615.57,998990.861
2022-07-24T12:00:00,1615.58,1621.45,1572.00,1612.58,1231750.474
2022-07-24T16:00:00,1612.58,1615.90,1583.34,1602.28,779201.509
2022-07-24T20:00:00,1602.26,1664.90,1587.20,1597.77,1370995.945
2022-07-25T00:00:00,1597.77,1609.26,1497.50,1511.19,1720608.369
2022-07-25T04:00:00,1511.18,1528.50,1498.01,1521.18,855570.475
2022-07-25T08:00:00,1521.17,1553.85,1510.52,1536.79,908472.031
2022-07-25T12:00:00,1536.79,1539.15,1501.04,1525.33,1435346.385
2022-07-25T16:00:00,1525.34,1533.95,1453.42,1493.94,1384063.809
2022-07-25T20:00:00,1493.95,1539.44,1433.20,1440.40,1826677.307
2022-07-26T00:00:00,1440.40,1448.90,1400.00,1432.06,1484073.827
2022-07-26T04:00:00,1431.95,1438.15,1406.00,1408.49,703849.428
2022-07-26T08:00:00,1408.49,1423.55,1382.00,1405.51,863383.585
2022-07-26T12:00:00,1405.52,1419.80,1363.07,1368.35,1831039.676
2022-07-26T16:00:00,1368.36,1395.25,1355.00,1365.36,1106650.366
2022-07-26T20:00:00,1365.48,1455.00,1355.44,1448.27,1684935.924
2022-07-27T00:00:00,1448.28,1459.08,1420.22,1423.94,955604.836
2022-07-27T04:00:00,1423.94,1472.70,1422.10,1463.64,985389.869
2022-07-27T08:00:00,1463.64,1474.10,1446.86,1452.08,820977.930
2022-07-27T12:00:00,1452.09,1496.43,1443.94,1488.50,1339371.946
2022-07-27T16:00:00,1488.50,1615.00,1477.00,1587.72,3655504.539
2022-07-27T20:00:00,1587.72,1644.66,1585.00,1635.45,1352085.318
2022-07-28T00:00:00,1635.46,1681.46,1605.81,1648.17,1297448.092
2022-07-28T04:00:00,1648.18,1654.98,1613.95,1618.71,909051.241
2022-07-28T08:00:00,1618.72,1643.00,1600.01,1641.00,986737.589
2022-07-28T12:00:00,1641.01,1759.39,1595.00,1728.32,3533739.816
2022-07-28T16:00:00,1728.33,1750.00,1713.15,1725.88,1515494.681
2022-07-28T20:00:00,1725.88,1784.50,1711.00,1723.82,1396278.845
2022-07-29T00:00:00,1723.83,1734.00,1695.34,1726.25,914185.152
2022-07-29T04:00:00,1726.25,1754.58,1705.38,1715.35,951351.519
2022-07-29T08:00:00,1715.35,1732.43,1667.48,1681.00,1251500.154
2022-07-29T12:00:00,1681.01,1743.96,1656.00,1721.50,2137515.929
2022-07-29T16:00:00,1721.51,1735.83,1667.08,1723.70,1807147.888
2022-07-29T20:00:00,1723.72,1766.30,1701.83,1721.85,1261121.119
2022-07-30T00:00:00,1721.85,1735.00,1686.11,1706.89,949089.255
2022-07-30T04:00:00,1706.93,1719.90,1688.55,1715.24,484593.787
2022-07-30T08:00:00,1715.24,1724.46,1676.96,1703.78,824704.176
2022-07-30T12:00:00,1703.78,1744.00,1695.41,1736.08,1116095.885
2022-07-30T16:00:00,1736.08,1737.10,1688.24,1691.25,677687.396
2022-07-30T20:00:00,1691.25,1708.30,1671.00,1696.68,841498.845
2022-07-31T00:00:00,1696.68,1715.09,1685.80,1693.30,580817.975
2022-07-31T04:00:00,1693.30,1708.21,1688.70,1696.97,388858.432
2022-07-31T08:00:00,1696.98,1724.09,1685.16,1717.77,641280.017
2022-07-31T12:00:00,1717.76,1722.44,1690.38,1711.13,593828.122
2022-07-31T16:00:00,1711.14,1755.55,1685.71,1717.19,1336583.215
2022-07-31T20:00:00,1717.18,1724.34,1666.00,1677.63,799645.827
2022-08-01T00:00:00,1677.63,1704.32,1673.75,1690.67,526906.651
2022-08-01T04:00:00,1690.67,1697.02,1672.15,1692.38,548306.850
2022-08-01T08:00:00,1692.38,1694.92,1640.00,1667.21,971312.134
2022-08-01T12:00:00,1667.22,1689.52,1634.95,1671.94,1632157.939
2022-08-01T16:00:00,1672.00,1673.08,1616.00,1621.72,1188431.394
2022-08-01T20:00:00,1621.73,1643.00,1605.50,1629.45,754577.093
2022-08-02T00:00:00,1629.45,1656.35,1566.80,1576.85,1334406.612
2022-08-02T04:00:00,1576.85,1595.00,1565.07,1592.18,788859.812
2022-08-02T08:00:00,1592.18,1596.85,1557.80,1586.82,961262.396
2022-08-02T12:00:00,1586.81,1636.97,1563.15,1628.87,2381307.177
2022-08-02T16:00:00,1628.88,1678.00,1621.90,1636.44,1840933.401
2022-08-02T20:00:00,1636.45,1660.41,1627.04,1629.97,741550.422
2022-08-03T00:00:00,1629.98,1638.30,1588.50,1619.15,1058709.066
2022-08-03T04:00:00,1619.14,1642.44,1612.10,1628.62,601106.543
2022-08-03T08:00:00,1628.62,1672.09,1627.93,1664.44,939967.221
2022-08-03T12:00:00,1664.44,1685.91,1642.30,1655.20,1406224.181
2022-08-03T16:00:00,1655.20,1671.04,1646.90,1653.30,808537.381
2022-08-03T20:00:00,1653.32,1656.33,1606.54,1617.37,957620.895
2022-08-04T00:00:00,1617.37,1659.11,1614.80,1650.95,949121.019
2022-08-04T04:00:00,1650.96,1664.28,1615.13,1625.27,932472.381
2022-08-04T08:00:00,1625.27,1630.50,1605.16,1615.02,846019.840
2022-08-04T12:00:00,1615.03,1643.55,1596.00,1615.06,1673560.478
2022-08-04T16:00:00,1615.03,1623.70,1580.00,1590.24,1211255.680
2022-08-04T20:00:00,1590.23,1612.26,1580.33,1607.20,574180.505
2022-08-05T00:00:00,1607.20,1668.50,1605.00,1659.42,1119897.262
2022-08-05T04:00:00,1659.36,1678.83,1645.59,1662.47,739161.751
2022-08-05T08:00:00,1662.48,1718.00,1652.02,1713.27,1118086.325
2022-08-05T12:00:00,1713.27,1726.12,1664.50,1669.65,2486101.352
2022-08-05T16:00:00,1669.65,1683.50,1655.90,1680.24,1046600.496
2022-08-05T20:00:00,1680.23,1743.40,1665.66,1737.13,1135867.602
2022-08-06T00:00:00,1737.12,1751.00,1727.02,1734.87,803901.421
2022-08-06T04:00:00,1734.88,1738.49,1713.90,1720.91,533171.652
2022-08-06T08:00:00,1720.90,1724.70,1703.25,1711.90,552470.466
2022-08-06T12:00:00,1711.90,1721.20,1706.18,1715.10,446150.282
2022-08-06T16:00:00,1715.10,1721.47,1685.03,1714.53,776853.532
2022-08-06T20:00:00,1714.54,1726.00,1686.00,1689.85,561222.743
2022-08-07T00:00:00,1689.84,1697.38,1667.00,1683.04,767711.475
2022-08-07T04:00:00,1683.03,1688.28,1670.45,1685.10,371947.330
2022-08-07T08:00:00,1685.09,1694.20,1671.85,1691.49,459277.042
2022-08-07T12:00:00,1691.50,1717.00,1689.23,1698.14,786566.015
2022-08-07T16:00:00,1698.14,1716.80,1694.05,1707.40,425423.900
2022-08-07T20:00:00,1707.39,1729.39,1689.59,1699.25,615256.236
2022-08-08T00:00:00,1699.25,1719.21,1693.15,1709.23,616850.739
2022-08-08T04:00:00,1709.23,1739.99,1707.30,1732.06,807406.464
2022-08-08T08:00:00,1732.05,1794.36,1727.45,1788.70,1454921.410
2022-08-08T12:00:00,1788.71,1819.78,1766.75,1774.61,1706963.399
2022-08-08T16:00:00,1774.61,1786.86,1754.00,1782.44,999252.693
2022-08-08T20:00:00,1782.45,1799.59,1757.00,1776.09,748171.881
2022-08-09T00:00:00,1776.08,1786.60,1759.00,1777.60,572746.798
2022-08-09T04:00:00,1777.59,1790.00,1765.24,1780.98,571165.508
2022-08-09T08:00:00,1780.98,1782.00,1690.54,1702.80,2050611.946
2022-08-09T12:00:00,1702.80,1716.95,1666.05,1683.78,1705598.950
2022-08-09T16:00:00,1683.77,1697.50,1672.82,1687.00,855310.976
2022-08-09T20:00:00,1687.00,1714.88,1686.45,1702.04,574862.348
2022-08-10T00:00:00,1702.04,1702.24,1655.00,1668.78,1145760.797
2022-08-10T04:00:00,1668.79,1691.00,1666.69,1685.01,661094.033
2022-08-10T08:00:00,1685.00,1712.88,1683.50,1706.01,979472.206
2022-08-10T12:00:00,1706.01,1855.95,1702.55,1836.84,4065871.102
2022-08-10T16:00:00,1836.84,1849.79,1803.30,1818.13,1239956.339
2022-08-10T20:00:00,1818.13,1886.75,1817.50,1853.24,1123785.286
2022-08-11T00:00:00,1853.25,1919.40,1849.80,1879.40,1874839.109
2022-08-11T04:00:00,1879.39,1905.25,1870.00,1877.72,1228935.683
2022-08-11T08:00:00,1877.72,1915.00,1872.53,1902.78,854124.292
2022-08-11T12:00:00,1902.78,1943.00,1882.60,1889.23,2234424.652
2022-08-11T16:00:00,1889.23,1907.29,1874.41,1897.90,971742.403
2022-08-11T20:00:00,1897.96,1905.00,1866.08,1879.35,709742.584
2022-08-12T00:00:00,1879.35,1914.24,1856.04,1903.00,934438.623
2022-08-12T04:00:00,1903.00,1908.40,1881.63,1887.85,528243.676
2022-08-12T08:00:00,1887.85,1903.13,1852.00,1867.58,1035824.727
2022-08-12T12:00:00,1867.57,1903.85,1866.15,1896.60,1178420.055
2022-08-12T16:00:00,1896.59,1932.99,1890.10,1925.36,903670.120
2022-08-12T20:00:00,1925.35,1964.46,1916.00,1957.40,954746.888
2022-08-13T00:00:00,1957.40,1999.45,1945.50,1996.38,1134662.082
2022-08-13T04:00:00,1996.38,2019.00,1985.00,1995.29,1320671.089
2022-08-13T08:00:00,1995.29,2007.35,1971.08,1985.37,938571.010
2022-08-13T12:00:00,1985.37,1994.00,1961.50,1986.99,801322.508
2022-08-13T16:00:00,1986.98,2004.00,1970.64,1974.24,727131.627
2022-08-13T20:00:00,1974.24,1994.00,1966.60,1982.80,468103.477
2022-08-14T00:00:00,1982.79,1993.55,1970.00,1985.21,477781.478
2022-08-14T04:00:00,1985.21,2030.00,1980.00,2015.46,892055.598
2022-08-14T08:00:00,2015.47,2016.49,1980.00,1988.95,851274.795
2022-08-14T12:00:00,1988.94,1990.34,1968.01,1983.28,663607.786
2022-08-14T16:00:00,1983.28,1984.00,1905.00,1930.12,1356870.471
2022-08-14T20:00:00,1930.12,1958.69,1915.39,1934.55,718711.374
2022-08-15T00:00:00,1934.56,2012.94,1922.00,1986.00,1509972.006
2022-08-15T04:00:00,1985.99,1992.28,1884.60,1899.38,1850144.903
2022-08-15T08:00:00,1899.37,1911.94,1872.75,1890.05,1222124.307
2022-08-15T12:00:00,1890.05,1922.60,1871.00,1916.36,1430641.704
2022-08-15T16:00:00,1916.36,1931.90,1883.41,1888.65,944858.447
2022-08-15T20:00:00,1888.65,1917.33,1875.50,1898.56,855025.795
2022-08-16T00:00:00,1898.55,1914.59,1860.10,1887.18,1206058.237
2022-08-16T04:00:00,1887.18,1892.44,1855.89,1885.72,948814.017
2022-08-16T08:00:00,1885.71,1915.00,1873.33,1905.62,887305.833
2022-08-16T12:00:00,1905.63,1913.48,1863.17,1886.63,1478752.284
2022-08-16T16:00:00,1886.63,1897.37,1850.00,1878.31,1258738.623
2022-08-16T20:00:00,1878.32,1885.89,1864.38,1875.78,438865.022
2022-08-17T00:00:00,1875.79,1904.63,1874.02,1895.43,845143.889
2022-08-17T04:00:00,1895.43,1957.70,1887.00,1889.45,2005946.817
2022-08-17T08:00:00,1889.45,1902.00,1866.53,1875.90,1062911.850
2022-08-17T12:00:00,1875.89,1886.06,1818.01,1830.26,2231380.066
2022-08-17T16:00:00,1830.26,1869.50,1823.29,1837.40,1433458.366
2022-08-17T20:00:00,1837.39,1853.50,1823.44,1833.55,674743.142
2022-08-18T00:00:00,1833.55,1865.00,1820.11,1847.75,828989.627
2022-08-18T04:00:00,1847.75,1852.42,1835.28,1844.23,540915.244
2022-08-18T08:00:00,1844.23,1865.98,1833.34,1858.90,783737.690
2022-08-18T12:00:00,1858.90,1882.00,1848.41,1871.98,1563694.413
2022-08-18T16:00:00,1871.97,1878.60,1855.62,1869.38,917263.122
2022-08-18T20:00:00,1869.37,1879.34,1842.50,1845.86,695445.051
2022-08-19T00:00:00,1845.86,1847.65,1805.75,1816.94,1456221.018
2022-08-19T04:00:00,1816.95,1823.83,1710.00,1743.90,2043621.740
2022-08-19T08:00:00,1743.90,1743.97,1680.71,1706.84,2189523.651
2022-08-19T12:00:00,1706.83,1706.98,1672.20,1697.10,1677854.491
2022-08-19T16:00:00,1697.09,1725.97,1680.00,1700.43,1403977.169
2022-08-19T20:00:00,1700.43,1705.43,1601.85,1608.29,1936080.644
2022-08-20T00:00:00,1608.29,1639.45,1607.01,1626.91,1088447.008
2022-08-20T04:00:00,1626.91,1657.00,1624.13,1646.54,991754.677
2022-08-20T08:00:00,1646.54,1648.93,1613.67,1630.18,776407.438
2022-08-20T12:00:00,1630.18,1643.60,1623.00,1633.99,764410.175
2022-08-20T16:00:00,1634.00,1639.00,1551.09,1563.70,1965827.456
2022-08-20T20:00:00,1563.69,1588.00,1520.64,1574.93,1746946.770
2022-08-21T00:00:00,1574.92,1603.34,1572.20,1584.72,805754.449
2022-08-21T04:00:00,1584.73,1594.90,1560.00,1584.69,735602.663
2022-08-21T08:00:00,1584.68,1630.00,1583.97,1625.80,1407277.182
2022-08-21T12:00:00,1625.80,1639.91,1600.00,1620.29,1071398.341
2022-08-21T16:00:00,1620.29,1634.59,1609.33,1622.93,763845.331
2022-08-21T20:00:00,1622.94,1648.70,1578.66,1617.17,1518068.961
2022-08-22T00:00:00,1617.17,1621.43,1592.45,1593.93,850062.420
2022-08-22T04:00:00,1593.95,1609.89,1551.00,1556.26,1300539.764
2022-08-22T08:00:00,1556.23,1580.00,1528.00,1567.19,2161931.491
2022-08-22T12:00:00,1567.19,1594.60,1547.84,1588.77,2138525.525
2022-08-22T16:00:00,1588.76,1600.65,1548.24,1567.20,1137263.681
2022-08-22T20:00:00,1567.20,1629.00,1563.00,1624.02,1114518.965
2022-08-23T00:00:00,1624.02,1638.75,1606.39,1608.54,1097470.625
2022-08-23T04:00:00,1608.54,1617.15,1562.41,1601.37,1543961.652
2022-08-23T08:00:00,1601.37,1624.95,1586.85,1619.31,1649997.100
2022-08-23T12:00:00,1619.31,1653.20,1605.88,1639.55,2210130.717
2022-08-23T16:00:00,1639.54,1680.00,1624.00,1649.89,1291778.042
2022-08-23T20:00:00,1649.89,1671.70,1640.85,1664.19,739876.645
2022-08-24T00:00:00,1664.19,1665.31,1605.00,1613.63,1394081.224
2022-08-24T04:00:00,1613.62,1649.00,1609.55,1626.10,1255395.826
2022-08-24T08:00:00,1626.09,1654.20,1625.18,1650.24,945429.109
2022-08-24T12:00:00,1650.24,1688.00,1641.95,1682.78,1792982.364
2022-08-24T16:00:00,1682.77,1693.84,1662.87,1677.47,1076950.051
2022-08-24T20:00:00,1677.46,1685.99,1650.00,1655.71,780771.752
2022-08-25T00:00:00,1655.71,1687.02,1652.27,1668.98,854263.531
2022-08-25T04:00:00,1668.98,1712.56,1668.48,1707.86,1154167.232
2022-08-25T08:00:00,1707.87,1715.50,1692.70,1709.01,914824.262
2022-08-25T12:00:00,1709.01,1722.00,1687.00,1700.45,1611925.585
2022-08-25T16:00:00,1700.44,1712.85,1688.90,1706.51,790685.912
2022-08-25T20:00:00,1706.51,1712.00,1681.00,1694.16,577294.176
2022-08-26T00:00:00,1694.15,1694.29,1670.04,1686.05,820572.909
2022-08-26T04:00:00,1686.05,1686.72,1639.94,1659.65,1179098.410
2022-08-26T08:00:00,1659.65,1666.61,1619.54,1628.41,1144150.500
2022-08-26T12:00:00,1628.41,1706.00,1585.00,1592.56,5231166.199
2022-08-26T16:00:00,1592.56,1598.99,1536.60,1558.80,2123680.977
2022-08-26T20:00:00,1558.80,1567.78,1485.00,1507.23,1531447.669
2022-08-27T00:00:00,1507.22,1517.40,1481.00,1500.98,1290359.994
2022-08-27T04:00:00,1500.98,1508.79,1468.00,1506.99,1167466.000
2022-08-27T08:00:00,1506.99,1511.38,1493.64,1504.33,847370.948
2022-08-27T12:00:00,1504.32,1508.00,1450.00,1469.06,1563122.521
2022-08-27T16:00:00,1469.05,1483.43,1443.40,1478.28,1484035.278
2022-08-27T20:00:00,1478.28,1498.88,1455.84,1490.00,930632.215
2022-08-28T00:00:00,1490.00,1510.00,1475.80,1490.10,824449.043
2022-08-28T04:00:00,1490.10,1501.74,1480.03,1495.94,579361.558
2022-08-28T08:00:00,1495.94,1502.94,1473.00,1484.93,790090.490
2022-08-28T12:00:00,1484.93,1488.22,1458.25,1485.77,1117825.764
2022-08-28T16:00:00,1485.78,1496.53,1477.02,1482.25,839077.482
2022-08-28T20:00:00,1482.25,1491.43,1423.10,1426.30,1540468.170
2022-08-29T00:00:00,1426.29,1462.00,1420.59,1455.54,1599649.992
2022-08-29T04:00:00,1455.55,1461.18,1437.77,1453.70,866558.833
2022-08-29T08:00:00,1453.70,1455.60,1441.10,1448.39,767079.549
2022-08-29T12:00:00,1448.39,1530.00,1446.36,1520.78,3135622.996
2022-08-29T16:00:00,1520.77,1544.33,1518.31,1530.31,1622786.472
2022-08-29T20:00:00,1530.31,1559.79,1527.88,1550.67,1040971.181
2022-08-30T00:00:00,1550.66,1551.58,1523.00,1543.12,970369.178
2022-08-30T04:00:00,1543.13,1602.00,1542.07,1586.32,1860620.138
2022-08-30T08:00:00,1586.31,1605.00,1575.43,1583.96,1237573.768
2022-08-30T12:00:00,1583.96,1593.96,1509.00,1523.79,3325632.319
2022-08-30T16:00:00,1523.79,1567.58,1471.92,1542.59,3257451.862
2022-08-30T20:00:00,1542.58,1565.00,1515.02,1523.48,1597923.043
2022-08-31T00:00:00,1523.49,1621.29,1523.26,1605.78,2069435.561
2022-08-31T04:00:00,1605.79,1619.70,1576.12,1584.21,1636660.065
2022-08-31T08:00:00,1584.22,1608.00,1558.00,1594.24,2081985.137
2022-08-31T12:00:00,1594.24,1609.44,1535.00,1559.42,3066064.551
2022-08-31T16:00:00,1559.42,1588.00,1526.43,1574.68,2071143.227
2022-08-31T20:00:00,1574.67,1584.41,1541.64,1553.04,1011829.468
2022-09-01T00:00:00,1553.04,1573.82,1533.06,1548.83,1391361.617
2022-09-01T04:00:00,1548.82,1562.28,1530.24,1543.99,1025359.833
2022-09-01T08:00:00,1543.99,1585.24,1532.30,1576.82,1413218.169
2022-09-01T12:00:00,1576.82,1580.82,1505.00,1535.32,2803752.449
2022-09-01T16:00:00,1535.32,1572.00,1521.25,1563.81,1511260.942
2022-09-01T20:00:00,1563.81,1599.00,1561.02,1585.40,975031.932
2022-09-02T00:00:00,1585.40,1606.00,1566.66,1595.05,1060671.050
2022-09-02T04:00:00,1595.04,1611.06,1577.28,1593.28,850719.458
2022-09-02T08:00:00,1593.29,1602.59,1581.33,1592.50,734051.614
2022-09-02T12:00:00,1592.49,1649.64,1582.15,1635.28,3063944.893
2022-09-02T16:00:00,1635.27,1638.54,1545.00,1560.32,2596847.242
2022-09-02T20:00:00,1560.34,1585.56,1549.22,1574.49,838205.108
2022-09-03T00:00:00,1574.49,1582.02,1553.73,1560.58,649104.185
2022-09-03T04:00:00,1560.58,1572.28,1532.60,1542.97,758020.448
2022-09-03T08:00:00,1542.98,1558.60,1538.67,1547.87,778009.523
2022-09-03T12:00:00,1547.86,1565.49,1542.03,1547.77,722747.726
2022-09-03T16:00:00,1547.76,1563.75,1534.51,1548.53,704758.266
2022-09-03T20:00:00,1548.52,1560.00,1545.77,1556.41,325305.957
2022-09-04T00:00:00,1556.42,1561.00,1546.11,1551.25,325425.671
2022-09-04T04:00:00,1551.26,1556.00,1542.00,1544.65,357598.912
2022-09-04T08:00:00,1544.65,1563.99,1539.70,1563.98,624531.814
2022-09-04T12:00:00,1563.99,1584.00,1543.62,1559.62,1383204.456
2022-09-04T16:00:00,1559.63,1576.42,1554.77,1566.46,676692.113
2022-09-04T20:00:00,1566.45,1586.00,1561.95,1578.14,601949.081
2022-09-05T00:00:00,1578.14,1594.39,1568.01,1574.62,794040.290
2022-09-05T04:00:00,1574.61,1579.55,1555.72,1561.78,793334.392
2022-09-05T08:00:00,1561.79,1568.70,1556.54,1565.99,658027.563
2022-09-05T12:00:00,1565.99,1605.20,1561.56,1599.63,1536642.186
2022-09-05T16:00:00,1599.63,1609.32,1575.30,1584.92,1147521.453
2022-09-05T20:00:00,1584.92,1631.60,1584.21,1616.92,881044.373
2022-09-06T00:00:00,1616.93,1675.40,1614.09,1639.38,2251795.594
2022-09-06T04:00:00,1639.39,1677.61,1635.76,1658.09,1297183.868
2022-09-06T08:00:00,1658.09,1679.00,1645.25,1667.14,1082127.201
2022-09-06T12:00:00,1667.15,1686.75,1635.00,1668.69,2244506.565
2022-09-06T16:00:00,1668.69,1674.00,1563.60,1575.82,3099698.402
2022-09-06T20:00:00,1575.83,1588.00,1551.70,1558.23,1101190.600
2022-09-07T00:00:00,1558.23,1567.14,1486.16,1509.20,1855670.600
2022-09-07T04:00:00,1509.19,1526.34,1498.49,1516.69,959212.442
2022-09-07T08:00:00,1516.68,1523.93,1502.78,1512.98,726727.974
2022-09-07T12:00:00,1512.97,1550.00,1498.01,1542.89,1790399.471
2022-09-07T16:00:00,1542.89,1579.68,1535.00,1569.08,1412370.516
2022-09-07T20:00:00,1569.08,1657.60,1567.81,1629.35,2350126.326
2022-09-08T00:00:00,1629.36,1636.62,1612.86,1628.81,795746.350
2022-09-08T04:00:00,1628.81,1646.94,1594.00,1612.87,1215913.157
2022-09-08T08:00:00,1612.86,1643.91,1605.68,1634.81,1036122.742
2022-09-08T12:00:00,1634.82,1654.55,1597.00,1628.60,2952425.515
2022-09-08T16:00:00,1628.60,1650.00,1607.10,1649.03,1375936.729
2022-09-08T20:00:00,1649.03,1666.00,1625.00,1634.22,734908.021
2022-09-09T00:00:00,1634.23,1680.00,1629.25,1671.77,960161.080
2022-09-09T04:00:00,1671.78,1718.00,1668.41,1704.27,1897602.484
2022-09-09T08:00:00,1704.26,1715.00,1684.00,1699.33,1247903.978
2022-09-09T12:00:00,1699.34,1746.30,1697.84,1718.22,1825340.250
2022-09-09T16:00:00,1718.23,1727.14,1694.50,1719.26,1060066.473
2022-09-09T20:00:00,1719.25,1732.62,1705.82,1717.48,600790.655
2022-09-10T00:00:00,1717.49,1743.52,1705.00,1732.09,667468.014
2022-09-10T04:00:00,1732.10,1745.00,1705.00,1710.00,667154.863
2022-09-10T08:00:00,1709.99,1727.58,1708.30,1722.44,425968.664
2022-09-10T12:00:00,1722.45,1733.20,1711.20,1714.50,581159.520
2022-09-10T16:00:00,1714.50,1743.66,1708.00,1739.48,665180.515
2022-09-10T20:00:00,1739.48,1788.98,1727.27,1773.05,1227326.712
2022-09-11T00:00:00,1773.04,1778.22,1755.06,1759.54,583640.588
2022-09-11T04:00:00,1759.54,1767.50,1741.90,1760.49,548973.130
2022-09-11T08:00:00,1760.50,1780.00,1756.00,1768.69,502955.608
2022-09-11T12:00:00,1768.69,1778.72,1751.86,1767.36,650066.309
2022-09-11T16:00:00,1767.36,1787.88,1753.33,1761.90,637386.730
2022-09-11T20:00:00,1761.89,1766.66,1718.02,1765.01,986472.936
2022-09-12T00:00:00,1765.00,1783.43,1708.01,1725.50,1689647.127
2022-09-12T04:00:00,1725.51,1759.98,1716.00,1756.85,778168.458
2022-09-12T08:00:00,1756.86,1765.00,1727.89,1747.39,1057083.673
2022-09-12T12:00:00,1747.39,1753.81,1694.01,1704.90,1357057.989
2022-09-12T16:00:00,1704.90,1732.38,1691.28,1724.56,1046819.562
2022-09-12T20:00:00,1724.56,1729.84,1700.11,1715.14,584141.580
2022-09-13T00:00:00,1715.15,1717.14,1672.79,1714.17,1060764.626
2022-09-13T04:00:00,1714.18,1729.73,1697.40,1714.58,806797.430
2022-09-13T08:00:00,1714.58,1746.38,1706.45,1736.14,811134.991
2022-09-13T12:00:00,1736.14,1762.88,1573.50,1592.35,3991777.902
2022-09-13T16:00:00,1592.35,1626.80,1565.00,1602.35,1742737.402
2022-09-13T20:00:00,1602.36,1621.90,1556.78,1571.90,1247649.070
2022-09-14T00:00:00,1571.91,1605.78,1548.00,1597.78,1124756.454
2022-09-14T04:00:00,1597.79,1619.00,1592.09,1610.07,816835.217
2022-09-14T08:00:00,1610.06,1610.15,1578.00,1591.25,896689.697
2022-09-14T12:00:00,1591.26,1609.36,1581.30,1592.80,1233261.792
2022-09-14T16:00:00,1592.80,1596.96,1551.00,1594.00,1375725.372
2022-09-14T20:00:00,1594.00,1642.24,1585.98,1635.39,1044397.425
2022-09-15T00:00:00,1635.40,1641.22,1570.00,1593.85,1558466.454
2022-09-15T04:00:00,1593.86,1657.80,1565.50,1641.01,3363340.035
2022-09-15T08:00:00,1641.00,1641.00,1573.02,1590.66,1675234.794
2022-09-15T12:00:00,1590.66,1599.70,1455.00,1491.78,3664814.801
2022-09-15T16:00:00,1491.78,1516.87,1482.07,1496.65,1375075.270
2022-09-15T20:00:00,1496.66,1509.03,1457.82,1471.93,1069227.574
2022-09-16T00:00:00,1471.94,1482.65,1445.00,1472.61,1153266.244
2022-09-16T04:00:00,1472.61,1479.48,1466.05,1470.66,518548.267
2022-09-16T08:00:00,1470.66,1482.09,1440.52,1477.63,1147473.611
2022-09-16T12:00:00,1477.63,1478.05,1423.00,1451.69,2489176.555
2022-09-16T16:00:00,1451.69,1451.69,1403.00,1427.03,2200811.060
2022-09-16T20:00:00,1427.02,1448.00,1422.35,1433.58,627179.347
2022-09-17T00:00:00,1433.58,1455.99,1430.08,1439.83,611913.579
2022-09-17T04:00:00,1439.83,1447.79,1424.19,1431.82,556432.962
2022-09-17T08:00:00,1431.81,1434.61,1415.00,1419.13,514885.504
2022-09-17T12:00:00,1419.12,1450.00,1408.15,1443.35,969024.571
2022-09-17T16:00:00,1443.36,1475.15,1441.17,1463.70,1168971.851
2022-09-17T20:00:00,1463.70,1472.65,1445.34,1467.96,545766.132
2022-09-18T00:00:00,1467.96,1469.00,1445.51,1451.31,561774.127
2022-09-18T04:00:00,1451.31,1459.63,1448.22,1452.73,320633.255
2022-09-18T08:00:00,1452.73,1458.54,1416.01,1433.43,1065666.170
2022-09-18T12:00:00,1433.42,1439.26,1409.00,1416.56,1067176.178
2022-09-18T16:00:00,1416.57,1423.92,1365.58,1379.86,2227746.482
2022-09-18T20:00:00,1379.85,1380.73,1320.00,1333.67,1896286.017
2022-09-19T00:00:00,1333.68,1353.81,1283.28,1293.68,1841183.691
2022-09-19T04:00:00,1293.67,1312.88,1276.62,1301.47,1475226.314
2022-09-19T08:00:00,1301.47,1320.00,1288.36,1307.13,1308473.259
2022-09-19T12:00:00,1307.13,1372.00,1305.81,1341.03,2881643.137
2022-09-19T16:00:00,1341.03,1367.16,1321.19,1361.46,1608145.568
2022-09-19T20:00:00,1361.46,1394.00,1355.40,1375.05,1163657.892
2022-09-20T00:00:00,1375.05,1384.53,1341.34,1354.08,978844.542
2022-09-20T04:00:00,1354.08,1378.40,1349.96,1357.66,929216.497
2022-09-20T08:00:00,1357.66,1366.40,1343.20,1355.51,920659.910
2022-09-20T12:00:00,1355.52,1381.80,1328.76,1376.48,2206799.978
2022-09-20T16:00:00,1376.48,1383.50,1330.62,1351.20,1842935.716
2022-09-20T20:00:00,1351.21,1355.90,1311.00,1322.08,972457.840
2022-09-21T00:00:00,1322.09,1345.20,1316.58,1336.46,685954.590
2022-09-21T04:00:00,1336.46,1344.33,1315.02,1331.07,903436.815
2022-09-21T08:00:00,1331.07,1353.22,1322.22,1349.84,823498.607
2022-09-21T12:00:00,1349.84,1360.00,1333.00,1342.27,1254435.957
2022-09-21T16:00:00,1342.27,1420.00,1285.00,1322.59,4817482.517
2022-09-21T20:00:00,1322.58,1326.52,1218.00,1244.19,2759545.973
2022-09-22T00:00:00,1244.20,1270.00,1235.60,1261.99,1097481.178
2022-09-22T04:00:00,1262.00,1279.63,1253.22,1277.30,955933.822
2022-09-22T08:00:00,1277.31,1312.50,1274.98,1307.59,1558114.566
2022-09-22T12:00:00,1307.59,1313.00,1254.50,1270.49,2528212.390
2022-09-22T16:00:00,1270.50,1336.54,1251.00,1323.27,2397405.565
2022-09-22T20:00:00,1323.28,1349.84,1306.03,1325.73,1311022.373
2022-09-23T00:00:00,1325.73,1344.95,1313.51,1339.79,1056153.533
2022-09-23T04:00:00,1339.79,1359.22,1328.00,1331.38,1097706.296
2022-09-23T08:00:00,1331.39,1335.11,1281.31,1287.16,1839549.522
2022-09-23T12:00:00,1287.16,1318.59,1260.75,1293.18,3282964.378
2022-09-23T16:00:00,1293.19,1306.99,1272.69,1291.40,2359902.325
2022-09-23T20:00:00,1291.50,1339.44,1291.37,1326.62,1239606.135
2022-09-24T00:00:00,1326.62,1329.63,1310.54,1320.92,747034.803
2022-09-24T04:00:00,1320.92,1337.20,1316.00,1321.87,643694.305
2022-09-24T08:00:00,1321.87,1332.58,1316.28,1326.21,599969.489
2022-09-24T12:00:00,1326.21,1348.84,1325.16,1339.46,1077426.961
2022-09-24T16:00:00,1339.46,1347.96,1332.90,1341.51,631836.835
2022-09-24T20:00:00,1341.51,1343.38,1305.36,1316.19,903451.475
2022-09-25T00:00:00,1316.18,1329.00,1313.46,1328.58,506497.452
2022-09-25T04:00:00,1328.58,1336.92,1318.43,1332.02,482470.536
2022-09-25T08:00:00,1332.02,1333.85,1315.68,1328.55,507444.401
2022-09-25T12:00:00,1328.56,1330.91,1296.51,1309.98,1112869.971
2022-09-25T16:00:00,1309.99,1320.46,1280.10,1298.76,1158394.849
2022-09-25T20:00:00,1298.77,1302.70,1268.19,1293.99,1071488.826
2022-09-26T00:00:00,1293.98,1314.18,1286.00,1302.42,1106373.227
2022-09-26T04:00:00,1302.43,1305.80,1277.55,1294.80,1109346.486
2022-09-26T08:00:00,1294.80,1324.61,1288.16,1296.57,1625991.929
2022-09-26T12:00:00,1296.56,1337.97,1293.00,1324.28,2230774.301
2022-09-26T16:00:00,1324.28,1340.00,1310.77,1329.62,1358382.988
2022-09-26T20:00:00,1329.62,1337.00,1314.37,1335.25,674122.657
2022-09-27T00:00:00,1335.25,1389.47,1331.23,1384.87,1845946.202
2022-09-27T04:00:00,1384.86,1394.00,1374.51,1381.64,946656.690
2022-09-27T08:00:00,1381.64,1400.00,1374.87,1388.06,904124.709
2022-09-27T12:00:00,1388.07,1399.68,1364.00,1364.76,1928568.054
2022-09-27T16:00:00,1364.75,1367.46,1303.02,1323.75,3342441.751
2022-09-27T20:00:00,1323.76,1334.90,1316.08,1327.19,718469.521
2022-09-28T00:00:00,1327.20,1339.96,1266.00,1286.31,1953644.116
2022-09-28T04:00:00,1286.31,1293.13,1265.56,1284.71,1139148.912
2022-09-28T08:00:00,1284.70,1312.50,1250.00,1294.63,2408155.604
2022-09-28T12:00:00,1294.63,1332.71,1292.66,1331.25,2414177.509
2022-09-28T16:00:00,1331.25,1343.77,1310.43,1333.29,1705117.846
2022-09-28T20:00:00,1333.32,1355.76,1332.10,1336.43,988493.302
2022-09-29T00:00:00,1336.43,1351.93,1326.70,1341.46,905841.422
2022-09-29T04:00:00,1341.47,1345.47,1312.65,1320.90,1190951.259
2022-09-29T08:00:00,1320.91,1345.26,1313.00,1335.82,1187922.922
2022-09-29T12:00:00,1335.83,1337.00,1287.24,1326.37,3316486.446
2022-09-29T16:00:00,1326.37,1348.27,1313.66,1332.55,1821795.777
2022-09-29T20:00:00,1332.50,1340.20,1323.22,1334.80,550403.878
2022-09-30T00:00:00,1334.80,1352.99,1318.75,1327.00,1100772.025
2022-09-30T04:00:00,1326.99,1346.22,1325.22,1339.67,708924.303
2022-09-30T08:00:00,1339.67,1348.98,1323.61,1330.09,906090.312
2022-09-30T12:00:00,1330.08,1373.34,1307.53,1350.61,3311178.213
2022-09-30T16:00:00,1350.61,1361.55,1331.24,1337.00,1519058.244
2022-09-30T20:00:00,1337.07,1344.19,1315.43,1327.78,964599.545
2022-10-01T00:00:00,1327.78,1333.38,1323.39,1329.12,355742.200
2022-10-01T04:00:00,1329.12,1330.95,1322.36,1328.17,355729.485
2022-10-01T08:00:00,1328.16,1332.50,1316.00,1324.52,477144.038
2022-10-01T12:00:00,1324.53,1329.90,1318.93,1322.05,473232.767
2022-10-01T16:00:00,1322.05,1323.71,1302.00,1311.06,750577.130
2022-10-01T20:00:00,1311.06,1315.60,1301.00,1311.31,351273.531
2022-10-02T00:00:00,1311.32,1315.68,1304.17,1308.90,352016.520
2022-10-02T04:00:00,1308.90,1317.70,1307.00,1310.50,512307.589
2022-10-02T08:00:00,1310.49,1312.34,1284.50,1297.20,959364.252
2022-10-02T12:00:00,1297.20,1300.78,1285.00,1292.88,636877.464
2022-10-02T16:00:00,1292.87,1313.60,1290.48,1304.09,625699.569
2022-10-02T20:00:00,1304.10,1306.98,1266.66,1275.96,1053788.455
2022-10-03T00:00:00,1275.95,1300.00,1260.48,1291.03,985554.531
2022-10-03T04:00:00,1291.02,1301.64,1283.45,1291.39,739729.932
2022-10-03T08:00:00,1291.39,1298.85,1285.44,1298.35,557275.934
2022-10-03T12:00:00,1298.34,1327.56,1293.60,1318.19,2025399.617
2022-10-03T16:00:00,1318.18,1329.00,1308.49,1317.35,983762.683
2022-10-03T20:00:00,1317.35,1327.56,1313.97,1322.59,506899.553
2022-10-04T00:00:00,1322.58,1330.45,1318.06,1328.43,474422.896
2022-10-04T04:00:00,1328.43,1349.90,1323.87,1349.59,1148877.425
2022-10-04T08:00:00,1349.59,1359.80,1341.51,1349.11,1154611.316
2022-10-04T12:00:00,1349.11,1366.00,1344.82,1353.41,1215890.802
2022-10-04T16:00:00,1353.41,1357.20,1337.42,1354.28,814383.842
2022-10-04T20:00:00,1354.30,1370.00,1350.52,1360.73,728630.837
2022-10-05T00:00:00,1360.73,1362.79,1351.70,1353.28,437202.735
2022-10-05T04:00:00,1353.29,1358.00,1348.00,1352.49,422342.749
2022-10-05T08:00:00,1352.49,1353.05,1330.38,1334.50,928288.941
2022-10-05T12:00:00,1334.50,1336.20,1315.27,1329.82,1441429.266
2022-10-05T16:00:00,1329.82,1364.75,1326.57,1350.07,1708041.174
2022-10-05T20:00:00,1350.06,1357.27,1344.26,1351.61,518869.759
2022-10-06T00:00:00,1351.60,1383.29,1350.82,1372.05,1263975.398
2022-10-06T04:00:00,1372.05,1382.00,1361.26,1367.73,910560.221
2022-10-06T08:00:00,1367.72,1369.93,1354.00,1367.98,885718.007
2022-10-06T12:00:00,1367.98,1380.00,1348.00,1360.71,2407584.295
2022-10-06T16:00:00,1360.71,1372.08,1352.70,1358.17,1045516.015
2022-10-06T20:00:00,1358.18,1363.39,1344.00,1351.50,588243.639
2022-10-07T00:00:00,1351.50,1361.21,1349.58,1354.46,447713.971
2022-10-07T04:00:00,1354.47,1358.47,1345.20,1355.31,556363.723
2022-10-07T08:00:00,1355.31,1360.65,1351.37,1354.09,473549.913
2022-10-07T12:00:00,1354.09,1359.00,1323.68,1333.47,2255497.972
2022-10-07T16:00:00,1333.47,1336.60,1316.22,1327.03,974592.302
2022-10-07T20:00:00,1327.03,1335.96,1324.15,1330.41,411508.449
2022-10-08T00:00:00,1330.42,1337.19,1329.28,1330.57,259217.343
2022-10-08T04:00:00,1330.56,1333.00,1325.08,1329.84,295638.924
2022-10-08T08:00:00,1329.84,1330.09,1322.74,1329.12,269947.502
2022-10-08T12:00:00,1329.13,1329.67,1317.18,1323.78,391423.731
2022-10-08T16:00:00,1323.77,1329.95,1321.50,1324.01,314277.145
2022-10-08T20:00:00,1324.01,1326.36,1302.00,1314.74,652483.426
2022-10-09T00:00:00,1314.75,1316.00,1306.41,1310.23,324422.892
2022-10-09T04:00:00,1310.23,1317.48,1307.91,1314.21,287806.895
2022-10-09T08:00:00,1314.22,1327.61,1312.60,1322.34,496883.565
2022-10-09T12:00:00,1322.33,1328.72,1320.17,1325.67,390284.050
2022-10-09T16:00:00,1325.67,1327.00,1308.60,1319.14,434034.909
2022-10-09T20:00:00,1319.13,1323.21,1313.37,1322.61,369776.268
2022-10-10T00:00:00,1322.60,1337.93,1319.76,1322.63,660730.843
2022-10-10T04:00:00,1322.63,1324.99,1311.25,1316.21,488435.146
2022-10-10T08:00:00,1316.23,1317.36,1295.10,1314.08,1139077.725
2022-10-10T12:00:00,1314.09,1319.19,1302.74,1307.82,1070739.411
2022-10-10T16:00:00,1307.82,1314.78,1298.00,1307.06,940272.660
2022-10-10T20:00:00,1307.05,1309.73,1284.38,1289.56,668948.176
2022-10-11T00:00:00,1289.57,1289.58,1265.00,1277.65,1115669.137
2022-10-11T04:00:00,1277.65,1283.77,1271.20,1283.26,599689.041
2022-10-11T08:00:00,1283.25,1288.45,1277.17,1286.33,583631.067
2022-10-11T12:00:00,1286.34,1297.43,1267.74,1292.81,1747374.294
2022-10-11T16:00:00,1292.82,1297.70,1275.00,1281.96,1047398.043
2022-10-11T20:00:00,1281.95,1286.88,1272.25,1279.68,420821.467
2022-10-12T00:00:00,1279.67,1288.60,1274.35,1283.11,528203.895
2022-10-12T04:00:00,1283.11,1301.28,1282.51,1293.59,748500.478
2022-10-12T08:00:00,1293.58,1306.60,1292.01,1296.97,749219.334
2022-10-12T12:00:00,1296.97,1305.50,1283.06,1298.69,1403094.737
2022-10-12T16:00:00,1298.69,1300.92,1286.70,1296.46,678485.477
2022-10-12T20:00:00,1296.45,1302.47,1291.98,1294.02,297665.350
2022-10-13T00:00:00,1294.02,1298.72,1281.55,1286.01,572895.343
2022-10-13T04:00:00,1286.01,1289.00,1271.00,1276.75,835782.581
2022-10-13T08:00:00,1276.72,1280.26,1218.00,1242.27,2237008.255
2022-10-13T12:00:00,1242.26,1284.00,1176.00,1256.22,4209979.781
2022-10-13T16:00:00,1256.22,1294.49,1250.34,1286.37,2000936.377
2022-10-13T20:00:00,1286.36,1301.00,1285.00,1286.38,666962.300
2022-10-14T00:00:00,1286.38,1343.36,1282.74,1329.28,1624516.560
2022-10-14T04:00:00,1329.28,1331.74,1315.63,1321.18,756440.407
2022-10-14T08:00:00,1321.19,1336.93,1316.22,1325.56,902901.883
2022-10-14T12:00:00,1325.57,1343.00,1304.06,1309.77,2162949.497
2022-10-14T16:00:00,1309.77,1312.76,1292.95,1298.03,1269448.243
2022-10-14T20:00:00,1298.03,1303.70,1287.01,1295.35,455443.096
2022-10-15T00:00:00,1295.34,1301.32,1292.64,1299.57,321960.810
2022-10-15T04:00:00,1299.57,1300.48,1289.74,1294.27,376802.759
2022-10-15T08:00:00,1294.26,1294.40,1276.02,1286.91,818062.130
2022-10-15T12:00:00,1286.92,1291.40,1278.06,1285.39,536049.948
2022-10-15T16:00:00,1285.40,1289.58,1277.80,1281.93,350673.264
2022-10-15T20:00:00,1281.93,1283.29,1262.12,1274.13,646273.199
2022-10-16T00:00:00,1274.12,1287.00,1273.98,1283.00,379922.843
2022-10-16T04:00:00,1283.00,1288.78,1280.36,1282.50,333416.606
2022-10-16T08:00:00,1282.50,1289.90,1278.20,1283.55,467787.181
2022-10-16T12:00:00,1283.55,1287.48,1278.24,1285.50,417451.251
2022-10-16T16:00:00,1285.51,1309.52,1280.85,1307.32,622155.132
2022-10-16T20:00:00,1307.32,1315.00,1290.06,1305.51,1062119.843
2022-10-17T00:00:00,1305.52,1307.85,1295.00,1301.11,543520.145
2022-10-17T04:00:00,1301.10,1314.00,1298.03,1311.47,625811.989
2022-10-17T08:00:00,1311.48,1325.45,1306.66,1317.03,975562.113
2022-10-17T12:00:00,1317.03,1337.48,1312.89,1328.53,1554072.623
2022-10-17T16:00:00,1328.53,1330.74,1314.02,1325.03,803745.462
2022-10-17T20:00:00,1325.04,1338.16,1323.22,1330.62,651994.558
2022-10-18T00:00:00,1330.62,1342.00,1326.71,1332.77,730760.847
2022-10-18T04:00:00,1332.77,1340.00,1329.58,1336.20,684869.521
2022-10-18T08:00:00,1336.21,1336.96,1317.47,1325.04,897117.491
2022-10-18T12:00:00,1325.03,1333.98,1297.70,1306.79,1998526.789
2022-10-18T16:00:00,1306.78,1311.77,1285.11,1300.18,1295866.532
2022-10-18T20:00:00,1300.18,1320.00,1298.04,1309.93,899129.211
2022-10-19T00:00:00,1309.93,1312.78,1297.00,1304.44,511725.992
2022-10-19T04:00:00,1304.43,1305.89,1292.00,1299.11,635069.675
2022-10-19T08:00:00,1299.10,1307.43,1293.15,1299.92,722610.183
2022-10-19T12:00:00,1299.93,1308.39,1288.78,1304.06,1205911.502
2022-10-19T16:00:00,1304.07,1305.00,1291.61,1296.39,609871.264
2022-10-19T20:00:00,1296.38,1298.50,1275.56,1284.45,704050.220
2022-10-20T00:00:00,1284.45,1287.76,1270.00,1279.53,718646.511
2022-10-20T04:00:00,1279.53,1295.47,1279.23,1291.83,687525.646
2022-10-20T08:00:00,1291.84,1302.25,1288.67,1299.01,683398.701
2022-10-20T12:00:00,1299.02,1310.00,1290.09,1299.04,1379190.588
2022-10-20T16:00:00,1299.03,1299.11,1277.00,1284.04,1238492.597
2022-10-20T20:00:00,1284.03,1287.50,1270.88,1282.20,587708.943
2022-10-21T00:00:00,1282.19,1291.94,1278.11,1286.96,526700.455
2022-10-21T04:00:00,1286.96,1290.57,1282.00,1284.16,437202.639
2022-10-21T08:00:00,1284.16,1284.77,1272.00,1274.92,804434.447
2022-10-21T12:00:00,1274.93,1297.50,1248.00,1296.99,2777288.025
2022-10-21T16:00:00,1297.00,1305.60,1293.52,1302.84,1171516.667
2022-10-21T20:00:00,1302.84,1307.00,1296.60,1299.08,313055.819
2022-10-22T00:00:00,1299.08,1304.20,1293.67,1298.26,301444.632
2022-10-22T04:00:00,1298.26,1300.29,1294.00,1299.03,229935.540
2022-10-22T08:00:00,1299.04,1307.74,1298.86,1305.12,401018.860
2022-10-22T12:00:00,1305.13,1318.33,1302.23,1315.58,839824.398
2022-10-22T16:00:00,1315.58,1320.00,1305.80,1313.57,480905.171
2022-10-22T20:00:00,1313.58,1317.50,1311.31,1313.19,233510.161
2022-10-23T00:00:00,1313.18,1314.38,1306.11,1312.75,273513.803
2022-10-23T04:00:00,1312.74,1314.33,1306.14,1308.87,239316.104
2022-10-23T08:00:00,1308.87,1311.50,1298.45,1303.59,388727.109
2022-10-23T12:00:00,1303.59,1316.46,1298.22,1313.23,540096.160
2022-10-23T16:00:00,1313.23,1335.00,1310.61,1330.17,912682.302
2022-10-23T20:00:00,1330.17,1371.00,1328.10,1363.44,1328386.821
2022-10-24T00:00:00,1363.43,1370.40,1343.37,1347.54,902918.031
2022-10-24T04:00:00,1347.55,1347.73,1331.79,1336.24,890136.321
2022-10-24T08:00:00,1336.24,1353.98,1331.63,1352.49,849874.120
2022-10-24T12:00:00,1352.50,1353.28,1322.25,1340.84,1676814.244
2022-10-24T16:00:00,1340.83,1352.82,1330.01,1344.10,672141.032
2022-10-24T20:00:00,1344.09,1359.60,1340.09,1342.72,510391.258
2022-10-25T00:00:00,1342.73,1348.99,1334.16,1347.06,504654.843
2022-10-25T04:00:00,1347.06,1351.41,1343.00,1346.49,451157.329
2022-10-25T08:00:00,1346.50,1349.61,1338.33,1346.67,530903.705
2022-10-25T12:00:00,1346.68,1418.00,1345.61,1407.52,3692175.328
2022-10-25T16:00:00,1407.53,1533.68,1403.71,1492.97,4511461.422
2022-10-25T20:00:00,1492.98,1494.80,1444.56,1459.20,1783232.550
2022-10-26T00:00:00,1459.19,1499.00,1456.69,1486.00,1047930.912
2022-10-26T04:00:00,1486.00,1522.20,1475.00,1514.77,1351844.778
2022-10-26T08:00:00,1514.72,1558.00,1508.00,1528.13,2078838.861
2022-10-26T12:00:00,1528.13,1595.00,1508.19,1566.95,3556960.157
2022-10-26T16:00:00,1566.95,1571.85,1540.28,1563.96,1545522.671
2022-10-26T20:00:00,1563.93,1584.98,1542.00,1565.45,1236229.511
2022-10-27T00:00:00,1565.45,1577.50,1522.76,1554.59,1044415.093
2022-10-27T04:00:00,1554.58,1571.85,1548.68,1556.19,642156.328
2022-10-27T08:00:00,1556.19,1559.49,1532.02,1550.42,1041706.808
2022-10-27T12:00:00,1550.42,1588.00,1533.00,1543.69,2594444.402
2022-10-27T16:00:00,1543.68,1565.32,1538.05,1561.69,743902.018
2022-10-27T20:00:00,1561.69,1562.89,1500.46,1513.70,1954924.693
2022-10-28T00:00:00,1513.70,1524.80,1496.00,1507.24,1133605.557
2022-10-28T04:00:00,1507.24,1520.00,1487.02,1493.22,964582.820
2022-10-28T08:00:00,1493.23,1509.69,1484.00,1497.36,986647.836
2022-10-28T12:00:00,1497.36,1549.96,1475.00,1537.24,2504988.587
2022-10-28T16:00:00,1537.23,1573.00,1532.21,1556.87,1315985.043
2022-10-28T20:00:00,1556.87,1574.80,1551.29,1553.79,524815.500
2022-10-29T00:00:00,1553.80,1595.00,1546.71,1588.84,942224.293
2022-10-29T04:00:00,1588.84,1609.55,1573.52,1594.38,938196.033
2022-10-29T08:00:00,1594.39,1654.86,1589.78,1614.44,2179265.656
2022-10-29T12:00:00,1614.43,1643.86,1607.66,1631.83,1425477.275
2022-10-29T16:00:00,1631.83,1665.00,1616.69,1622.81,1446097.776
2022-10-29T20:00:00,1622.81,1631.73,1602.00,1618.82,522781.441
2022-10-30T00:00:00,1618.82,1624.20,1605.50,1621.80,386847.499
2022-10-30T04:00:00,1621.79,1639.87,1617.69,1628.18,556540.829
2022-10-30T08:00:00,1628.18,1629.48,1590.61,1604.37,997184.292
2022-10-30T12:00:00,1604.38,1607.08,1574.60,1586.61,923469.503
2022-10-30T16:00:00,1586.60,1596.94,1575.75,1586.66,636303.280
2022-10-30T20:00:00,1586.66,1598.19,1576.08,1589.89,455105.462
2022-10-31T00:00:00,1589.88,1596.36,1561.00,1581.93,915179.778
2022-10-31T04:00:00,1581.93,1596.00,1578.01,1590.63,529491.812
2022-10-31T08:00:00,1590.64,1634.93,1577.23,1620.85,1457763.141
2022-10-31T12:00:00,1620.85,1625.31,1543.72,1568.59,2578331.330
2022-10-31T16:00:00,1568.58,1583.91,1554.76,1563.06,1083537.738
2022-10-31T20:00:00,1563.07,1577.52,1549.05,1572.01,549450.031
2022-11-01T00:00:00,1572.00,1604.50,1568.00,1585.84,765635.050
2022-11-01T04:00:00,1585.84,1602.57,1578.95,1590.54,647127.961
2022-11-01T08:00:00,1590.54,1613.00,1581.05,1589.54,987754.055
2022-11-01T12:00:00,1589.54,1597.82,1562.70,1573.48,1206164.899
2022-11-01T16:00:00,1573.48,1586.23,1566.95,1575.91,581642.134
2022-11-01T20:00:00,1575.92,1582.67,1568.00,1577.88,306908.786
2022-11-02T00:00:00,1577.88,1595.30,1571.41,1590.01,568640.393
2022-11-02T04:00:00,1590.01,1600.00,1552.00,1563.74,907715.379
2022-11-02T08:00:00,1563.74,1578.20,1531.69,1554.99,1119664.913
2022-11-02T12:00:00,1554.99,1567.00,1544.44,1557.65,739276.285
2022-11-02T16:00:00,1557.66,1622.50,1520.67,1535.24,4376372.739
2022-11-02T20:00:00,1535.23,1536.87,1501.00,1517.26,1245283.856
2022-11-03T00:00:00,1517.26,1556.40,1514.07,1546.49,876395.754
2022-11-03T04:00:00,1546.50,1558.14,1541.03,1543.40,563094.312
2022-11-03T08:00:00,1543.40,1556.23,1522.02,1531.25,891984.569
2022-11-03T12:00:00,1531.25,1556.07,1521.03,1541.90,1507940.556
2022-11-03T16:00:00,1541.90,1548.87,1537.29,1543.45,472164.888
2022-11-03T20:00:00,1543.45,1543.95,1521.78,1530.27,509412.727
2022-11-04T00:00:00,1530.27,1549.26,1527.78,1548.32,490202.806
2022-11-04T04:00:00,1548.33,1588.00,1545.45,1586.68,1087040.314
2022-11-04T08:00:00,1586.68,1600.00,1574.59,1576.37,867738.849
2022-11-04T12:00:00,1576.38,1679.40,1553.00,1624.74,4089113.487
2022-11-04T16:00:00,1624.74,1647.75,1606.00,1647.39,1745480.090
2022-11-04T20:00:00,1647.39,1653.61,1639.00,1644.09,493737.257
2022-11-05T00:00:00,1644.08,1666.80,1634.50,1646.00,714426.848
2022-11-05T04:00:00,1645.99,1659.00,1642.52,1650.82,347287.158
2022-11-05T08:00:00,1650.82,1651.38,1635.52,1648.90,572313.245
2022-11-05T12:00:00,1648.89,1649.93,1622.78,1635.26,723107.582
2022-11-05T16:00:00,1635.26,1642.33,1623.71,1632.84,388498.776
2022-11-05T20:00:00,1632.84,1634.72,1620.10,1626.11,261918.586
2022-11-06T00:00:00,1626.11,1633.18,1611.33,1620.54,540929.301
2022-11-06T04:00:00,1620.55,1623.25,1613.22,1621.89,261622.825
2022-11-06T08:00:00,1621.89,1638.50,1606.90,1619.69,637321.399
2022-11-06T12:00:00,1619.70,1634.38,1614.69,1622.61,461790.619
2022-11-06T16:00:00,1622.62,1625.26,1601.69,1609.55,816071.007
2022-11-06T20:00:00,1609.55,1612.70,1561.32,1567.42,1093230.315
2022-11-07T00:00:00,1567.42,1594.70,1563.00,1586.80,999556.064
2022-11-07T04:00:00,1586.81,1594.49,1545.00,1548.94,1103399.579
2022-11-07T08:00:00,1548.94,1583.70,1545.00,1579.43,1040098.063
2022-11-07T12:00:00,1579.44,1593.00,1566.34,1591.48,1180904.684
2022-11-07T16:00:00,1591.48,1608.00,1576.33,1599.90,856235.388
2022-11-07T20:00:00,1599.90,1606.72,1544.94,1567.52,1131233.481
2022-11-08T00:00:00,1567.52,1576.34,1501.77,1506.37,1602771.512
2022-11-08T04:00:00,1506.37,1513.73,1430.00,1491.01,3326678.602
2022-11-08T08:00:00,1491.02,1493.44,1467.07,1476.24,992101.067
2022-11-08T12:00:00,1476.23,1486.80,1422.53,1461.64,2557126.780
2022-11-08T16:00:00,1461.63,1580.54,1195.22,1312.77,9154170.381
2022-11-08T20:00:00,1312.76,1343.69,1278.00,1333.40,2860132.531
2022-11-09T00:00:00,1333.40,1336.47,1282.03,1311.66,1798194.932
2022-11-09T04:00:00,1311.66,1318.20,1265.10,1273.11,1604560.704
2022-11-09T08:00:00,1273.11,1275.68,1132.73,1218.77,5933531.459
2022-11-09T12:00:00,1218.90,1247.46,1144.00,1161.50,5140506.561
2022-11-09T16:00:00,1161.46,1205.76,1141.00,1194.30,4245356.886
2022-11-09T20:00:00,1194.29,1199.00,1071.14,1101.49,4557739.496
2022-11-10T00:00:00,1101.53,1185.99,1083.77,1172.50,2515611.072
2022-11-10T04:00:00,1172.51,1205.91,1157.62,1189.50,1854910.341
2022-11-10T08:00:00,1189.50,1220.00,1173.76,1186.58,2128716.259
2022-11-10T12:00:00,1186.58,1346.00,1185.19,1321.24,4536059.442
2022-11-10T16:00:00,1321.24,1350.00,1243.39,1291.09,2742709.422
2022-11-10T20:00:00,1291.08,1344.00,1282.82,1298.21,1550686.449
2022-11-11T00:00:00,1298.30,1309.01,1219.01,1238.28,1900959.784
2022-11-11T04:00:00,1238.24,1290.05,1225.83,1277.85,1628484.412
2022-11-11T08:00:00,1277.84,1295.00,1262.34,1274.99,1358845.830
2022-11-11T12:00:00,1275.00,1309.88,1199.57,1259.50,4094475.884
2022-11-11T16:00:00,1259.51,1287.60,1232.22,1273.59,1740015.347
2022-11-11T20:00:00,1273.60,1295.00,1235.75,1288.64,1007959.765
2022-11-12T00:00:00,1288.67,1291.69,1252.50,1258.71,757734.966
2022-11-12T04:00:00,1258.71,1277.00,1238.00,1265.96,1165097.393
2022-11-12T08:00:00,1265.96,1275.00,1248.81,1259.97,889127.562
2022-11-12T12:00:00,1259.97,1287.00,1252.02,1274.28,868062.012
2022-11-12T16:00:00,1274.28,1278.43,1262.00,1267.81,472349.986
2022-11-12T20:00:00,1267.81,1268.33,1246.41,1256.82,430095.451
2022-11-13T00:00:00,1256.85,1273.78,1252.89,1271.39,408159.757
2022-11-13T04:00:00,1271.38,1273.91,1225.69,1250.38,870406.820
2022-11-13T08:00:00,1250.39,1252.89,1212.49,1239.68,1231148.322
2022-11-13T12:00:00,1239.68,1248.24,1223.00,1230.97,721130.758
2022-11-13T16:00:00,1230.98,1237.09,1215.00,1228.34,662828.637
2022-11-13T20:00:00,1228.34,1237.80,1200.00,1220.78,845801.009
2022-11-14T00:00:00,1220.78,1230.86,1170.50,1192.41,1548266.590
2022-11-14T04:00:00,1192.41,1263.00,1174.53,1259.67,2096023.771
2022-11-14T08:00:00,1259.68,1275.90,1251.00,1251.53,1238009.838
2022-11-14T12:00:00,1251.53,1290.00,1232.33,1244.44,2345564.412
2022-11-14T16:00:00,1244.43,1249.41,1208.00,1215.60,1319880.500
2022-11-14T20:00:00,1215.61,1250.00,1209.06,1242.89,931511.315
2022-11-15T00:00:00,1242.90,1266.23,1235.37,1256.01,796244.540
2022-11-15T04:00:00,1256.00,1273.46,1246.29,1265.51,770908.411
2022-11-15T08:00:00,1265.50,1278.88,1253.67,1259.74,1108275.825
2022-11-15T12:00:00,1259.74,1292.00,1256.86,1263.46,1533611.541
2022-11-15T16:00:00,1263.46,1273.89,1232.52,1256.11,1344182.693
2022-11-15T20:00:00,1256.11,1264.75,1241.00,1252.81,604130.568
2022-11-16T00:00:00,1252.80,1268.20,1247.02,1264.14,562097.319
2022-11-16T04:00:00,1264.14,1264.57,1242.51,1244.92,667466.802
2022-11-16T08:00:00,1244.91,1253.95,1213.00,1221.76,1322600.595
2022-11-16T12:00:00,1221.76,1234.00,1185.59,1191.70,2136889.583
2022-11-16T16:00:00,1191.75,1222.91,1186.26,1208.01,1129756.900
2022-11-16T20:00:00,1208.00,1221.34,1200.00,1215.78,592118.066
2022-11-17T00:00:00,1215.72,1228.92,1201.31,1203.76,733755.602
2022-11-17T04:00:00,1203.76,1215.09,1192.00,1204.48,965555.139
2022-11-17T08:00:00,1204.49,1207.82,1181.00,1203.34,923979.617
2022-11-17T12:00:00,1203.35,1218.00,1183.00,1191.92,1674906.797
2022-11-17T16:00:00,1191.91,1216.87,1188.00,1201.89,1024355.063
2022-11-17T20:00:00,1201.89,1209.83,1194.91,1199.70,497174.007
2022-11-18T00:00:00,1199.70,1235.00,1198.48,1219.26,919923.945
2022-11-18T04:00:00,1219.27,1223.78,1212.00,1213.72,473478.291
2022-11-18T08:00:00,1213.72,1224.95,1202.34,1216.51,698117.159
2022-11-18T12:00:00,1216.50,1229.22,1206.00,1210.56,796431.745
2022-11-18T16:00:00,1210.57,1213.90,1199.58,1209.22,614339.839
2022-11-18T20:00:00,1209.21,1214.61,1205.24,1212.04,342227.736
2022-11-19T00:00:00,1212.05,1212.87,1200.23,1208.05,304357.136
2022-11-19T04:00:00,1208.04,1209.09,1196.00,1206.09,447349.664
2022-11-19T08:00:00,1206.10,1212.00,1203.33,1210.99,301170.242
2022-11-19T12:00:00,1211.00,1211.70,1205.05,1209.18,261801.124
2022-11-19T16:00:00,1209.17,1211.40,1206.40,1208.01,235777.436
2022-11-19T20:00:00,1208.01,1233.66,1208.01,1216.91,599791.126
2022-11-20T00:00:00,1216.90,1226.50,1214.44,1218.42,359534.880
2022-11-20T04:00:00,1218.41,1222.81,1216.88,1219.67,228178.369
2022-11-20T08:00:00,1219.69,1220.00,1156.50,1166.78,1576168.575
2022-11-20T12:00:00,1166.78,1180.00,1151.50,1176.58,1141387.188
2022-11-20T16:00:00,1176.58,1191.00,1168.44,1184.50,535411.140
2022-11-20T20:00:00,1184.50,1185.97,1131.60,1141.57,1360015.721
2022-11-21T00:00:00,1141.53,1143.64,1110.08,1124.56,1617801.842
2022-11-21T04:00:00,1124.56,1139.75,1115.96,1123.13,1088271.868
2022-11-21T08:00:00,1123.13,1131.30,1104.80,1124.33,1372967.778
2022-11-21T12:00:00,1124.32,1147.03,1114.20,1129.80,1385589.443
2022-11-21T16:00:00,1129.81,1132.82,1077.32,1090.49,2601395.060
2022-11-21T20:00:00,1090.48,1123.00,1081.00,1106.95,1672538.679
2022-11-22T00:00:00,1106.94,1117.11,1096.27,1104.06,830015.413
2022-11-22T04:00:00,1104.06,1106.99,1078.00,1092.90,1091171.358
2022-11-22T08:00:00,1092.89,1094.78,1071.52,1084.89,1235932.370
2022-11-22T12:00:00,1084.89,1142.96,1078.00,1134.78,2660308.032
2022-11-22T16:00:00,1134.78,1140.78,1114.05,1126.98,1088148.344
2022-11-22T20:00:00,1126.98,1142.23,1122.15,1139.11,604024.103
2022-11-23T00:00:00,1139.11,1170.00,1127.01,1170.00,1510003.875
2022-11-23T04:00:00,1169.99,1171.00,1156.63,1165.96,668351.750
2022-11-23T08:00:00,1165.95,1183.00,1159.63,1174.18,1078719.353
2022-11-23T12:00:00,1174.19,1177.76,1153.00,1160.60,1234335.922
2022-11-23T16:00:00,1160.68,1189.96,1150.00,1168.31,1411494.174
2022-11-23T20:00:00,1168.32,1190.00,1161.40,1183.83,739752.819
2022-11-24T00:00:00,1183.84,1210.00,1179.72,1201.03,1242239.989
2022-11-24T04:00:00,1201.03,1216.71,1198.02,1205.63,882437.093
2022-11-24T08:00:00,1205.64,1207.59,1190.83,1195.33,947391.249
2022-11-24T12:00:00,1195.33,1203.86,1185.35,1194.67,848445.709
2022-11-24T16:00:00,1194.67,1208.00,1192.02,1202.42,837256.104
2022-11-24T20:00:00,1202.42,1205.86,1193.00,1202.92,430245.234
2022-11-25T00:00:00,1202.93,1204.27,1177.80,1185.71,630314.927
2022-11-25T04:00:00,1185.72,1187.49,1170.99,1184.21,819503.535
2022-11-25T08:00:00,1184.22,1199.00,1175.01,1192.77,895808.342
2022-11-25T12:00:00,1192.77,1199.90,1178.85,1189.18,892096.699
2022-11-25T16:00:00,1189.19,1199.00,1182.02,1196.63,550249.756
2022-11-25T20:00:00,1196.63,1209.27,1195.01,1198.55,480337.229
2022-11-26T00:00:00,1198.55,1229.00,1196.00,1215.17,956853.597
2022-11-26T04:00:00,1215.17,1225.00,1211.24,1218.19,555355.072
2022-11-26T08:00:00,1218.19,1227.59,1214.27,1221.10,524160.382
2022-11-26T12:00:00,1221.10,1238.00,1205.01,1210.28,985900.019
2022-11-26T16:00:00,1210.28,1214.80,1200.93,1206.80,490647.284
2022-11-26T20:00:00,1206.81,1212.39,1195.08,1204.84,368514.147
2022-11-27T00:00:00,1205.00,1219.00,1203.56,1215.36,424140.947
2022-11-27T04:00:00,1215.37,1222.91,1214.30,1216.46,482999.394
2022-11-27T08:00:00,1216.44,1221.00,1209.00,1214.87,605655.894
2022-11-27T12:00:00,1214.86,1219.30,1206.01,1217.54,436625.153
2022-11-27T16:00:00,1217.54,1220.79,1210.30,1212.60,362057.139
2022-11-27T20:00:00,1212.61,1218.18,1186.58,1193.26,678909.225
2022-11-28T00:00:00,1193.25,1198.80,1156.52,1172.05,1578993.633
2022-11-28T04:00:00,1172.05,1178.38,1165.69,1173.53,591588.498
2022-11-28T08:00:00,1173.53,1176.00,1162.50,1169.55,576938.375
2022-11-28T12:00:00,1169.55,1183.00,1153.50,1163.10,1133647.452
2022-11-28T16:00:00,1163.09,1185.00,1150.25,1171.00,1379711.388
2022-11-28T20:00:00,1171.00,1174.94,1166.02,1167.21,320314.228
2022-11-29T00:00:00,1167.20,1190.00,1156.06,1184.32,819968.950
2022-11-29T04:00:00,1184.33,1214.80,1183.62,1206.66,1413317.316
2022-11-29T08:00:00,1206.66,1223.80,1204.72,1216.81,1084010.370
2022-11-29T12:00:00,1216.81,1218.45,1201.61,1208.24,1136021.840
2022-11-29T16:00:00,1208.24,1221.85,1202.07,1215.21,778603.072
2022-11-29T20:00:00,1215.21,1228.75,1214.43,1215.74,684505.073
2022-11-30T00:00:00,1215.75,1283.00,1211.53,1264.56,1914453.663
2022-11-30T04:00:00,1264.56,1275.00,1264.56,1272.06,507874.694
2022-11-30T08:00:00,1272.07,1276.93,1260.45,1266.32,532295.565
2022-11-30T12:00:00,1266.32,1275.30,1253.37,1266.81,985124.651
2022-11-30T16:00:00,1266.81,1299.48,1257.64,1286.42,2039310.140
2022-11-30T20:00:00,1286.43,1312.99,1284.11,1294.02,1008436.663
2022-12-01T00:00:00,1294.09,1295.38,1280.46,1287.55,692316.152
2022-12-01T04:00:00,1287.55,1288.98,1275.00,1278.20,514880.968
2022-12-01T08:00:00,1278.19,1285.95,1276.57,1282.63,540153.911
2022-12-01T12:00:00,1282.64,1300.51,1262.00,1271.15,1960539.613
2022-12-01T16:00:00,1271.15,1278.41,1265.00,1275.30,604502.815
2022-12-01T20:00:00,1275.31,1283.99,1266.18,1275.70,430190.689
2022-12-02T00:00:00,1275.70,1284.66,1264.43,1271.06,656542.017
2022-12-02T04:00:00,1271.05,1277.87,1267.31,1275.11,389083.236
2022-12-02T08:00:00,1275.11,1294.00,1272.81,1288.24,671347.137
2022-12-02T12:00:00,1288.25,1297.24,1266.00,1278.37,1559508.881
2022-12-02T16:00:00,1278.38,1288.06,1273.37,1286.85,464622.016
2022-12-02T20:00:00,1286.84,1296.50,1285.83,1295.00,500120.257
2022-12-03T00:00:00,1294.99,1312.00,1281.33,1285.07,570758.792
2022-12-03T04:00:00,1285.07,1289.50,1272.30,1275.29,546623.976
2022-12-03T08:00:00,1275.30,1276.43,1258.50,1268.86,801125.607
2022-12-03T12:00:00,1268.86,1274.82,1265.64,1270.49,462441.995
2022-12-03T16:00:00,1270.50,1270.96,1261.47,1265.40,422753.151
2022-12-03T20:00:00,1265.40,1266.15,1235.17,1239.76,929581.202
2022-12-04T00:00:00,1239.76,1263.43,1239.13,1256.48,680518.850
2022-12-04T04:00:00,1256.47,1267.20,1252.93,1256.26,470701.842
2022-12-04T08:00:00,1256.26,1263.99,1251.00,1254.60,483819.859
2022-12-04T12:00:00,1254.60,1262.39,1248.62,1259.44,551734.528
2022-12-04T16:00:00,1259.44,1283.00,1255.94,1278.00,1145380.895
2022-12-04T20:00:00,1278.01,1287.99,1271.40,1278.82,541083.985
2022-12-05T00:00:00,1278.82,1297.77,1276.10,1290.34,891157.126
2022-12-05T04:00:00,1290.33,1304.47,1289.08,1296.61,763869.495
2022-12-05T08:00:00,1296.62,1304.98,1291.00,1294.45,691867.911
2022-12-05T12:00:00,1294.49,1294.62,1258.00,1265.65,1353133.993
2022-12-05T16:00:00,1265.65,1269.79,1246.00,1252.98,1285331.079
2022-12-05T20:00:00,1252.97,1260.51,1251.04,1258.66,416101.506
2022-12-06T00:00:00,1258.67,1269.60,1258.64,1261.02,465935.061
2022-12-06T04:00:00,1261.02,1262.66,1253.58,1259.63,386224.776
2022-12-06T08:00:00,1259.63,1264.78,1240.55,1255.61,867730.992
2022-12-06T12:00:00,1255.61,1261.74,1244.16,1253.79,940722.516
2022-12-06T16:00:00,1253.80,1258.76,1241.02,1249.58,733681.067
2022-12-06T20:00:00,1249.57,1274.42,1247.00,1270.72,700339.989
2022-12-07T00:00:00,1270.72,1278.30,1258.00,1261.58,580970.752
2022-12-07T04:00:00,1261.58,1264.38,1217.56,1223.73,1299772.837
2022-12-07T08:00:00,1223.72,1230.33,1217.02,1224.15,747330.540
2022-12-07T12:00:00,1224.14,1239.50,1220.00,1233.19,1028655.837
2022-12-07T16:00:00,1233.20,1237.19,1226.16,1231.42,536394.922
2022-12-07T20:00:00,1231.44,1234.49,1220.54,1230.83,405328.618
2022-12-08T00:00:00,1230.78,1238.91,1221.00,1231.30,630940.805
2022-12-08T04:00:00,1231.30,1235.57,1224.00,1232.07,466047.116
2022-12-08T08:00:00,1232.08,1247.33,1227.36,1239.80,684721.024
2022-12-08T12:00:00,1239.80,1254.00,1235.15,1249.08,1239109.096
2022-12-08T16:00:00,1249.08,1294.31,1247.97,1283.68,1769932.057
2022-12-08T20:00:00,1283.68,1286.49,1275.27,1279.73,612464.148
2022-12-09T00:00:00,1279.72,1290.00,1272.29,1283.46,620082.341
2022-12-09T04:00:00,1283.46,1285.52,1276.75,1281.70,375728.083
2022-12-09T08:00:00,1281.70,1293.78,1278.31,1287.32,659687.326
2022-12-09T12:00:00,1287.31,1297.63,1259.39,1277.09,1650367.848
2022-12-09T16:00:00,1277.09,1277.70,1262.55,1268.42,552116.856
2022-12-09T20:00:00,1268.43,1268.61,1254.00,1262.31,552583.385
2022-12-10T00:00:00,1262.31,1268.19,1260.88,1264.77,308248.722
2022-12-10T04:00:00,1264.77,1266.30,1261.70,1263.89,200694.532
2022-12-10T08:00:00,1263.88,1267.42,1258.58,1265.69,284694.932
2022-12-10T12:00:00,1265.70,1279.00,1262.68,1277.56,631554.764
2022-12-10T16:00:00,1277.57,1283.92,1265.52,1271.48,479989.333
2022-12-10T20:00:00,1271.47,1273.21,1261.08,1265.88,314257.824
2022-12-11T00:00:00,1265.87,1272.77,1264.60,1271.91,238103.124
2022-12-11T04:00:00,1271.90,1278.00,1271.60,1275.77,317019.981
2022-12-11T08:00:00,1275.77,1276.76,1269.98,1272.92,239229.073
2022-12-11T12:00:00,1272.93,1275.52,1268.15,1272.99,323976.918
2022-12-11T16:00:00,1272.98,1284.90,1270.26,1273.79,540309.758
2022-12-11T20:00:00,1273.80,1273.95,1255.00,1262.43,768667.075
2022-12-12T00:00:00,1262.43,1262.60,1240.01,1243.11,1052566.513
2022-12-12T04:00:00,1243.10,1247.55,1238.50,1245.79,377699.170
2022-12-12T08:00:00,1245.79,1256.77,1241.17,1253.74,527226.198
2022-12-12T12:00:00,1253.74,1255.83,1242.74,1248.51,817389.363
2022-12-12T16:00:00,1248.52,1255.85,1247.79,1253.87,346865.655
2022-12-12T20:00:00,1253.87,1278.83,1253.30,1274.88,979367.575
2022-12-13T00:00:00,1274.89,1278.00,1265.21,1269.20,464612.231
2022-12-13T04:00:00,1269.20,1274.33,1254.32,1265.71,874952.694
2022-12-13T08:00:00,1265.71,1289.97,1263.17,1286.24,1294894.103
2022-12-13T12:00:00,1286.24,1350.00,1285.77,1324.00,3233175.883
2022-12-13T16:00:00,1324.00,1328.88,1305.06,1316.79,1083514.894
2022-12-13T20:00:00,1316.79,1324.49,1312.08,1321.06,426384.534
2022-12-14T00:00:00,1321.05,1327.69,1317.30,1320.06,452744.186
2022-12-14T04:00:00,1320.05,1325.84,1316.00,1323.12,322161.050
2022-12-14T08:00:00,1323.13,1330.00,1319.43,1327.00,468724.023
2022-12-14T12:00:00,1327.01,1345.00,1325.09,1338.30,1235613.319
2022-12-14T16:00:00,1338.30,1354.40,1300.17,1307.50,2301055.100
2022-12-14T20:00:00,1307.50,1318.78,1301.00,1307.76,866898.264
2022-12-15T00:00:00,1307.76,1311.86,1280.00,1292.42,924199.653
2022-12-15T04:00:00,1292.42,1293.06,1286.30,1287.09,320214.531
2022-12-15T08:00:00,1287.08,1291.39,1282.53,1290.97,525837.141
2022-12-15T12:00:00,1290.96,1290.96,1261.40,1269.98,1287459.918
2022-12-15T16:00:00,1269.98,1275.80,1263.81,1274.74,595670.254
2022-12-15T20:00:00,1274.73,1275.06,1256.10,1266.26,546078.340
2022-12-16T00:00:00,1266.26,1273.28,1265.27,1271.47,383185.371
2022-12-16T04:00:00,1271.48,1279.76,1266.34,1277.11,398814.036
2022-12-16T08:00:00,1277.11,1278.68,1192.42,1212.10,2183354.104
2022-12-16T12:00:00,1212.10,1218.50,1188.00,1203.11,1316919.711
2022-12-16T16:00:00,1203.10,1204.00,1180.42,1202.00,1246622.239
2022-12-16T20:00:00,1202.00,1211.99,1154.70,1166.20,1689634.728
2022-12-17T00:00:00,1166.19,1178.85,1161.07,1174.49,851060.369
2022-12-17T04:00:00,1174.49,1185.00,1172.58,1183.00,590461.319
2022-12-17T08:00:00,1183.00,1188.66,1172.93,1179.42,588531.013
2022-12-17T12:00:00,1179.41,1182.40,1173.79,1179.45,469555.294
2022-12-17T16:00:00,1179.44,1179.57,1169.97,1176.18,389836.510
2022-12-17T20:00:00,1176.18,1190.00,1174.55,1186.45,447039.855
2022-12-18T00:00:00,1186.44,1188.15,1179.30,1187.00,284247.589
2022-12-18T04:00:00,1187.01,1196.00,1182.29,1185.98,536078.776
2022-12-18T08:00:00,1185.98,1187.74,1171.12,1181.77,568269.492
2022-12-18T12:00:00,1181.77,1183.47,1172.27,1173.41,403901.105
2022-12-18T16:00:00,1173.40,1190.99,1172.95,1182.91,585048.902
2022-12-18T20:00:00,1182.91,1195.26,1179.66,1182.45,499506.347
2022-12-19T00:00:00,1182.45,1194.86,1172.75,1178.58,694893.863
2022-12-19T04:00:00,1178.58,1183.98,1176.74,1179.23,347704.886
2022-12-19T08:00:00,1179.22,1187.96,1178.48,1182.68,415198.375
2022-12-19T12:00:00,1182.68,1189.28,1176.57,1179.02,790820.787
2022-12-19T16:00:00,1179.02,1181.89,1163.69,1170.26,1142481.818
2022-12-19T20:00:00,1170.26,1181.00,1148.00,1167.21,903930.843
2022-12-20T00:00:00,1167.21,1198.87,1162.50,1191.85,1404376.079
2022-12-20T04:00:00,1191.85,1225.00,1190.00,1207.92,1104203.076
2022-12-20T08:00:00,1207.97,1221.84,1205.40,1211.83,647032.575
2022-12-20T12:00:00,1211.82,1232.00,1201.79,1216.44,1427748.863
2022-12-20T16:00:00,1216.44,1218.68,1204.13,1216.20,812522.344
2022-12-20T20:00:00,1216.25,1221.00,1210.69,1216.21,382458.249
2022-12-21T00:00:00,1216.22,1218.55,1205.02,1209.94,476344.213
2022-12-21T04:00:00,1209.94,1213.95,1202.06,1210.19,467570.694
2022-12-21T08:00:00,1210.20,1218.99,1206.63,1216.18,484693.626
2022-12-21T12:00:00,1216.17,1226.00,1205.19,1215.24,833370.625
2022-12-21T16:00:00,1215.24,1215.65,1205.83,1208.12,416568.925
2022-12-21T20:00:00,1208.12,1214.78,1206.39,1213.21,265238.868
2022-12-22T00:00:00,1213.21,1217.98,1211.05,1214.12,251685.080
2022-12-22T04:00:00,1214.12,1214.56,1208.90,1213.55,262402.118
2022-12-22T08:00:00,1213.56,1222.08,1211.60,1216.91,637036.694
2022-12-22T12:00:00,1216.92,1218.28,1183.15,1186.15,1490118.022
2022-12-22T16:00:00,1186.15,1194.65,1182.00,1194.48,669186.936
2022-12-22T20:00:00,1194.47,1239.99,1193.36,1217.39,1090204.288
2022-12-23T00:00:00,1217.38,1229.58,1214.08,1223.42,542045.853
2022-12-23T04:00:00,1223.42,1224.70,1219.05,1221.41,284946.745
2022-12-23T08:00:00,1221.41,1226.00,1214.80,1222.23,507644.760
2022-12-23T12:00:00,1222.22,1234.25,1208.33,1218.46,1433942.624
2022-12-23T16:00:00,1218.45,1220.93,1215.06,1219.50,306642.453
2022-12-23T20:00:00,1219.51,1221.96,1216.36,1219.50,235930.029
2022-12-24T00:00:00,1219.50,1220.80,1214.23,1218.53,192315.058
2022-12-24T04:00:00,1218.53,1220.64,1214.00,1219.90,214926.255
2022-12-24T08:00:00,1219.90,1220.18,1216.00,1218.81,161840.773
2022-12-24T12:00:00,1218.81,1219.00,1216.90,1218.60,131721.677
2022-12-24T16:00:00,1218.60,1229.00,1216.80,1222.88,308133.178
2022-12-24T20:00:00,1222.88,1223.18,1217.16,1219.96,192049.044
2022-12-25T00:00:00,1219.96,1223.92,1218.88,1220.60,144766.583
2022-12-25T04:00:00,1220.61,1220.73,1214.66,1219.15,216928.781
2022-12-25T08:00:00,1219.15,1221.97,1216.59,1217.02,161368.010
2022-12-25T12:00:00,1217.03,1218.58,1187.54,1210.32,861825.659
2022-12-25T16:00:00,1210.32,1212.38,1190.44,1209.03,540716.839
2022-12-25T20:00:00,1209.04,1225.00,1203.27,1217.96,550301.732
2022-12-26T00:00:00,1217.97,1224.00,1216.10,1220.49,297073.152
2022-12-26T04:00:00,1220.49,1222.88,1217.30,1219.91,223939.908
2022-12-26T08:00:00,1219.91,1222.83,1217.37,1219.96,281932.469
2022-12-26T12:00:00,1219.96,1220.39,1210.00,1214.64,388173.634
2022-12-26T16:00:00,1214.64,1220.75,1212.17,1216.98,309392.836
2022-12-26T20:00:00,1216.98,1231.49,1215.00,1227.57,427980.813
2022-12-27T00:00:00,1227.57,1233.97,1220.91,1223.07,504523.367
2022-12-27T04:00:00,1223.07,1224.13,1220.00,1221.52,211052.091
2022-12-27T08:00:00,1221.53,1222.97,1212.43,1218.58,471265.684
2022-12-27T12:00:00,1218.59,1219.02,1202.98,1210.69,970973.874
2022-12-27T16:00:00,1210.69,1212.25,1200.00,1210.65,642993.594
2022-12-27T20:00:00,1210.65,1214.77,1207.97,1211.29,277371.020
2022-12-28T00:00:00,1211.29,1215.42,1184.00,1197.00,882291.200
2022-12-28T04:00:00,1197.01,1199.03,1187.89,1194.08,520015.832
2022-12-28T08:00:00,1194.08,1197.88,1193.00,1195.57,307386.611
2022-12-28T12:00:00,1195.58,1212.77,1185.00,1188.75,1153669.672
2022-12-28T16:00:00,1188.75,1201.30,1187.12,1192.40,588610.630
2022-12-28T20:00:00,1192.39,1194.68,1177.50,1189.93,669076.654
2022-12-29T00:00:00,1189.94,1195.24,1186.24,1194.26,466854.147
2022-12-29T04:00:00,1194.27,1199.44,1191.37,1194.56,328848.044
2022-12-29T08:00:00,1194.56,1203.85,1189.58,1198.40,582032.035
2022-12-29T12:00:00,1198.41,1207.97,1197.36,1200.75,692206.949
2022-12-29T16:00:00,1200.75,1202.86,1193.77,1198.46,454493.100
2022-12-29T20:00:00,1198.46,1204.43,1190.82,1200.35,498422.860
2022-12-30T00:00:00,1200.36,1202.22,1194.53,1197.39,310007.870
2022-12-30T04:00:00,1197.39,1198.00,1183.72,1187.93,569714.417
2022-12-30T08:00:00,1187.92,1194.81,1187.51,1190.50,363881.620
2022-12-30T12:00:00,1190.50,1198.91,1180.00,1194.81,930761.161
2022-12-30T16:00:00,1194.82,1198.26,1192.31,1194.69,338092.209
2022-12-30T20:00:00,1194.70,1203.00,1194.57,1199.66,356533.172
2022-12-31T00:00:00,1199.67,1200.31,1193.51,1194.28,196940.554
2022-12-31T04:00:00,1194.29,1197.50,1190.26,1196.97,176712.373
2022-12-31T08:00:00,1196.98,1200.61,1195.33,1197.00,232020.400
2022-12-31T12:00:00,1197.00,1209.00,1195.51,1202.58,532360.346
2022-12-31T16:00:00,1202.59,1206.00,1198.35,1202.74,259252.105
2022-12-31T20:00:00,1202.74,1203.92,1192.05,1196.10,291102.162
2023-01-01T00:00:00,1196.10,1196.98,1191.36,1194.05,253497.030
2023-01-01T04:00:00,1194.05,1195.84,1190.80,1195.07,191144.124
2023-01-01T08:00:00,1195.07,1197.68,1193.56,1196.40,150200.331
2023-01-01T12:00:00,1196.40,1198.61,1192.99,1196.52,207006.594
2023-01-01T16:00:00,1196.51,1204.67,1195.50,1201.47,380685.704
2023-01-01T20:00:00,1201.47,1204.79,1198.71,1199.96,199229.705
2023-01-02T00:00:00,1199.96,1203.32,1191.50,1201.42,422118.100
2023-01-02T04:00:00,1201.43,1222.00,1199.12,1212.82,748998.740
2023-01-02T08:00:00,1212.83,1225.00,1212.14,1216.72,611497.008
2023-01-02T12:00:00,1216.71,1220.99,1213.30,1218.50,435849.284
2023-01-02T16:00:00,1218.49,1219.39,1215.03,1218.49,206554.306
2023-01-02T20:00:00,1218.50,1225.00,1210.00,1213.23,406773.881
2023-01-03T00:00:00,1213.24,1216.28,1210.64,1215.19,305185.847
2023-01-03T04:00:00,1215.18,1219.50,1212.57,1215.85,277089.842
2023-01-03T08:00:00,1215.86,1218.20,1213.32,1214.39,286669.475
2023-01-03T12:00:00,1214.39,1218.76,1205.00,1211.40,778306.602
2023-01-03T16:00:00,1211.39,1212.40,1203.05,1208.92,462676.193
2023-01-03T20:00:00,1208.93,1217.04,1208.86,1214.23,308267.053
2023-01-04T00:00:00,1214.22,1258.53,1212.16,1250.33,1547949.897
2023-01-04T04:00:00,1250.33,1254.99,1247.08,1251.77,588888.423
2023-01-04T08:00:00,1251.78,1261.05,1248.13,1251.16,525219.552
2023-01-04T12:00:00,1251.17,1259.02,1238.61,1255.90,910754.878
2023-01-04T16:00:00,1255.91,1275.00,1250.57,1254.14,1315997.404
2023-01-04T20:00:00,1254.14,1257.83,1243.04,1256.39,441007.041
2023-01-05T00:00:00,1256.39,1260.00,1251.51,1252.59,330615.333
2023-01-05T04:00:00,1252.59,1254.76,1247.13,1250.91,328915.987
2023-01-05T08:00:00,1250.91,1255.90,1245.00,1255.34,440166.870
2023-01-05T12:00:00,1255.35,1255.65,1242.22,1248.72,883480.989
2023-01-05T16:00:00,1248.72,1254.92,1246.34,1253.22,369669.696
2023-01-05T20:00:00,1253.22,1254.04,1247.38,1251.08,310016.124
2023-01-06T00:00:00,1251.08,1258.98,1247.40,1250.56,414713.734
2023-01-06T04:00:00,1250.57,1251.78,1245.02,1247.45,346779.921
2023-01-06T08:00:00,1247.45,1249.89,1235.00,1243.20,518678.515
2023-01-06T12:00:00,1243.20,1267.65,1233.00,1262.48,1462807.761
2023-01-06T16:00:00,1262.48,1277.77,1259.51,1272.76,941543.863
2023-01-06T20:00:00,1272.77,1275.90,1264.50,1268.54,471643.569
2023-01-07T00:00:00,1268.54,1270.66,1264.50,1266.05,217268.187
2023-01-07T04:00:00,1266.04,1266.40,1261.03,1266.00,194258.001
2023-01-07T08:00:00,1266.00,1266.42,1262.13,1263.12,184393.150
2023-01-07T12:00:00,1263.11,1265.15,1260.53,1264.50,226074.444
2023-01-07T16:00:00,1264.50,1265.68,1261.27,1264.81,137042.384
2023-01-07T20:00:00,1264.82,1267.93,1260.67,1263.65,227910.892
2023-01-08T00:00:00,1263.64,1264.13,1256.30,1262.36,274862.960
2023-01-08T04:00:00,1262.36,1263.97,1261.53,1262.84,109132.579
2023-01-08T08:00:00,1262.85,1265.93,1260.62,1260.83,191814.071
2023-01-08T12:00:00,1260.84,1275.50,1260.43,1274.01,432565.561
2023-01-08T16:00:00,1274.01,1280.00,1260.94,1264.40,557294.209
2023-01-08T20:00:00,1264.40,1296.00,1263.34,1289.65,849398.952
2023-01-09T00:00:00,1289.64,1314.00,1284.81,1309.70,1432833.801
2023-01-09T04:00:00,1309.69,1314.61,1306.69,1311.41,613807.536
2023-01-09T08:00:00,1311.40,1328.00,1307.50,1318.16,1029277.891
2023-01-09T12:00:00,1318.15,1342.30,1314.70,1335.56,1335923.800
2023-01-09T16:00:00,1335.55,1345.00,1329.99,1329.99,1103221.221
2023-01-09T20:00:00,1329.99,1331.83,1315.02,1320.32,811536.583
2023-01-10T00:00:00,1320.32,1329.64,1316.74,1325.08,502123.052
2023-01-10T04:00:00,1325.08,1328.82,1322.08,1323.25,323656.148
2023-01-10T08:00:00,1323.24,1336.27,1321.27,1329.30,540616.137
2023-01-10T12:00:00,1329.29,1341.57,1322.65,1333.90,1091242.446
2023-01-10T16:00:00,1333.91,1344.18,1327.43,1339.10,655574.374
2023-01-10T20:00:00,1339.11,1348.70,1333.01,1335.30,539939.484
2023-01-11T00:00:00,1335.29,1341.61,1326.74,1330.52,507192.876
2023-01-11T04:00:00,1330.52,1335.36,1326.00,1334.99,375523.436
2023-01-11T08:00:00,1335.00,1337.50,1330.70,1335.83,332002.938
2023-01-11T12:00:00,1335.82,1335.83,1319.52,1322.48,716417.591
2023-01-11T16:00:00,1322.48,1345.18,1320.95,1342.46,956701.526
2023-01-11T20:00:00,1342.46,1400.00,1338.57,1389.26,1715893.794
2023-01-12T00:00:00,1389.25,1419.73,1385.57,1400.94,1528282.847
2023-01-12T04:00:00,1400.94,1405.50,1393.00,1398.70,533905.523
2023-01-12T08:00:00,1398.73,1403.63,1394.76,1398.30,527575.062
2023-01-12T12:00:00,1398.30,1410.68,1358.00,1385.66,2809673.731
2023-01-12T16:00:00,1385.65,1437.57,1382.92,1425.75,2055871.513
2023-01-12T20:00:00,1425.75,1439.36,1413.50,1415.84,817187.768
2023-01-13T00:00:00,1415.85,1418.44,1400.70,1414.72,627257.641
2023-01-13T04:00:00,1414.73,1415.56,1405.24,1408.28,338537.145
2023-01-13T08:00:00,1408.28,1419.78,1403.56,1409.33,693101.518
2023-01-13T12:00:00,1409.33,1425.00,1401.11,1421.30,1014776.190
2023-01-13T16:00:00,1421.30,1425.60,1406.29,1419.94,918589.955
2023-01-13T20:00:00,1419.95,1465.49,1416.84,1450.94,1504476.051
2023-01-14T00:00:00,1450.95,1644.92,1448.70,1558.74,2865245.039
2023-01-14T04:00:00,1558.74,1559.69,1542.07,1555.29,649741.220
2023-01-14T08:00:00,1555.30,1567.25,1505.40,1530.91,1566109.434
2023-01-14T12:00:00,1530.91,1548.97,1510.00,1526.36,1159674.112
2023-01-14T16:00:00,1526.31,1539.39,1524.03,1530.15,583018.523
2023-01-14T20:00:00,1530.15,1564.00,1527.50,1550.27,525088.936
2023-01-15T00:00:00,1550.27,1552.84,1516.02,1527.00,799583.266
2023-01-15T04:00:00,1527.00,1531.59,1522.23,1530.54,226169.418
2023-01-15T08:00:00,1530.54,1536.36,1520.00,1534.40,474460.460
2023-01-15T12:00:00,1534.41,1563.00,1529.66,1557.66,710419.846
2023-01-15T16:00:00,1557.58,1570.00,1533.02,1551.08,1061576.793
2023-01-15T20:00:00,1551.08,1563.03,1542.44,1553.47,379030.581
2023-01-16T00:00:00,1553.48,1586.50,1541.24,1569.58,1171520.551
2023-01-16T04:00:00,1569.58,1579.39,1562.71,1566.89,459500.026
2023-01-16T08:00:00,1566.89,1567.23,1520.00,1543.07,907492.773
2023-01-16T12:00:00,1543.07,1555.00,1520.74,1550.46,937983.825
2023-01-16T16:00:00,1550.45,1610.50,1546.20,1591.99,1208729.288
2023-01-16T20:00:00,1592.00,1600.33,1572.71,1577.11,709965.205
2023-01-17T00:00:00,1577.25,1582.95,1540.00,1564.04,781273.894
2023-01-17T04:00:00,1564.03,1578.32,1557.45,1563.46,427078.007
2023-01-17T08:00:00,1563.47,1572.33,1558.03,1569.19,426051.793
2023-01-17T12:00:00,1569.20,1609.00,1561.00,1571.38,1703475.960
2023-01-17T16:00:00,1571.37,1599.60,1564.37,1589.27,749939.918
2023-01-17T20:00:00,1589.26,1593.14,1563.55,1565.84,492793.686
2023-01-18T00:00:00,1565.83,1592.91,1562.72,1581.72,605737.311
2023-01-18T04:00:00,1581.72,1589.55,1578.46,1583.24,303467.036
2023-01-18T08:00:00,1583.23,1583.96,1570.81,1575.87,424352.317
2023-01-18T12:00:00,1575.86,1614.60,1531.80,1550.09,2112433.999
2023-01-18T16:00:00,1550.03,1566.90,1501.21,1542.16,2654991.837
2023-01-18T20:00:00,1542.17,1544.96,1507.34,1511.66,831432.612
2023-01-19T00:00:00,1511.60,1528.59,1509.87,1525.26,455539.703
2023-01-19T04:00:00,1525.26,1533.05,1525.00,1528.54,283532.093
2023-01-19T08:00:00,1528.55,1531.93,1516.04,1519.50,400491.927
2023-01-19T12:00:00,1519.50,1548.53,1512.82,1533.41,1114623.552
2023-01-19T16:00:00,1533.42,1555.32,1521.38,1551.74,836492.673
2023-01-19T20:00:00,1551.74,1565.00,1544.10,1551.11,570259.065
2023-01-20T00:00:00,1551.11,1564.00,1545.37,1554.21,421320.209
2023-01-20T04:00:00,1554.21,1556.88,1541.60,1550.11,420350.888
2023-01-20T08:00:00,1550.12,1556.09,1544.92,1549.15,327179.652
2023-01-20T12:00:00,1549.16,1569.98,1548.68,1563.28,833101.649
2023-01-20T16:00:00,1563.28,1604.03,1561.01,1600.59,1398495.058
2023-01-20T20:00:00,1600.59,1680.00,1600.59,1659.01,1924365.407
2023-01-21T00:00:00,1659.01,1680.00,1643.00,1649.77,757162.977
2023-01-21T04:00:00,1649.77,1655.93,1645.58,1652.01,300949.325
2023-01-21T08:00:00,1652.01,1682.44,1615.30,1647.77,1473606.183
2023-01-21T12:00:00,1647.76,1668.65,1642.50,1647.71,819983.440
2023-01-21T16:00:00,1647.72,1670.00,1646.31,1663.60,619590.627
2023-01-21T20:00:00,1663.61,1668.34,1622.60,1627.63,672273.970
2023-01-22T00:00:00,1627.63,1637.35,1603.39,1623.49,649883.590
2023-01-22T04:00:00,1623.49,1631.82,1621.44,1627.41,290229.938
2023-01-22T08:00:00,1627.42,1632.51,1618.75,1625.21,375814.349
2023-01-22T12:00:00,1625.22,1651.58,1616.51,1635.91,856632.208
2023-01-22T16:00:00,1635.90,1666.00,1630.00,1636.04,749388.304
2023-01-22T20:00:00,1636.04,1637.39,1607.85,1628.14,905630.020
2023-01-23T00:00:00,1628.13,1644.29,1626.38,1631.25,402570.615
2023-01-23T04:00:00,1631.26,1638.74,1628.02,1634.04,289694.137
2023-01-23T08:00:00,1634.03,1640.56,1630.77,1637.11,354253.888
2023-01-23T12:00:00,1637.10,1650.00,1585.21,1620.92,1612732.484
2023-01-23T16:00:00,1620.93,1641.25,1609.62,1620.04,926175.248
2023-01-23T20:00:00,1620.05,1636.92,1618.54,1626.90,384257.857
2023-01-24T00:00:00,1626.90,1641.89,1623.04,1639.56,452763.185
2023-01-24T04:00:00,1639.56,1641.60,1633.12,1636.35,224135.510
2023-01-24T08:00:00,1636.34,1638.11,1613.42,1625.75,677390.537
2023-01-24T12:00:00,1625.75,1632.90,1602.09,1620.92,1049929.539
2023-01-24T16:00:00,1620.92,1625.23,1606.50,1623.03,531732.120
2023-01-24T20:00:00,1623.02,1625.15,1530.00,1555.99,1569804.041
2023-01-25T00:00:00,1556.00,1557.21,1512.30,1546.41,1043892.065
2023-01-25T04:00:00,1546.41,1558.58,1544.52,1552.90,385951.258
2023-01-25T08:00:00,1552.91,1556.36,1536.86,1545.14,509252.159
2023-01-25T12:00:00,1545.14,1566.35,1523.32,1543.47,1294091.042
2023-01-25T16:00:00,1543.48,1562.28,1540.57,1561.01,639191.902
2023-01-25T20:00:00,1561.01,1641.18,1561.01,1611.41,2130926.019
2023-01-26T00:00:00,1611.44,1633.00,1609.82,1614.87,635615.598
2023-01-26T04:00:00,1614.87,1622.07,1589.57,1604.59,545210.438
2023-01-26T08:00:00,1604.58,1610.46,1591.25,1604.30,489287.882
2023-01-26T12:00:00,1604.30,1621.00,1582.45,1589.40,1405518.155
2023-01-26T16:00:00,1589.39,1607.32,1575.66,1603.38,742049.393
2023-01-26T20:00:00,1603.38,1611.70,1593.44,1600.69,418195.863
2023-01-27T00:00:00,1600.69,1606.33,1551.10,1565.36,835574.275
2023-01-27T04:00:00,1565.36,1589.90,1562.40,1584.94,500095.549
2023-01-27T08:00:00,1584.92,1585.86,1572.33,1578.54,325872.259
2023-01-27T12:00:00,1578.53,1594.97,1555.30,1574.24,1173504.587
2023-01-27T16:00:00,1574.24,1612.99,1573.20,1609.19,784744.923
2023-01-27T20:00:00,1609.20,1621.46,1584.70,1597.08,729942.543
2023-01-28T00:00:00,1597.08,1606.66,1591.68,1598.56,339630.581
2023-01-28T04:00:00,1598.57,1602.97,1585.00,1592.24,282557.639
2023-01-28T08:00:00,1592.23,1593.87,1575.00,1585.80,440622.203
2023-01-28T12:00:00,1585.80,1585.80,1561.70,1577.97,754701.599
2023-01-28T16:00:00,1577.97,1580.66,1568.19,1576.86,270963.971
2023-01-28T20:00:00,1576.87,1577.21,1555.00,1571.52,390414.261
2023-01-29T00:00:00,1571.52,1620.00,1565.98,1594.10,1294510.475
2023-01-29T04:00:00,1594.10,1599.45,1587.88,1591.99,267997.747
2023-01-29T08:00:00,1591.99,1622.16,1588.24,1608.86,835906.951
2023-01-29T12:00:00,1608.86,1628.00,1602.91,1610.96,736001.948
2023-01-29T16:00:00,1610.96,1663.68,1604.85,1654.93,1234179.541
2023-01-29T20:00:00,1654.94,1656.71,1626.91,1645.67,730976.873
2023-01-30T00:00:00,1645.67,1648.49,1632.17,1639.16,468420.562
2023-01-30T04:00:00,1639.17,1642.41,1622.30,1628.03,365977.559
2023-01-30T08:00:00,1628.02,1631.20,1576.68,1581.82,1504090.937
2023-01-30T12:00:00,1581.82,1597.43,1565.52,1585.05,1066675.467
2023-01-30T16:00:00,1585.04,1590.96,1529.04,1554.16,996659.020
2023-01-30T20:00:00,1554.16,1568.06,1536.00,1565.92,630112.452
2023-01-31T00:00:00,1565.93,1576.68,1561.62,1568.67,445537.088
2023-01-31T04:00:00,1568.70,1581.70,1561.04,1579.89,364688.264
2023-01-31T08:00:00,1579.90,1584.04,1565.10,1570.98,397514.778
2023-01-31T12:00:00,1570.99,1596.24,1570.66,1588.49,869929.056
2023-01-31T16:00:00,1588.49,1605.67,1586.29,1597.16,568313.546
2023-01-31T20:00:00,1597.16,1601.00,1563.86,1585.02,798454.977
2023-02-01T00:00:00,1585.02,1593.23,1575.85,1584.43,376620.084
2023-02-01T04:00:00,1584.43,1585.78,1569.00,1575.05,331315.441
2023-02-01T08:00:00,1575.05,1583.85,1565.87,1580.60,448730.440
2023-02-01T12:00:00,1580.61,1590.35,1572.00,1575.20,686011.019
2023-02-01T16:00:00,1575.19,1627.38,1554.57,1617.60,1910827.495
2023-02-01T20:00:00,1617.61,1648.76,1613.01,1641.80,1342491.800
2023-02-02T00:00:00,1641.81,1699.00,1639.32,1671.92,1469411.534
2023-02-02T04:00:00,1671.93,1677.51,1660.60,1665.47,445815.681
2023-02-02T08:00:00,1665.47,1675.89,1663.78,1672.39,345765.429
2023-02-02T12:00:00,1672.40,1693.94,1649.49,1678.44,1484483.686
2023-02-02T16:00:00,1678.44,1717.00,1666.51,1675.21,1392610.600
2023-02-02T20:00:00,1675.20,1687.25,1625.00,1643.81,1118734.536
2023-02-03T00:00:00,1643.82,1651.00,1630.44,1642.36,582403.369
2023-02-03T04:00:00,1642.35,1647.83,1636.22,1638.12,316767.475
2023-02-03T08:00:00,1638.12,1651.94,1630.00,1649.13,455143.672
2023-02-03T12:00:00,1649.12,1674.84,1622.00,1663.36,1919006.109
2023-02-03T16:00:00,1663.37,1677.00,1650.27,1653.02,877375.387
2023-02-03T20:00:00,1653.01,1672.10,1642.00,1663.68,462970.194
2023-02-04T00:00:00,1663.69,1666.00,1650.00,1654.54,289806.931
2023-02-04T04:00:00,1654.53,1661.14,1645.00,1658.33,282258.896
2023-02-04T08:00:00,1658.23,1662.70,1651.42,1661.64,257662.817
2023-02-04T12:00:00,1661.64,1696.99,1660.11,1680.48,1003041.261
2023-02-04T16:00:00,1680.47,1686.36,1672.03,1676.16,448763.590
2023-02-04T20:00:00,1676.16,1691.65,1656.50,1666.44,426510.322
2023-02-05T00:00:00,1666.44,1671.41,1656.69,1661.26,391104.030
2023-02-05T04:00:00,1661.26,1672.10,1659.80,1668.04,215480.601
2023-02-05T08:00:00,1668.04,1674.59,1660.39,1662.44,300550.130
2023-02-05T12:00:00,1662.44,1664.82,1632.69,1644.57,1019402.222
2023-02-05T16:00:00,1644.57,1647.74,1608.00,1618.83,1215082.554
2023-02-05T20:00:00,1618.81,1639.80,1611.18,1628.98,458610.694
2023-02-06T00:00:00,1628.98,1642.52,1617.16,1626.55,375006.186
2023-02-06T04:00:00,1626.54,1635.42,1607.43,1635.08,496734.405
2023-02-06T08:00:00,1635.08,1637.99,1622.29,1634.94,443728.414
2023-02-06T12:00:00,1634.90,1650.00,1619.50,1648.59,932947.719
2023-02-06T16:00:00,1648.59,1659.00,1639.47,1648.26,915370.854
2023-02-06T20:00:00,1648.26,1649.50,1602.00,1613.90,741851.624
2023-02-07T00:00:00,1613.89,1635.00,1612.49,1632.86,389035.247
2023-02-07T04:00:00,1632.86,1637.50,1630.25,1631.51,278708.167
2023-02-07T08:00:00,1631.51,1648.00,1628.00,1640.39,481760.712
2023-02-07T12:00:00,1640.40,1644.52,1626.03,1630.43,504589.457
2023-02-07T16:00:00,1630.44,1679.03,1623.72,1656.42,2192221.970
2023-02-07T20:00:00,1656.43,1677.99,1650.16,1670.51,678701.156
2023-02-08T00:00:00,1670.50,1699.00,1667.43,1680.33,747128.242
2023-02-08T04:00:00,1680.34,1682.60,1671.39,1677.40,275654.080
2023-02-08T08:00:00,1677.40,1677.72,1667.67,1674.11,357369.086
2023-02-08T12:00:00,1674.12,1683.12,1651.57,1653.69,1052672.579
2023-02-08T16:00:00,1653.68,1660.00,1631.00,1647.71,1289872.793
2023-02-08T20:00:00,1647.71,1656.20,1636.22,1650.26,422389.648
2023-02-09T00:00:00,1650.26,1656.20,1608.10,1618.97,1053422.378
2023-02-09T04:00:00,1618.97,1636.95,1610.16,1629.98,590116.740
2023-02-09T08:00:00,1629.99,1639.99,1629.98,1632.90,330837.153
2023-02-09T12:00:00,1632.89,1649.00,1625.44,1632.25,921017.946
2023-02-09T16:00:00,1632.24,1633.75,1556.01,1579.08,1943319.514
2023-02-09T20:00:00,1579.08,1581.87,1522.00,1544.68,1765427.116
2023-02-10T00:00:00,1544.67,1554.00,1541.10,1542.78,508218.188
2023-02-10T04:00:00,1542.78,1552.00,1527.85,1550.68,644149.624
2023-02-10T08:00:00,1550.68,1553.80,1533.01,1536.61,529874.507
2023-02-10T12:00:00,1536.59,1547.60,1503.00,1521.56,1350202.456
2023-02-10T16:00:00,1521.56,1539.16,1513.92,1533.94,912607.998
2023-02-10T20:00:00,1533.94,1534.91,1486.28,1512.26,960411.907
2023-02-11T00:00:00,1512.25,1523.22,1506.80,1519.85,405899.581
2023-02-11T04:00:00,1519.84,1522.78,1513.97,1519.86,195156.048
2023-02-11T08:00:00,1519.86,1525.60,1515.00,1519.41,277050.865
2023-02-11T12:00:00,1519.41,1526.18,1513.23,1521.94,368872.602
2023-02-11T16:00:00,1521.94,1522.14,1502.83,1518.00,357967.456
2023-02-11T20:00:00,1518.00,1542.82,1515.81,1537.65,498926.701
2023-02-12T00:00:00,1537.64,1538.57,1529.05,1530.45,227536.946
2023-02-12T04:00:00,1530.44,1533.97,1528.03,1530.09,147213.038
2023-02-12T08:00:00,1530.10,1539.95,1530.07,1532.50,280342.549
2023-02-12T12:00:00,1532.50,1540.98,1520.00,1535.28,606734.758
2023-02-12T16:00:00,1535.29,1547.70,1533.43,1538.58,456587.443
2023-02-12T20:00:00,1538.58,1541.39,1491.00,1514.49,931208.677
2023-02-13T00:00:00,1514.48,1524.20,1495.65,1516.24,772208.201
2023-02-13T04:00:00,1516.25,1526.10,1515.25,1521.75,392181.357
2023-02-13T08:00:00,1521.75,1522.50,1463.01,1485.64,1945216.354
2023-02-13T12:00:00,1485.65,1491.72,1474.53,1475.18,856303.706
2023-02-13T16:00:00,1475.18,1493.64,1460.00,1490.15,1374995.659
2023-02-13T20:00:00,1490.15,1509.84,1481.30,1504.85,577253.991
2023-02-14T00:00:00,1504.86,1508.07,1493.14,1497.58,389218.183
2023-02-14T04:00:00,1497.59,1507.49,1495.75,1505.36,287408.235
2023-02-14T08:00:00,1505.35,1519.37,1496.28,1507.05,604242.260
2023-02-14T12:00:00,1507.04,1568.98,1470.00,1544.21,3611996.271
2023-02-14T16:00:00,1544.22,1564.62,1533.01,1559.42,1169646.346
2023-02-14T20:00:00,1559.42,1563.58,1548.35,1554.94,472810.867
2023-02-15T00:00:00,1554.94,1556.86,1541.77,1548.40,356257.168
2023-02-15T04:00:00,1548.39,1551.73,1543.50,1546.55,262699.509
2023-02-15T08:00:00,1546.55,1579.00,1543.40,1571.62,719972.315
2023-02-15T12:00:00,1571.62,1595.00,1565.01,1578.47,1504027.417
2023-02-15T16:00:00,1578.47,1629.70,1572.43,1628.30,1303261.391
2023-02-15T20:00:00,1628.29,1684.10,1623.46,1675.00,1819251.491
2023-02-16T00:00:00,1674.99,1715.00,1672.59,1692.00,1156363.595
2023-02-16T04:00:00,1692.01,1698.47,1675.55,1683.22,719004.243
2023-02-16T08:00:00,1683.22,1693.88,1679.31,1683.76,490949.996
2023-02-16T12:00:00,1683.77,1729.80,1666.00,1724.91,1903377.860
2023-02-16T16:00:00,1724.90,1744.50,1688.00,1711.22,1774037.308
2023-02-16T20:00:00,1711.23,1711.65,1634.02,1639.00,1767980.181
2023-02-17T00:00:00,1638.99,1670.48,1631.31,1663.75,787632.104
2023-02-17T04:00:00,1663.76,1665.66,1651.44,1653.69,467247.940
2023-02-17T08:00:00,1653.68,1675.87,1647.77,1666.34,591450.287
2023-02-17T12:00:00,1666.34,1683.34,1645.48,1673.17,1474304.723
2023-02-17T16:00:00,1673.17,1710.00,1662.09,1706.42,1497623.450
2023-02-17T20:00:00,1706.43,1722.62,1669.84,1694.12,1139170.525
2023-02-18T00:00:00,1694.10,1705.00,1692.60,1699.83,355885.798
2023-02-18T04:00:00,1699.83,1704.54,1686.11,1691.12,321085.102
2023-02-18T08:00:00,1691.11,1695.97,1685.87,1691.86,281322.265
2023-02-18T12:00:00,1691.86,1699.89,1686.93,1695.31,415658.797
2023-02-18T16:00:00,1695.32,1715.00,1680.49,1688.16,586187.296
2023-02-18T20:00:00,1688.11,1694.29,1679.13,1691.66,228160.056
2023-02-19T00:00:00,1691.65,1701.98,1689.39,1695.41,252530.509
2023-02-19T04:00:00,1695.41,1710.62,1692.20,1693.42,471094.015
2023-02-19T08:00:00,1693.43,1701.04,1690.63,1695.33,238664.945
2023-02-19T12:00:00,1695.33,1725.00,1694.51,1711.87,749071.301
2023-02-19T16:00:00,1711.86,1729.58,1675.07,1684.89,1311676.156
2023-02-19T20:00:00,1684.90,1689.68,1666.00,1680.31,572596.539
2023-02-20T00:00:00,1680.46,1687.78,1650.00,1684.50,822702.816
2023-02-20T04:00:00,1684.51,1698.54,1683.83,1695.86,442175.516
2023-02-20T08:00:00,1695.85,1720.39,1688.52,1713.84,972998.724
2023-02-20T12:00:00,1713.87,1716.28,1696.00,1707.28,930305.243
2023-02-20T16:00:00,1707.29,1712.01,1685.00,1709.94,759200.089
2023-02-20T20:00:00,1709.95,1712.98,1692.10,1703.70,285568.554
2023-02-21T00:00:00,1703.71,1716.99,1697.99,1703.09,508825.603
2023-02-21T04:00:00,1703.09,1711.44,1694.84,1704.26,429736.445
2023-02-21T08:00:00,1704.26,1714.64,1665.00,1669.29,1378799.916
2023-02-21T12:00:00,1669.30,1684.93,1656.50,1671.83,1001437.908
2023-02-21T16:00:00,1671.83,1686.80,1655.00,1671.89,802334.102
2023-02-21T20:00:00,1671.89,1674.26,1635.00,1659.20,857370.625
2023-02-22T00:00:00,1659.20,1667.62,1620.00,1649.08,1025302.996
2023-02-22T04:00:00,1649.08,1649.91,1631.06,1643.92,566811.706
2023-02-22T08:00:00,1643.90,1645.94,1624.81,1644.20,703408.301
2023-02-22T12:00:00,1644.20,1650.00,1604.10,1612.69,1510539.225
2023-02-22T16:00:00,1612.69,1629.59,1591.17,1615.16,1277326.909
2023-02-22T20:00:00,1615.16,1644.83,1609.00,1642.01,591100.478
2023-02-23T00:00:00,1642.01,1678.56,1636.43,1666.91,883418.214
2023-02-23T04:00:00,1666.91,1671.00,1658.44,1665.67,395800.072
2023-02-23T08:00:00,1665.66,1672.63,1630.80,1636.61,963603.563
2023-02-23T12:00:00,1636.61,1671.31,1627.64,1655.09,1664603.164
2023-02-23T16:00:00,1655.10,1661.73,1631.00,1652.30,947008.673
2023-02-23T20:00:00,1652.30,1658.37,1638.00,1649.69,354669.680
2023-02-24T00:00:00,1649.68,1664.44,1644.95,1648.65,420565.784
2023-02-24T04:00:00,1648.67,1655.46,1640.39,1650.75,359813.365
2023-02-24T08:00:00,1650.74,1657.27,1641.87,1646.60,445441.157
2023-02-24T12:00:00,1646.59,1653.78,1597.83,1602.18,1733327.562
2023-02-24T16:00:00,1602.18,1611.11,1572.00,1610.08,1490289.998
2023-02-24T20:00:00,1610.09,1622.91,1592.70,1607.12,677092.945
2023-02-25T00:00:00,1607.11,1608.34,1594.41,1598.05,269795.611
2023-02-25T04:00:00,1598.06,1603.61,1592.42,1603.20,240033.409
2023-02-25T08:00:00,1603.21,1606.67,1595.37,1599.48,345203.182
2023-02-25T12:00:00,1599.49,1603.25,1591.82,1596.36,386130.971
2023-02-25T16:00:00,1596.37,1600.00,1575.00,1584.00,533956.801
2023-02-25T20:00:00,1584.01,1596.72,1556.08,1593.59,747017.156
2023-02-26T00:00:00,1593.60,1605.71,1586.35,1601.89,333547.942
2023-02-26T04:00:00,1601.90,1602.69,1595.23,1598.99,201014.780
2023-02-26T08:00:00,1599.00,1606.59,1596.35,1603.25,249538.490
2023-02-26T12:00:00,1603.25,1615.07,1594.15,1604.63,475995.904
2023-02-26T16:00:00,1604.64,1635.99,1597.51,1632.69,768822.020
2023-02-26T20:00:00,1632.69,1652.91,1621.77,1640.49,794908.786
2023-02-27T00:00:00,1640.51,1649.83,1631.33,1639.67,390397.785
2023-02-27T04:00:00,1639.67,1640.17,1630.29,1635.59,331405.762
2023-02-27T08:00:00,1635.59,1642.94,1631.27,1640.48,386922.986
2023-02-27T12:00:00,1640.48,1664.97,1635.00,1643.44,1321230.998
2023-02-27T16:00:00,1643.43,1645.90,1615.00,1621.22,1208926.734
2023-02-27T20:00:00,1621.22,1635.71,1606.71,1632.60,556199.412
2023-02-28T00:00:00,1632.61,1635.33,1626.01,1632.04,283863.191
2023-02-28T04:00:00,1632.05,1632.13,1617.19,1618.50,349133.469
2023-02-28T08:00:00,1618.50,1631.47,1615.60,1628.87,421663.757
2023-02-28T12:00:00,1628.87,1646.99,1627.85,1640.41,1025190.397
2023-02-28T16:00:00,1640.40,1645.80,1621.81,1627.43,622747.810
2023-02-28T20:00:00,1627.42,1632.93,1595.00,1604.72,961739.695
2023-03-01T00:00:00,1604.73,1639.99,1593.03,1637.68,849560.214
2023-03-01T04:00:00,1637.69,1661.53,1635.00,1650.33,815390.314
2023-03-01T08:00:00,1650.34,1669.76,1648.36,1655.80,475226.470
2023-03-01T12:00:00,1655.80,1670.00,1645.55,1657.03,1002529.374
2023-03-01T16:00:00,1657.03,1659.98,1630.11,1634.43,734277.630
2023-03-01T20:00:00,1634.42,1666.00,1630.49,1664.46,578468.373
2023-03-02T00:00:00,1664.47,1677.74,1643.35,1647.21,806651.614
2023-03-02T04:00:00,1647.20,1651.05,1638.22,1643.78,394142.376
2023-03-02T08:00:00,1643.79,1648.56,1636.57,1643.96,467304.486
2023-03-02T12:00:00,1643.95,1644.70,1617.83,1627.45,1139133.049
2023-03-02T16:00:00,1627.45,1651.78,1620.27,1647.63,744339.778
2023-03-02T20:00:00,1647.63,1657.76,1639.20,1647.29,438567.063
2023-03-03T00:00:00,1647.29,1648.78,1534.85,1564.53,2144332.081
2023-03-03T04:00:00,1564.53,1576.00,1561.50,1567.01,583816.150
2023-03-03T08:00:00,1567.01,1573.70,1563.00,1563.83,360182.559
2023-03-03T12:00:00,1563.83,1580.00,1558.14,1566.06,901654.587
2023-03-03T16:00:00,1566.07,1574.43,1546.93,1564.63,657077.351
2023-03-03T20:00:00,1564.64,1570.70,1546.00,1568.86,564875.866
2023-03-04T00:00:00,1568.85,1577.00,1567.78,1570.09,294740.213
2023-03-04T04:00:00,1570.09,1572.50,1561.83,1568.00,245186.856
2023-03-04T08:00:00,1567.99,1570.53,1565.56,1568.49,169977.267
2023-03-04T12:00:00,1568.49,1571.54,1560.28,1561.21,266899.085
2023-03-04T16:00:00,1561.22,1564.98,1555.63,1558.89,302042.011
2023-03-04T20:00:00,1558.90,1568.04,1548.00,1566.05,535955.412
2023-03-05T00:00:00,1566.05,1588.08,1552.07,1567.01,962168.372
2023-03-05T04:00:00,1567.01,1572.94,1566.89,1567.84,219492.544
2023-03-05T08:00:00,1567.83,1572.68,1563.13,1567.93,266161.707
2023-03-05T12:00:00,1567.92,1573.74,1567.23,1568.36,304356.731
2023-03-05T16:00:00,1568.35,1571.25,1562.00,1565.33,201338.207
2023-03-05T20:00:00,1565.32,1578.00,1555.01,1564.06,550630.885
2023-03-06T00:00:00,1564.06,1572.40,1554.63,1561.97,617501.600
2023-03-06T04:00:00,1561.97,1564.69,1553.29,1560.27,300415.661
2023-03-06T08:00:00,1560.28,1567.80,1556.75,1562.75,336759.507
2023-03-06T12:00:00,1562.75,1583.19,1560.74,1577.11,618636.957
2023-03-06T16:00:00,1577.10,1580.20,1560.95,1565.33,551358.181
2023-03-06T20:00:00,1565.33,1570.75,1558.31,1565.17,327146.539
2023-03-07T00:00:00,1565.17,1584.00,1560.48,1574.32,462918.626
2023-03-07T04:00:00,1574.33,1576.16,1570.00,1570.73,199166.187
2023-03-07T08:00:00,1570.73,1570.87,1561.47,1562.72,396712.746
2023-03-07T12:00:00,1562.73,1572.32,1524.00,1560.08,1685558.799
2023-03-07T16:00:00,1560.07,1565.00,1546.19,1550.52,802527.857
2023-03-07T20:00:00,1550.52,1563.00,1542.00,1561.29,601046.640
2023-03-08T00:00:00,1561.30,1570.00,1557.00,1561.61,449467.849
2023-03-08T04:00:00,1561.61,1562.94,1547.10,1550.52,504218.396
2023-03-08T08:00:00,1550.52,1561.33,1548.70,1556.68,330657.954
2023-03-08T12:00:00,1556.68,1565.35,1540.10,1559.50,1240233.524
2023-03-08T16:00:00,1559.50,1564.56,1547.70,1552.14,527925.437
2023-03-08T20:00:00,1552.14,1560.86,1520.00,1531.82,910939.436
2023-03-09T00:00:00,1531.81,1544.72,1530.28,1541.22,446583.133
2023-03-09T04:00:00,1541.21,1541.31,1535.14,1536.49,227295.018
2023-03-09T08:00:00,1536.49,1538.66,1523.55,1534.77,586824.699
2023-03-09T12:00:00,1534.77,1545.78,1526.19,1533.09,811489.513
2023-03-09T16:00:00,1533.10,1537.00,1480.00,1487.82,1908574.488
2023-03-09T20:00:00,1487.83,1488.96,1402.80,1436.42,2599926.259
2023-03-10T00:00:00,1436.42,1436.73,1408.72,1425.68,1315326.418
2023-03-10T04:00:00,1425.68,1425.95,1388.74,1411.39,1386244.966
2023-03-10T08:00:00,1411.40,1412.51,1367.51,1383.86,1640981.403
2023-03-10T12:00:00,1383.86,1434.04,1381.00,1416.42,3060017.712
2023-03-10T16:00:00,1416.42,1438.17,1399.66,1422.73,1672752.187
2023-03-10T20:00:00,1422.74,1433.00,1405.50,1425.79,863154.247
2023-03-11T00:00:00,1425.80,1475.45,1423.89,1457.55,1827004.779
2023-03-11T04:00:00,1457.55,1465.98,1413.40,1415.74,1314589.204
2023-03-11T08:00:00,1415.72,1451.00,1407.48,1426.33,1567046.208
2023-03-11T12:00:00,1426.33,1435.66,1425.02,1427.47,586081.147
2023-03-11T16:00:00,1427.47,1456.83,1420.98,1448.33,1036555.237
2023-03-11T20:00:00,1448.32,1478.00,1448.28,1471.03,824332.118
2023-03-12T00:00:00,1471.03,1473.20,1452.50,1465.82,662825.126
2023-03-12T04:00:00,1465.82,1470.68,1452.77,1459.00,351489.374
2023-03-12T08:00:00,1458.99,1466.92,1457.69,1464.16,393278.800
2023-03-12T12:00:00,1464.16,1465.77,1446.65,1454.99,753721.808
2023-03-12T16:00:00,1454.99,1549.00,1452.78,1512.07,2531088.544
2023-03-12T20:00:00,1512.14,1597.29,1510.53,1579.26,2117457.360
2023-03-13T00:00:00,1579.26,1623.86,1572.52,1587.75,1492023.522
2023-03-13T04:00:00,1587.74,1616.00,1587.38,1606.15,813111.148
2023-03-13T08:00:00,1606.14,1607.69,1564.18,1580.62,1372528.592
2023-03-13T12:00:00,1580.62,1700.00,1571.68,1666.30,3826277.841
2023-03-13T16:00:00,1666.31,1687.00,1647.61,1678.62,1428062.053
2023-03-13T20:00:00,1678.61,1681.98,1661.16,1673.90,505873.059
2023-03-14T00:00:00,1673.91,1684.52,1663.37,1676.92,653898.342
2023-03-14T04:00:00,1676.97,1695.76,1658.49,1666.62,795214.161
2023-03-14T08:00:00,1666.63,1689.55,1655.00,1683.15,819643.647
2023-03-14T12:00:00,1683.14,1779.05,1670.00,1770.28,3377594.164
2023-03-14T16:00:00,1770.29,1776.00,1688.23,1721.45,2070357.355
2023-03-14T20:00:00,1721.43,1728.40,1660.12,1699.93,1322126.192
2023-03-15T00:00:00,1699.93,1718.34,1682.08,1703.07,881431.944
2023-03-15T04:00:00,1703.07,1709.19,1693.42,1706.10,363237.008
2023-03-15T08:00:00,1706.11,1706.45,1650.00,1680.42,1176369.768
2023-03-15T12:00:00,1680.42,1699.60,1626.33,1634.44,2772320.135
2023-03-15T16:00:00,1634.43,1655.69,1611.63,1648.19,1868448.580
2023-03-15T20:00:00,1648.19,1664.42,1638.00,1649.81,554286.266
2023-03-16T00:00:00,1649.82,1659.49,1632.00,1645.67,591964.950
2023-03-16T04:00:00,1645.67,1659.76,1636.30,1654.84,550478.360
2023-03-16T08:00:00,1654.84,1670.90,1638.00,1659.72,903232.017
2023-03-16T12:00:00,1659.72,1665.98,1634.27,1662.11,1202050.400
2023-03-16T16:00:00,1662.11,1693.00,1651.40,1679.07,812701.935
2023-03-16T20:00:00,1679.08,1682.50,1651.18,1672.56,539072.815
2023-03-17T00:00:00,1672.57,1725.00,1661.57,1707.73,1141521.095
2023-03-17T04:00:00,1707.73,1730.00,1695.01,1715.29,776243.898
2023-03-17T08:00:00,1715.30,1764.99,1710.19,1760.64,1255259.513
2023-03-17T12:00:00,1760.64,1761.69,1702.47,1716.97,1297126.261
2023-03-17T16:00:00,1716.97,1744.00,1709.25,1743.71,791626.498
2023-03-17T20:00:00,1743.72,1801.22,1731.30,1789.21,1432981.494
2023-03-18T00:00:00,1789.21,1833.54,1767.00,1810.50,1275448.605
2023-03-18T04:00:00,1810.50,1822.00,1801.00,1814.29,428096.407
2023-03-18T08:00:00,1814.29,1818.11,1790.55,1813.16,582328.477
2023-03-18T12:00:00,1813.16,1846.15,1774.34,1785.73,1191386.671
2023-03-18T16:00:00,1785.73,1804.90,1745.00,1789.88,1328437.197
2023-03-18T20:00:00,1789.87,1802.10,1750.23,1758.52,669400.146
2023-03-19T00:00:00,1758.52,1786.34,1757.80,1782.10,409724.118
2023-03-19T04:00:00,1782.09,1786.72,1761.29,1774.79,374629.283
2023-03-19T08:00:00,1774.79,1788.97,1765.18,1784.20,482030.407
2023-03-19T12:00:00,1784.20,1815.17,1772.55,1792.79,950673.233
2023-03-19T16:00:00,1792.78,1841.96,1791.00,1820.90,1464227.092
2023-03-19T20:00:00,1820.90,1827.89,1772.87,1779.99,944785.838
2023-03-20T00:00:00,1779.98,1784.99,1740.14,1750.61,1092613.072
2023-03-20T04:00:00,1750.60,1793.34,1734.20,1791.16,739981.578
2023-03-20T08:00:00,1791.16,1803.37,1765.31,1778.37,990572.906
2023-03-20T12:00:00,1778.37,1782.03,1751.11,1762.03,964826.566
2023-03-20T16:00:00,1762.02,1768.02,1740.03,1751.90,969781.677
2023-03-20T20:00:00,1751.92,1761.55,1722.10,1731.71,615274.646
2023-03-21T00:00:00,1731.71,1757.25,1727.95,1745.52,473709.862
2023-03-21T04:00:00,1745.52,1753.71,1716.00,1729.11,600694.222
2023-03-21T08:00:00,1729.11,1767.99,1723.80,1760.47,723125.061
2023-03-21T12:00:00,1760.47,1836.00,1757.39,1811.51,2145884.820
2023-03-21T16:00:00,1811.52,1825.99,1772.31,1789.85,1284075.613
2023-03-21T20:00:00,1790.00,1805.00,1780.85,1800.14,392254.834
2023-03-22T00:00:00,1800.13,1806.86,1776.66,1798.54,459767.258
2023-03-22T04:00:00,1798.54,1807.13,1785.96,1791.73,331098.673
2023-03-22T08:00:00,1791.73,1793.61,1780.02,1784.53,445840.782
2023-03-22T12:00:00,1784.52,1819.40,1782.50,1805.26,1208610.587
2023-03-22T16:00:00,1805.26,1810.60,1709.00,1716.12,2781043.030
2023-03-22T20:00:00,1716.11,1737.68,1710.00,1733.61,808075.986
2023-03-23T00:00:00,1733.61,1744.52,1728.50,1736.42,398653.193
2023-03-23T04:00:00,1736.43,1752.87,1729.09,1750.07,470673.769
2023-03-23T08:00:00,1750.07,1758.78,1744.10,1753.81,370561.570
2023-03-23T12:00:00,1753.81,1860.00,1740.01,1837.44,2131320.208
2023-03-23T16:00:00,1837.44,1841.40,1791.65,1820.01,1365184.966
2023-03-23T20:00:00,1820.07,1820.96,1802.71,1813.27,462192.467
2023-03-24T00:00:00,1813.26,1818.17,1805.57,1811.38,273897.913
2023-03-24T04:00:00,1811.38,1817.12,1802.34,1814.66,267185.764
2023-03-24T08:00:00,1814.67,1816.16,1720.00,1744.38,1184751.757
2023-03-24T12:00:00,1744.37,1785.98,1740.45,1765.87,1486352.725
2023-03-24T16:00:00,1765.87,1769.35,1725.00,1763.00,1063035.216
2023-03-24T20:00:00,1762.99,1764.00,1727.54,1748.77,637270.377
2023-03-25T00:00:00,1748.77,1761.88,1745.45,1755.38,260623.792
2023-03-25T04:00:00,1755.38,1757.69,1740.79,1746.35,256848.910
2023-03-25T08:00:00,1746.36,1749.93,1734.72,1744.23,306632.926
2023-03-25T12:00:00,1744.23,1763.70,1737.16,1753.71,491898.462
2023-03-25T16:00:00,1753.70,1757.21,1713.50,1716.30,666069.039
2023-03-25T20:00:00,1716.30,1743.00,1712.02,1741.02,356390.423
2023-03-26T00:00:00,1741.02,1756.31,1738.29,1749.00,317049.968
2023-03-26T04:00:00,1748.99,1754.99,1745.10,1751.57,177199.251
2023-03-26T08:00:00,1751.58,1787.48,1748.78,1777.05,751440.919
2023-03-26T12:00:00,1777.05,1800.00,1750.32,1761.98,960219.690
2023-03-26T16:00:00,1761.98,1771.00,1753.54,1764.99,290955.175
2023-03-26T20:00:00,1765.00,1782.31,1753.26,1772.63,392894.741
2023-03-27T00:00:00,1772.63,1779.79,1757.29,1764.13,357665.068
2023-03-27T04:00:00,1764.13,1767.11,1745.19,1751.29,381206.421
2023-03-27T08:00:00,1751.29,1769.68,1748.44,1764.78,388359.035
2023-03-27T12:00:00,1764.79,1768.78,1684.00,1710.39,1961097.123
2023-03-27T16:00:00,1710.39,1731.60,1700.04,1703.71,821907.658
2023-03-27T20:00:00,1703.71,1716.69,1695.00,1714.35,396347.163
2023-03-28T00:00:00,1714.34,1726.97,1700.55,1710.86,424878.657
2023-03-28T04:00:00,1710.86,1736.35,1708.59,1723.47,468583.705
2023-03-28T08:00:00,1723.47,1754.52,1708.61,1744.91,811216.593
2023-03-28T12:00:00,1744.91,1751.18,1729.33,1743.00,927802.741
2023-03-28T16:00:00,1742.99,1797.19,1724.40,1785.43,1150678.277
2023-03-28T20:00:00,1785.42,1790.00,1761.00,1772.09,383954.150
2023-03-29T00:00:00,1772.11,1788.53,1771.66,1777.41,359302.010
2023-03-29T04:00:00,1777.42,1819.00,1777.41,1804.26,919040.437
2023-03-29T08:00:00,1804.26,1828.58,1798.17,1810.84,846372.899
2023-03-29T12:00:00,1810.84,1815.95,1791.34,1807.08,761361.500
2023-03-29T16:00:00,1807.08,1811.98,1790.59,1808.35,432089.192
2023-03-29T20:00:00,1808.35,1808.87,1782.00,1791.89,407190.718
2023-03-30T00:00:00,1791.89,1829.88,1763.00,1786.50,1448555.416
2023-03-30T04:00:00,1786.50,1813.07,1784.23,1805.55,511381.042
2023-03-30T08:00:00,1805.55,1807.83,1792.00,1803.93,347975.343
2023-03-30T12:00:00,1803.92,1805.00,1782.18,1788.58,644765.651
2023-03-30T16:00:00,1788.49,1791.99,1760.84,1780.72,780242.476
2023-03-30T20:00:00,1780.72,1798.00,1777.59,1792.77,431054.790
2023-03-31T00:00:00,1792.76,1817.21,1788.38,1802.25,544460.958
2023-03-31T04:00:00,1802.25,1808.33,1777.00,1794.40,513231.550
2023-03-31T08:00:00,1794.40,1799.71,1785.03,1792.26,399755.363
2023-03-31T12:00:00,1792.26,1848.00,1789.04,1829.91,1671244.637
2023-03-31T16:00:00,1829.91,1834.49,1817.69,1828.49,517817.806
2023-03-31T20:00:00,1828.49,1829.52,1813.22,1820.81,311700.269
2023-04-01T00:00:00,1820.81,1842.80,1819.00,1825.60,357308.196
2023-04-01T04:00:00,1825.60,1829.20,1811.20,1823.28,317191.249
2023-04-01T08:00:00,1823.28,1828.12,1820.00,1823.45,212140.580
2023-04-01T12:00:00,1823.44,1826.44,1813.00,1819.74,295042.709
2023-04-01T16:00:00,1819.73,1823.99,1805.50,1814.14,288367.212
2023-04-01T20:00:00,1814.14,1824.96,1813.80,1819.82,205301.874
2023-04-02T00:00:00,1819.83,1823.03,1808.38,1817.01,236500.559
2023-04-02T04:00:00,1817.01,1824.60,1813.00,1819.82,191276.908
2023-04-02T08:00:00,1819.82,1823.00,1814.00,1816.51,182440.732
2023-04-02T12:00:00,1816.50,1818.80,1787.03,1796.62,693761.152
2023-04-02T16:00:00,1796.61,1803.03,1770.00,1780.62,521749.281
2023-04-02T20:00:00,1780.61,1794.94,1776.34,1793.56,366877.394
2023-04-03T00:00:00,1793.55,1793.79,1761.25,1777.45,498736.092
2023-04-03T04:00:00,1777.45,1794.92,1771.66,1794.00,314275.425
2023-04-03T08:00:00,1794.00,1818.00,1793.76,1806.79,789929.616
2023-04-03T12:00:00,1806.80,1822.44,1787.02,1796.02,733573.280
2023-04-03T16:00:00,1796.02,1840.00,1790.49,1818.02,1030613.004
2023-04-03T20:00:00,1818.02,1819.00,1767.20,1809.68,1151532.403
2023-04-04T00:00:00,1809.68,1816.00,1800.69,1807.03,344078.021
2023-04-04T04:00:00,1807.03,1822.06,1802.02,1811.29,396518.410
2023-04-04T08:00:00,1811.29,1877.99,1810.21,1864.18,1352285.560
2023-04-04T12:00:00,1864.18,1895.00,1848.01,1862.12,1339050.598
2023-04-04T16:00:00,1862.11,1874.00,1856.25,1867.99,439212.611
2023-04-04T20:00:00,1868.00,1887.53,1858.03,1869.11,404562.530
2023-04-05T00:00:00,1869.11,1929.00,1863.69,1911.71,1169815.236
2023-04-05T04:00:00,1911.70,1917.80,1906.55,1909.55,270476.657
2023-04-05T08:00:00,1909.54,1922.00,1902.00,1913.91,364735.852
2023-04-05T12:00:00,1913.91,1945.00,1882.20,1896.59,1577893.364
2023-04-05T16:00:00,1896.60,1917.92,1886.39,1908.48,593654.796
2023-04-05T20:00:00,1908.48,1914.00,1902.01,1907.48,220494.167
2023-04-06T00:00:00,1907.49,1908.84,1885.00,1898.00,456627.107
2023-04-06T04:00:00,1898.00,1898.01,1873.00,1878.35,415014.150
2023-04-06T08:00:00,1878.35,1885.18,1851.60,1867.75,851367.704
2023-04-06T12:00:00,1867.75,1877.72,1853.24,1873.38,709193.968
2023-04-06T16:00:00,1873.39,1882.29,1865.00,1870.30,339000.380
2023-04-06T20:00:00,1870.30,1878.04,1858.28,1871.33,266411.464
2023-04-07T00:00:00,1871.34,1881.94,1865.19,1875.91,274698.256
2023-04-07T04:00:00,1875.92,1878.44,1840.00,1850.01,523068.772
2023-04-07T08:00:00,1850.01,1858.76,1842.12,1848.50,370531.092
2023-04-07T12:00:00,1848.51,1862.80,1841.11,1859.33,494156.822
2023-04-07T16:00:00,1859.33,1861.18,1850.22,1854.09,199032.625
2023-04-07T20:00:00,1854.09,1871.70,1850.01,1862.87,232810.825
2023-04-08T00:00:00,1862.88,1871.96,1853.79,1867.35,286837.660
2023-04-08T04:00:00,1867.36,1878.81,1862.77,1871.27,261336.128
2023-04-08T08:00:00,1871.27,1873.64,1864.61,1866.60,174048.099
2023-04-08T12:00:00,1866.61,1870.35,1860.66,1866.20,174325.596
2023-04-08T16:00:00,1866.20,1868.64,1846.00,1853.26,339813.059
2023-04-08T20:00:00,1853.26,1857.89,1846.00,1848.02,197514.373
2023-04-09T00:00:00,1848.01,1859.24,1846.29,1850.95,241691.343
2023-04-09T04:00:00,1850.94,1855.00,1820.31,1834.60,580798.912
2023-04-09T08:00:00,1834.59,1839.65,1827.21,1838.51,264351.122
2023-04-09T12:00:00,1838.50,1845.00,1824.55,1835.85,388601.372
2023-04-09T16:00:00,1835.86,1866.73,1835.10,1855.60,512135.175
2023-04-09T20:00:00,1855.60,1873.70,1851.22,1857.84,403518.825
2023-04-10T00:00:00,1857.84,1862.61,1845.04,1857.10,322347.908
2023-04-10T04:00:00,1857.10,1865.99,1852.38,1859.27,232388.138
2023-04-10T08:00:00,1859.27,1862.25,1854.07,1857.17,223661.180
2023-04-10T12:00:00,1857.17,1869.60,1846.23,1860.01,479880.024
2023-04-10T16:00:00,1860.01,1904.60,1856.15,1888.14,1128078.498
2023-04-10T20:00:00,1888.14,1919.12,1876.83,1908.90,695929.372
2023-04-11T00:00:00,1908.91,1938.00,1906.90,1922.09,828531.799
2023-04-11T04:00:00,1922.09,1926.50,1908.28,1920.90,342177.862
2023-04-11T08:00:00,1920.91,1922.22,1911.05,1914.60,273654.094
2023-04-11T12:00:00,1914.60,1922.21,1900.00,1912.86,626565.176
2023-04-11T16:00:00,1912.86,1917.00,1890.00,1893.55,695185.090
2023-04-11T20:00:00,1893.55,1895.95,1880.67,1888.89,369720.545
2023-04-12T00:00:00,1888.89,1896.48,1850.38,1861.92,784209.099
2023-04-12T04:00:00,1861.91,1874.91,1859.05,1869.15,338331.369
2023-04-12T08:00:00,1869.14,1873.44,1862.81,1871.52,248360.456
2023-04-12T12:00:00,1871.52,1933.00,1865.49,1911.44,2384782.761
2023-04-12T16:00:00,1911.43,1918.50,1892.68,1900.61,642868.099
2023-04-12T20:00:00,1900.61,1930.00,1899.26,1916.86,779433.967
2023-04-13T00:00:00,1916.86,1920.00,1898.01,1911.52,519864.221
2023-04-13T04:00:00,1911.51,1926.26,1907.00,1921.10,431902.465
2023-04-13T08:00:00,1921.11,1998.00,1918.77,1985.15,2344242.065
2023-04-13T12:00:00,1985.15,2011.49,1985.11,1996.83,1395545.462
2023-04-13T16:00:00,1996.84,2025.00,1991.26,2011.52,849422.680
2023-04-13T20:00:00,2011.51,2017.96,2000.37,2011.80,403874.626
2023-04-14T00:00:00,2011.80,2137.64,2009.00,2109.31,2258267.051
2023-04-14T04:00:00,2109.31,2125.00,2102.85,2106.43,734614.933
2023-04-14T08:00:00,2106.43,2120.00,2101.01,2115.71,441891.145
2023-04-14T12:00:00,2115.70,2129.00,2051.12,2060.00,1787605.899
2023-04-14T16:00:00,2060.00,2093.94,2041.00,2090.92,1089838.453
2023-04-14T20:00:00,2090.92,2123.00,2085.43,2099.77,596281.919
2023-04-15T00:00:00,2099.77,2106.54,2071.00,2088.71,512976.772
2023-04-15T04:00:00,2088.70,2106.42,2081.33,2097.06,271186.415
2023-04-15T08:00:00,2097.06,2113.28,2092.18,2100.66,437333.317
2023-04-15T12:00:00,2100.66,2108.66,2092.30,2098.40,410123.738
2023-04-15T16:00:00,2098.40,2111.89,2082.15,2100.18,543768.055
2023-04-15T20:00:00,2100.17,2103.59,2081.50,2091.20,444580.624
2023-04-16T00:00:00,2091.20,2095.99,2072.40,2087.12,355467.644
2023-04-16T04:00:00,2087.13,2103.80,2086.48,2098.00,249379.713
2023-04-16T08:00:00,2097.99,2100.46,2081.46,2086.54,305459.768
2023-04-16T12:00:00,2086.54,2099.87,2075.00,2093.68,441319.179
2023-04-16T16:00:00,2093.67,2146.10,2088.06,2115.10,904605.207
2023-04-16T20:00:00,2115.11,2133.60,2096.36,2118.09,649004.467
2023-04-17T00:00:00,2118.09,2120.64,2070.10,2097.09,937641.001
2023-04-17T04:00:00,2097.09,2102.88,2088.00,2090.35,311108.745
2023-04-17T08:00:00,2090.35,2099.67,2065.32,2076.32,641378.408
2023-04-17T12:00:00,2076.32,2083.59,2055.50,2071.49,847269.164
2023-04-17T16:00:00,2071.50,2089.53,2070.47,2078.00,412592.897
2023-04-17T20:00:00,2078.00,2083.71,2066.40,2074.49,260299.144
2023-04-18T00:00:00,2074.49,2084.82,2047.64,2079.37,540477.032
2023-04-18T04:00:00,2079.37,2110.96,2077.30,2100.01,574364.062
2023-04-18T08:00:00,2100.01,2126.63,2093.91,2117.91,570381.244
2023-04-18T12:00:00,2117.91,2120.74,2087.16,2095.50,740837.149
2023-04-18T16:00:00,2095.50,2100.82,2068.31,2080.67,725732.018
2023-04-18T20:00:00,2080.67,2108.09,2073.33,2103.29,390808.455
2023-04-19T00:00:00,2103.29,2104.61,2086.38,2091.13,280284.531
2023-04-19T04:00:00,2091.13,2091.94,2063.00,2073.11,586726.885
2023-04-19T08:00:00,2073.10,2073.11,1948.48,1980.70,2280961.621
2023-04-19T12:00:00,1980.70,2006.00,1970.00,1982.38,901100.682
2023-04-19T16:00:00,1982.38,1990.65,1962.24,1979.60,534036.668
2023-04-19T20:00:00,1979.60,1987.76,1921.00,1932.83,1128995.978
2023-04-20T00:00:00,1932.83,1953.77,1922.58,1948.51,671100.123
2023-04-20T04:00:00,1948.52,1963.88,1946.14,1948.00,413043.286
2023-04-20T08:00:00,1948.00,1961.43,1936.00,1939.29,482480.055
2023-04-20T12:00:00,1939.28,1983.22,1935.17,1944.92,1196869.774
2023-04-20T16:00:00,1944.91,1954.41,1905.75,1926.85,1277318.515
2023-04-20T20:00:00,1926.85,1954.85,1922.05,1942.11,445290.423
2023-04-21T00:00:00,1942.10,1956.82,1933.03,1945.26,396966.703
2023-04-21T04:00:00,1945.27,1946.80,1895.00,1927.20,1022140.271
2023-04-21T08:00:00,1927.20,1933.40,1900.72,1908.17,659460.805
2023-04-21T12:00:00,1908.17,1922.95,1888.81,1903.19,1011414.812
2023-04-21T16:00:00,1903.19,1908.46,1828.00,1841.87,1658935.314
2023-04-21T20:00:00,1841.86,1854.50,1822.01,1848.00,771911.484
2023-04-22T00:00:00,1848.01,1862.00,1845.40,1858.68,309536.079
2023-04-22T04:00:00,1858.72,1864.51,1847.02,1849.91,295712.100
2023-04-22T08:00:00,1849.91,1853.99,1839.26,1851.12,303345.070
2023-04-22T12:00:00,1851.13,1872.00,1845.20,1865.77,491307.377
2023-04-22T16:00:00,1865.77,1886.50,1864.92,1871.00,556656.228
2023-04-22T20:00:00,1871.01,1878.69,1862.79,1873.39,277344.077
2023-04-23T00:00:00,1873.40,1873.40,1845.25,1861.23,463747.023
2023-04-23T04:00:00,1861.22,1876.00,1858.41,1873.23,256983.887
2023-04-23T08:00:00,1873.22,1876.78,1862.00,1873.79,331738.178
2023-04-23T12:00:00,1873.79,1882.11,1851.00,1858.35,532121.629
2023-04-23T16:00:00,1858.34,1872.25,1833.30,1845.99,680077.072
2023-04-23T20:00:00,1845.99,1868.06,1837.00,1861.30,360191.260
2023-04-24T00:00:00,1861.30,1891.30,1849.04,1867.36,720459.199
2023-04-24T04:00:00,1867.36,1867.61,1825.55,1844.77,639418.395
2023-04-24T08:00:00,1844.76,1854.79,1829.88,1854.48,621667.290
2023-04-24T12:00:00,1854.48,1875.61,1830.12,1833.74,1103786.653
2023-04-24T16:00:00,1833.73,1847.32,1806.00,1830.64,1237425.783
2023-04-24T20:00:00,1830.64,1844.83,1826.59,1841.19,314625.356
2023-04-25T00:00:00,1841.19,1850.02,1825.87,1829.51,381894.256
2023-04-25T04:00:00,1829.51,1835.97,1811.18,1814.43,519787.433
2023-04-25T08:00:00,1814.44,1829.73,1804.44,1825.22,747050.587
2023-04-25T12:00:00,1825.23,1833.94,1797.98,1814.13,868075.673
2023-04-25T16:00:00,1814.13,1847.00,1811.51,1836.82,802761.466
2023-04-25T20:00:00,1836.82,1877.60,1836.08,1865.40,846869.871
2023-04-26T00:00:00,1865.40,1883.79,1860.93,1861.95,479060.855
2023-04-26T04:00:00,1861.94,1879.70,1857.29,1861.09,344179.434
2023-04-26T08:00:00,1861.10,1919.49,1860.82,1913.67,1395545.023
2023-04-26T12:00:00,1913.68,1964.70,1913.36,1952.98,1552077.338
2023-04-26T16:00:00,1952.98,1957.93,1816.10,1827.39,1794903.206
2023-04-26T20:00:00,1827.39,1883.98,1782.03,1865.02,1762323.415
2023-04-27T00:00:00,1865.03,1939.40,1860.00,1897.62,1545443.516
2023-04-27T04:00:00,1897.63,1918.00,1871.77,1884.00,739785.881
2023-04-27T08:00:00,1884.00,1895.00,1873.40,1880.14,545760.193
2023-04-27T12:00:00,1880.15,1916.98,1858.55,1899.14,1217992.131
2023-04-27T16:00:00,1899.14,1937.70,1889.86,1921.67,907932.364
2023-04-27T20:00:00,1921.68,1930.00,1889.95,1907.67,529894.534
2023-04-28T00:00:00,1907.68,1914.60,1901.17,1904.79,365202.736
2023-04-28T04:00:00,1904.79,1923.63,1903.49,1918.35,428119.764
2023-04-28T08:00:00,1918.35,1918.84,1893.26,1901.47,506362.995
2023-04-28T12:00:00,1901.48,1914.94,1873.00,1886.03,1075237.170
2023-04-28T16:00:00,1886.02,1907.67,1882.26,1891.78,537630.178
2023-04-28T20:00:00,1891.78,1900.22,1885.63,1890.13,229663.912
2023-04-29T00:00:00,1890.13,1897.52,1885.10,1895.23,192799.544
2023-04-29T04:00:00,1895.22,1903.79,1895.22,1901.25,218588.734
2023-04-29T08:00:00,1901.24,1903.18,1892.23,1897.30,204795.521
2023-04-29T12:00:00,1897.29,1917.27,1895.52,1904.73,435649.948
2023-04-29T16:00:00,1904.73,1906.99,1881.10,1902.26,371185.802
2023-04-29T20:00:00,1902.26,1908.93,1896.30,1907.01,170862.920
2023-04-30T00:00:00,1907.01,1907.29,1891.67,1895.13,203062.226
2023-04-30T04:00:00,1895.14,1904.84,1892.05,1901.99,178031.343
2023-04-30T08:00:00,1902.00,1913.00,1898.22,1899.80,325669.755
2023-04-30T12:00:00,1899.80,1940.00,1896.41,1918.92,865525.251
2023-04-30T16:00:00,1918.92,1934.20,1892.26,1903.61,727581.630
2023-04-30T20:00:00,1903.61,1903.61,1863.90,1868.41,678109.962
2023-05-01T00:00:00,1868.41,1885.56,1821.17,1845.94,990835.828
2023-05-01T04:00:00,1845.94,1853.74,1830.66,1848.53,353542.852
2023-05-01T08:00:00,1848.52,1852.84,1839.82,1844.51,258547.634
2023-05-01T12:00:00,1844.50,1851.73,1825.50,1833.09,784634.527
2023-05-01T16:00:00,1833.10,1842.00,1806.74,1812.20,902114.854
2023-05-01T20:00:00,1812.19,1833.00,1805.28,1829.97,450703.866
2023-05-02T00:00:00,1829.97,1836.54,1821.25,1829.83,301823.309
2023-05-02T04:00:00,1829.83,1840.48,1823.24,1834.88,253965.310
2023-05-02T08:00:00,1834.88,1838.86,1824.80,1832.95,273442.354
2023-05-02T12:00:00,1832.96,1869.27,1823.00,1857.84,1349672.468
2023-05-02T16:00:00,1857.84,1882.60,1852.07,1867.68,623915.688
2023-05-02T20:00:00,1867.69,1876.42,1866.51,1869.20,262592.989
2023-05-03T00:00:00,1869.21,1870.03,1852.81,1861.79,324137.541
2023-05-03T04:00:00,1861.79,1869.17,1856.34,1864.55,248774.448
2023-05-03T08:00:00,1864.55,1871.75,1857.62,1858.70,281917.788
2023-05-03T12:00:00,1858.69,1861.84,1841.71,1852.19,773942.617
2023-05-03T16:00:00,1852.20,1898.00,1850.00,1867.18,1594730.031
2023-05-03T20:00:00,1867.19,1917.29,1856.33,1904.74,921136.124
2023-05-04T00:00:00,1904.74,1907.91,1895.17,1902.94,355352.956
2023-05-04T04:00:00,1902.94,1904.74,1895.29,1898.00,248196.341
2023-05-04T08:00:00,1898.00,1918.61,1895.64,1903.90,404881.133
2023-05-04T12:00:00,1903.89,1907.75,1876.85,1884.59,809887.877
2023-05-04T16:00:00,1884.60,1890.99,1865.72,1875.71,573774.182
2023-05-04T20:00:00,1875.71,1879.21,1868.68,1876.13,247170.263
2023-05-05T00:00:00,1876.14,1908.90,1874.80,1895.76,663393.193
2023-05-05T04:00:00,1895.75,1907.31,1891.72,1894.27,358996.568
2023-05-05T08:00:00,1894.27,1915.32,1893.36,1910.82,418620.503
2023-05-05T12:00:00,1910.83,1956.05,1880.75,1952.83,1964971.020
2023-05-05T16:00:00,1952.84,2004.99,1952.83,1990.44,1339355.970
2023-05-05T20:00:00,1990.44,1997.08,1983.87,1992.56,308513.246
2023-05-06T00:00:00,1992.55,2023.66,1962.04,1969.88,938733.717
2023-05-06T04:00:00,1969.88,1971.97,1954.27,1958.13,423839.435
2023-05-06T08:00:00,1958.12,1958.13,1920.00,1933.70,856993.735
2023-05-06T12:00:00,1933.71,1934.07,1850.00,1876.18,1706921.279
2023-05-06T16:00:00,1876.18,1905.40,1875.08,1896.98,625398.464
2023-05-06T20:00:00,1896.99,1898.95,1882.46,1895.29,328947.293
2023-05-07T00:00:00,1895.30,1917.93,1886.32,1892.32,620320.851
2023-05-07T04:00:00,1892.32,1908.13,1889.20,1904.48,274286.847
2023-05-07T08:00:00,1904.48,1912.55,1894.92,1901.31,445398.980
2023-05-07T12:00:00,1901.31,1933.00,1901.30,1916.17,747859.560
2023-05-07T16:00:00,1916.16,1922.82,1902.00,1912.00,455045.223
2023-05-07T20:00:00,1912.00,1920.82,1865.32,1869.50,655564.206
2023-05-08T00:00:00,1869.51,1883.17,1836.77,1865.00,1176346.937
2023-05-08T04:00:00,1864.99,1869.82,1833.00,1850.55,601085.545
2023-05-08T08:00:00,1850.55,1865.64,1833.50,1861.83,698253.345
2023-05-08T12:00:00,1861.83,1876.62,1846.00,1863.93,855488.886
2023-05-08T16:00:00,1863.93,1866.00,1810.00,1828.11,1192328.456
2023-05-08T20:00:00,1828.10,1850.00,1825.29,1846.54,381863.484
2023-05-09T00:00:00,1846.54,1856.90,1835.85,1842.75,393159.118
2023-05-09T04:00:00,1842.76,1849.45,1830.05,1847.58,389697.081
2023-05-09T08:00:00,1847.57,1848.72,1833.03,1845.70,326882.227
2023-05-09T12:00:00,1845.70,1853.83,1833.50,1838.90,655664.352
2023-05-09T16:00:00,1838.90,1857.90,1835.29,1851.79,471279.356
2023-05-09T20:00:00,1851.79,1863.00,1840.21,1845.80,273102.473
2023-05-10T00:00:00,1845.80,1858.69,1840.54,1842.60,326659.689
2023-05-10T04:00:00,1842.61,1848.49,1832.30,1837.67,281284.790
2023-05-10T08:00:00,1837.66,1850.67,1833.57,1849.63,313177.144
2023-05-10T12:00:00,1849.63,1887.00,1845.78,1871.81,1465350.123
2023-05-10T16:00:00,1871.79,1879.35,1785.74,1848.67,1853138.430
2023-05-10T20:00:00,1848.68,1862.39,1825.00,1839.86,663493.251
2023-05-11T00:00:00,1839.86,1841.24,1818.66,1826.53,430222.819
2023-05-11T04:00:00,1826.53,1834.75,1823.46,1828.62,283591.190
2023-05-11T08:00:00,1828.62,1828.71,1805.78,1820.18,520053.535
2023-05-11T12:00:00,1820.18,1841.54,1780.00,1806.85,1391462.196
2023-05-11T16:00:00,1806.85,1810.00,1768.42,1783.80,1023520.224
2023-05-11T20:00:00,1783.81,1800.73,1781.36,1793.24,357089.763
2023-05-12T00:00:00,1793.25,1800.00,1757.00,1762.82,665226.489
2023-05-12T04:00:00,1762.82,1769.37,1735.37,1758.49,912161.973
2023-05-12T08:00:00,1758.49,1771.60,1754.26,1763.95,441838.890
2023-05-12T12:00:00,1763.95,1782.87,1760.00,1764.76,685422.271
2023-05-12T16:00:00,1764.76,1795.00,1741.33,1789.13,859269.888
2023-05-12T20:00:00,1789.13,1820.00,1780.01,1806.53,710348.201
2023-05-13T00:00:00,1806.53,1816.24,1800.20,1804.69,287868.912
2023-05-13T04:00:00,1804.70,1806.05,1796.00,1802.01,262760.415
2023-05-13T08:00:00,1802.01,1810.90,1800.25,1802.96,223331.029
2023-05-13T12:00:00,1802.97,1809.50,1784.00,1795.00,426541.400
2023-05-13T16:00:00,1795.00,1805.89,1784.02,1791.73,378494.070
2023-05-13T20:00:00,1791.73,1804.31,1791.35,1794.44,215112.522
2023-05-14T00:00:00,1794.44,1804.76,1789.41,1803.18,264616.190
2023-05-14T04:00:00,1803.17,1809.10,1800.01,1804.24,242726.569
2023-05-14T08:00:00,1804.25,1805.85,1798.00,1801.34,184431.312
2023-05-14T12:00:00,1801.39,1825.27,1796.44,1818.15,691986.422
2023-05-14T16:00:00,1818.16,1820.91,1791.01,1795.28,447198.591
2023-05-14T20:00:00,1795.28,1802.11,1790.54,1798.25,234160.542
2023-05-15T00:00:00,1798.26,1837.35,1783.51,1825.19,861691.833
2023-05-15T04:00:00,1825.18,1833.82,1816.32,1827.98,486339.926
2023-05-15T08:00:00,1827.98,1835.00,1822.58,1823.63,253418.514
2023-05-15T12:00:00,1823.62,1835.00,1810.70,1826.90,533289.684
2023-05-15T16:00:00,1826.90,1848.00,1822.65,1827.99,684040.319
2023-05-15T20:00:00,1827.99,1828.96,1811.37,1815.56,244164.822
2023-05-16T00:00:00,1815.56,1822.22,1795.00,1812.92,685393.032
2023-05-16T04:00:00,1812.93,1822.79,1805.01,1821.69,294769.402
2023-05-16T08:00:00,1821.68,1826.92,1810.67,1815.65,360522.282
2023-05-16T12:00:00,1815.65,1822.72,1808.93,1819.37,500450.961
2023-05-16T16:00:00,1819.38,1832.93,1813.13,1815.74,498709.027
2023-05-16T20:00:00,1815.74,1828.77,1813.89,1823.53,220096.960
2023-05-17T00:00:00,1823.52,1837.85,1816.88,1822.80,361253.820
2023-05-17T04:00:00,1822.80,1825.48,1801.13,1806.76,381906.463
2023-05-17T08:00:00,1806.76,1808.00,1787.00,1789.41,599500.853
2023-05-17T12:00:00,1789.41,1799.66,1781.00,1796.38,626004.537
2023-05-17T16:00:00,1796.37,1833.88,1793.65,1827.30,836779.199
2023-05-17T20:00:00,1827.29,1834.79,1818.56,1821.65,352782.335
2023-05-18T00:00:00,1821.65,1827.72,1817.01,1825.86,237848.454
2023-05-18T04:00:00,1825.86,1831.46,1813.52,1826.25,351046.494
2023-05-18T08:00:00,1826.26,1829.01,1822.40,1824.90,247836.845
2023-05-18T12:00:00,1824.91,1826.29,1803.16,1807.26,734910.324
2023-05-18T16:00:00,1807.25,1812.23,1770.00,1794.37,1016032.998
2023-05-18T20:00:00,1794.36,1821.51,1792.45,1799.69,458784.188
2023-05-19T00:00:00,1799.69,1806.65,1795.72,1800.75,264605.401
2023-05-19T04:00:00,1800.76,1809.87,1798.03,1804.53,231656.161
2023-05-19T08:00:00,1804.54,1811.55,1804.10,1806.73,229473.997
2023-05-19T12:00:00,1806.73,1830.00,1798.63,1814.64,978304.229
2023-05-19T16:00:00,1814.64,1822.42,1806.00,1810.91,323338.106
2023-05-19T20:00:00,1810.91,1815.46,1808.32,1811.38,115517.106
2023-05-20T00:00:00,1811.38,1812.99,1805.96,1812.51,143419.136
2023-05-20T04:00:00,1812.51,1813.36,1807.30,1810.24,105179.479
2023-05-20T08:00:00,1810.24,1815.28,1810.23,1812.48,114140.733
2023-05-20T12:00:00,1812.48,1820.19,1811.62,1816.63,183136.131
2023-05-20T16:00:00,1816.63,1828.88,1812.55,1820.75,349656.160
2023-05-20T20:00:00,1820.76,1822.13,1810.84,1818.59,135765.337
2023-05-21T00:00:00,1818.59,1828.91,1815.32,1817.06,227340.127
2023-05-21T04:00:00,1817.06,1817.06,1812.23,1816.19,135181.529
2023-05-21T08:00:00,1816.19,1816.69,1805.04,1808.43,289357.070
2023-05-21T12:00:00,1808.42,1817.40,1801.24,1806.41,290230.828
2023-05-21T16:00:00,1806.41,1809.80,1801.22,1809.38,197112.518
2023-05-21T20:00:00,1809.38,1810.90,1794.45,1803.89,258407.080
2023-05-22T00:00:00,1803.90,1806.24,1790.76,1800.20,420066.648
2023-05-22T04:00:00,1800.20,1814.81,1799.80,1810.16,279978.609
2023-05-22T08:00:00,1810.17,1819.75,1809.60,1813.89,343250.757
2023-05-22T12:00:00,1813.89,1827.99,1806.71,1815.83,777866.395
2023-05-22T16:00:00,1815.82,1822.99,1812.41,1815.77,277548.491
2023-05-22T20:00:00,1815.78,1825.50,1812.22,1816.67,171942.643
2023-05-23T00:00:00,1816.68,1874.23,1814.25,1864.95,1092159.894
2023-05-23T04:00:00,1864.96,1868.37,1845.00,1853.89,516741.712
2023-05-23T08:00:00,1853.89,1857.43,1848.85,1854.32,231753.620
2023-05-23T12:00:00,1854.32,1860.00,1840.54,1856.30,550329.202
2023-05-23T16:00:00,1856.30,1856.92,1841.24,1850.82,355449.366
2023-05-23T20:00:00,1850.82,1856.75,1845.06,1853.36,188766.887
2023-05-24T00:00:00,1853.37,1853.50,1810.00,1820.85,835578.448
2023-05-24T04:00:00,1820.84,1827.54,1812.22,1813.35,480700.320
2023-05-24T08:00:00,1813.34,1820.74,1808.34,1815.37,353776.827
2023-05-24T12:00:00,1815.36,1817.79,1775.00,1792.51,1140484.617
2023-05-24T16:00:00,1792.50,1797.93,1783.33,1791.91,406135.670
2023-05-24T20:00:00,1791.91,1808.98,1790.34,1798.84,391077.915
2023-05-25T00:00:00,1798.84,1807.20,1758.00,1780.19,700492.463
2023-05-25T04:00:00,1780.18,1786.93,1772.30,1777.90,334178.879
2023-05-25T08:00:00,1777.89,1792.51,1777.81,1788.63,278970.613
2023-05-25T12:00:00,1788.64,1819.93,1785.70,1790.63,812317.856
2023-05-25T16:00:00,1790.63,1818.71,1790.31,1808.05,556567.829
2023-05-25T20:00:00,1808.04,1813.30,1804.65,1804.65,210512.030
2023-05-26T00:00:00,1804.65,1808.60,1795.99,1806.43,271262.211
2023-05-26T04:00:00,1806.44,1816.52,1800.77,1815.66,249304.424
2023-05-26T08:00:00,1815.66,1818.00,1810.12,1811.46,232503.196
2023-05-26T12:00:00,1811.45,1837.93,1807.81,1829.85,894610.266
2023-05-26T16:00:00,1829.84,1836.51,1821.29,1834.93,362523.901
2023-05-26T20:00:00,1834.93,1837.54,1825.00,1826.81,165153.923
2023-05-27T00:00:00,1826.81,1835.70,1823.91,1833.33,185159.845
2023-05-27T04:00:00,1833.33,1834.81,1827.33,1829.26,148432.747
2023-05-27T08:00:00,1829.25,1829.48,1821.42,1825.82,203923.690
2023-05-27T12:00:00,1825.81,1831.58,1810.63,1822.97,312108.246
2023-05-27T16:00:00,1822.96,1828.38,1815.84,1825.48,208050.667
2023-05-27T20:00:00,1825.47,1831.56,1823.25,1828.85,137262.309
2023-05-28T00:00:00,1828.85,1860.00,1822.31,1850.01,692785.744
2023-05-28T04:00:00,1850.00,1858.55,1844.06,1846.70,263553.174
2023-05-28T08:00:00,1846.71,1850.97,1842.08,1842.61,211306.635
2023-05-28T12:00:00,1842.60,1844.50,1835.66,1843.19,251742.279
2023-05-28T16:00:00,1843.18,1859.00,1838.30,1847.74,480896.052
2023-05-28T20:00:00,1847.74,1930.00,1847.53,1908.36,1005488.804
2023-05-29T00:00:00,1908.36,1928.20,1900.42,1903.22,577757.183
2023-05-29T04:00:00,1903.21,1906.00,1893.23,1899.58,365981.353
2023-05-29T08:00:00,1899.58,1905.00,1892.11,1902.87,262168.955
2023-05-29T12:00:00,1902.86,1905.00,1880.95,1889.14,497165.667
2023-05-29T16:00:00,1889.14,1895.76,1872.00,1890.56,521287.612
2023-05-29T20:00:00,1890.57,1903.76,1884.73,1891.50,253556.409
2023-05-30T00:00:00,1891.51,1912.92,1880.02,1899.78,361481.345
2023-05-30T04:00:00,1899.78,1904.59,1891.87,1897.67,245417.086
2023-05-30T08:00:00,1897.67,1917.00,1897.66,1914.49,378254.500
2023-05-30T12:00:00,1914.48,1915.00,1893.00,1899.78,605756.337
2023-05-30T16:00:00,1899.78,1912.50,1890.28,1906.25,370547.869
2023-05-30T20:00:00,1906.25,1914.80,1896.29,1899.81,245732.623
2023-05-31T00:00:00,1899.81,1906.57,1882.39,1896.82,337193.377
2023-05-31T04:00:00,1896.82,1897.43,1856.00,1868.67,869743.266
2023-05-31T08:00:00,1868.66,1873.00,1861.10,1864.57,292081.440
2023-05-31T12:00:00,1864.56,1874.78,1845.00,1857.32,616459.459
2023-05-31T16:00:00,1857.31,1869.22,1853.50,1862.91,310604.951
2023-05-31T20:00:00,1862.92,1881.63,1860.17,1872.84,230888.278
2023-06-01T00:00:00,1872.85,1889.61,1837.94,1854.81,869120.584
2023-06-01T04:00:00,1854.81,1859.59,1850.02,1853.60,258068.536
2023-06-01T08:00:00,1853.60,1865.38,1851.21,1860.80,224687.165
2023-06-01T12:00:00,1860.81,1866.01,1854.77,1862.79,339593.651
2023-06-01T16:00:00,1862.80,1883.07,1855.48,1868.62,627525.831
2023-06-01T20:00:00,1868.61,1872.72,1851.48,1860.59,286801.392
2023-06-02T00:00:00,1860.59,1881.00,1846.00,1878.01,525656.820
2023-06-02T04:00:00,1878.01,1897.12,1874.59,1884.99,482159.697
2023-06-02T08:00:00,1884.99,1901.81,1884.88,1894.13,259602.195
2023-06-02T12:00:00,1894.13,1898.60,1874.50,1890.88,746656.497
2023-06-02T16:00:00,1890.89,1911.00,1886.01,1907.31,446237.034
2023-06-02T20:00:00,1907.31,1909.99,1901.61,1905.58,185954.147
2023-06-03T00:00:00,1905.59,1907.09,1895.67,1898.92,200223.626
2023-06-03T04:00:00,1898.93,1905.53,1896.35,1901.64,132960.723
2023-06-03T08:00:00,1901.63,1905.93,1897.44,1902.99,147182.083
2023-06-03T12:00:00,1902.99,1905.99,1888.00,1902.50,249814.442
2023-06-03T16:00:00,1902.51,1903.18,1878.50,1884.90,382566.993
2023-06-03T20:00:00,1884.90,1891.92,1880.64,1890.91,167602.884
2023-06-04T00:00:00,1890.90,1894.14,1883.19,1893.04,165486.798
2023-06-04T04:00:00,1893.04,1901.43,1890.00,1898.95,158122.830
2023-06-04T08:00:00,1898.96,1908.20,1897.50,1902.25,222158.238
2023-06-04T12:00:00,1902.24,1914.53,1897.98,1900.96,349135.937
2023-06-04T16:00:00,1900.96,1904.87,1895.00,1903.67,180450.902
2023-06-04T20:00:00,1903.68,1912.57,1883.62,1888.54,472328.118
2023-06-05T00:00:00,1888.54,1890.01,1865.11,1869.05,687192.074
2023-06-05T04:00:00,1869.04,1872.91,1860.14,1872.39,366264.011
2023-06-05T08:00:00,1872.38,1872.99,1862.02,1868.64,259532.278
2023-06-05T12:00:00,1868.65,1870.63,1818.88,1818.95,1196633.215
2023-06-05T16:00:00,1819.00,1823.53,1775.00,1805.48,1422846.971
2023-06-05T20:00:00,1805.48,1815.41,1791.05,1810.03,324823.482
2023-06-06T00:00:00,1810.03,1813.19,1801.76,1810.80,254404.608
2023-06-06T04:00:00,1810.81,1818.20,1810.00,1812.26,242535.836
2023-06-06T08:00:00,1812.26,1822.45,1807.32,1812.75,295872.539
2023-06-06T12:00:00,1812.75,1846.66,1796.00,1841.38,1570077.342
2023-06-06T16:00:00,1841.38,1898.00,1841.38,1891.13,1450819.956
2023-06-06T20:00:00,1891.13,1894.80,1873.02,1883.26,519445.987
2023-06-07T00:00:00,1883.26,1897.20,1871.00,1876.77,484511.522
2023-06-07T04:00:00,1876.77,1883.73,1874.00,1874.39,266513.234
2023-06-07T08:00:00,1874.40,1878.88,1841.29,1869.64,888747.959
2023-06-07T12:00:00,1869.64,1870.20,1833.09,1838.29,1072276.404
2023-06-07T16:00:00,1838.28,1851.70,1831.17,1849.64,492056.072
2023-06-07T20:00:00,1849.65,1850.37,1820.00,1831.31,499838.430
2023-06-08T00:00:00,1831.32,1840.93,1827.42,1834.35,284034.858
2023-06-08T04:00:00,1834.35,1845.99,1831.39,1841.12,261731.191
2023-06-08T08:00:00,1841.12,1848.22,1837.04,1842.75,189047.773
2023-06-08T12:00:00,1842.76,1861.41,1836.68,1854.77,629536.579
2023-06-08T16:00:00,1854.76,1855.47,1840.15,1846.98,285037.708
2023-06-08T20:00:00,1846.99,1853.70,1843.96,1844.94,184015.930
2023-06-09T00:00:00,1844.93,1848.66,1825.00,1837.16,420790.402
2023-06-09T04:00:00,1837.15,1841.06,1830.00,1835.23,222581.020
2023-06-09T08:00:00,1835.23,1847.14,1833.41,1843.11,261320.595
2023-06-09T12:00:00,1843.11,1854.77,1838.07,1840.60,552737.113
2023-06-09T16:00:00,1840.59,1842.98,1828.74,1830.16,298831.739
2023-06-09T20:00:00,1830.16,1840.60,1827.00,1839.61,174274.882
2023-06-10T00:00:00,1839.61,1844.80,1821.17,1826.50,448170.051
2023-06-10T04:00:00,1826.51,1829.24,1723.00,1731.41,2454556.865
2023-06-10T08:00:00,1731.40,1749.01,1712.08,1746.87,726815.239
2023-06-10T12:00:00,1746.87,1746.97,1732.00,1736.69,365669.479
2023-06-10T16:00:00,1736.70,1772.54,1715.29,1743.32,1275297.829
2023-06-10T20:00:00,1743.32,1756.99,1737.41,1750.64,280661.869
2023-06-11T00:00:00,1750.65,1751.87,1742.61,1751.02,234071.985
2023-06-11T04:00:00,1751.02,1759.00,1743.00,1752.22,240265.814
2023-06-11T08:00:00,1752.22,1754.93,1744.00,1751.49,204388.589
2023-06-11T12:00:00,1751.48,1751.77,1737.29,1740.14,305691.923
2023-06-11T16:00:00,1740.13,1767.96,1738.70,1761.49,538195.015
2023-06-11T20:00:00,1761.50,1778.36,1740.18,1751.80,508200.256
2023-06-12T00:00:00,1751.80,1754.97,1717.50,1735.15,656432.520
2023-06-12T04:00:00,1735.15,1747.63,1731.70,1735.99,285221.722
2023-06-12T08:00:00,1735.99,1759.32,1733.58,1744.76,489963.419
2023-06-12T12:00:00,1744.77,1746.27,1727.01,1730.80,433347.974
2023-06-12T16:00:00,1730.81,1746.89,1719.29,1732.18,552850.783
2023-06-12T20:00:00,1732.17,1745.84,1729.51,1741.61,197607.373
2023-06-13T00:00:00,1741.60,1755.99,1727.40,1746.55,544025.831
2023-06-13T04:00:00,1746.55,1752.58,1740.00,1747.26,219624.615
2023-06-13T08:00:00,1747.27,1758.80,1745.22,1753.06,397821.341
2023-06-13T12:00:00,1753.06,1766.53,1722.53,1729.58,1234015.400
2023-06-13T16:00:00,1729.58,1750.47,1728.56,1739.72,388402.569
2023-06-13T20:00:00,1739.73,1743.88,1732.38,1739.24,195027.111
2023-06-14T00:00:00,1739.24,1748.00,1737.63,1745.55,214971.001
2023-06-14T04:00:00,1745.55,1746.54,1735.80,1740.40,199843.824
2023-06-14T08:00:00,1740.40,1749.65,1739.96,1745.48,213046.833
2023-06-14T12:00:00,1745.48,1748.80,1736.00,1739.96,323469.352
2023-06-14T16:00:00,1739.96,1747.00,1718.00,1727.58,1043335.046
2023-06-14T20:00:00,1727.57,1728.20,1625.50,1650.18,1968179.706
2023-06-15T00:00:00,1650.19,1654.97,1642.29,1651.01,299069.221
2023-06-15T04:00:00,1651.01,1652.46,1630.40,1639.31,523507.954
2023-06-15T08:00:00,1639.31,1644.72,1625.56,1642.44,601337.336
2023-06-15T12:00:00,1642.46,1651.98,1635.00,1641.64,559254.167
2023-06-15T16:00:00,1641.65,1671.61,1632.32,1668.16,745432.156
2023-06-15T20:00:00,1668.17,1680.00,1653.42,1665.64,556378.550
2023-06-16T00:00:00,1665.64,1668.80,1658.54,1665.85,203861.674
2023-06-16T04:00:00,1665.85,1674.30,1665.46,1670.31,245483.797
2023-06-16T08:00:00,1670.32,1676.69,1662.25,1663.77,300475.340
2023-06-16T12:00:00,1663.77,1687.00,1644.65,1681.64,840478.173
2023-06-16T16:00:00,1681.64,1730.00,1676.49,1721.51,1218258.133
2023-06-16T20:00:00,1721.51,1728.94,1714.78,1717.31,290917.988
2023-06-17T00:00:00,1717.31,1721.37,1713.38,1717.99,203050.280
2023-06-17T04:00:00,1717.99,1775.00,1716.68,1743.94,853960.709
2023-06-17T08:00:00,1743.95,1746.77,1732.63,1737.69,264124.562
2023-06-17T12:00:00,1737.68,1741.59,1715.20,1726.99,468424.566
2023-06-17T16:00:00,1726.99,1731.86,1720.77,1727.51,230902.261
2023-06-17T20:00:00,1727.51,1731.99,1722.00,1727.20,141268.480
2023-06-18T00:00:00,1727.19,1729.56,1719.21,1728.03,186097.293
2023-06-18T04:00:00,1728.02,1738.44,1721.10,1729.50,251461.832
2023-06-18T08:00:00,1729.50,1734.86,1725.40,1733.77,169990.209
2023-06-18T12:00:00,1733.77,1741.72,1729.24,1737.17,261651.431
2023-06-18T16:00:00,1737.17,1747.50,1735.22,1740.60,247215.628
2023-06-18T20:00:00,1740.60,1742.49,1710.77,1719.99,522180.965
2023-06-19T00:00:00,1719.99,1727.57,1713.25,1722.85,233224.996
2023-06-19T04:00:00,1722.85,1727.00,1719.23,1723.71,135945.961
2023-06-19T08:00:00,1723.71,1726.60,1718.99,1725.01,171126.851
2023-06-19T12:00:00,1725.01,1733.62,1715.00,1720.81,444164.279
2023-06-19T16:00:00,1720.80,1753.00,1689.29,1723.48,1291749.947
2023-06-19T20:00:00,1723.48,1737.47,1721.61,1736.21,315390.373
2023-06-20T00:00:00,1736.20,1749.00,1729.30,1729.92,338320.514
2023-06-20T04:00:00,1729.92,1733.96,1722.69,1729.11,225226.282
2023-06-20T08:00:00,1729.11,1734.56,1722.77,1733.73,217575.588
2023-06-20T12:00:00,1733.74,1738.20,1713.57,1731.66,533618.116
2023-06-20T16:00:00,1731.65,1792.00,1727.34,1781.82,1586306.555
2023-06-20T20:00:00,1781.82,1796.84,1773.25,1791.37,565375.918
2023-06-21T00:00:00,1791.37,1828.00,1786.56,1810.86,830853.513
2023-06-21T04:00:00,1810.87,1822.88,1807.31,1812.05,425312.634
2023-06-21T08:00:00,1812.05,1834.45,1806.58,1829.01,535312.760
2023-06-21T12:00:00,1829.01,1858.58,1813.90,1848.79,1442093.096
2023-06-21T16:00:00,1848.79,1901.60,1845.71,1881.92,1558284.401
2023-06-21T20:00:00,1881.91,1901.58,1871.21,1888.31,538942.427
2023-06-22T00:00:00,1888.30,1933.70,1883.03,1917.68,790491.455
2023-06-22T04:00:00,1917.69,1918.80,1902.00,1910.20,338514.229
2023-06-22T08:00:00,1910.19,1911.97,1880.08,1886.20,534816.428
2023-06-22T12:00:00,1886.20,1909.00,1862.00,1876.60,835533.299
2023-06-22T16:00:00,1876.60,1892.25,1874.59,1889.05,396065.976
2023-06-22T20:00:00,1889.06,1891.00,1865.00,1871.36,242439.031
2023-06-23T00:00:00,1871.37,1883.38,1861.77,1881.30,289400.713
2023-06-23T04:00:00,1881.31,1886.24,1873.86,1879.80,199632.354
2023-06-23T08:00:00,1879.81,1888.28,1873.56,1878.84,272508.992
2023-06-23T12:00:00,1878.84,1923.14,1859.96,1916.53,1143932.320
2023-06-23T16:00:00,1916.53,1938.48,1885.00,1900.13,1141683.524
2023-06-23T20:00:00,1900.13,1908.17,1875.00,1892.20,358804.530
2023-06-24T00:00:00,1892.20,1896.28,1877.00,1893.36,299337.440
2023-06-24T04:00:00,1893.36,1897.52,1881.03,1882.04,175096.634
2023-06-24T08:00:00,1882.05,1892.48,1881.30,1889.50,168942.527
2023-06-24T12:00:00,1889.50,1905.60,1867.00,1873.25,544384.154
2023-06-24T16:00:00,1873.25,1888.92,1865.55,1887.41,323386.686
2023-06-24T20:00:00,1887.42,1887.42,1863.00,1874.48,252077.453
2023-06-25T00:00:00,1874.47,1896.50,1867.84,1894.47,328908.827
2023-06-25T04:00:00,1894.47,1929.96,1894.46,1910.84,753218.354
2023-06-25T08:00:00,1910.85,1924.66,1906.24,1917.77,451563.529
2023-06-25T12:00:00,1917.78,1919.50,1879.02,1885.48,659514.414
2023-06-25T16:00:00,1885.48,1895.32,1880.31,1894.27,320806.550
2023-06-25T20:00:00,1894.26,1907.02,1887.36,1898.27,267146.462
2023-06-26T00:00:00,1898.26,1904.00,1864.00,1879.50,586552.677
2023-06-26T04:00:00,1879.50,1905.00,1869.69,1891.50,439756.725
2023-06-26T08:00:00,1891.50,1893.65,1871.27,1880.01,364894.377
2023-06-26T12:00:00,1880.00,1909.32,1869.39,1888.45,741026.455
2023-06-26T16:00:00,1888.45,1890.23,1836.00,1853.43,1025238.280
2023-06-26T20:00:00,1853.43,1860.00,1846.13,1858.14,243040.621
2023-06-27T00:00:00,1858.14,1878.95,1854.14,1871.25,363620.219
2023-06-27T04:00:00,1871.25,1878.88,1860.95,1875.00,300311.077
2023-06-27T08:00:00,1875.01,1890.00,1870.35,1880.41,493766.899
2023-06-27T12:00:00,1880.41,1896.00,1859.03,1870.41,679670.760
2023-06-27T16:00:00,1870.40,1912.65,1868.62,1893.75,749266.951
2023-06-27T20:00:00,1893.76,1897.41,1883.92,1889.05,242644.218
2023-06-28T00:00:00,1889.05,1889.65,1850.67,1865.91,655353.783
2023-06-28T04:00:00,1865.91,1869.32,1847.01,1849.86,481483.065
2023-06-28T08:00:00,1849.86,1864.77,1849.03,1859.93,238858.105
2023-06-28T12:00:00,1859.93,1868.68,1843.88,1858.80,647099.786
2023-06-28T16:00:00,1858.79,1864.42,1811.89,1831.43,771681.291
2023-06-28T20:00:00,1831.43,1836.53,1823.96,1827.26,293682.040
2023-06-29T00:00:00,1827.26,1842.44,1827.02,1837.10,228814.221
2023-06-29T04:00:00,1837.09,1849.80,1835.54,1846.43,226928.308
2023-06-29T08:00:00,1846.43,1872.59,1845.82,1869.15,574046.747
2023-06-29T12:00:00,1869.15,1879.98,1845.80,1851.28,637428.603
2023-06-29T16:00:00,1851.28,1859.79,1840.05,1856.42,361799.214
2023-06-29T20:00:00,1856.42,1858.80,1841.70,1851.19,215609.398
2023-06-30T00:00:00,1851.18,1878.69,1840.14,1872.73,531992.187
2023-06-30T04:00:00,1872.74,1908.53,1868.46,1886.85,906749.871
2023-06-30T08:00:00,1886.85,1894.00,1882.52,1890.52,328974.622
2023-06-30T12:00:00,1890.52,1913.92,1820.00,1851.15,1899830.047
2023-06-30T16:00:00,1851.15,1947.31,1847.89,1925.97,1913091.192
2023-06-30T20:00:00,1925.96,1943.99,1916.90,1933.41,380868.359
2023-07-01T00:00:00,1933.42,1944.69,1917.01,1919.72,382232.113
2023-07-01T04:00:00,1919.72,1921.97,1908.55,1919.80,333509.155
2023-07-01T08:00:00,1919.80,1926.49,1910.33,1921.98,315631.259
2023-07-01T12:00:00,1921.99,1929.67,1916.72,1922.15,277933.783
2023-07-01T16:00:00,1922.15,1923.99,1916.00,1922.24,166413.399
2023-07-01T20:00:00,1922.24,1927.18,1920.00,1924.08,108287.000
2023-07-02T00:00:00,1924.08,1926.73,1910.49,1913.67,299631.959
2023-07-02T04:00:00,1913.66,1916.23,1909.44,1914.15,220346.605
2023-07-02T08:00:00,1914.15,1922.64,1910.74,1919.99,229453.319
2023-07-02T12:00:00,1920.00,1927.95,1883.55,1917.87,626263.459
2023-07-02T16:00:00,1917.87,1924.03,1900.88,1913.50,354523.211
2023-07-02T20:00:00,1913.49,1964.00,1905.00,1937.69,872069.212
2023-07-03T00:00:00,1937.69,1953.92,1933.04,1948.40,315230.801
2023-07-03T04:00:00,1948.40,1975.54,1939.15,1968.01,549969.335
2023-07-03T08:00:00,1968.00,1978.00,1954.11,1961.38,443443.773
2023-07-03T12:00:00,1961.38,1977.52,1954.06,1968.16,660362.258
2023-07-03T16:00:00,1968.17,1974.75,1952.65,1966.91,524105.918
2023-07-03T20:00:00,1966.91,1967.74,1946.01,1955.00,290750.061
2023-07-04T00:00:00,1955.00,1967.91,1950.00,1962.64,303069.304
2023-07-04T04:00:00,1962.65,1963.01,1945.37,1948.26,278271.811
2023-07-04T08:00:00,1948.25,1961.80,1945.98,1960.13,247683.357
2023-07-04T12:00:00,1960.13,1961.16,1949.43,1953.89,261770.853
2023-07-04T16:00:00,1953.89,1965.99,1930.37,1933.67,636967.902
2023-07-04T20:00:00,1933.67,1942.00,1931.33,1935.72,185788.195
2023-07-05T00:00:00,1935.72,1942.22,1933.07,1940.92,160396.486
2023-07-05T04:00:00,1940.91,1941.42,1931.55,1936.13,176035.817
2023-07-05T08:00:00,1936.14,1936.91,1902.00,1909.95,811479.654
2023-07-05T12:00:00,1909.89,1913.54,1892.90,1902.02,686446.686
2023-07-05T16:00:00,1902.01,1917.71,1900.45,1906.98,277457.636
2023-07-05T20:00:00,1906.98,1915.88,1903.02,1909.88,178777.040
2023-07-06T00:00:00,1909.88,1915.50,1897.44,1912.56,246561.448
2023-07-06T04:00:00,1912.56,1929.46,1908.87,1924.23,361016.588
2023-07-06T08:00:00,1924.24,1957.94,1910.00,1916.70,1087884.000
2023-07-06T12:00:00,1916.69,1918.00,1864.00,1887.60,1568818.760
2023-07-06T16:00:00,1887.60,1893.89,1878.00,1884.52,390217.543
2023-07-06T20:00:00,1884.52,1887.12,1844.47,1844.82,565119.027
2023-07-07T00:00:00,1844.81,1859.14,1823.74,1857.00,581005.690
2023-07-07T04:00:00,1857.00,1862.93,1850.58,1855.36,281027.789
2023-07-07T08:00:00,1855.35,1864.88,1852.78,1859.41,220335.770
2023-07-07T12:00:00,1859.40,1877.51,1850.00,1871.27,656564.842
2023-07-07T16:00:00,1871.27,1874.52,1855.00,1863.37,273508.721
2023-07-07T20:00:00,1863.36,1871.10,1862.02,1870.00,137933.069
2023-07-08T00:00:00,1870.00,1873.10,1861.80,1863.37,171901.310
2023-07-08T04:00:00,1863.36,1863.37,1853.28,1860.66,226714.644
2023-07-08T08:00:00,1860.66,1866.87,1856.29,1858.34,171395.803
2023-07-08T12:00:00,1858.33,1861.35,1854.93,1858.35,130202.204
2023-07-08T16:00:00,1858.35,1865.43,1842.00,1845.91,247728.884
2023-07-08T20:00:00,1845.91,1865.75,1841.28,1864.45,196710.903
2023-07-09T00:00:00,1864.45,1873.99,1861.93,1867.00,238122.120
2023-07-09T04:00:00,1867.00,1870.08,1863.06,1866.48,139007.494
2023-07-09T08:00:00,1866.47,1868.94,1862.93,1868.08,105879.284
2023-07-09T12:00:00,1868.08,1878.98,1855.46,1865.52,472822.335
2023-07-09T16:00:00,1865.52,1868.00,1861.03,1867.80,117911.424
2023-07-09T20:00:00,1867.80,1870.93,1855.20,1861.81,242070.872
2023-07-10T00:00:00,1861.81,1867.33,1845.09,1860.99,390385.828
2023-07-10T04:00:00,1860.99,1862.42,1851.44,1855.42,210465.063
2023-07-10T08:00:00,1855.43,1864.75,1848.00,1863.29,243683.667
2023-07-10T12:00:00,1863.29,1873.00,1858.92,1870.00,381184.525
2023-07-10T16:00:00,1870.01,1900.40,1864.46,1899.45,593546.188
2023-07-10T20:00:00,1899.45,1904.96,1865.97,1879.34,638221.490
2023-07-11T00:00:00,1879.35,1884.07,1874.27,1878.83,222017.586
2023-07-11T04:00:00,1878.83,1892.32,1876.12,1882.39,238186.781
2023-07-11T08:00:00,1882.39,1883.19,1862.43,1866.42,374185.808
2023-07-11T12:00:00,1866.41,1881.86,1861.10,1871.16,474901.178
2023-07-11T16:00:00,1871.16,1875.76,1865.00,1873.99,244670.807
2023-07-11T20:00:00,1874.00,1879.50,1870.65,1877.66,136905.749
2023-07-12T00:00:00,1877.66,1889.17,1875.73,1879.56,274330.086
2023-07-12T04:00:00,1879.56,1896.43,1877.59,1889.99,328687.893
2023-07-12T08:00:00,1890.00,1891.37,1885.50,1889.99,158968.821
2023-07-12T12:00:00,1889.99,1901.86,1876.45,1882.53,981526.991
2023-07-12T16:00:00,1882.53,1890.86,1865.10,1869.31,538075.969
2023-07-12T20:00:00,1869.31,1873.26,1863.15,1870.81,233269.514
2023-07-13T00:00:00,1870.82,1875.85,1864.78,1866.79,190491.869
2023-07-13T04:00:00,1866.79,1874.08,1861.59,1869.71,239703.161
2023-07-13T08:00:00,1869.71,1884.77,1869.00,1882.96,313361.901
2023-07-13T12:00:00,1882.97,1944.74,1875.03,1932.36,1223775.933
2023-07-13T16:00:00,1932.58,2014.80,1930.28,1995.46,2544324.875
2023-07-13T20:00:00,1995.46,2010.54,1971.00,2004.78,561295.044
2023-07-14T00:00:00,2004.77,2031.28,2002.13,2009.21,703576.686
2023-07-14T04:00:00,2009.21,2012.34,1987.03,1991.49,356226.168
2023-07-14T08:00:00,1991.50,2004.00,1984.48,1992.51,361331.297
2023-07-14T12:00:00,1992.51,2007.69,1984.07,1998.04,496623.272
2023-07-14T16:00:00,1998.05,2000.80,1896.80,1911.78,1817336.470
2023-07-14T20:00:00,1911.77,1937.20,1899.11,1936.74,467660.687
2023-07-15T00:00:00,1936.74,1936.74,1925.57,1929.55,208328.822
2023-07-15T04:00:00,1929.56,1942.40,1926.13,1940.77,207761.433
2023-07-15T08:00:00,1940.77,1945.89,1935.66,1938.80,204056.702
2023-07-15T12:00:00,1938.80,1940.50,1927.31,1933.75,204519.645
2023-07-15T16:00:00,1933.76,1938.77,1928.45,1932.80,170335.481
2023-07-15T20:00:00,1932.80,1933.00,1925.54,1930.40,116946.910
2023-07-16T00:00:00,1930.40,1937.35,1912.09,1922.33,305614.138
2023-07-16T04:00:00,1922.33,1931.00,1919.34,1924.51,152237.750
2023-07-16T08:00:00,1924.50,1935.98,1924.50,1932.04,152751.531
2023-07-16T12:00:00,1932.04,1942.78,1927.57,1936.00,246648.648
2023-07-16T16:00:00,1936.00,1938.62,1924.84,1927.07,177392.903
2023-07-16T20:00:00,1927.08,1936.36,1915.17,1920.97,235571.269
2023-07-17T00:00:00,1920.97,1931.60,1916.18,1930.30,246699.946
2023-07-17T04:00:00,1930.31,1935.45,1925.37,1927.99,139958.318
2023-07-17T08:00:00,1927.99,1930.62,1888.20,1909.01,631814.330
2023-07-17T12:00:00,1909.01,1916.81,1899.14,1907.63,411369.343
2023-07-17T16:00:00,1907.64,1912.55,1872.00,1885.41,764905.430
2023-07-17T20:00:00,1885.41,1919.85,1884.82,1910.37,356496.170
2023-07-18T00:00:00,1910.37,1916.62,1905.00,1908.14,189272.779
2023-07-18T04:00:00,1908.15,1911.07,1892.42,1897.94,291503.503
2023-07-18T08:00:00,1897.95,1909.88,1889.00,1893.25,367059.137
2023-07-18T12:00:00,1893.24,1903.62,1883.00,1896.34,507540.832
2023-07-18T16:00:00,1896.35,1903.01,1875.00,1891.12,441014.023
2023-07-18T20:00:00,1891.13,1901.70,1888.62,1896.46,192825.771
2023-07-19T00:00:00,1896.47,1914.90,1894.52,1911.65,325717.564
2023-07-19T04:00:00,1911.65,1917.59,1906.36,1907.79,229680.310
2023-07-19T08:00:00,1907.79,1911.62,1901.37,1908.66,184061.063
2023-07-19T12:00:00,1908.66,1925.00,1893.31,1905.30,539149.724
2023-07-19T16:00:00,1905.29,1917.89,1900.09,1909.36,346868.805
2023-07-19T20:00:00,1909.35,1909.65,1881.00,1887.55,420673.887
2023-07-20T00:00:00,1887.55,1899.40,1881.61,1893.57,239309.107
2023-07-20T04:00:00,1893.57,1913.69,1892.52,1911.69,331381.651
2023-07-20T08:00:00,1911.69,1928.81,1910.46,1920.79,513591.986
2023-07-20T12:00:00,1920.79,1922.56,1881.80,1887.34,863720.821
2023-07-20T16:00:00,1887.35,1893.00,1875.60,1887.01,516159.189
2023-07-20T20:00:00,1887.01,1898.29,1881.33,1890.56,217844.886
2023-07-21T00:00:00,1890.56,1901.43,1885.41,1895.91,246283.437
2023-07-21T04:00:00,1895.91,1896.67,1886.08,1888.34,177046.637
2023-07-21T08:00:00,1888.34,1893.50,1883.52,1888.60,194847.289
2023-07-21T12:00:00,1888.61,1895.97,1885.19,1890.13,321807.290
2023-07-21T16:00:00,1890.13,1905.97,1883.42,1893.99,390824.638
2023-07-21T20:00:00,1894.00,1895.20,1889.61,1890.84,92525.392
2023-07-22T00:00:00,1890.84,1896.85,1890.00,1892.14,129081.782
2023-07-22T04:00:00,1892.14,1895.31,1889.40,1890.79,124469.598
2023-07-22T08:00:00,1890.80,1893.63,1882.49,1887.03,204950.660
2023-07-22T12:00:00,1887.04,1889.46,1883.94,1888.06,121305.776
2023-07-22T16:00:00,1888.06,1890.00,1881.00,1886.22,138178.161
2023-07-22T20:00:00,1886.23,1887.98,1835.39,1865.60,428969.017
2023-07-23T00:00:00,1865.60,1872.50,1856.68,1868.39,285074.968
2023-07-23T04:00:00,1868.40,1878.60,1868.39,1874.32,195616.329
2023-07-23T08:00:00,1874.32,1877.67,1872.67,1873.88,103438.106
2023-07-23T12:00:00,1873.88,1875.30,1871.02,1873.25,105709.458
2023-07-23T16:00:00,1873.25,1904.57,1873.24,1888.36,595270.478
2023-07-23T20:00:00,1888.36,1893.02,1874.02,1887.86,260795.105
2023-07-24T00:00:00,1887.85,1890.20,1864.85,1867.61,354928.413
2023-07-24T04:00:00,1867.60,1876.87,1861.43,1874.17,269629.969
2023-07-24T08:00:00,1874.18,1874.40,1829.00,1852.19,614812.388
2023-07-24T12:00:00,1852.19,1853.90,1833.03,1842.42,512275.340
2023-07-24T16:00:00,1842.42,1850.71,1838.11,1848.66,228975.151
2023-07-24T20:00:00,1848.67,1851.26,1844.47,1849.04,132666.155
2023-07-25T00:00:00,1849.04,1855.99,1844.50,1850.30,189546.504
2023-07-25T04:00:00,1850.30,1853.00,1845.58,1849.89,127035.799
2023-07-25T08:00:00,1849.89,1863.19,1848.55,1852.84,223953.029
2023-07-25T12:00:00,1852.85,1868.54,1851.39,1856.88,403014.093
2023-07-25T16:00:00,1856.87,1865.76,1851.64,1856.37,256430.062
2023-07-25T20:00:00,1856.37,1864.19,1855.41,1856.91,120743.499
2023-07-26T00:00:00,1856.91,1867.00,1850.86,1857.80,227809.012
2023-07-26T04:00:00,1857.81,1860.35,1851.04,1852.39,191439.318
2023-07-26T08:00:00,1852.38,1855.24,1846.90,1850.37,146508.870
2023-07-26T12:00:00,1850.37,1860.74,1849.42,1859.88,262836.813
2023-07-26T16:00:00,1859.89,1884.20,1854.01,1872.65,709181.524
2023-07-26T20:00:00,1872.66,1887.79,1865.41,1870.98,408926.219
2023-07-27T00:00:00,1870.97,1878.30,1866.10,1875.11,152209.140
2023-07-27T04:00:00,1875.12,1881.39,1865.00,1871.09,216294.494
2023-07-27T08:00:00,1871.10,1885.57,1868.64,1876.00,319543.457
2023-07-27T12:00:00,1876.01,1877.85,1862.01,1867.71,354525.613
2023-07-27T16:00:00,1867.70,1868.54,1854.00,1859.93,381512.850
2023-07-27T20:00:00,1859.94,1861.46,1854.04,1860.28,169193.835
2023-07-28T00:00:00,1860.29,1864.34,1859.01,1862.02,152258.891
2023-07-28T04:00:00,1862.02,1864.07,1855.57,1858.53,160113.702
2023-07-28T08:00:00,1858.54,1868.36,1858.14,1865.77,195773.888
2023-07-28T12:00:00,1865.77,1883.76,1865.76,1874.74,523058.634
2023-07-28T16:00:00,1874.75,1878.99,1865.04,1873.40,267505.260
2023-07-28T20:00:00,1873.41,1877.02,1871.80,1873.39,79337.855
2023-07-29T00:00:00,1873.38,1876.58,1871.87,1872.53,86603.420
2023-07-29T04:00:00,1872.52,1876.37,1870.50,1871.40,101122.107
2023-07-29T08:00:00,1871.40,1873.00,1868.56,1869.77,117108.617
2023-07-29T12:00:00,1869.76,1875.80,1869.45,1871.86,125558.562
2023-07-29T16:00:00,1871.86,1878.86,1870.47,1877.44,124402.438
2023-07-29T20:00:00,1877.44,1886.19,1877.44,1879.85,194709.899
2023-07-30T00:00:00,1879.86,1881.06,1876.31,1877.27,80586.384
2023-07-30T04:00:00,1877.26,1878.68,1872.59,1874.18,93857.810
2023-07-30T08:00:00,1874.17,1876.29,1871.56,1875.10,129033.113
2023-07-30T12:00:00,1875.10,1885.00,1870.21,1875.27,267784.548
2023-07-30T16:00:00,1875.26,1878.25,1855.62,1861.26,297674.585
2023-07-30T20:00:00,1861.26,1865.42,1845.56,1860.76,517124.793
2023-07-31T00:00:00,1860.77,1876.73,1860.00,1868.35,287072.475
2023-07-31T04:00:00,1868.34,1869.31,1861.65,1864.20,169275.814
2023-07-31T08:00:00,1864.21,1869.44,1863.60,1867.06,136154.473
2023-07-31T12:00:00,1867.07,1872.66,1855.57,1856.35,362344.810
2023-07-31T16:00:00,1856.35,1862.32,1853.39,1855.84,268030.702
2023-07-31T20:00:00,1855.84,1859.82,1850.08,1855.39,198521.582
2023-08-01T00:00:00,1855.40,1863.99,1808.47,1825.62,719829.496
2023-08-01T04:00:00,1825.63,1835.50,1820.41,1833.19,290412.710
2023-08-01T08:00:00,1833.18,1836.50,1829.48,1830.01,195796.921
2023-08-01T12:00:00,1830.02,1836.05,1810.84,1834.24,520923.421
2023-08-01T16:00:00,1834.24,1857.38,1828.71,1850.51,623048.600
2023-08-01T20:00:00,1850.51,1875.87,1846.22,1873.05,507100.609
2023-08-02T00:00:00,1873.06,1879.27,1862.21,1862.63,492528.289
2023-08-02T04:00:00,1862.63,1864.66,1855.50,1856.28,186652.097
2023-08-02T08:00:00,1856.27,1860.48,1852.85,1859.19,275848.791
2023-08-02T12:00:00,1859.18,1860.48,1833.53,1841.80,605338.047
2023-08-02T16:00:00,1841.80,1847.23,1820.00,1841.37,697694.107
2023-08-02T20:00:00,1841.37,1844.90,1836.79,1839.07,174991.268
2023-08-03T00:00:00,1839.07,1845.56,1836.41,1840.00,169371.919
2023-08-03T04:00:00,1840.00,1840.43,1830.79,1831.51,207585.277
2023-08-03T08:00:00,1831.50,1838.45,1825.00,1837.13,243933.422
2023-08-03T12:00:00,1837.13,1849.60,1833.16,1839.64,390331.676
2023-08-03T16:00:00,1839.63,1858.90,1838.61,1845.06,405911.032
2023-08-03T20:00:00,1845.06,1853.47,1830.05,1834.69,291650.093
2023-08-04T00:00:00,1834.69,1838.51,1826.50,1833.49,224998.892
2023-08-04T04:00:00,1833.49,1837.47,1830.30,1836.73,167874.215
2023-08-04T08:00:00,1836.73,1840.30,1832.37,1833.77,166503.392
2023-08-04T12:00:00,1833.76,1851.00,1830.50,1846.60,571607.734
2023-08-04T16:00:00,1846.60,1848.04,1825.61,1830.52,384776.550
2023-08-04T20:00:00,1830.52,1833.34,1808.77,1829.40,398388.922
2023-08-05T00:00:00,1829.40,1832.81,1826.70,1831.79,126707.948
2023-08-05T04:00:00,1831.79,1833.56,1827.86,1830.29,77551.468
2023-08-05T08:00:00,1830.29,1834.72,1829.35,1831.93,100412.225
2023-08-05T12:00:00,1831.92,1836.72,1829.52,1833.38,154742.211
2023-08-05T16:00:00,1833.38,1838.62,1830.35,1834.76,122490.881
2023-08-05T20:00:00,1834.75,1837.87,1833.32,1835.50,67668.926
2023-08-06T00:00:00,1835.50,1838.60,1832.46,1834.13,95554.834
2023-08-06T04:00:00,1834.13,1836.05,1831.25,1834.13,63191.099
2023-08-06T08:00:00,1834.13,1837.37,1827.30,1831.57,176470.434
2023-08-06T12:00:00,1831.57,1832.20,1825.00,1828.41,143624.066
2023-08-06T16:00:00,1828.40,1835.67,1827.66,1831.26,141901.176
2023-08-06T20:00:00,1831.26,1837.48,1826.93,1829.38,183423.817
2023-08-07T00:00:00,1829.39,1846.86,1825.32,1837.90,343724.990
2023-08-07T04:00:00,1837.91,1841.79,1831.17,1836.18,198940.338
2023-08-07T08:00:00,1836.18,1836.88,1831.84,1833.55,121213.710
2023-08-07T12:00:00,1833.55,1836.95,1812.30,1817.41,561401.147
2023-08-07T16:00:00,1817.42,1831.00,1800.00,1824.68,860859.217
2023-08-07T20:00:00,1824.69,1830.49,1822.34,1828.18,148897.266
2023-08-08T00:00:00,1828.18,1835.00,1825.35,1829.35,202731.287
2023-08-08T04:00:00,1829.35,1838.79,1829.04,1829.80,240615.526
2023-08-08T08:00:00,1829.79,1838.57,1829.12,1838.19,187973.666
2023-08-08T12:00:00,1838.18,1848.56,1834.49,1842.48,581741.617
2023-08-08T16:00:00,1842.49,1871.17,1842.30,1858.31,737371.208
2023-08-08T20:00:00,1858.31,1878.00,1854.13,1855.36,348734.372
2023-08-09T00:00:00,1855.36,1860.00,1850.68,1854.10,168152.995
2023-08-09T04:00:00,1854.11,1862.34,1852.60,1860.22,138319.947
2023-08-09T08:00:00,1860.22,1866.00,1857.26,1862.26,181952.350
2023-08-09T12:00:00,1862.26,1871.28,1850.23,1852.21,426624.993
2023-08-09T16:00:00,1852.20,1854.67,1845.18,1847.66,345805.079
2023-08-09T20:00:00,1847.67,1858.08,1846.46,1854.70,144537.752
2023-08-10T00:00:00,1854.69,1857.33,1851.53,1852.31,102527.817
2023-08-10T04:00:00,1852.31,1855.00,1849.01,1850.42,121190.544
2023-08-10T08:00:00,1850.41,1854.17,1849.09,1850.12,109481.570
2023-08-10T12:00:00,1850.12,1865.38,1847.07,1853.16,556745.838
2023-08-10T16:00:00,1853.16,1853.68,1844.81,1849.00,227824.698
2023-08-10T20:00:00,1848.99,1852.50,1848.05,1851.42,72589.128
2023-08-11T00:00:00,1851.43,1854.07,1841.70,1845.99,172590.735
2023-08-11T04:00:00,1845.99,1850.28,1845.66,1848.22,93250.040
2023-08-11T08:00:00,1848.22,1851.00,1844.80,1850.68,115755.891
2023-08-11T12:00:00,1850.69,1857.99,1842.68,1845.03,388258.444
2023-08-11T16:00:00,1845.03,1848.00,1834.52,1843.97,225378.207
2023-08-11T20:00:00,1843.98,1851.58,1843.00,1848.04,84346.553
2023-08-12T00:00:00,1848.04,1853.02,1846.73,1847.24,107254.675
2023-08-12T04:00:00,1847.24,1850.58,1846.04,1849.76,65102.755
2023-08-12T08:00:00,1849.76,1850.81,1847.69,1850.27,62933.802
2023-08-12T12:00:00,1850.26,1852.80,1849.40,1850.13,99682.055
2023-08-12T16:00:00,1850.13,1852.00,1846.36,1846.90,67316.576
2023-08-12T20:00:00,1846.89,1849.34,1845.35,1849.14,48371.346
2023-08-13T00:00:00,1849.14,1850.98,1848.00,1848.94,57930.679
2023-08-13T04:00:00,1848.93,1848.95,1845.86,1848.95,56719.790
2023-08-13T08:00:00,1848.95,1850.63,1848.11,1848.91,56488.696
2023-08-13T12:00:00,1848.92,1851.40,1846.62,1847.35,83131.265
2023-08-13T16:00:00,1847.36,1861.93,1845.17,1858.18,226781.527
2023-08-13T20:00:00,1858.18,1859.83,1833.40,1840.09,360272.696
2023-08-14T00:00:00,1840.09,1847.99,1834.28,1845.98,292208.581
2023-08-14T04:00:00,1845.98,1851.67,1845.97,1848.90,160772.873
2023-08-14T08:00:00,1848.90,1851.60,1845.46,1847.48,129137.029
2023-08-14T12:00:00,1847.49,1855.86,1843.34,1852.69,304417.723
2023-08-14T16:00:00,1852.68,1854.91,1838.78,1841.99,316601.135
2023-08-14T20:00:00,1841.99,1845.93,1840.45,1844.81,80445.104
2023-08-15T00:00:00,1844.80,1846.75,1842.62,1844.06,78201.121
2023-08-15T04:00:00,1844.07,1844.07,1839.85,1843.01,104879.979
2023-08-15T08:00:00,1843.00,1844.58,1837.25,1839.59,144514.380
2023-08-15T12:00:00,1839.60,1845.63,1837.04,1839.53,220737.138
2023-08-15T16:00:00,1839.54,1841.97,1810.92,1826.86,519124.692
2023-08-15T20:00:00,1826.86,1831.44,1824.00,1828.28,145408.435
2023-08-16T00:00:00,1828.27,1830.87,1826.93,1828.01,96002.721
2023-08-16T04:00:00,1828.01,1828.28,1819.23,1826.40,181970.570
2023-08-16T08:00:00,1826.39,1827.21,1818.98,1824.59,135615.248
2023-08-16T12:00:00,1824.59,1827.90,1817.92,1819.92,313638.547
2023-08-16T16:00:00,1819.91,1828.86,1815.19,1820.20,353998.198
2023-08-16T20:00:00,1820.20,1822.40,1791.11,1807.19,526280.131
2023-08-17T00:00:00,1807.19,1809.66,1775.00,1797.73,501882.172
2023-08-17T04:00:00,1797.74,1802.88,1796.36,1799.30,141080.818
2023-08-17T08:00:00,1799.29,1799.56,1783.33,1787.35,319540.126
2023-08-17T12:00:00,1787.35,1792.66,1720.00,1738.32,1211637.069
2023-08-17T16:00:00,1738.32,1748.43,1722.00,1737.36,696004.932
2023-08-17T20:00:00,1737.37,1738.79,1492.66,1681.00,3027138.705
2023-08-18T00:00:00,1681.00,1698.98,1672.02,1676.39,577368.135
2023-08-18T04:00:00,1676.39,1697.13,1660.20,1689.68,475261.379
2023-08-18T08:00:00,1689.68,1696.00,1677.00,1685.09,329605.952
2023-08-18T12:00:00,1685.10,1686.77,1650.00,1660.03,645713.048
2023-08-18T16:00:00,1660.03,1678.41,1638.48,1656.89,741744.908
2023-08-18T20:00:00,1656.89,1669.28,1655.59,1660.76,192092.110
2023-08-19T00:00:00,1660.76,1671.43,1655.17,1658.85,205422.907
2023-08-19T04:00:00,1658.86,1662.78,1653.36,1660.29,172300.562
2023-08-19T08:00:00,1660.30,1665.15,1658.24,1659.02,144840.053
2023-08-19T12:00:00,1659.03,1685.53,1657.12,1682.39,289605.493
2023-08-19T16:00:00,1682.39,1696.14,1673.54,1676.40,393223.635
2023-08-19T20:00:00,1676.40,1677.37,1662.30,1668.69,169561.662
2023-08-20T00:00:00,1668.70,1674.43,1664.00,1667.09,156676.522
2023-08-20T04:00:00,1667.09,1669.49,1660.22,1664.99,127625.746
2023-08-20T08:00:00,1665.00,1674.98,1662.56,1674.01,164967.818
2023-08-20T12:00:00,1674.02,1679.33,1663.07,1670.47,308997.621
2023-08-20T16:00:00,1670.47,1679.24,1664.51,1677.42,155835.765
2023-08-20T20:00:00,1677.42,1694.36,1677.37,1684.16,251745.108
2023-08-21T00:00:00,1684.15,1685.12,1674.28,1676.13,173444.046
2023-08-21T04:00:00,1676.13,1687.78,1668.53,1670.96,227371.581
2023-08-21T08:00:00,1670.96,1674.88,1658.25,1672.20,325165.839
2023-08-21T12:00:00,1672.20,1683.53,1647.22,1656.59,582838.998
2023-08-21T16:00:00,1656.59,1674.88,1656.07,1671.55,269316.264
2023-08-21T20:00:00,1671.55,1676.46,1665.48,1666.79,138470.953
2023-08-22T00:00:00,1666.80,1668.57,1660.50,1663.34,121587.960
2023-08-22T04:00:00,1663.35,1666.19,1659.92,1665.57,118031.381
2023-08-22T08:00:00,1665.57,1666.89,1658.98,1661.52,141722.019
2023-08-22T12:00:00,1661.53,1666.66,1642.00,1649.16,419629.430
2023-08-22T16:00:00,1649.15,1650.40,1616.00,1624.20,956010.820
2023-08-22T20:00:00,1624.20,1639.91,1575.00,1634.50,871668.550
2023-08-23T00:00:00,1634.49,1642.00,1628.50,1631.06,267097.142
2023-08-23T04:00:00,1631.06,1658.37,1629.92,1644.53,371236.308
2023-08-23T08:00:00,1644.53,1648.16,1638.85,1641.60,226776.929
2023-08-23T12:00:00,1641.60,1659.86,1633.19,1656.53,552905.641
2023-08-23T16:00:00,1656.54,1703.85,1654.84,1686.37,957686.113
2023-08-23T20:00:00,1686.37,1692.44,1657.83,1678.80,434269.044
2023-08-24T00:00:00,1678.79,1682.88,1671.72,1674.70,173898.881
2023-08-24T04:00:00,1674.70,1678.44,1671.73,1673.63,115796.387
2023-08-24T08:00:00,1673.63,1677.16,1665.13,1666.80,234584.385
2023-08-24T12:00:00,1666.79,1668.96,1641.04,1642.79,544972.852
2023-08-24T16:00:00,1642.79,1655.70,1631.66,1649.05,451788.953
2023-08-24T20:00:00,1649.05,1665.38,1642.36,1660.22,218833.781
2023-08-25T00:00:00,1660.23,1663.63,1643.05,1654.61,217636.118
2023-08-25T04:00:00,1654.61,1655.14,1646.00,1650.53,170617.669
2023-08-25T08:00:00,1650.54,1658.34,1650.22,1653.51,127152.342
2023-08-25T12:00:00,1653.51,1676.73,1635.01,1645.23,853378.453
2023-08-25T16:00:00,1645.23,1655.11,1634.43,1646.15,324867.204
2023-08-25T20:00:00,1646.15,1654.40,1645.01,1653.24,148900.488
2023-08-26T00:00:00,1653.25,1654.77,1650.68,1653.67,78919.033
2023-08-26T04:00:00,1653.67,1653.98,1649.88,1652.12,51510.620
2023-08-26T08:00:00,1652.11,1652.92,1645.47,1649.61,134458.892
2023-08-26T12:00:00,1649.60,1652.38,1645.85,1650.60,74781.565
2023-08-26T16:00:00,1650.60,1651.00,1643.01,1645.30,100831.539
2023-08-26T20:00:00,1645.30,1649.81,1644.13,1646.28,59309.480
2023-08-27T00:00:00,1646.29,1649.77,1645.38,1646.45,68476.100
2023-08-27T04:00:00,1646.46,1654.89,1646.45,1647.81,97167.980
2023-08-27T08:00:00,1647.81,1651.89,1646.35,1648.50,86006.058
2023-08-27T12:00:00,1648.50,1659.57,1647.93,1654.68,175418.928
2023-08-27T16:00:00,1654.69,1659.48,1648.93,1655.05,136833.953
2023-08-27T20:00:00,1655.04,1658.44,1650.25,1657.59,93437.254
2023-08-28T00:00:00,1657.59,1657.60,1647.06,1649.09,151055.912
2023-08-28T04:00:00,1649.09,1650.94,1635.00,1640.91,255671.412
2023-08-28T08:00:00,1640.91,1642.91,1618.00,1639.54,334238.409
2023-08-28T12:00:00,1639.53,1663.88,1639.01,1647.99,541803.192
2023-08-28T16:00:00,1647.98,1654.29,1637.00,1645.82,262436.996
2023-08-28T20:00:00,1645.82,1656.77,1643.26,1652.51,127197.053
2023-08-29T00:00:00,1652.50,1661.95,1650.02,1651.60,196035.632
2023-08-29T04:00:00,1651.61,1653.00,1644.19,1646.57,174915.414
2023-08-29T08:00:00,1646.58,1647.24,1639.01,1641.20,184654.508
2023-08-29T12:00:00,1641.20,1736.92,1639.35,1715.65,1778037.866
2023-08-29T16:00:00,1715.66,1747.15,1708.00,1734.41,879683.570
2023-08-29T20:00:00,1734.41,1741.47,1720.60,1728.51,266029.351
2023-08-30T00:00:00,1728.52,1730.37,1712.14,1717.92,263190.671
2023-08-30T04:00:00,1717.92,1721.96,1715.26,1716.91,124601.695
2023-08-30T08:00:00,1716.91,1719.99,1710.00,1715.16,186988.276
2023-08-30T12:00:00,1715.16,1721.69,1688.00,1702.89,637542.848
2023-08-30T16:00:00,1702.88,1704.60,1694.67,1700.77,213062.101
2023-08-30T20:00:00,1700.77,1708.00,1700.34,1704.39,113848.450
2023-08-31T00:00:00,1704.39,1704.39,1696.16,1698.53,98004.617
2023-08-31T04:00:00,1698.52,1706.98,1698.35,1705.64,108061.768
2023-08-31T08:00:00,1705.64,1730.00,1702.44,1712.87,339928.732
2023-08-31T12:00:00,1712.86,1713.30,1674.05,1688.10,563343.493
2023-08-31T16:00:00,1688.11,1688.33,1641.33,1656.25,969034.741
2023-08-31T20:00:00,1656.23,1656.66,1628.30,1645.27,410521.188
2023-09-01T00:00:00,1645.26,1653.89,1644.29,1651.36,153134.759
2023-09-01T04:00:00,1651.35,1652.28,1642.01,1645.45,122119.284
2023-09-01T08:00:00,1645.45,1647.84,1640.20,1646.26,151900.221
2023-09-01T12:00:00,1646.27,1651.97,1621.00,1633.75,671584.366
2023-09-01T16:00:00,1633.76,1637.00,1601.22,1618.64,750211.457
2023-09-01T20:00:00,1618.66,1637.96,1615.38,1628.19,240604.855
2023-09-02T00:00:00,1628.20,1633.72,1627.05,1631.50,100954.346
2023-09-02T04:00:00,1631.50,1636.54,1629.25,1630.67,110763.975
2023-09-02T08:00:00,1630.68,1636.48,1629.24,1633.88,114906.312
2023-09-02T12:00:00,1633.88,1644.99,1632.51,1637.97,194875.070
2023-09-02T16:00:00,1637.97,1640.18,1627.52,1632.81,159696.729
2023-09-02T20:00:00,1632.82,1639.14,1631.98,1636.24,73429.490
2023-09-03T00:00:00,1636.24,1636.84,1630.55,1635.45,91742.054
2023-09-03T04:00:00,1635.44,1638.34,1632.90,1634.95,67361.534
2023-09-03T08:00:00,1634.95,1635.22,1630.08,1633.49,79460.250
2023-09-03T12:00:00,1633.49,1640.51,1627.19,1632.18,228104.850
2023-09-03T16:00:00,1632.19,1642.97,1623.93,1638.08,221275.558
2023-09-03T20:00:00,1638.09,1648.24,1632.21,1635.02,150999.728
2023-09-04T00:00:00,1635.03,1644.50,1631.15,1636.86,135923.571
2023-09-04T04:00:00,1636.86,1639.59,1633.71,1638.06,96752.321
2023-09-04T08:00:00,1638.07,1639.95,1630.25,1631.46,128286.140
2023-09-04T12:00:00,1631.46,1634.18,1617.04,1625.33,339044.866
2023-09-04T16:00:00,1625.33,1635.43,1624.62,1630.41,131931.871
2023-09-04T20:00:00,1630.42,1634.00,1614.76,1630.09,255885.396
2023-09-05T00:00:00,1630.08,1630.70,1608.45,1617.25,254663.884
2023-09-05T04:00:00,1617.24,1627.52,1617.24,1624.33,180714.300
2023-09-05T08:00:00,1624.32,1638.47,1620.00,1634.64,236327.932
2023-09-05T12:00:00,1634.64,1648.00,1624.85,1636.03,448773.106
2023-09-05T16:00:00,1636.02,1642.92,1631.31,1631.55,196698.018
2023-09-05T20:00:00,1631.54,1633.76,1625.76,1633.63,127204.713
2023-09-06T00:00:00,1633.63,1639.73,1630.86,1632.63,127773.547
2023-09-06T04:00:00,1632.62,1633.07,1626.98,1628.41,132311.640
2023-09-06T08:00:00,1628.41,1635.74,1628.11,1632.02,123061.309
2023-09-06T12:00:00,1632.02,1634.91,1618.50,1622.49,342414.321
2023-09-06T16:00:00,1622.50,1680.00,1606.74,1630.68,1017228.288
2023-09-06T20:00:00,1630.68,1634.46,1626.78,1632.33,92492.648
2023-09-07T00:00:00,1632.33,1639.68,1631.01,1639.45,172504.370
2023-09-07T04:00:00,1639.44,1642.10,1634.66,1635.16,152208.888
2023-09-07T08:00:00,1635.17,1635.32,1625.00,1626.83,168231.347
2023-09-07T12:00:00,1626.82,1633.30,1622.61,1629.85,315940.136
2023-09-07T16:00:00,1629.85,1640.96,1629.21,1636.33,250989.714
2023-09-07T20:00:00,1636.32,1659.70,1635.01,1647.27,511006.153
2023-09-08T00:00:00,1647.25,1658.77,1643.19,1645.65,218046.577
2023-09-08T04:00:00,1645.66,1653.00,1642.21,1646.10,201941.755
2023-09-08T08:00:00,1646.10,1647.13,1615.00,1625.23,542264.370
2023-09-08T12:00:00,1625.22,1634.28,1623.47,1627.89,238590.778
2023-09-08T16:00:00,1627.89,1634.75,1623.83,1633.70,181393.986
2023-09-08T20:00:00,1633.70,1638.17,1632.34,1635.78,99878.319
2023-09-09T00:00:00,1635.77,1636.24,1632.59,1633.57,58333.081
2023-09-09T04:00:00,1633.56,1635.20,1631.13,1633.73,61898.151
2023-09-09T08:00:00,1633.73,1635.57,1632.50,1634.45,66474.294
2023-09-09T12:00:00,1634.45,1636.92,1629.00,1634.47,129256.676
2023-09-09T16:00:00,1634.48,1636.86,1631.42,1633.18,51532.356
2023-09-09T20:00:00,1633.17,1636.50,1632.86,1634.80,43672.369
2023-09-10T00:00:00,1634.81,1635.05,1625.70,1630.21,116874.753
2023-09-10T04:00:00,1630.22,1630.38,1617.16,1624.14,245262.852
2023-09-10T08:00:00,1624.14,1625.87,1618.10,1623.60,130313.428
2023-09-10T12:00:00,1623.61,1627.99,1607.66,1618.90,269535.476
2023-09-10T16:00:00,1618.90,1619.47,1590.00,1616.47,497412.855
2023-09-10T20:00:00,1616.47,1627.86,1613.52,1616.47,273247.475
2023-09-11T00:00:00,1616.46,1618.35,1602.06,1611.92,222466.737
2023-09-11T04:00:00,1611.92,1617.56,1606.52,1611.60,175241.677
2023-09-11T08:00:00,1611.59,1612.08,1573.78,1585.86,764628.969
2023-09-11T12:00:00,1585.87,1597.90,1547.78,1561.68,1228122.236
2023-09-11T16:00:00,1561.69,1567.52,1533.00,1538.60,550112.528
2023-09-11T20:00:00,1538.60,1551.57,1528.61,1551.03,332760.501
2023-09-12T00:00:00,1551.02,1594.37,1548.70,1584.08,622996.193
2023-09-12T04:00:00,1584.08,1592.83,1573.34,1579.17,435324.355
2023-09-12T08:00:00,1579.16,1626.78,1575.00,1608.79,658453.876
2023-09-12T12:00:00,1608.79,1613.03,1593.28,1602.95,504192.397
2023-09-12T16:00:00,1602.95,1622.16,1583.45,1597.73,619876.654
2023-09-12T20:00:00,1597.72,1603.79,1589.49,1592.29,146298.882
2023-09-13T00:00:00,1592.29,1600.67,1585.75,1588.90,206740.886
2023-09-13T04:00:00,1588.90,1602.77,1580.46,1583.69,346458.736
2023-09-13T08:00:00,1583.69,1606.91,1582.00,1603.83,292082.084
2023-09-13T12:00:00,1603.84,1620.00,1590.51,1607.31,588517.937
2023-09-13T16:00:00,1607.31,1615.44,1594.50,1598.62,337342.079
2023-09-13T20:00:00,1598.62,1609.24,1598.34,1606.68,98735.794
2023-09-14T00:00:00,1606.69,1639.00,1606.02,1619.37,626482.320
2023-09-14T04:00:00,1619.36,1625.21,1611.36,1620.67,178326.375
2023-09-14T08:00:00,1620.67,1626.69,1616.39,1623.90,177396.585
2023-09-14T12:00:00,1623.89,1644.45,1615.85,1634.02,681465.642
2023-09-14T16:00:00,1634.02,1644.16,1625.40,1635.14,305100.062
2023-09-14T20:00:00,1635.15,1637.42,1622.64,1625.65,149496.287
2023-09-15T00:00:00,1625.65,1635.05,1621.14,1633.72,208759.791
2023-09-15T04:00:00,1633.72,1635.19,1625.99,1627.18,117608.822
2023-09-15T08:00:00,1627.19,1631.13,1616.66,1620.09,194025.403
2023-09-15T12:00:00,1620.08,1625.05,1610.00,1618.62,297272.010
2023-09-15T16:00:00,1618.61,1623.00,1616.60,1620.60,139740.654
2023-09-15T20:00:00,1620.60,1653.91,1618.37,1640.67,469559.522
2023-09-16T00:00:00,1640.66,1652.97,1637.55,1640.99,212896.226
2023-09-16T04:00:00,1640.99,1641.60,1633.66,1636.21,151100.136
2023-09-16T08:00:00,1636.21,1638.05,1630.37,1634.93,146138.139
2023-09-16T12:00:00,1634.93,1638.61,1630.50,1633.71,103686.577
2023-09-16T16:00:00,1633.71,1638.94,1630.67,1632.74,105867.153
2023-09-16T20:00:00,1632.74,1637.27,1631.90,1633.68,59111.808
2023-09-17T00:00:00,1633.68,1633.84,1618.00,1628.33,264209.789
2023-09-17T04:00:00,1628.33,1630.95,1626.43,1626.85,80946.743
2023-09-17T08:00:00,1626.85,1634.43,1626.33,1628.62,116029.008
2023-09-17T12:00:00,1628.63,1631.41,1626.63,1628.61,86127.284
2023-09-17T16:00:00,1628.61,1628.77,1616.68,1624.93,171680.652
2023-09-17T20:00:00,1624.94,1626.16,1610.81,1621.62,227082.128
2023-09-18T00:00:00,1621.63,1636.05,1598.58,1629.35,425319.859
2023-09-18T04:00:00,1629.36,1638.00,1625.90,1633.22,237580.367
2023-09-18T08:00:00,1633.21,1658.88,1629.98,1655.16,499928.954
2023-09-18T12:00:00,1655.17,1668.64,1649.65,1654.70,538835.996
2023-09-18T16:00:00,1654.69,1659.94,1632.00,1640.06,533676.226
2023-09-18T20:00:00,1640.06,1641.52,1634.28,1635.63,134588.310
2023-09-19T00:00:00,1635.63,1639.40,1625.02,1633.93,232471.852
2023-09-19T04:00:00,1633.94,1637.88,1631.51,1635.42,106974.047
2023-09-19T08:00:00,1635.41,1660.69,1635.12,1647.06,456373.820
2023-09-19T12:00:00,1647.06,1658.96,1633.27,1656.32,527545.411
2023-09-19T16:00:00,1656.31,1658.91,1639.21,1643.39,291435.931
2023-09-19T20:00:00,1643.38,1643.98,1636.01,1642.49,161816.615
2023-09-20T00:00:00,1642.48,1648.68,1635,1636.78,196632.094
2023-09-20T04:00:00,1636.78,1638.62,1629.59,1633.84,209573.737
2023-09-20T08:00:00,1633.84,1637.51,1616.33,1629.03,389816.926
2023-09-20T12:00:00,1629.04,1633.70,1619.69,1628.41,305414.606
2023-09-20T16:00:00,1628.40,1640,1602,1615.37,565773.854
2023-09-20T20:00:00,1615.38,1629.36,1614.07,1621.60,205607.583
2023-09-21T00:00:00,1621.60,1624.81,1612.50,1622.71,199369.571
2023-09-21T04:00:00,1622.72,1624.05,1616.11,1617.48,126661.553
2023-09-21T08:00:00,1617.47,1622.18,1585.81,1594.09,701473.426
2023-09-21T12:00:00,1594.08,1596.36,1565.50,1583,696870.051
2023-09-21T16:00:00,1583,1592.70,1581.26,1588.91,213601.411
2023-09-21T20:00:00,1588.92,1589.62,1582.03,1583,111756.615
2023-09-22T00:00:00,1583,1595.77,1575.46,1593.91,250544.405
2023-09-22T04:00:00,1593.92,1597,1586.01,1595,166322.124
2023-09-22T08:00:00,1595,1602.28,1592.13,1596.37,189526.660
2023-09-22T12:00:00,1596.37,1600,1592.03,1592.65,209118.527
2023-09-22T16:00:00,1592.65,1598.55,1585.80,1591.60,219868.851
2023-09-22T20:00:00,1591.59,1594.54,1588.35,1592.28,86050.475
2023-09-23T00:00:00,1592.28,1597.60,1589.50,1590.20,122691.197
2023-09-23T04:00:00,1590.20,1594.86,1588.96,1593.73,78211.538
2023-09-23T08:00:00,1593.73,1594.30,1590.24,1592.62,61433.749
2023-09-23T12:00:00,1592.62,1594.50,1586.53,1589.75,99671.873
2023-09-23T16:00:00,1589.75,1594.87,1588.08,1593.93,98350.339
2023-09-23T20:00:00,1593.92,1594.85,1589.26,1592.97,52319.539
2023-09-24T00:00:00,1592.97,1594.36,1589.95,1591.51,51742.304
2023-09-24T04:00:00,1591.50,1592.36,1590.42,1591,40604.057
2023-09-24T08:00:00,1590.99,1595.65,1590.99,1593.31,69824.561
2023-09-24T12:00:00,1593.32,1595.98,1587.04,1589.87,114617.465
2023-09-24T16:00:00,1589.87,1600.95,1576.48,1585.23,393457.299
2023-09-24T20:00:00,1585.23,1590.75,1568.28,1579.99,214159.026
2023-09-25T00:00:00,1579.99,1587.69,1562,1577,386165.249
2023-09-25T04:00:00,1577,1581.33,1571.56,1580.51,182373.565
2023-09-25T08:00:00,1580.52,1582.61,1565,1567.96,212934.819
2023-09-25T12:00:00,1567.96,1589.47,1563,1583.88,377295.912
2023-09-25T16:00:00,1583.88,1597.13,1583.88,1590.90,335216.867
2023-09-25T20:00:00,1590.90,1595.99,1583.47,1587.69,130111.367
2023-09-26T00:00:00,1587.68,1593.97,1585.32,1591.03,132671.672
2023-09-26T04:00:00,1591.03,1594.56,1586,1588.21,125957.611
2023-09-26T08:00:00,1588.20,1599.40,1584.89,1590.85,256722.741
2023-09-26T12:00:00,1590.84,1593.20,1578.61,1582.17,307080.588
2023-09-26T16:00:00,1582.18,1592.45,1581.04,1588.71,206746.629
2023-09-26T20:00:00,1588.71,1595,1583.23,1593.30,157509.851
2023-09-27T00:00:00,1593.30,1597.71,1588.54,1594.92,161406.693
2023-09-27T04:00:00,1594.92,1596.95,1590,1591.71,134849.973
2023-09-27T08:00:00,1591.70,1633.98,1589.35,1628.91,738095.431
2023-09-27T12:00:00,1628.91,1630.80,1591.10,1600.99,792379.074
2023-09-27T16:00:00,1600.98,1602.45,1582.64,1597,367147.947
2023-09-27T20:00:00,1597,1599.04,1592.32,1597.89,111956.792
2023-09-28T00:00:00,1597.89,1614.99,1597.17,1605.36,319739.911
2023-09-28T04:00:00,1605.37,1621.20,1603.78,1618.44,268984.571
2023-09-28T08:00:00,1618.44,1638.06,1613.59,1622.94,481270.041
2023-09-28T12:00:00,1622.95,1654.51,1620.78,1652.02,830184.599
2023-09-28T16:00:00,1652.01,1668,1644,1657.59,735517.841
2023-09-28T20:00:00,1657.60,1660.71,1642.03,1652.13,197223.133
2023-09-29T00:00:00,1652.13,1658.24,1647.50,1650.82,213840.986
2023-09-29T04:00:00,1650.82,1687.65,1648,1685.59,483664.775
2023-09-29T08:00:00,1685.60,1686,1666,1668.28,344565.830
2023-09-29T12:00:00,1668.29,1683.99,1654.62,1671.38,598950.395
2023-09-29T16:00:00,1671.37,1672.60,1656,1664.61,254752.975
2023-09-29T20:00:00,1664.60,1670.77,1663.18,1666.61,100329.544
2023-09-30T00:00:00,1666.61,1671.99,1665.27,1669.63,97809.600
2023-09-30T04:00:00,1669.63,1674.99,1668.94,1671.07,102472.720
2023-09-30T08:00:00,1671.07,1678.86,1670.52,1675.06,130313.424
2023-09-30T12:00:00,1675.06,1694.11,1672.02,1682.53,388099.452
2023-09-30T16:00:00,1682.53,1685.61,1671,1678.27,203311.734
2023-09-30T20:00:00,1678.28,1682.82,1666,1670.18,141580.383
2023-10-01T00:00:00,1670.17,1677.90,1669.49,1673.69,94754.908
2023-10-01T04:00:00,1673.69,1679.89,1672.56,1677.52,104335.311
2023-10-01T08:00:00,1677.51,1692,1675.55,1687.88,294985.218
2023-10-01T12:00:00,1687.89,1690.44,1676.68,1683.13,201983.821
2023-10-01T16:00:00,1683.13,1683.94,1670.01,1675.51,189478.139
2023-10-01T20:00:00,1675.52,1780,1666.69,1733.39,877202.031
2023-10-02T00:00:00,1733.40,1734.80,1717.66,1728.43,295626.655
2023-10-02T04:00:00,1728.43,1733.94,1710,1729.48,337351.091
2023-10-02T08:00:00,1729.48,1743.99,1723.85,1724.37,370461.249
2023-10-02T12:00:00,1724.36,1733.80,1686.82,1690.96,813029.739
2023-10-02T16:00:00,1690.96,1693.08,1619.99,1673.59,889932.647
2023-10-02T20:00:00,1673.58,1673.59,1632.51,1661.49,433657.741
2023-10-03T00:00:00,1661.49,1667.97,1659.19,1665,186844.164
2023-10-03T04:00:00,1665,1669.94,1660.87,1661.64,156696.241
2023-10-03T08:00:00,1661.64,1666.94,1649.05,1655.77,271405.024
2023-10-03T12:00:00,1655.77,1662.85,1642.03,1647.60,472396.534
2023-10-03T16:00:00,1647.61,1658,1645.43,1649.72,265359.259
2023-10-03T20:00:00,1649.72,1659.47,1645,1656.18,221485.595
2023-10-04T00:00:00,1656.19,1657.05,1615,1641.11,427049.885
2023-10-04T04:00:00,1641.11,1644.26,1635.05,1644.25,158606.937
2023-10-04T08:00:00,1644.25,1652.32,1642.80,1645.99,189275.766
2023-10-04T12:00:00,1645.98,1649.59,1626.22,1631.90,406743.036
2023-10-04T16:00:00,1631.90,1654.20,1631,1642.08,398754.437
2023-10-04T20:00:00,1642.09,1652.11,1639.68,1645.75,180229.297
2023-10-05T00:00:00,1645.76,1655.13,1641.10,1641.38,181290.086
2023-10-05T04:00:00,1641.38,1645.51,1631.12,1635.36,184088.352
2023-10-05T08:00:00,1635.37,1641.52,1634.03,1635.70,155826.685
2023-10-05T12:00:00,1635.70,1648.85,1601.28,1617.40,882588.319
2023-10-05T16:00:00,1617.40,1620.85,1605.13,1616.01,395844.724
2023-10-05T20:00:00,1616,1618.93,1609.07,1611.23,129425.707
2023-10-06T00:00:00,1611.24,1624.77,1611.18,1623.59,174804.060
2023-10-06T04:00:00,1623.59,1632.19,1618,1630.34,194175.043
2023-10-06T08:00:00,1630.34,1639.45,1627.61,1634,314011.498
2023-10-06T12:00:00,1633.99,1649,1610.59,1642.16,805454.725
2023-10-06T16:00:00,1642.16,1656.09,1633.42,1645.50,364558.827
2023-10-06T20:00:00,1645.52,1664.60,1642.10,1644.33,225436.792
2023-10-07T00:00:00,1644.32,1647.16,1638.93,1640.63,133752.367
2023-10-07T04:00:00,1640.64,1642.61,1635.15,1636,104659.018
2023-10-07T08:00:00,1636,1642.59,1635.09,1637.89,139626.926
2023-10-07T12:00:00,1637.88,1642.74,1634,1637.83,122317.388
2023-10-07T16:00:00,1637.83,1638.81,1629.03,1630.05,152625.134
2023-10-07T20:00:00,1630.06,1635.51,1629.50,1633.18,76990.671
2023-10-08T00:00:00,1633.17,1640.90,1632.73,1638.47,113024.320
2023-10-08T04:00:00,1638.46,1639.20,1622.65,1628.14,187092.044
2023-10-08T08:00:00,1628.13,1628.95,1615.19,1617.25,246887.258
2023-10-08T12:00:00,1617.25,1637.42,1616.51,1630.63,315376.672
2023-10-08T16:00:00,1630.64,1638.76,1628.49,1634.86,163052.035
2023-10-08T20:00:00,1634.86,1637.72,1626.61,1632.02,127908.383
2023-10-09T00:00:00,1632.03,1635.81,1622.63,1632.98,191777.461
2023-10-09T04:00:00,1632.97,1634.19,1616.16,1620,190143.387
2023-10-09T08:00:00,1620,1621.23,1580.09,1589.76,825601.566
2023-10-09T12:00:00,1589.76,1596.96,1582.36,1585.64,412331.203
2023-10-09T16:00:00,1585.63,1586.55,1544.30,1580.79,1185750.230
2023-10-09T20:00:00,1580.79,1583.36,1572.81,1579.40,144520.202
2023-10-10T00:00:00,1579.39,1592.34,1575.27,1584.10,226016.675
2023-10-10T04:00:00,1584.11,1593.71,1581.89,1589.52,203758.033
2023-10-10T08:00:00,1589.52,1594.40,1577.25,1578.70,283620.702
2023-10-10T12:00:00,1578.70,1587.98,1562.71,1567.25,670948.182
2023-10-10T16:00:00,1567.26,1572.23,1556.56,1565.25,450559.102
2023-10-10T20:00:00,1565.26,1569.68,1545.60,1566.89,241972.313
2023-10-11T00:00:00,1566.89,1575.38,1541.78,1555.76,451897.652
2023-10-11T04:00:00,1555.75,1561,1547.20,1556.16,276379.058
2023-10-11T08:00:00,1556.15,1577.89,1555.55,1572.04,446811.709
2023-10-11T12:00:00,1572.05,1575.98,1553.05,1558.77,550276.382
2023-10-11T16:00:00,1558.78,1566.32,1547.99,1562.43,496772.635
2023-10-11T20:00:00,1562.43,1568.88,1560.17,1566.07,159683.547
2023-10-12T00:00:00,1566.08,1568.06,1555.37,1560.99,215436.416
2023-10-12T04:00:00,1560.99,1566.27,1557.12,1558.64,177288.551
2023-10-12T08:00:00,1558.64,1560.35,1533.21,1551.49,584323.924
2023-10-12T12:00:00,1551.49,1553.42,1537.28,1540.96,468601.054
2023-10-12T16:00:00,1540.96,1544.60,1514.50,1530.74,702776.099
2023-10-12T20:00:00,1530.74,1539.77,1529.65,1538.81,150764.079
2023-10-13T00:00:00,1538.82,1546.96,1537.27,1538.25,201039.824
2023-10-13T04:00:00,1538.25,1554.25,1538.06,1548.67,232456.720
2023-10-13T08:00:00,1548.66,1551.79,1541.83,1546.01,203435.653
2023-10-13T12:00:00,1546.01,1553.19,1536.65,1538.76,334945.091
2023-10-13T16:00:00,1538.77,1548.53,1538.44,1545.26,200369.330
2023-10-13T20:00:00,1545.26,1575.53,1542.74,1551.55,623234.810
2023-10-14T00:00:00,1551.55,1555.95,1548.64,1552.96,158178.357
2023-10-14T04:00:00,1552.96,1553.84,1544.22,1547.34,144184.778
2023-10-14T08:00:00,1547.35,1549.04,1543.83,1546.58,87560.958
2023-10-14T12:00:00,1546.59,1557.76,1545.42,1555.66,153666.839
2023-10-14T16:00:00,1555.65,1558.40,1551.81,1554.55,138381.335
2023-10-14T20:00:00,1554.55,1561.70,1552.60,1554.15,109755.035
2023-10-15T00:00:00,1554.15,1557,1548.74,1553.79,111621.864
2023-10-15T04:00:00,1553.79,1554.51,1551.59,1554.29,49263.759
2023-10-15T08:00:00,1554.29,1559.71,1553.20,1554.75,101309.142
2023-10-15T12:00:00,1554.75,1559.97,1546.14,1553.13,228037.037
2023-10-15T16:00:00,1553.12,1564.99,1549.51,1559.76,200287.315
2023-10-15T20:00:00,1559.77,1567,1552,1557.25,309994.153
2023-10-16T00:00:00,1557.25,1566.50,1554.10,1562.25,160951.377
2023-10-16T04:00:00,1562.25,1588.51,1559.72,1578.02,668085.234
2023-10-16T08:00:00,1578.02,1586.56,1574.14,1582,243832.534
2023-10-16T12:00:00,1582,1642,1565,1577.04,1709516.661
2023-10-16T16:00:00,1577.05,1601.93,1572.34,1589.17,433978.770
2023-10-16T20:00:00,1589.16,1604.30,1576.78,1598.61,297542.753
2023-10-17T00:00:00,1598.61,1599.83,1587.50,1588.51,190582.859
2023-10-17T04:00:00,1588.51,1591.67,1581.73,1589.66,232663.709
2023-10-17T08:00:00,1589.66,1593.75,1581.53,1583.59,240671.152
2023-10-17T12:00:00,1583.58,1585.24,1562,1574.67,574140.825
2023-10-17T16:00:00,1574.66,1579.70,1541,1563.48,421605.404
2023-10-17T20:00:00,1563.48,1565.39,1556.62,1563.99,161498.532
2023-10-18T00:00:00,1564,1571.46,1561.30,1567.41,190236.668
2023-10-18T04:00:00,1567.41,1581.97,1565.44,1571.60,393866.754
2023-10-18T08:00:00,1571.60,1584.90,1568,1578.03,363084.187
2023-10-18T12:00:00,1578.02,1581.15,1567.81,1569.48,323464.180
2023-10-18T16:00:00,1569.48,1574.31,1561.98,1562.25,220837.723
2023-10-18T20:00:00,1562.25,1565.33,1554.70,1562.65,231228.340
2023-10-19T00:00:00,1562.66,1566.66,1539,1548.53,426544.639
2023-10-19T04:00:00,1548.53,1552.83,1544.90,1551.08,172882.892
2023-10-19T08:00:00,1551.07,1554.87,1540.53,1553.12,299924.034
2023-10-19T12:00:00,1553.13,1565,1550.02,1560.34,388501.783
2023-10-19T16:00:00,1560.34,1574.34,1559,1567.26,438585.724
2023-10-19T20:00:00,1567.26,1572.95,1562.24,1565.89,187755.739
2023-10-20T00:00:00,1565.90,1594.59,1560.37,1586.11,506280.576
2023-10-20T04:00:00,1586.12,1589,1578.11,1582.76,294109.098
2023-10-20T08:00:00,1582.77,1630.01,1582.15,1612.52,980131.757
2023-10-20T12:00:00,1612.52,1615.81,1596.62,1604.81,478610.681
2023-10-20T16:00:00,1604.81,1609.43,1596.31,1606.25,198838.804
2023-10-20T20:00:00,1606.24,1609.47,1601.36,1603.14,133342.719
2023-10-21T00:00:00,1603.15,1605.78,1591.25,1596.75,202411.901
2023-10-21T04:00:00,1596.75,1606.50,1596.38,1605.67,154266.856
2023-10-21T08:00:00,1605.67,1609.33,1601.91,1608.08,163950.895
2023-10-21T12:00:00,1608.07,1628.98,1601.87,1627.63,403003.736
2023-10-21T16:00:00,1627.64,1643.84,1619.15,1634.16,554273.766
2023-10-21T20:00:00,1634.16,1635.29,1625.15,1628.29,152711.655
2023-10-22T00:00:00,1628.29,1640.96,1622.27,1628.72,256639.843
2023-10-22T04:00:00,1628.72,1650.41,1622.32,1629.43,468795.340
2023-10-22T08:00:00,1629.43,1635.24,1623.53,1627.76,236444.208
2023-10-22T12:00:00,1627.75,1636.87,1620,1625.05,286206.289
2023-10-22T16:00:00,1625.04,1640.70,1623.41,1634.34,218992.224
2023-10-22T20:00:00,1634.33,1667.50,1633.18,1662.83,455480.072
2023-10-23T00:00:00,1662.82,1702.11,1656.25,1693.62,791863.340
2023-10-23T04:00:00,1693.62,1705.25,1670.34,1675.52,614746.748
2023-10-23T08:00:00,1675.52,1683.72,1661.20,1675.99,430465.593
2023-10-23T12:00:00,1675.99,1684.80,1662.50,1675.63,478265.353
2023-10-23T16:00:00,1675.62,1712,1670,1707.85,923667.574
2023-10-23T20:00:00,1707.85,1803,1702.50,1766.35,1801476.038
2023-10-24T00:00:00,1766.35,1850,1757.73,1808.74,1414124.126
2023-10-24T04:00:00,1808.73,1837,1800.02,1809.82,609467.835
2023-10-24T08:00:00,1809.82,1846.08,1806.77,1845.79,616035.821
2023-10-24T12:00:00,1845.78,1854.87,1761.29,1777.67,1395068.523
2023-10-24T16:00:00,1777.66,1800.18,1755.28,1776.60,661614.353
2023-10-24T20:00:00,1776.60,1796.07,1762.72,1784.31,452001.837
2023-10-25T00:00:00,1784.30,1806.38,1776.58,1788.46,429227.657
2023-10-25T04:00:00,1788.47,1795.27,1760.12,1768.85,381358.177
2023-10-25T08:00:00,1768.85,1794,1759.16,1785.76,438120.847
2023-10-25T12:00:00,1785.76,1818.55,1778.22,1806.36,697685.236
2023-10-25T16:00:00,1806.35,1815.40,1778.74,1789.46,468302.259
2023-10-25T20:00:00,1789.48,1796.27,1774.94,1786.71,291491.779
2023-10-26T00:00:00,1786.70,1817.32,1778.67,1816.01,378673.579
2023-10-26T04:00:00,1816.01,1859,1790.20,1850.56,776192.317
2023-10-26T08:00:00,1850.57,1872.64,1802.91,1812.89,1025849.405
2023-10-26T12:00:00,1812.90,1825.59,1763.50,1778.04,1062369.209
2023-10-26T16:00:00,1778.05,1794.42,1757.25,1792.51,528813.248
2023-10-26T20:00:00,1792.50,1811.85,1790.26,1803.30,274506.672
2023-10-27T00:00:00,1803.31,1803.92,1772,1791.26,414316.763
2023-10-27T04:00:00,1791.25,1796.94,1776,1776.80,304133.844
2023-10-27T08:00:00,1776.79,1791.62,1774.88,1781.44,293819.315
2023-10-27T12:00:00,1781.43,1797.75,1770.30,1783.32,605533.371
2023-10-27T16:00:00,1783.33,1785.30,1735.50,1774.60,636568.053
2023-10-27T20:00:00,1774.61,1785.06,1773.99,1780.02,185736.635
2023-10-28T00:00:00,1780.03,1795,1779.09,1790.69,191112.094
2023-10-28T04:00:00,1790.70,1796.60,1785.80,1788.23,135124.360
2023-10-28T08:00:00,1788.24,1806.23,1785.90,1788.39,239976.202
2023-10-28T12:00:00,1788.39,1792.63,1775.39,1791.37,257328.693
2023-10-28T16:00:00,1791.36,1791.76,1777.06,1777.70,117355.120
2023-10-28T20:00:00,1777.71,1784.15,1767.37,1776.76,133647.255
2023-10-29T00:00:00,1776.76,1782.50,1762.49,1775.41,189883.625
2023-10-29T04:00:00,1775.41,1784.68,1773.15,1783.47,114903.654
2023-10-29T08:00:00,1783.48,1794,1783.32,1789.50,206191.273
2023-10-29T12:00:00,1789.50,1802,1788.36,1792.62,287532.374
2023-10-29T16:00:00,1792.62,1809.39,1786.48,1793.67,291517.525
2023-10-29T20:00:00,1793.66,1813.10,1791.57,1795.49,225087.997
2023-10-30T00:00:00,1795.48,1798.96,1778.45,1783.19,280040.170
2023-10-30T04:00:00,1783.19,1792.85,1778.03,1787.32,235330.559
2023-10-30T08:00:00,1787.32,1829.12,1784.47,1816.29,680834.742
2023-10-30T12:00:00,1816.29,1832.65,1805.68,1820.84,465167.475
2023-10-30T16:00:00,1820.83,1820.84,1776.94,1802.64,455783.838
2023-10-30T20:00:00,1802.65,1817.86,1797.37,1809.81,217660.720
2023-10-31T00:00:00,1809.82,1820.91,1793.88,1795.81,320997.836
2023-10-31T04:00:00,1795.80,1805.44,1786.24,1791.26,294137.580
2023-10-31T08:00:00,1791.20,1815,1782.75,1810.16,353932.970
2023-10-31T12:00:00,1810.23,1813.63,1781,1792.26,618873.505
2023-10-31T16:00:00,1792.26,1816.09,1788.34,1812.43,335603.376
2023-10-31T20:00:00,1812.43,1818.95,1802.68,1815.67,232319.849
2023-11-01T00:00:00,1815.66,1831.28,1808.61,1810.90,351662.639
2023-11-01T04:00:00,1810.90,1811.38,1798.01,1805.44,246551.954
2023-11-01T08:00:00,1805.44,1809.14,1792.81,1800.71,270791.843
2023-11-01T12:00:00,1800.71,1829,1782.73,1792.94,1027875.186
2023-11-01T16:00:00,1792.95,1853.32,1792.55,1836.87,938996.225
2023-11-01T20:00:00,1836.86,1861.63,1836.67,1848.20,760792.298
2023-11-02T00:00:00,1848.20,1876.26,1841.20,1859.71,619816.965
2023-11-02T04:00:00,1859.72,1861.38,1828.55,1836.13,516741.933
2023-11-02T08:00:00,1836.13,1841.78,1821.10,1837.14,339677.431
2023-11-02T12:00:00,1837.14,1844.29,1800.27,1803.51,733560.486
2023-11-02T16:00:00,1803.51,1812.74,1784,1812.49,479663.124
2023-11-02T20:00:00,1812.49,1813.72,1791.84,1800.68,213307.127
2023-11-03T00:00:00,1800.68,1803.10,1775.36,1798.29,418584.738
2023-11-03T04:00:00,1798.28,1802.01,1787.37,1798.74,245848.268
2023-11-03T08:00:00,1798.74,1804.82,1780.51,1789.95,368799.658
2023-11-03T12:00:00,1789.95,1814.37,1784.79,1812.79,467407.058
2023-11-03T16:00:00,1812.79,1824.37,1798.14,1816.89,509072.354
2023-11-03T20:00:00,1816.90,1834.32,1814.68,1832.49,274934.853
2023-11-04T00:00:00,1832.49,1840,1823.32,1834.72,235618.582
2023-11-04T04:00:00,1834.71,1840,1825.56,1833.77,229271.499
2023-11-04T08:00:00,1833.77,1847.99,1830.46,1837.38,288994.594
2023-11-04T12:00:00,1837.37,1840.99,1827.92,1832.01,174032.403
2023-11-04T16:00:00,1832.01,1840.97,1831.21,1835.72,113608.693
2023-11-04T20:00:00,1835.73,1870.68,1834.26,1856.08,327208.877
2023-11-05T00:00:00,1856.08,1896.50,1846.21,1889.85,466949.436
2023-11-05T04:00:00,1889.84,1895.37,1876.70,1885.81,419964.908
2023-11-05T08:00:00,1885.82,1898.96,1878.40,1888.80,367536.877
2023-11-05T12:00:00,1888.87,1902.72,1865,1874.91,650285.055
2023-11-05T16:00:00,1874.91,1914.96,1873.51,1889.17,553524.404
2023-11-05T20:00:00,1889.18,1912.97,1852.91,1892.49,590739.965
2023-11-06T00:00:00,1892.49,1901.40,1880.99,1887.98,288320.674
2023-11-06T04:00:00,1888,1890.54,1869.13,1879,289098.448
2023-11-06T08:00:00,1879,1899.87,1873.43,1899.39,334308.081
2023-11-06T12:00:00,1899.39,1916.80,1888.77,1901.88,728950.760
2023-11-06T16:00:00,1901.89,1904.98,1886.08,1902.62,438171.782
2023-11-06T20:00:00,1902.62,1907.87,1881.30,1901.71,281268.828
2023-11-07T00:00:00,1901.72,1904.69,1877.94,1891,373267.364
2023-11-07T04:00:00,1890.99,1897.54,1886.33,1892.59,177849.840
2023-11-07T08:00:00,1892.59,1895.72,1866.83,1873.98,477169.815
2023-11-07T12:00:00,1873.99,1880.78,1857.04,1863.85,452829.725
2023-11-07T16:00:00,1863.85,1901.76,1850.10,1895.18,835708.661
2023-11-07T20:00:00,1895.19,1908.47,1872.31,1885.79,430829.069
2023-11-08T00:00:00,1885.79,1893.61,1880.53,1883.09,182590.974
2023-11-08T04:00:00,1883.09,1887.59,1873.13,1875.46,180523.413
2023-11-08T08:00:00,1875.46,1889.82,1874.04,1881.10,198227.724
2023-11-08T12:00:00,1881.11,1893.51,1880.10,1889.62,270656.319
2023-11-08T16:00:00,1889.62,1906.20,1887.09,1900.04,382568.059
2023-11-08T20:00:00,1900.04,1906.01,1883.02,1888.42,457153.988
2023-11-09T00:00:00,1888.42,1930,1881.79,1919.66,793914.083
2023-11-09T04:00:00,1919.65,1930.70,1910.01,1912.50,467067.497
2023-11-09T08:00:00,1912.49,1920.64,1904.49,1913.91,441923.817
2023-11-09T12:00:00,1913.91,2065,1908.45,2039.56,2914946.118
2023-11-09T16:00:00,2039.55,2053.36,1973,2019.79,1861948.334
2023-11-09T20:00:00,2019.78,2134.30,2012.05,2122.92,1622328.636
2023-11-10T00:00:00,2122.92,2130.99,2096.06,2123,735290.833
2023-11-10T04:00:00,2122.99,2139.60,2102.40,2104.64,643767.867
2023-11-10T08:00:00,2104.64,2111.02,2084.31,2098.14,647710.691
2023-11-10T12:00:00,2098.14,2100.70,2066,2085.32,687986.329
2023-11-10T16:00:00,2091.11,2105.07,2086.50,2089.42,430091.142
2023-11-10T20:00:00,2089.42,2101.30,2070.31,2079.10,365354.816
2023-11-11T00:00:00,2079.10,2086.29,2021,2047.79,685502.348
2023-11-11T04:00:00,2047.79,2062.48,2035.52,2056.58,283103.224
2023-11-11T08:00:00,2056.60,2068.48,2047.25,2059.53,252346.825
2023-11-11T12:00:00,2059.52,2091.40,2054.02,2069.32,469529.979
2023-11-11T16:00:00,2069.34,2091.97,2067.91,2077.46,351480.193
2023-11-11T20:00:00,2077.47,2077.76,2032,2054.52,442086.381
2023-11-12T00:00:00,2054.53,2056.60,2011.50,2052.89,477904.376
2023-11-12T04:00:00,2052.88,2061.88,2045.08,2058.90,202198.667
2023-11-12T08:00:00,2058.90,2060.38,2047.40,2049.37,177338.887
2023-11-12T12:00:00,2049.37,2068.96,2036.60,2058.35,336260.808
2023-11-12T16:00:00,2058.36,2061.39,2046.05,2050.68,190486.284
2023-11-12T20:00:00,2050.69,2068.50,2030,2046.08,335106.974
2023-11-13T00:00:00,2046.07,2076,2037.05,2041.16,579130.371
2023-11-13T04:00:00,2041.16,2057.98,2030,2049.36,393475.893
2023-11-13T08:00:00,2049.37,2062.72,2040,2048.38,336015.377
2023-11-13T12:00:00,2048.38,2109.89,2040,2106.67,1176063.349
2023-11-13T16:00:00,2106.67,2120,2066,2101.30,802430.549
2023-11-13T20:00:00,2101.30,2104.20,2044.60,2055.18,720492.118
2023-11-14T00:00:00,2055.18,2060,2032.34,2056.99,464898.863
2023-11-14T04:00:00,2056.98,2065.71,2048.72,2061.50,192221.595
2023-11-14T08:00:00,2061.50,2066.39,2026.38,2033.21,442556.163
2023-11-14T12:00:00,2033.21,2055.96,2018.90,2039.61,877571.413
2023-11-14T16:00:00,2039.60,2055.75,1920,1979.76,1436662.140
2023-11-14T20:00:00,1979.75,1995.83,1969.03,1980.11,390026.838
2023-11-15T00:00:00,1980.11,1992.63,1967.85,1968.77,302893.302
2023-11-15T04:00:00,1968.77,1988.58,1968.18,1984.15,225803.939
2023-11-15T08:00:00,1984.15,2015.96,1982.01,2013.96,469032.367
2023-11-15T12:00:00,2013.97,2024.68,2005.97,2022.05,483838.999
2023-11-15T16:00:00,2022.06,2055.18,2001.28,2052.78,1037456.072
2023-11-15T20:00:00,2052.78,2064.08,2036.61,2059.29,525692.685
2023-11-16T00:00:00,2059.30,2082.80,2052,2054.52,464359.282
2023-11-16T04:00:00,2054.52,2066.52,2049.14,2054.71,242607.301
2023-11-16T08:00:00,2054.71,2093,2037.03,2070.03,766103.942
2023-11-16T12:00:00,2070.03,2070.80,1980.10,1996.43,1333428.229
2023-11-16T16:00:00,1996.43,2015.96,1938.40,1966.07,1092242.338
2023-11-16T20:00:00,1966.07,1971.15,1945.65,1962.13,449593.537
2023-11-17T00:00:00,1962.14,1992.26,1959.91,1984.59,351064.735
2023-11-17T04:00:00,1984.59,1987.82,1968.14,1971.11,285677.755
2023-11-17T08:00:00,1971.12,1982.99,1955,1966.73,437882.075
2023-11-17T12:00:00,1966.73,1972,1913.01,1919.44,959716.570
2023-11-17T16:00:00,1919.45,1949.96,1903.81,1939.79,833428.689
2023-11-17T20:00:00,1939.78,1970.11,1938.05,1961.21,360615.694
2023-11-18T00:00:00,1961.21,1962.20,1940.52,1942.10,221271.650
2023-11-18T04:00:00,1942.09,1946.92,1916,1936.61,337511.431
2023-11-18T08:00:00,1936.61,1946,1931.42,1935.99,213735.878
2023-11-18T12:00:00,1935.99,1955.62,1931.35,1953.42,294354.208
2023-11-18T16:00:00,1953.41,1972.06,1952.87,1964.61,406469.031
2023-11-18T20:00:00,1964.61,1966.96,1950.50,1963.19,169811.961
2023-11-19T00:00:00,1963.19,1963.85,1943.44,1956.17,252544.464
2023-11-19T04:00:00,1956.18,1967.74,1953.13,1962.52,158089.846
2023-11-19T08:00:00,1962.52,1967.26,1945.72,1952.25,234293.735
2023-11-19T12:00:00,1952.24,1969.80,1945.05,1967.22,250948.116
2023-11-19T16:00:00,1967.22,1985.71,1966,1984.03,347036.233
2023-11-19T20:00:00,1984.03,2016.45,1976.17,2012.46,483357.178
2023-11-20T00:00:00,2012.45,2013.96,1995.81,2000.69,297954.723
2023-11-20T04:00:00,2000.68,2028.20,1993.85,2020.20,285271.130
2023-11-20T08:00:00,2020.23,2044.33,2009.46,2025.14,566795.266
2023-11-20T12:00:00,2025.14,2051.56,1981.96,2043.11,816428.871
2023-11-20T16:00:00,2043.11,2068.80,2010.78,2037.36,1004199.079
2023-11-20T20:00:00,2037.36,2040.55,2015,2022.41,310196.726
2023-11-21T00:00:00,2022.41,2036.06,2007.63,2019.78,348918.219
2023-11-21T04:00:00,2019.77,2020.54,2003.72,2004.89,221436.916
2023-11-21T08:00:00,2004.89,2018.75,2001.98,2004.81,268026.857
2023-11-21T12:00:00,2004.80,2016.40,1952,1988.84,1323882.273
2023-11-21T16:00:00,1988.82,2025,1960.43,1986.54,1169636.002
2023-11-21T20:00:00,1986.56,2007.64,1929.85,1933.44,773206.765
2023-11-22T00:00:00,1933.44,1980.80,1928.74,1978.76,394736.916
2023-11-22T04:00:00,1978.76,2002.62,1977.48,1993.97,355225.690
2023-11-22T08:00:00,1993.97,2030,1992.13,2015.45,517357.440
2023-11-22T12:00:00,2015.45,2046.61,2011.22,2033.87,678034.979
2023-11-22T16:00:00,2033.87,2084.40,2028.02,2077.35,963075.933
2023-11-22T20:00:00,2077.34,2093.78,2058.04,2063.91,617253.134
2023-11-23T00:00:00,2063.92,2072.21,2053.64,2060.12,289788.846
2023-11-23T04:00:00,2060.11,2070.64,2058.20,2066.45,182098.075
2023-11-23T08:00:00,2066.45,2089.75,2033.50,2063.25,628385.739
2023-11-23T12:00:00,2063.26,2071.46,2040.21,2042.49,521821.877
2023-11-23T16:00:00,2042.50,2067.72,2040.45,2062.55,261730.768
2023-11-23T20:00:00,2062.55,2078.41,2059.81,2062.68,217457.022
2023-11-24T00:00:00,2062.67,2078,2059.63,2064.06,207603.782
2023-11-24T04:00:00,2064.05,2085,2062.54,2080.50,242857.988
2023-11-24T08:00:00,2080.50,2129.96,2075.14,2097.92,942621.699
2023-11-24T12:00:00,2097.95,2135,2096.44,2117.46,692058.732
2023-11-24T16:00:00,2117.45,2126.50,2079.03,2088.01,720346.090
2023-11-24T20:00:00,2088.01,2096.45,2057.77,2081.16,426481.525
2023-11-25T00:00:00,2081.16,2089.80,2072.96,2086.95,220871.324
2023-11-25T04:00:00,2086.95,2090.49,2080.34,2088.47,126282.941
2023-11-25T08:00:00,2088.47,2090.79,2065.59,2070.92,231095.820
2023-11-25T12:00:00,2070.93,2079.70,2067.32,2078,188754.699
2023-11-25T16:00:00,2078,2084.63,2074,2082.50,152065.667
2023-11-25T20:00:00,2082.49,2086.94,2080.04,2082.87,108388.242
2023-11-26T00:00:00,2082.87,2084.24,2067.04,2076.36,180592.329
2023-11-26T04:00:00,2076.36,2093.46,2070.77,2089.19,255391.494
2023-11-26T08:00:00,2089.19,2094.96,2081.16,2085.06,189812.892
2023-11-26T12:00:00,2085.06,2090.77,2060,2064.50,612356.309
2023-11-26T16:00:00,2064.50,2069.42,2035,2056.63,609762.358
2023-11-26T20:00:00,2056.63,2082.79,2055.17,2061.97,417636.668
2023-11-27T00:00:00,2061.97,2071,2037.68,2048.06,315901.412
2023-11-27T04:00:00,2048.06,2054.66,2027.70,2045.10,345865.078
2023-11-27T08:00:00,2045.10,2052.87,2016.40,2024.91,592363.824
2023-11-27T12:00:00,2024.92,2029.54,1998,2003.15,645575.475
2023-11-27T16:00:00,2003.15,2024.70,1985,1994.64,637379.303
2023-11-27T20:00:00,1994.64,2029.96,1987,2027.57,358316.382
2023-11-28T00:00:00,2027.57,2041.36,2020.01,2027.25,281689.510
2023-11-28T04:00:00,2027.25,2029.72,1994.85,2014.17,481377.541
2023-11-28T08:00:00,2014.18,2029,2005.42,2027.98,290678.793
2023-11-28T12:00:00,2027.99,2042.51,2019.18,2036.30,422885.095
2023-11-28T16:00:00,2036.31,2075.87,2034.93,2059.13,842731.644
2023-11-28T20:00:00,2059.12,2065.40,2042.40,2048.20,282216.864
2023-11-29T00:00:00,2048.21,2057.87,2039,2053.45,261715.726
2023-11-29T04:00:00,2053.45,2063.80,2047.18,2057.55,206181.208
2023-11-29T08:00:00,2057.55,2077,2044.41,2052.58,453012.170
2023-11-29T12:00:00,2052.58,2062.08,2020,2031.53,592840.800
2023-11-29T16:00:00,2031.52,2042.21,2018.56,2038.47,362655.319
2023-11-29T20:00:00,2038.48,2039.87,2018.97,2028.41,213894.032
2023-11-30T00:00:00,2028.41,2040.75,2022,2040.08,220258.416
2023-11-30T04:00:00,2040.09,2043.70,2031.03,2035.51,258658.752
2023-11-30T08:00:00,2035.52,2046.97,2020.40,2045.23,286015.669
2023-11-30T12:00:00,2045.23,2052.78,2024.24,2033.29,543955.518
2023-11-30T16:00:00,2033.29,2044,2028.29,2041.24,203466.981
2023-11-30T20:00:00,2041.25,2054.97,2039.23,2051.76,190546.076
2023-12-01T00:00:00,2051.77,2093.77,2044.35,2092.10,609016.778
2023-12-01T04:00:00,2092.11,2108.83,2086.73,2092.29,467770.866
2023-12-01T08:00:00,2092.30,2111.50,2086.08,2092.21,503870.139
2023-12-01T12:00:00,2092.21,2094.31,2070.30,2079.43,451366.064
2023-12-01T16:00:00,2079.44,2110,2077.45,2089.64,717819.984
2023-12-01T20:00:00,2089.65,2096.68,2081.86,2086.99,158892.721
2023-12-02T00:00:00,2086.99,2097,2085.63,2092.47,149105.269
2023-12-02T04:00:00,2092.46,2106.47,2089.52,2095.65,193430.506
2023-12-02T08:00:00,2095.66,2107.52,2095.65,2098.52,192052.435
2023-12-02T12:00:00,2098.53,2108.99,2091.81,2103.59,306671.594
2023-12-02T16:00:00,2103.59,2199.99,2097,2159.10,1453676.249
2023-12-02T20:00:00,2159.09,2177.91,2152.86,2165.28,408936.664
2023-12-03T00:00:00,2165.26,2177.94,2155.90,2162.38,285178.927
2023-12-03T04:00:00,2162.39,2165.80,2152.81,2165.07,197469.573
2023-12-03T08:00:00,2165.07,2168.85,2156.59,2159.28,181298.833
2023-12-03T12:00:00,2159.27,2165.91,2148.17,2160.35,428689.929
2023-12-03T16:00:00,2160.36,2169.24,2149.14,2167.59,269799.669
2023-12-03T20:00:00,2167.60,2219.17,2165.09,2193.24,775939.098
2023-12-04T00:00:00,2193.25,2230,2191.52,2210.77,576404.774
2023-12-04T04:00:00,2210.78,2267,2210.38,2247.57,773423.271
2023-12-04T08:00:00,2247.58,2276.84,2213.60,2238.45,954995.577
2023-12-04T12:00:00,2238.46,2256.70,2200.90,2212.52,719905.399
2023-12-04T16:00:00,2212.52,2236.17,2210.17,2234.82,384288.485
2023-12-04T20:00:00,2234.81,2254.80,2220.20,2243.66,374361.371
2023-12-05T00:00:00,2243.67,2253.60,2223,2231.36,337431.554
2023-12-05T04:00:00,2231.36,2238.33,2186,2200.19,527088.409
2023-12-05T08:00:00,2200.19,2210.62,2190.03,2204.67,421792.902
2023-12-05T12:00:00,2204.67,2234.81,2199.19,2228.43,562206.983
2023-12-05T16:00:00,2228.44,2311.51,2219.53,2273.75,1698959.103
2023-12-05T20:00:00,2273.76,2299.91,2252.18,2293.97,574240.609
2023-12-06T00:00:00,2293.97,2314.98,2275,2282.93,582540.880
2023-12-06T04:00:00,2282.94,2285.67,2258.83,2266.41,367888.006
2023-12-06T08:00:00,2266.41,2288.88,2232.82,2253.48,643729.108
2023-12-06T12:00:00,2253.47,2269.66,2247.05,2252.84,492994.374
2023-12-06T16:00:00,2252.85,2285.82,2250.63,2263.72,397902.216
2023-12-06T20:00:00,2263.72,2266,2218.49,2233.29,450122.357
2023-12-07T00:00:00,2233.32,2250.73,2230.79,2249.78,204892.151
2023-12-07T04:00:00,2249.77,2270,2248.37,2261.96,245048.103
2023-12-07T08:00:00,2261.96,2269.79,2222.08,2236.98,625541.757
2023-12-07T12:00:00,2236.97,2332.89,2232.68,2322.81,937989.435
2023-12-07T16:00:00,2322.82,2359.05,2317.50,2337.55,983448.148
2023-12-07T20:00:00,2337.56,2387.20,2336.87,2357.04,595148.552
2023-12-08T00:00:00,2357.05,2389.95,2353.21,2376.35,389349.374
2023-12-08T04:00:00,2376.35,2397.44,2354.21,2354.99,451042.630
2023-12-08T08:00:00,2355,2374.97,2345.71,2367.11,434054.610
2023-12-08T12:00:00,2367.08,2380,2333.36,2347.44,734574.211
2023-12-08T16:00:00,2347.43,2363.30,2340.54,2354.44,348181.711
2023-12-08T20:00:00,2354.43,2379.56,2353.40,2360.82,334778.687
2023-12-09T00:00:00,2360.82,2368.43,2350.08,2361.79,193163.889
2023-12-09T04:00:00,2361.79,2390.20,2361.01,2385.40,339423.349
2023-12-09T08:00:00,2385.27,2407.63,2350,2358.68,809273.194
2023-12-09T12:00:00,2358.67,2371.85,2336.90,2364.54,509660.270
2023-12-09T16:00:00,2364.55,2367.35,2343.52,2359.46,272059.592
2023-12-09T20:00:00,2359.46,2364.30,2328,2342.40,298675.076
2023-12-10T00:00:00,2342.41,2357,2341.48,2353.03,188367.925
2023-12-10T04:00:00,2353.03,2360.69,2346,2355.38,145715.904
2023-12-10T08:00:00,2355.31,2357.96,2323,2339.44,369614.608
2023-12-10T12:00:00,2339.44,2357.77,2338.79,2353.52,260494.320
2023-12-10T16:00:00,2353.53,2364.56,2342.11,2357.12,228159.845
2023-12-10T20:00:00,2357.12,2379.98,2344.31,2353.97,317436.102
2023-12-11T00:00:00,2353.99,2356.73,2114.63,2251.31,1538054.207
2023-12-11T04:00:00,2251.32,2254.89,2225.66,2237.15,554825.985
2023-12-11T08:00:00,2237.16,2253.80,2230.40,2249.97,337372.377
2023-12-11T12:00:00,2249.96,2252.54,2199.50,2220.05,624065.860
2023-12-11T16:00:00,2220.05,2223.45,2156,2188.61,1242424.752
2023-12-11T20:00:00,2188.60,2227.99,2181.98,2225.56,418443.199
2023-12-12T00:00:00,2225.55,2245.37,2222.10,2232.23,375176.065
2023-12-12T04:00:00,2232.24,2239.96,2213.12,2233.92,363018.884
2023-12-12T08:00:00,2233.92,2239.17,2208.01,2209.51,303088.406
2023-12-12T12:00:00,2209.52,2234.80,2186.42,2194.71,719106.242
2023-12-12T16:00:00,2194.70,2200.31,2168.38,2180.44,655406.420
2023-12-12T20:00:00,2180.44,2207.91,2164.82,2204.70,446111.875
2023-12-13T00:00:00,2204.71,2208.47,2146,2167.28,649575.324
2023-12-13T04:00:00,2167.29,2181.86,2145.33,2174.44,522111.695
2023-12-13T08:00:00,2174.45,2187.89,2168.90,2173.04,351478.385
2023-12-13T12:00:00,2173.05,2227,2170.53,2218.78,604239.767
2023-12-13T16:00:00,2218.78,2257.13,2202.27,2253.77,682902.217
2023-12-13T20:00:00,2253.78,2285.91,2246.04,2261.44,590511.344
2023-12-14T00:00:00,2261.45,2263.57,2246.13,2252.34,256341.771
2023-12-14T04:00:00,2252.35,2284.27,2246.89,2283.20,402436.972
2023-12-14T08:00:00,2283.20,2309,2271.79,2308.57,665420.375
2023-12-14T12:00:00,2308.57,2319,2212.04,2275.95,1162576.991
2023-12-14T16:00:00,2275.94,2315,2275.05,2293.19,495573.557
2023-12-14T20:00:00,2293.19,2333.29,2283.27,2316.54,296692.626
2023-12-15T00:00:00,2316.53,2319.32,2273,2281.72,374281.190
2023-12-15T04:00:00,2281.73,2284.44,2256.75,2272.50,456745.655
2023-12-15T08:00:00,2272.49,2288.17,2266.18,2274.31,366099.905
2023-12-15T12:00:00,2274.31,2275,2225.57,2233.19,692447.533
2023-12-15T16:00:00,2233.18,2250.38,2228.94,2243.24,340607.728
2023-12-15T20:00:00,2243.24,2253.77,2195.28,2221.71,389403.022
2023-12-16T00:00:00,2221.71,2261,2211.16,2255.57,429075.150
2023-12-16T04:00:00,2255.57,2256.62,2238.60,2242.54,183624.911
2023-12-16T08:00:00,2242.54,2254.92,2240.48,2254.91,176271.271
2023-12-16T12:00:00,2254.90,2260.73,2240.03,2257.82,292117.136
2023-12-16T16:00:00,2257.83,2264.95,2230.65,2236.02,304888.383
2023-12-16T20:00:00,2236.04,2242.60,2220,2229.64,229420.603
2023-12-17T00:00:00,2229.63,2234.98,2212.50,2217.74,239378.712
2023-12-17T04:00:00,2217.72,2225.39,2201.28,2209.79,280614.916
2023-12-17T08:00:00,2209.79,2221.99,2206.08,2217.29,219244.903
2023-12-17T12:00:00,2217.29,2227.99,2200,2223.55,331498.630
2023-12-17T16:00:00,2223.56,2244.16,2211.85,2236.24,395652.531
2023-12-17T20:00:00,2236.24,2251.24,2190,2197.93,422386.558
2023-12-18T00:00:00,2197.93,2206.89,2161.57,2175.75,594198.160
2023-12-18T04:00:00,2175.75,2185.80,2165.53,2170.05,276694.828
2023-12-18T08:00:00,2170.05,2179.31,2116.56,2143.05,883549.562
2023-12-18T12:00:00,2143.05,2175.03,2128.39,2156.17,505795.963
2023-12-18T16:00:00,2156.17,2177.10,2150.31,2175.42,309469.641
2023-12-18T20:00:00,2175.42,2226.52,2167.87,2220.48,534081.824
2023-12-19T00:00:00,2220.49,2255.48,2212.69,2237.72,523121.136
2023-12-19T04:00:00,2237.72,2254.67,2232.42,2248.57,218562.364
2023-12-19T08:00:00,2248.57,2256.64,2235.26,2237.41,302606.429
2023-12-19T12:00:00,2237.41,2242.37,2180.02,2192.85,723793.880
2023-12-19T16:00:00,2192.85,2207.96,2135.03,2177.82,880617.903
2023-12-19T20:00:00,2177.83,2187.62,2166.01,2179.02,274085.813
2023-12-20T00:00:00,2179.01,2192.31,2171.30,2187.48,256004.805
2023-12-20T04:00:00,2187.49,2224.69,2184.57,2217.69,427369.257
2023-12-20T08:00:00,2217.70,2226.00,2205.30,2212.70,348124.955
2023-12-20T12:00:00,2212.70,2269.56,2204.19,2249.11,922909.712
2023-12-20T16:00:00,2249.12,2251.60,2193.26,2206.27,655285.802
2023-12-20T20:00:00,2206.28,2209.22,2156.00,2203.95,654909.783
2023-12-21T00:00:00,2203.95,2205.15,2184.90,2202.21,287667.409
2023-12-21T04:00:00,2202.20,2221.89,2193.81,2216.81,284065.118
2023-12-21T08:00:00,2216.81,2260.17,2205.00,2255.72,563095.698
2023-12-21T12:00:00,2255.72,2282.41,2200.00,2234.50,1054820.251
2023-12-21T16:00:00,2234.50,2248.63,2220.00,2227.51,554606.967
2023-12-21T20:00:00,2227.50,2266.00,2220.00,2241.35,421605.538
2023-12-22T00:00:00,2241.47,2263.81,2232.56,2250.98,379070.980
2023-12-22T04:00:00,2250.99,2302.31,2246.92,2275.27,1045739.756
2023-12-22T08:00:00,2275.27,2334.77,2270.11,2315.06,1104227.576
2023-12-22T12:00:00,2315.06,2345.95,2292.43,2321.74,797408.426
2023-12-22T16:00:00,2321.73,2343.00,2307.13,2311.40,504724.396
2023-12-22T20:00:00,2311.41,2329.60,2303.98,2326.53,267886.511
2023-12-23T00:00:00,2326.54,2332.75,2265.00,2274.28,589268.709
2023-12-23T04:00:00,2274.29,2296.97,2266.46,2285.36,319892.836
2023-12-23T08:00:00,2285.35,2295.53,2282.36,2288.93,196059.862
2023-12-23T12:00:00,2288.93,2299.99,2286.01,2287.09,239298.602
2023-12-23T16:00:00,2287.09,2314.60,2284.30,2293.54,298515.010
2023-12-23T20:00:00,2293.54,2317.95,2285.77,2309.86,222875.449
2023-12-24T00:00:00,2309.86,2328.79,2295.60,2318.57,345184.864
2023-12-24T04:00:00,2318.58,2323.83,2275.70,2296.11,438944.491
2023-12-24T08:00:00,2296.12,2300.25,2275.00,2290.56,272334.017
2023-12-24T12:00:00,2290.56,2309.13,2285.76,2294.60,259685.190
2023-12-24T16:00:00,2294.61,2299.47,2283.09,2290.23,217465.083
2023-12-24T20:00:00,2290.24,2290.85,2241.20,2265.43,528536.337
2023-12-25T00:00:00,2265.42,2278.79,2254.38,2277.82,268695.726
2023-12-25T04:00:00,2277.82,2291.98,2276.74,2282.15,203406.220
2023-12-25T08:00:00,2282.16,2289.00,2264.96,2280.47,244761.669
2023-12-25T12:00:00,2280.47,2308.00,2275.18,2288.73,531214.023
2023-12-25T16:00:00,2288.50,2291.11,2270.97,2275.83,310867.670
2023-12-25T20:00:00,2275.83,2289.14,2258.04,2273.07,335390.481
2023-12-26T00:00:00,2273.08,2277.51,2265.47,2270.99,181997.121
2023-12-26T04:00:00,2270.99,2274.06,2219.03,2242.50,687970.293
2023-12-26T08:00:00,2242.50,2246.23,2216.86,2244.82,450193.230
2023-12-26T12:00:00,2244.82,2253.00,2225.55,2230.64,386071.629
2023-12-26T16:00:00,2230.64,2234.57,2178.84,2213.70,816653.749
2023-12-26T20:00:00,2213.71,2234.40,2211.00,2232.44,194520.540
2023-12-27T00:00:00,2232.45,2236.43,2213.68,2219.68,226801.269
2023-12-27T04:00:00,2219.68,2233.47,2218.92,2230.45,172675.473
2023-12-27T08:00:00,2230.45,2294.00,2228.72,2287.72,681083.134
2023-12-27T12:00:00,2287.72,2358.80,2277.44,2345.01,1221748.684
2023-12-27T16:00:00,2345.01,2379.00,2335.64,2348.61,778138.916
2023-12-27T20:00:00,2348.61,2395.00,2346.21,2380.31,490275.570
2023-12-28T00:00:00,2380.32,2455.52,2377.59,2415.86,865230.459
2023-12-28T04:00:00,2415.86,2427.38,2365.00,2383.06,646792.886
2023-12-28T08:00:00,2383.06,2414.73,2375.00,2403.92,470645.486
2023-12-28T12:00:00,2403.92,2416.75,2345.00,2360.81,1286077.054
2023-12-28T16:00:00,2360.82,2385.91,2350.30,2364.65,576520.221
2023-12-28T20:00:00,2364.65,2365.84,2336.02,2345.96,415196.952
2023-12-29T00:00:00,2345.98,2366.61,2311.07,2354.15,842768.350
2023-12-29T04:00:00,2354.15,2363.05,2333.45,2335.43,361975.176
2023-12-29T08:00:00,2335.43,2381.05,2334.10,2374.65,416447.994
2023-12-29T12:00:00,2374.66,2388.74,2318.00,2328.84,751827.212
2023-12-29T16:00:00,2328.84,2335.56,2286.34,2318.84,919233.527
2023-12-29T20:00:00,2318.84,2319.61,2254.72,2300.60,574499.720
2023-12-30T00:00:00,2300.61,2311.62,2289.11,2300.16,239228.940
2023-12-30T04:00:00,2300.17,2311.00,2295.61,2297.92,160941.270
2023-12-30T08:00:00,2297.91,2298.98,2269.15,2289.89,438284.239
2023-12-30T12:00:00,2289.89,2318.94,2284.19,2314.41,367229.330
2023-12-30T16:00:00,2314.39,2325.00,2297.40,2301.98,362316.211
2023-12-30T20:00:00,2301.97,2307.58,2273.86,2293.26,241956.541
2023-12-31T00:00:00,2293.26,2306.51,2278.84,2285.71,205219.422
2023-12-31T04:00:00,2285.71,2306.83,2280.91,2296.94,196927.492
2023-12-31T08:00:00,2296.95,2318.00,2291.43,2310.66,324174.135
2023-12-31T12:00:00,2310.66,2324.78,2291.86,2300.60,358689.484
2023-12-31T16:00:00,2300.59,2311.74,2292.56,2296.86,226419.616
2023-12-31T20:00:00,2296.85,2296.91,2258.00,2283.85,360287.848
2024-01-01T00:00:00,2283.84,2308.74,2272.04,2275.59,267355.434
2024-01-01T04:00:00,2275.59,2289.82,2266.67,2286.46,213716.910
2024-01-01T08:00:00,2286.46,2307.45,2281.82,2306.72,213613.116
2024-01-01T12:00:00,2306.71,2321.00,2296.51,2316.97,252804.721
2024-01-01T16:00:00,2316.97,2343.43,2308.36,2339.71,372935.888
2024-01-01T20:00:00,2339.71,2354.95,2325.56,2354.62,338137.349
2024-01-02T00:00:00,2354.63,2402.64,2349.57,2388.45,681513.539
2024-01-02T04:00:00,2388.46,2394.99,2375.66,2387.83,281134.425
2024-01-02T08:00:00,2387.84,2434.49,2382.01,2394.28,703837.633
2024-01-02T12:00:00,2394.28,2407.81,2353.47,2359.60,816155.372
2024-01-02T16:00:00,2359.61,2374.99,2352.32,2371.24,455049.226
2024-01-02T20:00:00,2371.22,2382.65,2335.00,2356.93,438483.535
2024-01-03T00:00:00,2356.92,2387.28,2348.46,2370.36,291981.576
2024-01-03T04:00:00,2370.36,2382.99,2357.99,2362.82,269634.774
2024-01-03T08:00:00,2362.82,2387.48,2298.01,2309.86,837245.939
2024-01-03T12:00:00,2309.46,2310.39,2067.16,2241.02,2478511.836
2024-01-03T16:00:00,2241.23,2246.62,2188.88,2206.79,834705.935
2024-01-03T20:00:00,2206.79,2228.69,2196.15,2210.39,284839.618
2024-01-04T00:00:00,2210.39,2241.19,2202.10,2231.78,311199.686
2024-01-04T04:00:00,2231.79,2245.94,2222.04,2222.99,293875.170
2024-01-04T08:00:00,2223.00,2232.00,2205.42,2229.13,353624.841
2024-01-04T12:00:00,2229.13,2286.99,2223.58,2277.86,695169.509
2024-01-04T16:00:00,2277.86,2295.36,2260.00,2274.89,491010.572
2024-01-04T20:00:00,2274.89,2295.55,2261.70,2267.85,367920.478
2024-01-05T00:00:00,2267.85,2275.60,2207.03,2242.89,523904.108
2024-01-05T04:00:00,2242.89,2265.95,2234.34,2252.39,261566.900
2024-01-05T08:00:00,2252.40,2270.09,2233.23,2242.15,373469.369
2024-01-05T12:00:00,2242.15,2253.94,2216.20,2225.23,596894.707
2024-01-05T16:00:00,2225.22,2241.00,2206.00,2234.30,402773.708
2024-01-05T20:00:00,2234.30,2278.16,2233.60,2268.93,482133.175
2024-01-06T00:00:00,2268.92,2270.34,2250.26,2253.67,179651.993
2024-01-06T04:00:00,2253.67,2255.99,2215.56,2233.09,352007.914
2024-01-06T08:00:00,2233.09,2239.67,2228.58,2238.84,156209.265
2024-01-06T12:00:00,2238.85,2248.59,2228.18,2246.27,198819.079
2024-01-06T16:00:00,2246.28,2254.64,2237.10,2244.28,158916.953
2024-01-06T20:00:00,2244.29,2247.63,2230.03,2240.36,155705.540
2024-01-07T00:00:00,2240.36,2254.00,2235.08,2241.99,176010.711
2024-01-07T04:00:00,2241.99,2251.70,2240.46,2248.89,146176.705
2024-01-07T08:00:00,2248.89,2253.15,2230.00,2236.64,253159.263
2024-01-07T12:00:00,2236.64,2257.98,2221.21,2229.90,396513.704
2024-01-07T16:00:00,2229.90,2250.10,2220.09,2248.25,272663.034
2024-01-07T20:00:00,2248.26,2251.23,2201.06,2220.87,365273.280
2024-01-08T00:00:00,2220.87,2224.29,2165.43,2190.23,652208.531
2024-01-08T04:00:00,2190.23,2230.16,2187.15,2223.51,446093.252
2024-01-08T08:00:00,2223.50,2242.66,2204.16,2240.23,354442.824
2024-01-08T12:00:00,2240.23,2285.27,2239.00,2269.94,742091.863
2024-01-08T16:00:00,2269.94,2359.63,2259.17,2355.24,942398.861
2024-01-08T20:00:00,2355.24,2358.37,2324.34,2331.11,341704.185
2024-01-09T00:00:00,2331.12,2337.00,2288.01,2309.45,447994.898
2024-01-09T04:00:00,2309.44,2319.00,2296.80,2306.10,217304.737
2024-01-09T08:00:00,2306.09,2311.68,2285.09,2298.75,319719.264
2024-01-09T12:00:00,2298.75,2304.95,2222.44,2256.91,984152.310
2024-01-09T16:00:00,2256.91,2278.00,2243.27,2270.87,393754.092
2024-01-09T20:00:00,2270.87,2377.36,2243.26,2344.44,2007585.632
2024-01-10T00:00:00,2344.33,2402.60,2340.00,2361.65,777385.971
2024-01-10T04:00:00,2361.65,2394.16,2357.21,2369.42,448580.175
2024-01-10T08:00:00,2369.42,2431.80,2362.50,2402.97,866672.147
2024-01-10T12:00:00,2402.97,2463.37,2336.28,2450.01,1702081.243
2024-01-10T16:00:00,2450.01,2483.00,2401.21,2478.06,1284675.818
2024-01-10T20:00:00,2478.06,2645.65,2408.95,2585.82,2661500.242
2024-01-11T00:00:00,2585.81,2617.00,2565.69,2613.07,726666.556
2024-01-11T04:00:00,2613.10,2630.60,2573.48,2590.00,623696.044
2024-01-11T08:00:00,2590.01,2666.66,2586.76,2658.18,701014.855
2024-01-11T12:00:00,2658.18,2691.90,2595.35,2614.66,1725954.564
2024-01-11T16:00:00,2614.65,2626.95,2571.28,2623.37,951193.498
2024-01-11T20:00:00,2623.36,2633.72,2588.40,2618.59,432901.502
2024-01-12T00:00:00,2618.60,2625.10,2581.09,2590.28,348147.349
2024-01-12T04:00:00,2590.29,2627.90,2586.25,2597.22,417244.567
2024-01-12T08:00:00,2597.23,2669.69,2585.01,2648.23,784214.904
2024-01-12T12:00:00,2648.23,2719.89,2634.44,2648.40,1744103.923
2024-01-12T16:00:00,2648.40,2691.23,2560.00,2585.80,1708572.850
2024-01-12T20:00:00,2585.80,2600.20,2458.38,2523.30,1482713.373
2024-01-13T00:00:00,2523.30,2557.86,2497.79,2548.98,571510.116
2024-01-13T04:00:00,2548.98,2562.00,2539.31,2550.91,287268.266
2024-01-13T08:00:00,2550.91,2561.04,2521.24,2543.12,390818.991
2024-01-13T12:00:00,2543.12,2567.00,2531.84,2564.29,456280.581
2024-01-13T16:00:00,2564.30,2581.35,2548.87,2572.41,574077.074
2024-01-13T20:00:00,2572.44,2591.29,2563.00,2578.50,229242.559
2024-01-14T00:00:00,2578.51,2579.13,2550.54,2551.84,281883.438
2024-01-14T04:00:00,2551.84,2557.14,2543.01,2551.63,236423.058
2024-01-14T08:00:00,2551.63,2555.00,2535.29,2538.22,223347.426
2024-01-14T12:00:00,2538.22,2547.56,2524.82,2538.16,305294.926
2024-01-14T16:00:00,2538.17,2544.86,2500.04,2502.03,411835.902
2024-01-14T20:00:00,2502.02,2534.30,2470.00,2474.36,667514.138
2024-01-15T00:00:00,2474.30,2515.05,2472.04,2504.74,456383.199
2024-01-15T04:00:00,2504.74,2522.42,2504.22,2514.32,173970.610
2024-01-15T08:00:00,2514.32,2543.60,2507.93,2539.90,226844.402
2024-01-15T12:00:00,2539.90,2549.79,2505.39,2515.02,417464.298
2024-01-15T16:00:00,2515.01,2555.00,2514.57,2535.22,321383.107
2024-01-15T20:00:00,2535.22,2539.99,2500.00,2512.21,222513.223
2024-01-16T00:00:00,2512.20,2539.23,2505.01,2538.00,266286.416
2024-01-16T04:00:00,2537.99,2543.00,2522.47,2528.57,194352.136
2024-01-16T08:00:00,2528.57,2549.88,2520.60,2530.83,281565.584
2024-01-16T12:00:00,2530.83,2572.00,2500.00,2559.43,844215.672
2024-01-16T16:00:00,2559.43,2579.88,2547.21,2574.57,426484.907
2024-01-16T20:00:00,2574.57,2613.80,2571.46,2587.40,443725.354
2024-01-17T00:00:00,2587.40,2593.01,2570.99,2571.60,276757.292
2024-01-17T04:00:00,2571.60,2575.63,2551.25,2552.14,259880.485
2024-01-17T08:00:00,2552.13,2554.12,2535.19,2543.08,321233.439
2024-01-17T12:00:00,2543.08,2575.26,2532.00,2539.31,740260.674
2024-01-17T16:00:00,2539.32,2545.53,2515.00,2533.46,408030.231
2024-01-17T20:00:00,2533.47,2545.56,2505.76,2530.62,293367.166
2024-01-18T00:00:00,2530.61,2534.28,2509.25,2530.23,240844.981
2024-01-18T04:00:00,2530.24,2540.00,2525.02,2538.88,237979.920
2024-01-18T08:00:00,2538.87,2549.99,2515.00,2522.72,372957.115
2024-01-18T12:00:00,2522.73,2535.89,2503.00,2526.12,449084.596
2024-01-18T16:00:00,2526.12,2526.73,2429.50,2439.37,1207148.699
2024-01-18T20:00:00,2439.36,2472.90,2428.22,2471.29,420734.339
2024-01-19T00:00:00,2471.29,2474.96,2442.98,2460.77,302167.817
2024-01-19T04:00:00,2460.76,2474.94,2456.86,2465.48,211664.668
2024-01-19T08:00:00,2465.48,2495.74,2460.40,2488.83,313574.666
2024-01-19T12:00:00,2488.83,2500.95,2460.37,2463.66,498228.078
2024-01-19T16:00:00,2463.67,2505.16,2415.55,2493.58,1021609.432
2024-01-19T20:00:00,2493.58,2504.91,2480.53,2492.46,247230.114
2024-01-20T00:00:00,2492.46,2492.46,2475.40,2481.82,181043.843
2024-01-20T04:00:00,2481.82,2487.11,2475.43,2479.00,108541.965
2024-01-20T08:00:00,2478.99,2480.52,2463.33,2471.10,192329.964
2024-01-20T12:00:00,2471.10,2477.16,2457.60,2464.34,192808.113
2024-01-20T16:00:00,2464.34,2468.34,2453.79,2461.94,150131.252
2024-01-20T20:00:00,2461.95,2474.73,2460.45,2472.27,114041.025
2024-01-21T00:00:00,2472.26,2481.92,2465.16,2475.35,118832.028
2024-01-21T04:00:00,2475.35,2476.11,2466.07,2475.84,75209.322
2024-01-21T08:00:00,2475.85,2482.70,2471.68,2473.77,111586.382
2024-01-21T12:00:00,2473.77,2481.43,2463.66,2468.00,145322.134
2024-01-21T16:00:00,2468.01,2478.66,2464.00,2474.41,113500.175
2024-01-21T20:00:00,2474.41,2475.69,2451.00,2457.02,143841.328
2024-01-22T00:00:00,2457.02,2466.46,2424.00,2437.91,417284.261
2024-01-22T04:00:00,2437.90,2439.05,2401.20,2420.98,426637.323
2024-01-22T08:00:00,2420.98,2420.99,2360.51,2381.00,757334.642
2024-01-22T12:00:00,2380.99,2405.22,2352.64,2380.00,706601.955
2024-01-22T16:00:00,2379.99,2386.30,2303.50,2321.89,850459.381
2024-01-22T20:00:00,2321.89,2351.58,2302.21,2314.33,486795.399
2024-01-23T00:00:00,2314.33,2343.10,2312.44,2339.01,287432.248
2024-01-23T04:00:00,2339.01,2351.76,2315.92,2323.57,279166.472
2024-01-23T08:00:00,2323.56,2327.19,2202.95,2218.28,1455094.669
2024-01-23T12:00:00,2218.28,2232.96,2167.50,2219.07,1241118.075
2024-01-23T16:00:00,2219.06,2231.51,2180.41,2185.00,736192.403
2024-01-23T20:00:00,2185.01,2247.31,2182.21,2241.67,380157.327
2024-01-24T00:00:00,2241.67,2255.00,2211.31,2213.04,424503.200
2024-01-24T04:00:00,2213.04,2245.00,2212.51,2233.83,269004.837
2024-01-24T08:00:00,2233.83,2264.44,2228.18,2243.22,364868.648
2024-01-24T12:00:00,2243.22,2247.57,2217.18,2233.95,475170.902
2024-01-24T16:00:00,2233.95,2244.32,2202.02,2212.47,405929.001
2024-01-24T20:00:00,2212.46,2239.29,2195.00,2234.62,316596.412
2024-01-25T00:00:00,2234.62,2239.40,2205.07,2216.14,250803.681
2024-01-25T04:00:00,2216.14,2227.47,2202.41,2226.94,200579.330
2024-01-25T08:00:00,2226.94,2242.55,2216.17,2231.10,305642.172
2024-01-25T12:00:00,2231.09,2233.91,2181.03,2187.61,553263.217
2024-01-25T16:00:00,2187.61,2225.00,2169.04,2217.96,541829.539
2024-01-25T20:00:00,2217.96,2231.10,2211.40,2218.02,230708.765
2024-01-26T00:00:00,2218.01,2237.98,2210.25,2222.95,214986.538
2024-01-26T04:00:00,2222.95,2228.88,2195.15,2196.99,261576.860
2024-01-26T08:00:00,2196.98,2260.36,2195.29,2253.11,612712.867
2024-01-26T12:00:00,2253.11,2264.92,2232.72,2256.62,475273.923
2024-01-26T16:00:00,2256.62,2281.96,2249.58,2257.29,502404.021
2024-01-26T20:00:00,2257.28,2270.89,2251.34,2266.72,194655.738
2024-01-27T00:00:00,2266.73,2283.35,2263.75,2273.36,186547.578
2024-01-27T04:00:00,2273.36,2275.75,2252.31,2257.80,171416.957
2024-01-27T08:00:00,2257.80,2271.46,2250.33,2264.87,194580.501
2024-01-27T12:00:00,2264.86,2274.45,2261.01,2269.29,119268.982
2024-01-27T16:00:00,2269.29,2276.95,2260.11,2272.00,148185.169
2024-01-27T20:00:00,2271.99,2275.04,2260.04,2266.99,124834.374
2024-01-28T00:00:00,2267.00,2288.71,2261.94,2285.99,227732.782
2024-01-28T04:00:00,2285.98,2308.00,2280.41,2281.84,327366.623
2024-01-28T08:00:00,2281.83,2301.81,2275.70,2280.19,254058.150
2024-01-28T12:00:00,2280.20,2285.59,2260.57,2269.16,299935.421
2024-01-28T16:00:00,2269.16,2275.31,2245.04,2253.09,258073.261
2024-01-28T20:00:00,2253.08,2265.71,2236.56,2256.00,229502.885
2024-01-29T00:00:00,2256.00,2277.49,2249.58,2270.98,228033.770
2024-01-29T04:00:00,2270.97,2273.55,2256.94,2258.50,136514.590
2024-01-29T08:00:00,2258.50,2276.80,2253.19,2263.88,237705.188
2024-01-29T12:00:00,2263.89,2275.50,2232.00,2274.99,466786.787
2024-01-29T16:00:00,2274.99,2314.75,2264.57,2292.40,662999.399
2024-01-29T20:00:00,2292.41,2322.53,2291.20,2316.52,227221.656
2024-01-30T00:00:00,2316.53,2327.68,2302.70,2310.35,278792.806
2024-01-30T04:00:00,2310.35,2313.65,2299.57,2308.27,186782.714
2024-01-30T08:00:00,2308.26,2316.84,2301.25,2313.10,169456.706
2024-01-30T12:00:00,2313.10,2347.67,2295.10,2340.43,714846.962
2024-01-30T16:00:00,2340.43,2381.47,2334.51,2373.75,646660.942
2024-01-30T20:00:00,2373.75,2392.84,2336.05,2341.95,387395.741
2024-01-31T00:00:00,2341.96,2351.23,2326.11,2342.32,328989.609
2024-01-31T04:00:00,2342.31,2344.00,2328.80,2339.73,167489.124
2024-01-31T08:00:00,2339.72,2342.58,2279.24,2299.12,549884.319
2024-01-31T12:00:00,2299.11,2333.02,2290.37,2328.49,560006.907
2024-01-31T16:00:00,2328.49,2349.95,2308.20,2322.34,512309.112
2024-01-31T20:00:00,2322.35,2323.74,2261.88,2282.00,489230.297
2024-02-01T00:00:00,2281.99,2289.25,2237.00,2256.12,431115.094
2024-02-01T04:00:00,2256.12,2276.88,2250.65,2270.92,206951.518
2024-02-01T08:00:00,2270.92,2277.57,2263.97,2265.62,179365.423
2024-02-01T12:00:00,2265.62,2307.92,2261.76,2288.28,485286.228
2024-02-01T16:00:00,2288.29,2311.51,2267.08,2303.96,419169.698
2024-02-01T20:00:00,2303.97,2309.72,2285.11,2303.33,172349.462
2024-02-02T00:00:00,2303.32,2320.00,2297.05,2300.36,214771.237
2024-02-02T04:00:00,2300.36,2318.90,2295.45,2312.51,190490.742
2024-02-02T08:00:00,2312.51,2318.59,2304.07,2317.48,154813.168
2024-02-02T12:00:00,2317.48,2324.90,2280.05,2313.01,530869.979
2024-02-02T16:00:00,2313.00,2323.52,2285.29,2300.66,307301.269
2024-02-02T20:00:00,2300.65,2309.82,2293.88,2307.99,115969.456
2024-02-03T00:00:00,2308.00,2330.45,2305.73,2320.41,223636.633
2024-02-03T04:00:00,2320.42,2324.49,2312.21,2313.44,110039.172
2024-02-03T08:00:00,2313.45,2315.61,2298.58,2302.72,182812.943
2024-02-03T12:00:00,2302.72,2309.12,2291.00,2302.83,184544.395
2024-02-03T16:00:00,2302.83,2312.77,2295.41,2302.49,151317.533
2024-02-03T20:00:00,2302.49,2304.91,2292.12,2295.42,85931.597
2024-02-04T00:00:00,2295.41,2305.78,2290.00,2302.07,106967.812
2024-02-04T04:00:00,2302.07,2303.49,2285.00,2289.66,152391.290
2024-02-04T08:00:00,2289.67,2309.58,2285.35,2304.62,161890.555
2024-02-04T12:00:00,2304.61,2308.70,2296.14,2300.89,120995.059
2024-02-04T16:00:00,2300.88,2307.89,2261.51,2278.82,311738.026
2024-02-04T20:00:00,2278.81,2311.00,2272.74,2288.66,339818.913
2024-02-05T00:00:00,2288.66,2298.01,2267.62,2295.51,199872.714
2024-02-05T04:00:00,2295.50,2311.96,2288.36,2309.74,202828.745
2024-02-05T08:00:00,2309.74,2332.62,2309.73,2328.56,346925.833
2024-02-05T12:00:00,2328.57,2338.00,2292.75,2297.21,421057.816
2024-02-05T16:00:00,2297.21,2312.31,2288.85,2303.68,290684.220
2024-02-05T20:00:00,2303.67,2305.03,2282.00,2300.83,227864.036
2024-02-06T00:00:00,2300.83,2329.30,2297.74,2315.79,263003.630
2024-02-06T04:00:00,2315.79,2326.98,2307.00,2326.05,206489.972
2024-02-06T08:00:00,2326.05,2344.45,2316.17,2324.58,443629.101
2024-02-06T12:00:00,2324.59,2350.00,2308.16,2342.85,576082.248
2024-02-06T16:00:00,2342.84,2378.99,2340.00,2377.85,418908.059
2024-02-06T20:00:00,2377.86,2392.00,2370.59,2371.74,289394.840
2024-02-07T00:00:00,2371.74,2389.96,2362.00,2363.79,222060.421
2024-02-07T04:00:00,2363.79,2368.17,2355.89,2362.07,184762.801
2024-02-07T08:00:00,2362.07,2377.11,2352.06,2360.72,265579.609
2024-02-07T12:00:00,2360.71,2385.00,2359.91,2368.69,367551.552
2024-02-07T16:00:00,2368.69,2424.92,2367.29,2418.66,728985.777
2024-02-07T20:00:00,2418.66,2445.00,2418.66,2424.22,385562.793
2024-02-08T00:00:00,2424.21,2443.43,2422.69,2432.45,276366.729
2024-02-08T04:00:00,2432.45,2434.32,2410.16,2420.20,213459.900
2024-02-08T08:00:00,2420.20,2429.88,2415.00,2424.19,190476.695
2024-02-08T12:00:00,2424.19,2463.28,2415.50,2452.52,590845.102
2024-02-08T16:00:00,2452.47,2454.56,2412.00,2420.66,453011.538
2024-02-08T20:00:00,2420.66,2433.48,2417.01,2418.76,185918.868
2024-02-09T00:00:00,2418.77,2466.00,2418.26,2447.52,414269.374
2024-02-09T04:00:00,2447.52,2462.94,2438.44,2452.86,285823.019
2024-02-09T08:00:00,2452.86,2507.00,2452.46,2501.82,531773.332
2024-02-09T12:00:00,2501.83,2528.66,2475.30,2494.24,889319.123
2024-02-09T16:00:00,2494.24,2522.56,2477.13,2484.65,562571.125
2024-02-09T20:00:00,2484.66,2505.80,2482.57,2485.24,224769.007
2024-02-10T00:00:00,2485.24,2513.83,2481.65,2511.14,212078.045
2024-02-10T04:00:00,2511.13,2515.20,2493.14,2494.06,154992.828
2024-02-10T08:00:00,2494.06,2498.28,2470.04,2482.38,280137.983
2024-02-10T12:00:00,2482.37,2496.00,2479.59,2489.42,192624.622
2024-02-10T16:00:00,2489.43,2496.97,2482.24,2496.73,162773.909
2024-02-10T20:00:00,2496.74,2516.12,2491.05,2499.20,317454.801
2024-02-11T00:00:00,2499.20,2528.98,2492.47,2528.28,307350.638
2024-02-11T04:00:00,2528.28,2538.46,2513.50,2526.93,296459.370
2024-02-11T08:00:00,2526.93,2539.20,2510.03,2530.13,243530.369
2024-02-11T12:00:00,2530.13,2531.36,2503.37,2507.64,277562.945
2024-02-11T16:00:00,2507.65,2519.47,2495.08,2506.67,244910.567
2024-02-11T20:00:00,2506.67,2513.63,2492.16,2506.10,152149.786
2024-02-12T00:00:00,2506.11,2525.00,2492.02,2498.97,307935.799
2024-02-12T04:00:00,2498.98,2504.00,2479.36,2500.89,221481.552
2024-02-12T08:00:00,2500.89,2504.83,2470.05,2487.17,306279.329
2024-02-12T12:00:00,2487.17,2563.37,2480.09,2557.33,740296.427
2024-02-12T16:00:00,2557.33,2639.98,2535.56,2610.91,1106241.276
2024-02-12T20:00:00,2610.91,2667.74,2610.90,2660.91,490165.854
2024-02-13T00:00:00,2660.91,2688.80,2637.46,2642.41,462739.242
2024-02-13T04:00:00,2642.40,2655.85,2640.00,2650.26,207564.434
2024-02-13T08:00:00,2650.26,2688.14,2648.22,2683.15,441983.507
2024-02-13T12:00:00,2683.15,2687.98,2585.70,2632.72,1348262.718
2024-02-13T16:00:00,2632.72,2641.99,2593.00,2612.16,561308.474
2024-02-13T20:00:00,2612.16,2651.24,2611.41,2640.83,298113.199
2024-02-14T00:00:00,2640.88,2645.21,2619.12,2638.08,203684.464
2024-02-14T04:00:00,2638.08,2656.13,2621.12,2653.63,238951.662
2024-02-14T08:00:00,2653.62,2763.60,2648.36,2758.06,1030418.618
2024-02-14T12:00:00,2758.14,2775.00,2731.00,2751.37,681074.672
2024-02-14T16:00:00,2751.36,2767.87,2728.09,2762.91,380743.588
2024-02-14T20:00:00,2762.90,2788.88,2756.25,2776.14,310746.639
2024-02-15T00:00:00,2776.14,2829.41,2772.63,2803.24,661323.806
2024-02-15T04:00:00,2803.24,2805.62,2758.57,2773.93,386470.988
2024-02-15T08:00:00,2773.92,2804.00,2770.02,2794.72,306607.122
2024-02-15T12:00:00,2794.71,2870.98,2776.19,2828.35,1152420.604
2024-02-15T16:00:00,2828.34,2843.31,2803.88,2836.11,511441.390
2024-02-15T20:00:00,2836.11,2848.54,2787.03,2824.54,426152.941
2024-02-16T00:00:00,2824.53,2859.83,2821.34,2848.03,322105.317
2024-02-16T04:00:00,2848.03,2854.69,2813.50,2817.09,317646.783
2024-02-16T08:00:00,2817.08,2837.66,2795.50,2825.21,451252.883
2024-02-16T12:00:00,2825.20,2849.44,2732.70,2777.45,930177.706
2024-02-16T16:00:00,2777.44,2809.78,2756.75,2764.05,476148.952
2024-02-16T20:00:00,2764.05,2812.14,2759.03,2803.69,239491.129
2024-02-17T00:00:00,2803.70,2806.09,2778.39,2794.90,198467.391
2024-02-17T04:00:00,2794.90,2800.73,2780.31,2797.20,166025.497
2024-02-17T08:00:00,2797.20,2797.21,2766.04,2782.83,316656.316
2024-02-17T12:00:00,2782.83,2789.98,2718.35,2756.35,662004.304
2024-02-17T16:00:00,2756.35,2778.97,2744.35,2776.11,220168.747
2024-02-17T20:00:00,2776.12,2804.33,2773.17,2787.43,213590.495
2024-02-18T00:00:00,2787.44,2799.95,2764.80,2783.89,223875.400
2024-02-18T04:00:00,2783.90,2808.99,2780.21,2802.29,314874.279
2024-02-18T08:00:00,2802.28,2825.00,2798.22,2804.97,289368.852
2024-02-18T12:00:00,2804.97,2814.88,2786.41,2808.60,318256.217
2024-02-18T16:00:00,2808.60,2846.97,2794.97,2829.03,393587.929
2024-02-18T20:00:00,2829.03,2899.00,2817.34,2883.58,571705.842
2024-02-19T00:00:00,2883.56,2895.95,2856.40,2888.82,325183.126
2024-02-19T04:00:00,2888.82,2934.00,2882.27,2927.89,527930.036
2024-02-19T08:00:00,2927.89,2929.66,2891.09,2914.46,396398.829
2024-02-19T12:00:00,2914.45,2922.80,2888.20,2910.38,381915.435
2024-02-19T16:00:00,2910.37,2957.00,2888.57,2935.49,779381.729
2024-02-19T20:00:00,2935.49,2988.22,2928.64,2946.55,482435.783
2024-02-20T00:00:00,2946.55,2958.30,2905.14,2908.89,497151.822
2024-02-20T04:00:00,2908.89,2938.12,2905.00,2923.32,253164.184
2024-02-20T08:00:00,2923.32,2944.23,2873.60,2937.20,655918.733
2024-02-20T12:00:00,2937.19,3009.68,2901.06,2926.95,1765561.549
2024-02-20T16:00:00,2926.94,2989.49,2885.00,2988.23,813734.430
2024-02-20T20:00:00,2988.23,3036.83,2967.83,3017.21,612586.697
2024-02-21T00:00:00,3017.22,3020.00,2990.50,3007.88,342698.643
2024-02-21T04:00:00,3007.88,3012.45,2922.60,2941.89,626768.678
2024-02-21T08:00:00,2941.88,2958.56,2888.01,2900.32,926280.864
2024-02-21T12:00:00,2900.32,2929.80,2867.87,2915.62,1032709.758
2024-02-21T16:00:00,2915.61,2938.99,2886.00,2913.65,593944.014
2024-02-21T20:00:00,2913.65,2982.24,2900.55,2969.65,547336.807
2024-02-22T00:00:00,2969.65,2970.35,2907.16,2936.45,468289.780
2024-02-22T04:00:00,2936.45,2999.96,2921.19,2995.94,554186.505
2024-02-22T08:00:00,2995.95,3036.00,2972.22,2992.83,915439.835
2024-02-22T12:00:00,2992.83,3007.62,2932.42,2988.33,946390.433
2024-02-22T16:00:00,2988.33,3006.00,2962.02,2989.89,452548.660
2024-02-22T20:00:00,2989.88,3044.00,2969.12,2972.80,715949.042
2024-02-23T00:00:00,2972.80,2996.00,2934.67,2956.97,449613.439
2024-02-23T04:00:00,2956.97,2969.82,2923.17,2935.00,415644.423
2024-02-23T08:00:00,2935.00,2950.05,2913.28,2945.30,406531.635
2024-02-23T12:00:00,2945.30,2964.10,2913.28,2916.80,608181.985
2024-02-23T16:00:00,2916.81,2953.62,2906.62,2947.00,389554.454
2024-02-23T20:00:00,2947.00,2955.41,2907.00,2923.35,231758.546
2024-02-24T00:00:00,2923.36,2938.55,2907.16,2932.37,237255.068
2024-02-24T04:00:00,2932.37,2968.00,2930.89,2965.18,273498.200
2024-02-24T08:00:00,2965.18,2968.36,2949.10,2962.75,192631.927
2024-02-24T12:00:00,2962.76,2970.65,2954.41,2956.51,159914.116
2024-02-24T16:00:00,2956.51,3009.29,2956.36,2989.27,440462.534
2024-02-24T20:00:00,2989.27,2997.97,2980.71,2994.39,146592.373
2024-02-25T00:00:00,2994.39,3055.19,2985.23,3027.29,537515.171
2024-02-25T04:00:00,3027.30,3051.16,3014.52,3032.50,318491.087
2024-02-25T08:00:00,3032.49,3043.84,3012.00,3042.93,313441.298
2024-02-25T12:00:00,3042.94,3078.00,3027.39,3045.54,660573.727
2024-02-25T16:00:00,3045.54,3093.23,3028.57,3084.57,550030.075
2024-02-25T20:00:00,3084.57,3131.00,3084.36,3115.24,575645.209
2024-02-26T00:00:00,3115.24,3141.83,3087.02,3109.81,433048.287
2024-02-26T04:00:00,3109.80,3119.44,3087.99,3089.35,309196.472
2024-02-26T08:00:00,3089.34,3105.17,3037.25,3059.43,721088.642
2024-02-26T12:00:00,3059.42,3151.00,3039.42,3149.10,845049.071
2024-02-26T16:00:00,3149.10,3188.00,3129.04,3181.20,1051161.983
2024-02-26T20:00:00,3181.20,3200.00,3167.50,3178.60,468840.061
2024-02-27T00:00:00,3178.60,3295.57,3168.29,3222.13,933627.696
2024-02-27T04:00:00,3222.12,3241.38,3205.26,3219.57,401860.915
2024-02-27T08:00:00,3219.57,3272.79,3218.78,3258.88,394646.935
2024-02-27T12:00:00,3258.87,3292.46,3220.80,3231.74,852298.255
2024-02-27T16:00:00,3231.73,3264.00,3205.00,3253.64,563893.318
2024-02-27T20:00:00,3253.65,3273.00,3235.69,3244.98,260265.891
2024-02-28T00:00:00,3244.99,3261.53,3233.05,3251.70,198684.667
2024-02-28T04:00:00,3251.69,3309.99,3246.43,3306.43,432020.966
2024-02-28T08:00:00,3306.44,3375.61,3280.00,3299.52,1338828.471
2024-02-28T12:00:00,3299.52,3381.11,3287.50,3350.30,1183347.801
2024-02-28T16:00:00,3350.31,3502.07,3152.94,3302.23,2856789.527
2024-02-28T20:00:00,3302.24,3388.40,3255.12,3387.07,585966.652
2024-02-29T00:00:00,3387.07,3475.68,3379.80,3411.47,745191.998
2024-02-29T04:00:00,3411.48,3499.00,3401.48,3471.58,598729.253
2024-02-29T08:00:00,3471.59,3531.00,3445.80,3520.55,755221.325
2024-02-29T12:00:00,3520.55,3524.76,3447.02,3470.42,803887.142
2024-02-29T16:00:00,3470.42,3473.93,3352.00,3408.27,1142824.401
2024-02-29T20:00:00,3408.39,3419.67,3300.39,3343.15,695412.788
2024-03-01T00:00:00,3343.16,3393.22,3342.18,3371.36,320876.078
2024-03-01T04:00:00,3371.36,3402.36,3366.14,3367.73,277371.894
2024-03-01T08:00:00,3367.73,3441.99,3355.24,3414.27,487627.822
2024-03-01T12:00:00,3414.27,3454.19,3380.00,3393.63,608035.219
2024-03-01T16:00:00,3393.63,3439.49,3383.52,3431.14,347205.533
2024-03-01T20:00:00,3431.15,3456.00,3424.30,3435.82,255958.453
2024-03-02T00:00:00,3435.83,3464.96,3428.12,3445.79,273485.134
2024-03-02T04:00:00,3445.80,3475.00,3390.00,3433.71,336917.439
2024-03-02T08:00:00,3433.71,3439.65,3397.12,3407.88,233734.342
2024-03-02T12:00:00,3407.87,3432.00,3397.07,3421.37,243538.946
2024-03-02T16:00:00,3421.37,3435.75,3413.42,3429.71,140710.899
2024-03-02T20:00:00,3429.71,3435.00,3405.10,3424.43,157853.855
2024-03-03T00:00:00,3424.43,3437.64,3412.00,3434.84,178219.429
2024-03-03T04:00:00,3434.83,3450.00,3355.88,3394.76,481275.947
2024-03-03T08:00:00,3394.76,3417.79,3377.55,3416.31,232141.849
2024-03-03T12:00:00,3416.31,3452.74,3406.08,3424.31,388467.002
2024-03-03T16:00:00,3424.31,3489.63,3421.21,3468.03,379985.948
2024-03-03T20:00:00,3468.04,3496.78,3462.00,3491.77,229146.361
2024-03-04T00:00:00,3491.78,3538.19,3420.22,3475.49,672105.493
2024-03-04T04:00:00,3475.50,3490.95,3457.64,3480.36,280992.385
2024-03-04T08:00:00,3480.37,3549.00,3479.99,3510.35,661112.661
2024-03-04T12:00:00,3510.36,3577.00,3460.00,3562.65,832231.307
2024-03-04T16:00:00,3562.64,3616.78,3531.21,3596.91,882568.251
2024-03-04T20:00:00,3596.91,3644.77,3561.00,3629.72,579118.255
2024-03-05T00:00:00,3629.72,3705.60,3610.12,3695.86,637890.641
2024-03-05T04:00:00,3695.86,3751.11,3645.91,3678.00,1110965.925
2024-03-05T08:00:00,3678.00,3750.00,3656.00,3737.96,528324.769
2024-03-05T12:00:00,3737.95,3827.93,3737.06,3786.85,1273552.054
2024-03-05T16:00:00,3786.85,3800.30,3205.00,3377.73,3035589.731
2024-03-05T20:00:00,3377.53,3583.26,3326.04,3555.43,1844483.822
2024-03-06T00:00:00,3555.43,3593.82,3501.00,3540.44,570315.793
2024-03-06T04:00:00,3540.44,3793.56,3538.79,3789.84,1045903.699
2024-03-06T08:00:00,3789.85,3902.72,3781.70,3883.07,965149.565
2024-03-06T12:00:00,3883.06,3906.42,3725.00,3793.55,1384452.306
2024-03-06T16:00:00,3793.57,3884.58,3766.67,3855.68,606009.384
2024-03-06T20:00:00,3855.68,3896.96,3796.48,3822.36,398819.507
2024-03-07T00:00:00,3822.35,3857.60,3767.50,3779.03,442527.558
2024-03-07T04:00:00,3778.88,3806.95,3736.44,3792.06,452361.655
2024-03-07T08:00:00,3792.07,3819.31,3773.60,3791.67,368237.375
2024-03-07T12:00:00,3791.66,3858.00,3767.98,3840.37,690496.698
2024-03-07T16:00:00,3840.37,3888.00,3816.36,3874.31,398880.394
2024-03-07T20:00:00,3874.31,3939.00,3841.28,3871.69,500039.521
2024-03-08T00:00:00,3871.69,3947.36,3866.61,3905.18,385360.053
2024-03-08T04:00:00,3905.19,3954.43,3883.11,3913.52,357182.224
2024-03-08T08:00:00,3913.52,3959.98,3913.27,3954.66,365315.951
2024-03-08T12:00:00,3954.66,4003.33,3889.29,3904.01,1036610.002
2024-03-08T16:00:00,3904.02,3983.43,3826.08,3932.00,1068155.021
2024-03-08T20:00:00,3932.01,3955.73,3872.79,3886.04,393244.283
2024-03-09T00:00:00,3886.04,3932.80,3880.35,3926.30,171062.577
2024-03-09T04:00:00,3926.30,3945.88,3915.00,3928.92,145653.908
2024-03-09T08:00:00,3928.91,3939.85,3890.01,3915.99,208743.168
2024-03-09T12:00:00,3915.98,3931.07,3904.00,3920.24,154627.565
2024-03-09T16:00:00,3920.23,3924.35,3871.46,3884.64,267039.782
2024-03-09T20:00:00,3884.64,3916.24,3884.64,3908.15,109869.982
2024-03-10T00:00:00,3908.16,3945.62,3902.29,3938.31,256112.259
2024-03-10T04:00:00,3938.32,3956.48,3932.61,3948.47,173643.895
2024-03-10T08:00:00,3948.48,3970.84,3923.35,3936.92,298656.968
2024-03-10T12:00:00,3936.93,3951.63,3860.00,3886.00,465536.918
2024-03-10T16:00:00,3886.00,3929.93,3884.44,3901.17,205461.127
2024-03-10T20:00:00,3901.17,3907.60,3791.19,3881.22,418566.637
2024-03-11T00:00:00,3881.32,3891.99,3719.00,3870.31,704888.925
2024-03-11T04:00:00,3870.32,4027.20,3836.12,4013.37,964749.577
2024-03-11T08:00:00,4013.37,4061.91,3992.24,4038.51,745104.710
2024-03-11T12:00:00,4038.52,4072.21,4017.41,4020.68,625968.588
2024-03-11T16:00:00,4020.69,4095.16,4001.49,4036.12,531525.091
2024-03-11T20:00:00,4036.12,4089.08,4032.18,4070.52,225030.839
2024-03-12T00:00:00,4070.52,4098.64,4024.30,4033.31,378708.736
2024-03-12T04:00:00,4033.31,4056.52,4002.10,4030.09,302708.725
2024-03-12T08:00:00,4030.07,4072.00,3968.00,4024.82,539978.382
2024-03-12T12:00:00,4024.81,4061.83,3950.00,3992.53,898580.203
2024-03-12T16:00:00,3992.53,3996.28,3831.95,3984.96,1225077.987
2024-03-12T20:00:00,3984.96,3985.36,3929.60,3984.18,296696.721
2024-03-13T00:00:00,3984.18,4050.00,3976.94,4047.93,295059.069
2024-03-13T04:00:00,4047.92,4085.90,4033.13,4043.28,300471.295
2024-03-13T08:00:00,4043.29,4091.65,4043.29,4053.74,326396.550
2024-03-13T12:00:00,4053.74,4058.00,3935.00,3965.66,929714.395
2024-03-13T16:00:00,3965.67,4015.66,3955.50,4004.13,352382.129
2024-03-13T20:00:00,4004.12,4025.84,3977.49,4008.76,241778.061
2024-03-14T00:00:00,4008.76,4015.45,3955.62,3997.37,289180.444
2024-03-14T04:00:00,3997.38,4011.97,3942.01,3966.68,372367.152
2024-03-14T08:00:00,3966.68,4002.89,3946.66,3959.21,304526.172
2024-03-14T12:00:00,3959.22,3971.94,3820.00,3848.40,1148129.960
2024-03-14T16:00:00,3848.41,3900.51,3725.03,3789.88,1241835.955
2024-03-14T20:00:00,3789.87,3894.00,3784.40,3884.99,466679.323
2024-03-15T00:00:00,3884.99,3938.16,3623.00,3724.84,1356202.376
2024-03-15T04:00:00,3724.84,3784.00,3656.38,3756.08,806102.435
2024-03-15T08:00:00,3756.09,3765.00,3566.00,3692.96,1295205.345
2024-03-15T12:00:00,3692.97,3746.80,3674.33,3691.94,587698.656
2024-03-15T16:00:00,3691.94,3811.10,3661.83,3690.00,782421.828
2024-03-15T20:00:00,3690.00,3751.57,3606.00,3745.00,565844.080
2024-03-16T00:00:00,3745.01,3784.87,3725.19,3738.41,314443.847
2024-03-16T04:00:00,3738.41,3746.68,3692.90,3743.39,217801.755
2024-03-16T08:00:00,3743.40,3744.54,3666.00,3695.24,289614.412
2024-03-16T12:00:00,3695.24,3715.20,3640.39,3681.49,383157.034
2024-03-16T16:00:00,3681.49,3683.53,3571.21,3603.01,664551.404
2024-03-16T20:00:00,3603.02,3637.42,3468.84,3525.58,867640.901
2024-03-17T00:00:00,3525.57,3585.40,3507.10,3574.37,411288.042
2024-03-17T04:00:00,3574.38,3575.23,3414.72,3474.33,655549.363
2024-03-17T08:00:00,3474.32,3610.25,3462.35,3582.47,644373.183
2024-03-17T12:00:00,3582.47,3650.00,3531.77,3629.96,559185.576
2024-03-17T16:00:00,3629.95,3658.98,3604.30,3653.38,277869.220
2024-03-17T20:00:00,3653.39,3682.95,3627.26,3646.99,209288.500
2024-03-18T00:00:00,3646.99,3648.78,3560.00,3603.58,401928.482
2024-03-18T04:00:00,3603.58,3645.87,3580.00,3628.97,257002.346
2024-03-18T08:00:00,3628.96,3629.47,3552.07,3600.76,463533.858
2024-03-18T12:00:00,3600.77,3616.21,3489.00,3528.17,756968.872
2024-03-18T16:00:00,3528.17,3568.00,3454.72,3482.09,644795.749
2024-03-18T20:00:00,3482.09,3550.00,3482.09,3523.43,278389.741
2024-03-19T00:00:00,3523.44,3551.99,3363.51,3421.68,1083876.271
2024-03-19T04:00:00,3421.68,3430.69,3306.45,3361.60,838583.864
2024-03-19T08:00:00,3361.60,3361.66,3205.03,3278.91,1501516.445
2024-03-19T12:00:00,3278.91,3327.39,3225.00,3304.63,940414.205
2024-03-19T16:00:00,3304.63,3363.27,3282.00,3335.56,695769.542
2024-03-19T20:00:00,3335.55,3341.25,3153.00,3161.00,834165.126
2024-03-20T00:00:00,3160.99,3266.31,3154.14,3162.24,900044.125
2024-03-20T04:00:00,3162.28,3228.03,3055.00,3219.73,1325402.808
2024-03-20T08:00:00,3219.73,3298.92,3207.02,3294.54,635863.145
2024-03-20T12:00:00,3294.55,3399.58,3277.00,3295.09,1393414.016
2024-03-20T16:00:00,3295.08,3409.70,3142.00,3380.82,2044079.057
2024-03-20T20:00:00,3380.82,3539.16,3372.33,3517.80,846373.114
2024-03-21T00:00:00,3517.80,3564.61,3495.70,3513.01,565303.422
2024-03-21T04:00:00,3513.18,3541.11,3450.00,3518.79,544121.847
2024-03-21T08:00:00,3518.80,3590.53,3518.79,3533.33,508284.603
2024-03-21T12:00:00,3533.38,3577.00,3480.05,3500.83,706439.687
2024-03-21T16:00:00,3500.82,3549.46,3414.06,3443.60,696349.452
2024-03-21T20:00:00,3443.58,3524.99,3414.32,3495.16,428850.446
2024-03-22T00:00:00,3495.16,3531.68,3455.17,3524.94,428083.863
2024-03-22T04:00:00,3524.94,3545.36,3502.80,3514.52,302160.252
2024-03-22T08:00:00,3514.53,3527.19,3400.00,3407.74,570646.861
2024-03-22T12:00:00,3407.74,3429.00,3282.77,3351.21,1335648.538
2024-03-22T16:00:00,3351.21,3364.56,3290.53,3343.61,630352.431
2024-03-22T20:00:00,3343.62,3348.16,3250.10,3339.00,583687.235
2024-03-23T00:00:00,3338.99,3364.44,3271.38,3305.32,377668.706
2024-03-23T04:00:00,3305.33,3386.81,3300.28,3367.61,329913.526
2024-03-23T08:00:00,3367.61,3385.00,3330.08,3367.32,346643.232
2024-03-23T12:00:00,3367.32,3425.93,3346.10,3407.57,475661.505
2024-03-23T16:00:00,3407.58,3438.00,3386.09,3388.67,265874.486
2024-03-23T20:00:00,3388.66,3403.79,3328.00,3330.96,269582.440
2024-03-24T00:00:00,3330.96,3370.91,3307.68,3310.68,253160.708
2024-03-24T04:00:00,3310.69,3345.57,3301.46,3344.30,215394.966
2024-03-24T08:00:00,3344.30,3395.66,3337.78,3389.88,291253.425
2024-03-24T12:00:00,3389.87,3417.64,3379.13,3399.94,289283.048
2024-03-24T16:00:00,3399.94,3411.94,3334.31,3385.09,464328.586
2024-03-24T20:00:00,3385.09,3474.16,3377.68,3457.16,351146.979
2024-03-25T00:00:00,3457.16,3463.68,3422.18,3457.06,234904.798
2024-03-25T04:00:00,3457.05,3508.80,3443.16,3446.71,315427.498
2024-03-25T08:00:00,3446.72,3474.98,3433.81,3438.40,240645.307
2024-03-25T12:00:00,3438.39,3591.31,3430.41,3584.48,801470.971
2024-03-25T16:00:00,3584.48,3665.10,3569.17,3642.53,602880.109
2024-03-25T20:00:00,3642.53,3651.44,3568.07,3592.94,335562.429
2024-03-26T00:00:00,3592.94,3645.13,3584.00,3626.56,325464.782
2024-03-26T04:00:00,3626.55,3684.45,3622.08,3637.91,348759.066
2024-03-26T08:00:00,3637.91,3674.00,3630.44,3634.47,330573.018
2024-03-26T12:00:00,3634.44,3657.08,3545.63,3596.00,801604.546
2024-03-26T16:00:00,3595.99,3607.64,3545.80,3563.68,415686.550
2024-03-26T20:00:00,3563.67,3617.30,3561.21,3589.64,211322.144
2024-03-27T00:00:00,3589.65,3631.00,3578.78,3605.42,224270.015
2024-03-27T04:00:00,3605.43,3619.46,3561.16,3567.55,248290.735
2024-03-27T08:00:00,3567.55,3594.75,3535.00,3588.90,347782.044
2024-03-27T12:00:00,3588.89,3671.94,3500.45,3517.30,1372928.908
2024-03-27T16:00:00,3517.30,3535.00,3461.18,3494.54,508165.129
2024-03-27T20:00:00,3494.54,3525.19,3491.94,3504.99,207160.339
2024-03-28T00:00:00,3504.99,3536.31,3466.97,3499.57,337290.216
2024-03-28T04:00:00,3499.57,3583.00,3498.50,3577.28,340865.013
2024-03-28T08:00:00,3577.32,3597.61,3566.52,3583.25,299104.490
2024-03-28T12:00:00,3583.24,3615.83,3554.95,3581.60,558347.137
2024-03-28T16:00:00,3581.60,3584.06,3535.22,3566.14,274607.414
2024-03-28T20:00:00,3566.13,3583.54,3545.40,3563.99,160970.080
2024-03-29T00:00:00,3564.00,3588.93,3552.50,3564.98,182078.213
2024-03-29T04:00:00,3564.98,3584.10,3515.00,3522.38,335644.928
2024-03-29T08:00:00,3522.38,3567.64,3519.39,3553.47,330529.689
2024-03-29T12:00:00,3553.47,3561.73,3481.01,3490.25,444838.472
2024-03-29T16:00:00,3490.25,3504.94,3475.00,3502.58,242030.124
2024-03-29T20:00:00,3502.57,3527.85,3477.77,3512.46,195518.722
2024-03-30T00:00:00,3512.47,3524.15,3488.26,3492.18,168846.662
2024-03-30T04:00:00,3492.18,3536.91,3489.27,3495.20,237856.185
2024-03-30T08:00:00,3495.20,3568.71,3493.98,3563.47,276146.121
2024-03-30T12:00:00,3563.48,3569.97,3533.19,3539.97,200206.932
2024-03-30T16:00:00,3539.98,3551.74,3486.51,3511.43,237852.197
2024-03-30T20:00:00,3511.44,3522.81,3496.96,3508.66,137871.361
2024-03-31T00:00:00,3508.66,3547.99,3507.39,3540.00,172241.898
2024-03-31T04:00:00,3539.99,3638.85,3534.68,3630.17,454870.998
2024-03-31T08:00:00,3630.18,3638.00,3603.16,3613.39,208122.875
2024-03-31T12:00:00,3613.38,3645.50,3610.05,3621.04,265269.555
2024-03-31T16:00:00,3621.04,3661.08,3616.42,3643.35,254561.066
2024-03-31T20:00:00,3643.36,3654.91,3621.19,3648.79,180335.678
2024-04-01T00:00:00,3648.80,3649.67,3604.00,3614.45,229422.519
2024-04-01T04:00:00,3614.46,3617.66,3500.00,3548.69,715938.691
2024-04-01T08:00:00,3548.69,3563.25,3521.52,3540.60,273290.439
2024-04-01T12:00:00,3540.60,3574.30,3438.88,3446.04,827610.506
2024-04-01T16:00:00,3446.03,3491.78,3413.00,3488.78,499248.181
2024-04-01T20:00:00,3488.79,3518.75,3472.86,3506.52,208990.173
2024-04-02T00:00:00,3506.52,3508.44,3315.45,3367.81,910685.829
2024-04-02T04:00:00,3367.80,3390.97,3338.64,3364.82,382484.066
2024-04-02T08:00:00,3364.81,3374.22,3278.45,3311.10,777925.063
2024-04-02T12:00:00,3311.11,3326.71,3232.67,3241.97,931600.107
2024-04-02T16:00:00,3241.97,3286.52,3212.00,3279.26,620453.590
2024-04-02T20:00:00,3279.19,3307.74,3241.60,3280.76,348564.409
2024-04-03T00:00:00,3280.67,3327.75,3203.12,3317.32,609390.087
2024-04-03T04:00:00,3317.32,3326.70,3280.88,3307.19,265803.026
2024-04-03T08:00:00,3307.20,3359.36,3291.04,3320.03,550195.476
2024-04-03T12:00:00,3320.04,3366.38,3294.18,3330.77,514282.160
2024-04-03T16:00:00,3330.78,3370.00,3282.07,3315.80,507322.545
2024-04-03T20:00:00,3315.80,3327.64,3290.04,3313.29,213191.378
2024-04-04T00:00:00,3313.28,3335.64,3264.01,3276.35,349305.618
2024-04-04T04:00:00,3276.35,3336.88,3252.59,3324.80,343090.151
2024-04-04T08:00:00,3324.80,3358.00,3320.91,3342.38,214631.796
2024-04-04T12:00:00,3342.37,3398.00,3340.60,3366.11,430743.251
2024-04-04T16:00:00,3366.11,3446.48,3361.67,3367.84,517686.391
2024-04-04T20:00:00,3367.83,3372.00,3277.55,3329.65,591097.825
2024-04-05T00:00:00,3329.65,3337.80,3252.59,3310.00,432659.826
2024-04-05T04:00:00,3310.00,3321.94,3241.71,3289.18,408897.427
2024-04-05T08:00:00,3289.18,3315.15,3237.21,3245.50,428213.637
2024-04-05T12:00:00,3245.49,3332.25,3208.00,3328.52,864196.400
2024-04-05T16:00:00,3328.53,3352.07,3307.73,3322.46,337904.008
2024-04-05T20:00:00,3322.46,3348.27,3312.50,3319.66,145520.810
2024-04-06T00:00:00,3319.66,3349.05,3308.00,3333.26,184732.496
2024-04-06T04:00:00,3333.26,3355.44,3322.78,3331.72,162370.538
2024-04-06T08:00:00,3331.73,3354.14,3325.29,3332.05,150469.432
2024-04-06T12:00:00,3332.04,3363.59,3315.01,3336.70,221652.353
2024-04-06T16:00:00,3336.69,3359.43,3332.56,3350.79,166739.354
2024-04-06T20:00:00,3350.78,3402.72,3345.33,3353.15,245755.350
2024-04-07T00:00:00,3353.16,3417.11,3345.51,3389.65,281025.302
2024-04-07T04:00:00,3389.66,3409.00,3375.38,3386.99,150704.740
2024-04-07T08:00:00,3386.98,3397.23,3377.76,3391.29,116402.918
2024-04-07T12:00:00,3391.29,3422.77,3385.83,3391.37,298398.374
2024-04-07T16:00:00,3391.38,3414.90,3368.14,3383.31,272683.119
2024-04-07T20:00:00,3383.31,3462.19,3379.73,3455.99,324880.085
2024-04-08T00:00:00,3456.00,3459.50,3407.33,3424.77,241505.897
2024-04-08T04:00:00,3424.76,3482.80,3414.50,3476.16,271806.748
2024-04-08T08:00:00,3476.17,3648.00,3472.09,3636.17,954739.651
2024-04-08T12:00:00,3636.18,3675.42,3598.00,3631.65,668815.417
2024-04-08T16:00:00,3631.64,3714.98,3629.93,3705.66,443820.983
2024-04-08T20:00:00,3705.73,3735.31,3684.00,3697.60,265245.933
2024-04-09T00:00:00,3697.59,3730.00,3667.30,3694.99,398271.599
2024-04-09T04:00:00,3695.00,3704.66,3632.40,3644.11,547007.985
2024-04-09T08:00:00,3644.10,3650.00,3580.00,3635.68,622113.842
2024-04-09T12:00:00,3635.68,3646.40,3480.88,3532.12,1101753.135
2024-04-09T16:00:00,3532.12,3535.34,3452.30,3519.64,564363.473
2024-04-09T20:00:00,3519.63,3530.00,3490.00,3508.45,214572.803
2024-04-10T00:00:00,3508.46,3541.00,3467.56,3515.10,478594.126
2024-04-10T04:00:00,3515.09,3556.97,3508.32,3538.91,260203.954
2024-04-10T08:00:00,3538.92,3543.94,3494.00,3523.81,350811.165
2024-04-10T12:00:00,3523.82,3531.25,3413.20,3481.08,972201.421
2024-04-10T16:00:00,3481.08,3550.60,3471.00,3524.00,499629.159
2024-04-10T20:00:00,3523.99,3567.18,3496.62,3547.64,270917.552
2024-04-11T00:00:00,3547.64,3580.00,3525.97,3578.53,246252.597
2024-04-11T04:00:00,3578.55,3609.00,3555.20,3585.41,266847.013
2024-04-11T08:00:00,3585.42,3621.74,3516.16,3524.85,420313.936
2024-04-11T12:00:00,3524.85,3578.46,3488.00,3509.94,783212.512
2024-04-11T16:00:00,3509.94,3524.97,3475.03,3519.89,353039.708
2024-04-11T20:00:00,3519.88,3534.48,3491.60,3504.43,165318.475
2024-04-12T00:00:00,3504.42,3539.87,3503.14,3536.00,176349.201
2024-04-12T04:00:00,3536.01,3555.00,3509.46,3518.79,212029.090
2024-04-12T08:00:00,3518.79,3545.00,3510.64,3534.16,254545.132
2024-04-12T12:00:00,3534.16,3534.77,3440.44,3442.42,648673.388
2024-04-12T16:00:00,3442.42,3456.13,3062.04,3206.98,2144196.135
2024-04-12T20:00:00,3206.93,3257.36,3201.58,3238.30,461072.885
2024-04-13T00:00:00,3238.31,3238.31,3143.30,3232.06,570348.417
2024-04-13T04:00:00,3232.06,3273.84,3223.87,3258.55,347649.096
2024-04-13T08:00:00,3258.56,3305.42,3248.46,3269.39,329155.842
2024-04-13T12:00:00,3269.39,3298.77,3251.34,3273.12,350335.169
2024-04-13T16:00:00,3273.12,3281.00,2971.10,3083.37,1245588.279
2024-04-13T20:00:00,3083.37,3092.48,2791.61,3005.46,2465440.014
2024-04-14T00:00:00,3005.47,3019.09,2903.00,2969.27,897106.534
2024-04-14T04:00:00,2969.26,3102.84,2963.94,3083.33,588117.410
2024-04-14T08:00:00,3083.33,3098.95,3006.85,3026.33,482752.913
2024-04-14T12:00:00,3026.32,3074.14,3005.06,3055.19,570786.388
2024-04-14T16:00:00,3055.18,3099.90,2976.60,3072.38,866542.873
2024-04-14T20:00:00,3072.38,3173.32,3045.81,3153.16,544898.639
2024-04-15T00:00:00,3153.16,3155.44,3097.95,3145.02,414705.872
2024-04-15T04:00:00,3145.03,3254.29,3120.88,3240.96,607992.486
2024-04-15T08:00:00,3240.97,3277.74,3225.25,3228.47,429391.221
2024-04-15T12:00:00,3228.47,3242.99,3101.09,3162.26,904230.569
2024-04-15T16:00:00,3162.26,3179.00,3022.08,3098.88,1132955.575
2024-04-15T20:00:00,3098.88,3127.19,3055.00,3100.75,365761.208
2024-04-16T00:00:00,3100.76,3119.52,3048.41,3071.74,468983.659
2024-04-16T04:00:00,3071.73,3127.41,2976.43,3105.87,686162.143
2024-04-16T08:00:00,3105.87,3110.38,2999.03,3091.79,701146.680
2024-04-16T12:00:00,3091.79,3094.28,3007.00,3007.61,737850.246
2024-04-16T16:00:00,3007.62,3084.00,2991.14,3056.04,588948.682
2024-04-16T20:00:00,3056.04,3119.30,3049.34,3082.85,268868.087
2024-04-17T00:00:00,3082.84,3106.00,3065.74,3093.68,261576.394
2024-04-17T04:00:00,3093.69,3123.12,3061.00,3074.66,329905.340
2024-04-17T08:00:00,3074.66,3086.61,3035.03,3038.97,318702.273
2024-04-17T12:00:00,3039.00,3063.24,2924.00,2945.77,1256223.224
2024-04-17T16:00:00,2945.60,3042.82,2912.45,3000.44,867409.521
2024-04-17T20:00:00,3000.44,3014.14,2962.29,2983.25,277912.955
2024-04-18T00:00:00,2983.26,3034.35,2949.54,3023.94,382511.738
2024-04-18T04:00:00,3023.94,3033.34,2954.77,2973.66,404508.102
2024-04-18T08:00:00,2973.66,3064.56,2952.00,3045.00,506860.130
2024-04-18T12:00:00,3045.00,3093.59,2982.93,3066.99,819207.532
2024-04-18T16:00:00,3066.99,3081.95,3016.41,3063.07,397607.728
2024-04-18T20:00:00,3062.95,3080.58,3054.05,3062.85,164850.390
2024-04-19T00:00:00,3062.85,3069.00,2861.76,2978.30,1294060.765
2024-04-19T04:00:00,2978.30,3128.52,2977.63,3082.60,895061.802
2024-04-19T08:00:00,3082.57,3123.41,3075.24,3100.94,520400.989
2024-04-19T12:00:00,3100.94,3120.00,3053.00,3079.32,514164.869
2024-04-19T16:00:00,3079.31,3107.29,3042.42,3103.36,405937.384
2024-04-19T20:00:00,3103.41,3104.89,3018.14,3054.91,378176.977
2024-04-20T00:00:00,3054.91,3070.45,3016.40,3054.48,309015.414
2024-04-20T04:00:00,3054.49,3069.81,3047.77,3059.77,144864.579
2024-04-20T08:00:00,3059.79,3060.25,3027.88,3045.84,218610.341
2024-04-20T12:00:00,3045.83,3113.88,3038.34,3108.48,265004.358
2024-04-20T16:00:00,3108.48,3165.00,3086.14,3147.00,486033.557
2024-04-20T20:00:00,3147.01,3173.83,3139.01,3154.31,201540.454
2024-04-21T00:00:00,3154.30,3196.41,3124.78,3165.01,328995.230
2024-04-21T04:00:00,3165.01,3189.99,3150.02,3177.92,258929.890
2024-04-21T08:00:00,3177.92,3185.81,3152.04,3167.02,217631.578
2024-04-21T12:00:00,3167.01,3175.73,3134.79,3158.23,264033.314
2024-04-21T16:00:00,3158.22,3160.69,3114.15,3135.73,314690.181
2024-04-21T20:00:00,3135.72,3168.49,3127.75,3145.73,190885.646
2024-04-22T00:00:00,3145.74,3210.90,3127.14,3189.23,489670.009
2024-04-22T04:00:00,3189.15,3235.00,3182.61,3202.57,361532.776
2024-04-22T08:00:00,3202.56,3222.96,3186.01,3193.04,283133.022
2024-04-22T12:00:00,3193.04,3210.48,3164.16,3182.04,384412.817
2024-04-22T16:00:00,3182.04,3216.78,3167.17,3186.56,309177.337
2024-04-22T20:00:00,3186.56,3223.00,3182.06,3198.66,219514.901
2024-04-23T00:00:00,3198.66,3221.85,3179.32,3182.19,200051.812
2024-04-23T04:00:00,3182.18,3192.32,3150.31,3158.93,258093.198
2024-04-23T08:00:00,3158.93,3184.38,3151.02,3178.63,197215.139
2024-04-23T12:00:00,3178.63,3266.91,3171.49,3224.48,604715.946
2024-04-23T16:00:00,3224.48,3245.86,3211.50,3217.27,210317.904
2024-04-23T20:00:00,3217.27,3222.12,3184.40,3218.04,192712.379
2024-04-24T00:00:00,3218.03,3247.50,3208.55,3236.60,216687.186
2024-04-24T04:00:00,3236.60,3274.00,3235.25,3248.40,268500.237
2024-04-24T08:00:00,3248.40,3286.00,3240.06,3280.15,295761.940
2024-04-24T12:00:00,3280.15,3293.38,3165.00,3174.60,818163.903
2024-04-24T16:00:00,3174.59,3192.27,3102.50,3133.25,601815.740
2024-04-24T20:00:00,3133.25,3151.34,3110.11,3138.84,281898.273
2024-04-25T00:00:00,3138.84,3169.98,3125.00,3145.68,281290.791
2024-04-25T04:00:00,3145.69,3166.48,3124.26,3134.99,256937.603
2024-04-25T08:00:00,3134.99,3151.95,3070.16,3110.35,547821.522
2024-04-25T12:00:00,3110.35,3168.00,3080.06,3158.83,753653.836
2024-04-25T16:00:00,3158.84,3174.81,3144.11,3164.83,391626.628
2024-04-25T20:00:00,3164.83,3189.97,3150.92,3154.44,216745.538
2024-04-26T00:00:00,3154.44,3163.30,3122.68,3140.41,265219.131
2024-04-26T04:00:00,3140.42,3152.62,3127.04,3133.48,224812.531
2024-04-26T08:00:00,3133.48,3156.68,3120.01,3127.57,249190.800
2024-04-26T12:00:00,3127.54,3167.20,3100.38,3116.44,634145.074
2024-04-26T16:00:00,3116.45,3154.45,3103.52,3132.67,258819.926
2024-04-26T20:00:00,3132.67,3152.80,3118.17,3129.98,132128.654
2024-04-27T00:00:00,3129.98,3137.64,3062.80,3120.72,509645.395
2024-04-27T04:00:00,3120.72,3132.00,3104.70,3119.12,166719.481
2024-04-27T08:00:00,3119.15,3127.00,3106.12,3123.35,164525.300
2024-04-27T12:00:00,3123.36,3165.44,3120.16,3143.30,351881.359
2024-04-27T16:00:00,3143.29,3283.54,3141.01,3235.83,799319.906
2024-04-27T20:00:00,3235.83,3262.30,3220.46,3253.97,207722.046
2024-04-28T00:00:00,3253.97,3329.00,3248.80,3307.65,415020.728
2024-04-28T04:00:00,3307.65,3340.86,3298.17,3316.27,268685.492
2024-04-28T08:00:00,3316.26,3323.76,3272.56,3285.03,342423.193
2024-04-28T12:00:00,3285.03,3327.78,3282.27,3319.24,330067.611
2024-04-28T16:00:00,3319.23,3365.69,3306.15,3315.37,306127.355
2024-04-28T20:00:00,3315.36,3319.93,3251.00,3262.28,337556.885
2024-04-29T00:00:00,3262.29,3286.29,3166.75,3176.94,658172.203
2024-04-29T04:00:00,3176.95,3208.99,3150.00,3186.93,535850.023
2024-04-29T08:00:00,3186.93,3194.56,3144.80,3158.24,382203.455
2024-04-29T12:00:00,3158.23,3185.12,3113.02,3181.07,754828.042
2024-04-29T16:00:00,3181.06,3188.71,3153.32,3184.68,293632.392
2024-04-29T20:00:00,3184.69,3234.52,3162.22,3215.27,335449.234
2024-04-30T00:00:00,3215.28,3250.00,3148.00,3179.62,575220.348
2024-04-30T04:00:00,3179.62,3184.56,3150.60,3155.66,225450.424
2024-04-30T08:00:00,3155.66,3160.69,3002.17,3005.93,1111346.130
2024-04-30T12:00:00,3005.94,3037.17,2963.33,2992.67,998305.999
2024-04-30T16:00:00,2992.66,2997.45,2918.33,2927.60,880790.789
2024-04-30T20:00:00,2927.61,3027.91,2926.44,3012.58,487374.746
2024-05-01T00:00:00,3012.57,3021.94,2958.00,3002.93,392606.123
2024-05-01T04:00:00,3002.93,3012.89,2851.00,2868.49,889746.134
2024-05-01T08:00:00,2868.48,2904.83,2814.44,2904.19,861732.875
2024-05-01T12:00:00,2904.19,2932.70,2864.16,2884.31,637099.994
2024-05-01T16:00:00,2884.32,3014.94,2866.78,2924.80,1136833.287
2024-05-01T20:00:00,2924.79,2983.98,2912.34,2970.61,359368.894
2024-05-02T00:00:00,2970.61,2980.67,2890.00,2928.00,412116.661
2024-05-02T04:00:00,2928.00,2937.36,2896.28,2919.88,255425.615
2024-05-02T08:00:00,2919.89,3007.64,2915.09,2994.44,508371.841
2024-05-02T12:00:00,2994.44,3012.00,2951.08,2988.65,571301.544
2024-05-02T16:00:00,2988.66,3006.00,2970.00,2998.45,297277.992
2024-05-02T20:00:00,2998.44,3016.38,2967.54,2984.80,248519.124
2024-05-03T00:00:00,2984.80,3035.00,2976.00,3008.32,294218.824
2024-05-03T04:00:00,3008.31,3015.96,2957.20,2967.83,260623.350
2024-05-03T08:00:00,2967.83,2989.63,2956.86,2978.40,274563.505
2024-05-03T12:00:00,2978.39,3085.57,2967.77,3074.12,905376.008
2024-05-03T16:00:00,3074.12,3086.97,3060.89,3070.69,245421.370
2024-05-03T20:00:00,3070.69,3126.44,3066.91,3100.83,375358.775
2024-05-04T00:00:00,3100.83,3129.00,3090.75,3110.96,219044.181
2024-05-04T04:00:00,3110.96,3122.26,3093.37,3094.79,161959.214
2024-05-04T08:00:00,3094.80,3167.45,3094.37,3129.40,388807.652
2024-05-04T12:00:00,3129.40,3158.02,3113.22,3125.23,267154.602
2024-05-04T16:00:00,3125.24,3139.46,3112.00,3136.02,156716.249
2024-05-04T20:00:00,3136.03,3146.13,3102.66,3115.46,177972.072
2024-05-05T00:00:00,3115.46,3125.68,3071.10,3085.60,333030.474
2024-05-05T04:00:00,3085.60,3113.79,3078.83,3103.98,159673.229
2024-05-05T08:00:00,3103.97,3171.15,3101.99,3136.56,385969.311
2024-05-05T12:00:00,3136.56,3166.98,3125.00,3159.07,341780.466
2024-05-05T16:00:00,3159.08,3164.85,3128.06,3141.23,213183.107
2024-05-05T20:00:00,3141.23,3144.99,3120.20,3135.24,136641.930
2024-05-06T00:00:00,3135.24,3165.00,3123.00,3133.74,198610.998
2024-05-06T04:00:00,3133.73,3191.55,3126.67,3179.10,361101.332
2024-05-06T08:00:00,3179.10,3221.95,3128.53,3147.89,666513.740
2024-05-06T12:00:00,3147.89,3153.50,3054.67,3088.29,861610.502
2024-05-06T16:00:00,3088.29,3096.26,3043.92,3069.32,396892.735
2024-05-06T20:00:00,3069.31,3087.87,3059.42,3061.50,153977.717
2024-05-07T00:00:00,3061.50,3096.13,3018.00,3048.00,414472.641
2024-05-07T04:00:00,3047.99,3081.69,3042.45,3076.19,240113.334
2024-05-07T08:00:00,3076.20,3128.59,3057.00,3061.91,515131.677
2024-05-07T12:00:00,3061.92,3105.67,3044.03,3070.20,425428.981
2024-05-07T16:00:00,3070.21,3078.43,3025.22,3048.66,252828.170
2024-05-07T20:00:00,3048.75,3060.98,2996.53,3004.55,353561.903
2024-05-08T00:00:00,3004.55,3037.52,2993.00,3030.73,234879.234
2024-05-08T04:00:00,3030.72,3034.99,2987.24,2994.23,336086.474
2024-05-08T08:00:00,2994.22,3011.62,2976.14,2989.63,388937.456
2024-05-08T12:00:00,2989.63,3031.98,2983.73,3006.00,514728.656
2024-05-08T16:00:00,3005.99,3024.32,2984.80,2998.36,213706.706
2024-05-08T20:00:00,2998.36,3002.82,2930.64,2972.93,507271.073
2024-05-09T00:00:00,2972.94,3004.39,2971.03,2996.90,178045.340
2024-05-09T04:00:00,2996.90,3014.94,2974.01,2982.37,220454.291
2024-05-09T08:00:00,2982.37,2990.98,2949.00,2976.22,319766.591
2024-05-09T12:00:00,2976.22,3019.88,2954.52,3004.82,435456.827
2024-05-09T16:00:00,3004.83,3025.00,2988.00,3020.23,300601.478
2024-05-09T20:00:00,3020.23,3058.23,3013.87,3034.75,255191.447
2024-05-10T00:00:00,3034.75,3041.86,3015.56,3027.60,157795.357
2024-05-10T04:00:00,3027.60,3053.52,3020.06,3040.39,186874.878
2024-05-10T08:00:00,3040.40,3044.00,3020.73,3036.44,153788.224
2024-05-10T12:00:00,3036.44,3043.06,2905.00,2917.03,973610.383
2024-05-10T16:00:00,2917.02,2933.70,2877.00,2900.47,615667.383
2024-05-10T20:00:00,2900.47,2914.56,2885.95,2908.85,176431.210
2024-05-11T00:00:00,2908.85,2935.00,2903.03,2910.12,185437.159
2024-05-11T04:00:00,2910.12,2926.56,2904.71,2920.90,107357.338
2024-05-11T08:00:00,2920.89,2924.00,2884.60,2902.70,214371.314
2024-05-11T12:00:00,2902.70,2946.60,2894.30,2924.50,310326.461
2024-05-11T16:00:00,2924.50,2940.00,2915.70,2929.59,173346.090
2024-05-11T20:00:00,2929.59,2930.02,2905.16,2911.27,124393.543
2024-05-12T00:00:00,2911.27,2924.30,2907.57,2919.42,103896.388
2024-05-12T04:00:00,2919.42,2931.94,2898.97,2906.54,157040.586
2024-05-12T08:00:00,2906.53,2943.38,2901.00,2927.10,247279.362
2024-05-12T12:00:00,2927.09,2943.00,2923.81,2936.82,163381.130
2024-05-12T16:00:00,2936.82,2954.94,2919.84,2928.66,226856.729
2024-05-12T20:00:00,2928.66,2935.36,2911.13,2927.73,104987.186
2024-05-13T00:00:00,2927.73,2942.00,2863.80,2889.31,595245.497
2024-05-13T04:00:00,2889.31,2958.21,2867.70,2953.09,504188.455
2024-05-13T08:00:00,2953.08,2996.44,2946.66,2964.59,584721.787
2024-05-13T12:00:00,2964.60,2985.76,2948.08,2960.20,356790.716
2024-05-13T16:00:00,2960.21,2977.09,2925.06,2955.69,343547.092
2024-05-13T20:00:00,2955.69,2959.00,2937.14,2949.71,105011.181
2024-05-14T00:00:00,2949.72,2959.79,2935.28,2939.33,245286.111
2024-05-14T04:00:00,2939.34,2948.43,2880.00,2918.75,438107.878
2024-05-14T08:00:00,2918.75,2920.24,2896.21,2906.82,186062.439
2024-05-14T12:00:00,2906.82,2925.00,2868.14,2897.53,776376.609
2024-05-14T16:00:00,2897.53,2899.48,2858.14,2893.11,310507.570
2024-05-14T20:00:00,2893.11,2902.24,2877.16,2880.87,130666.736
2024-05-15T00:00:00,2880.87,2901.94,2861.71,2901.44,233803.855
2024-05-15T04:00:00,2901.44,2920.00,2896.39,2914.55,217659.338
2024-05-15T08:00:00,2914.56,2932.99,2885.25,2897.74,377475.224
2024-05-15T12:00:00,2897.74,2992.00,2891.13,2975.54,1025166.460
2024-05-15T16:00:00,2975.54,3025.43,2968.40,3023.44,438473.977
2024-05-15T20:00:00,3023.43,3039.52,3008.32,3030.66,246362.520
2024-05-16T00:00:00,3030.67,3039.95,2989.32,3012.25,365776.634
2024-05-16T04:00:00,3012.25,3020.38,3002.94,3015.06,165185.380
2024-05-16T08:00:00,3015.07,3026.94,2984.50,3005.21,279982.143
2024-05-16T12:00:00,3005.20,3009.28,2929.14,2955.53,699591.227
2024-05-16T16:00:00,2955.53,2959.68,2923.00,2943.37,354868.626
2024-05-16T20:00:00,2943.37,2944.80,2920.93,2943.22,166150.926
2024-05-17T00:00:00,2943.22,2955.18,2931.36,2948.84,170690.716
2024-05-17T04:00:00,2948.84,3032.71,2938.56,3023.58,514260.014
2024-05-17T08:00:00,3023.59,3060.00,3016.15,3029.21,511777.104
2024-05-17T12:00:00,3029.21,3116.90,3018.31,3109.85,888119.100
2024-05-17T16:00:00,3109.85,3119.00,3066.00,3083.52,368488.100
2024-05-17T20:00:00,3083.53,3094.83,3079.18,3090.48,120537.204
2024-05-18T00:00:00,3090.47,3125.70,3081.59,3112.93,282128.405
2024-05-18T04:00:00,3112.94,3117.64,3088.80,3100.26,176821.595
2024-05-18T08:00:00,3100.25,3146.36,3099.05,3132.84,324588.891
2024-05-18T12:00:00,3132.85,3134.24,3093.62,3109.26,336369.994
2024-05-18T16:00:00,3109.26,3119.99,3104.40,3118.41,112567.765
2024-05-18T20:00:00,3118.40,3125.96,3103.99,3121.59,103032.937
2024-05-19T00:00:00,3121.60,3135.58,3111.50,3127.69,132198.593
2024-05-19T04:00:00,3127.70,3129.29,3101.99,3114.17,151692.891
2024-05-19T08:00:00,3114.16,3124.20,3080.00,3101.62,317993.548
2024-05-19T12:00:00,3101.62,3102.00,3061.00,3076.14,325874.681
2024-05-19T16:00:00,3076.14,3083.36,3056.14,3063.67,261241.101
2024-05-19T20:00:00,3063.68,3081.13,3051.30,3069.98,159684.902
2024-05-20T00:00:00,3069.98,3099.59,3045.06,3085.57,318851.852
2024-05-20T04:00:00,3085.57,3138.14,3061.44,3090.39,521794.171
2024-05-20T08:00:00,3090.39,3113.04,3084.39,3092.91,247742.477
2024-05-20T12:00:00,3092.92,3120.00,3075.00,3116.95,340408.207
2024-05-20T16:00:00,3116.96,3459.61,3109.08,3438.29,1849895.619
2024-05-20T20:00:00,3438.29,3698.86,3420.20,3664.39,2115680.641
2024-05-21T00:00:00,3664.39,3725.69,3639.81,3698.85,878009.612
2024-05-21T04:00:00,3698.85,3703.00,3628.00,3663.29,529104.872
2024-05-21T08:00:00,3663.29,3830.53,3651.59,3779.64,1058781.883
2024-05-21T12:00:00,3779.63,3842.17,3749.62,3779.08,1535889.588
2024-05-21T16:00:00,3779.09,3849.26,3677.40,3715.14,1151283.391
2024-05-21T20:00:00,3715.14,3824.36,3711.89,3792.32,476072.954
2024-05-22T00:00:00,3792.33,3816.84,3776.29,3795.98,320600.434
2024-05-22T04:00:00,3795.99,3797.80,3722.58,3749.24,472880.786
2024-05-22T08:00:00,3749.24,3782.34,3690.00,3692.71,488219.209
2024-05-22T12:00:00,3692.51,3775.93,3655.00,3763.31,1260256.032
2024-05-22T16:00:00,3763.32,3799.92,3701.98,3738.35,668635.483
2024-05-22T20:00:00,3738.35,3784.69,3725.27,3740.25,416251.427
2024-05-23T00:00:00,3740.25,3792.60,3738.20,3784.56,322638.624
2024-05-23T04:00:00,3784.57,3838.00,3761.16,3815.79,498673.243
2024-05-23T08:00:00,3815.79,3930.00,3792.69,3921.00,899905.420
2024-05-23T12:00:00,3921.01,3952.89,3732.00,3815.09,2131833.248
2024-05-23T16:00:00,3815.08,3830.61,3693.73,3793.56,1060547.633
2024-05-23T20:00:00,3793.58,3908.00,3524.55,3784.80,2721576.143
2024-05-24T00:00:00,3784.79,3832.00,3744.03,3805.31,370071.220
2024-05-24T04:00:00,3805.30,3817.20,3651.73,3681.26,842319.990
2024-05-24T08:00:00,3681.26,3720.00,3627.00,3714.35,576212.699
2024-05-24T12:00:00,3714.34,3734.90,3672.63,3695.69,649355.598
2024-05-24T16:00:00,3695.70,3761.94,3655.34,3745.28,581506.663
2024-05-24T20:00:00,3745.29,3756.50,3724.78,3729.61,196348.059
2024-05-25T00:00:00,3729.61,3749.97,3710.14,3746.88,189544.804
2024-05-25T04:00:00,3746.88,3782.82,3745.00,3747.90,247552.152
2024-05-25T08:00:00,3747.91,3776.91,3737.80,3740.68,227862.564
2024-05-25T12:00:00,3740.69,3760.00,3721.00,3746.01,264853.539
2024-05-25T16:00:00,3746.01,3768.40,3738.19,3759.03,126493.964
2024-05-25T20:00:00,3759.02,3762.80,3730.00,3751.15,90927.239
2024-05-26T00:00:00,3751.16,3773.96,3732.06,3773.44,178108.151
2024-05-26T04:00:00,3773.43,3797.94,3742.24,3787.58,243276.653
2024-05-26T08:00:00,3787.58,3824.84,3778.63,3815.36,382468.468
2024-05-26T12:00:00,3815.36,3878.69,3792.36,3834.53,547989.381
2024-05-26T16:00:00,3834.54,3887.26,3833.37,3881.51,328167.019
2024-05-26T20:00:00,3881.52,3883.05,3820.00,3827.53,223377.858
2024-05-27T00:00:00,3827.54,3946.05,3824.70,3922.39,520497.348
2024-05-27T04:00:00,3922.39,3937.54,3891.02,3915.43,319588.051
2024-05-27T08:00:00,3915.43,3959.62,3886.00,3902.78,444465.625
2024-05-27T12:00:00,3902.78,3980.00,3893.36,3966.13,666736.236
2024-05-27T16:00:00,3966.12,3977.08,3856.00,3874.91,479309.845
2024-05-27T20:00:00,3874.91,3908.21,3860.84,3896.09,334532.178
2024-05-28T00:00:00,3896.09,3914.41,3830.00,3852.32,514446.578
2024-05-28T04:00:00,3852.31,3867.75,3823.00,3850.52,269051.046
2024-05-28T08:00:00,3850.52,3934.42,3841.35,3906.56,410328.898
2024-05-28T12:00:00,3906.56,3915.00,3833.33,3863.32,746847.291
2024-05-28T16:00:00,3863.33,3872.18,3775.42,3844.02,575839.501
2024-05-28T20:00:00,3844.09,3875.00,3825.05,3847.00,226955.691
2024-05-29T00:00:00,3847.01,3865.00,3837.28,3853.70,271810.894
2024-05-29T04:00:00,3853.71,3891.79,3822.60,3824.72,360058.339
2024-05-29T08:00:00,3824.71,3832.30,3783.20,3813.81,431147.816
2024-05-29T12:00:00,3813.81,3842.29,3753.10,3763.04,653488.042
2024-05-29T16:00:00,3763.03,3783.50,3746.41,3752.83,312184.265
2024-05-29T20:00:00,3752.82,3796.66,3746.84,3770.00,293374.861
2024-05-30T00:00:00,3770.01,3801.38,3753.06,3794.21,262058.929
2024-05-30T04:00:00,3794.21,3805.00,3713.13,3722.15,448968.512
2024-05-30T08:00:00,3722.16,3761.93,3704.70,3739.56,422165.631
2024-05-30T12:00:00,3739.58,3800.96,3736.35,3778.40,523718.413
2024-05-30T16:00:00,3778.40,3828.74,3752.01,3763.91,428199.118
2024-05-30T20:00:00,3763.90,3764.33,3720.72,3750.39,252462.804
2024-05-31T00:00:00,3750.38,3773.29,3742.17,3762.76,196335.700
2024-05-31T04:00:00,3762.77,3769.43,3726.93,3731.89,180772.053
2024-05-31T08:00:00,3731.88,3817.00,3729.50,3805.47,380521.147
2024-05-31T12:00:00,3805.47,3859.53,3745.87,3747.25,839079.981
2024-05-31T16:00:00,3747.25,3797.00,3725.16,3788.41,402915.029
2024-05-31T20:00:00,3788.46,3804.34,3743.29,3764.35,245878.341
2024-06-01T00:00:00,3764.35,3784.99,3754.36,3781.01,159177.750
2024-06-01T04:00:00,3781.01,3796.86,3772.04,3775.61,173301.115
2024-06-01T08:00:00,3775.61,3812.81,3775.10,3790.39,216069.134
2024-06-01T12:00:00,3790.39,3817.00,3788.85,3801.38,184197.893
2024-06-01T16:00:00,3801.39,3812.84,3792.13,3806.65,106424.417
2024-06-01T20:00:00,3806.65,3837.20,3801.73,3817.49,151800.689
2024-06-02T00:00:00,3817.49,3841.70,3798.59,3809.00,280046.271
2024-06-02T04:00:00,3809.00,3826.03,3793.61,3795.13,186157.356
2024-06-02T08:00:00,3795.13,3812.00,3772.35,3806.26,344857.843
2024-06-02T12:00:00,3806.27,3812.29,3778.40,3801.48,199578.713
2024-06-02T16:00:00,3801.53,3806.16,3753.80,3784.00,238652.826
2024-06-02T20:00:00,3784.00,3799.80,3769.14,3783.98,150704.595
2024-06-03T00:00:00,3783.98,3824.82,3763.00,3802.13,283057.393
2024-06-03T04:00:00,3802.13,3847.42,3797.33,3819.99,294648.170
2024-06-03T08:00:00,3820.00,3842.73,3806.84,3811.61,201453.175
2024-06-03T12:00:00,3811.61,3854.00,3760.00,3798.22,708133.607
2024-06-03T16:00:00,3798.22,3800.00,3760.44,3775.79,265517.400
2024-06-03T20:00:00,3775.80,3787.57,3761.25,3769.15,163970.380
2024-06-04T00:00:00,3769.14,3787.78,3720.00,3775.27,306764.804
2024-06-04T04:00:00,3775.27,3781.20,3754.09,3777.00,159331.896
2024-06-04T08:00:00,3777.00,3785.50,3743.15,3767.02,243088.901
2024-06-04T12:00:00,3767.02,3821.91,3755.13,3813.10,519010.963
2024-06-04T16:00:00,3813.11,3835.11,3777.77,3802.53,399039.305
2024-06-04T20:00:00,3802.53,3825.10,3795.10,3813.12,130274.453
2024-06-05T00:00:00,3813.11,3845.00,3800.01,3813.01,244966.867
2024-06-05T04:00:00,3813.01,3823.40,3778.91,3811.35,358610.492
2024-06-05T08:00:00,3811.36,3816.14,3790.03,3806.87,176254.598
2024-06-05T12:00:00,3806.86,3827.47,3783.21,3816.63,391004.047
2024-06-05T16:00:00,3816.62,3881.77,3798.21,3880.00,546796.450
2024-06-05T20:00:00,3880.01,3892.06,3844.43,3868.61,221527.808
2024-06-06T00:00:00,3868.60,3881.99,3856.12,3864.01,149346.084
2024-06-06T04:00:00,3864.00,3868.41,3843.00,3854.43,187240.831
2024-06-06T08:00:00,3854.43,3859.93,3845.02,3852.74,118708.049
2024-06-06T12:00:00,3852.73,3869.86,3817.72,3847.10,392779.172
2024-06-06T16:00:00,3847.10,3857.00,3790.00,3793.50,396287.511
2024-06-06T20:00:00,3793.50,3817.93,3760.00,3815.76,306399.846
2024-06-07T00:00:00,3815.77,3816.45,3793.10,3808.66,138128.809
2024-06-07T04:00:00,3808.66,3828.32,3807.94,3819.25,132658.486
2024-06-07T08:00:00,3819.25,3843.89,3803.51,3838.30,192547.942
2024-06-07T12:00:00,3838.30,3844.32,3774.30,3802.96,668039.495
2024-06-07T16:00:00,3802.96,3810.88,3555.02,3689.08,1280269.841
2024-06-07T20:00:00,3688.89,3702.41,3670.83,3679.82,205954.212
2024-06-08T00:00:00,3679.82,3693.76,3675.00,3690.84,98423.195
2024-06-08T04:00:00,3690.85,3711.28,3678.35,3710.26,138815.901
2024-06-08T08:00:00,3710.26,3710.67,3680.20,3684.55,144294.002
2024-06-08T12:00:00,3684.55,3699.20,3659.00,3689.33,217397.085
2024-06-08T16:00:00,3689.33,3696.30,3672.70,3683.31,103447.358
2024-06-08T20:00:00,3683.31,3685.95,3671.00,3682.11,91184.414
2024-06-09T00:00:00,3682.12,3686.08,3666.71,3675.06,95235.960
2024-06-09T04:00:00,3675.07,3693.01,3670.44,3687.26,112395.646
2024-06-09T08:00:00,3687.30,3696.30,3684.10,3695.15,71350.077
2024-06-09T12:00:00,3695.15,3714.93,3682.05,3691.63,213114.486
2024-06-09T16:00:00,3691.62,3711.85,3690.41,3702.72,105347.256
2024-06-09T20:00:00,3702.71,3724.73,3695.00,3707.67,117756.761
2024-06-10T00:00:00,3707.67,3708.08,3681.56,3685.73,112623.528
2024-06-10T04:00:00,3685.72,3694.38,3642.60,3649.16,209683.418
2024-06-10T08:00:00,3649.16,3683.19,3648.00,3677.14,191884.145
2024-06-10T12:00:00,3677.14,3715.49,3663.74,3703.59,276268.223
2024-06-10T16:00:00,3703.59,3707.00,3665.46,3670.07,209454.011
2024-06-10T20:00:00,3670.07,3679.11,3651.35,3669.66,149123.339
2024-06-11T00:00:00,3669.65,3675.00,3560.00,3596.75,634157.852
2024-06-11T04:00:00,3596.75,3596.75,3501.12,3535.24,664066.198
2024-06-11T08:00:00,3535.34,3550.37,3503.33,3530.87,503013.122
2024-06-11T12:00:00,3530.86,3547.26,3427.09,3448.47,781554.809
2024-06-11T16:00:00,3448.47,3504.47,3432.30,3498.50,462461.480
2024-06-11T20:00:00,3498.49,3510.00,3485.00,3498.16,116801.728
2024-06-12T00:00:00,3498.17,3514.99,3462.09,3510.47,274987.434
2024-06-12T04:00:00,3510.47,3533.95,3507.41,3526.99,200548.825
2024-06-12T08:00:00,3527.00,3564.54,3516.70,3531.38,295712.364
2024-06-12T12:00:00,3531.38,3657.77,3531.18,3617.62,1023218.476
2024-06-12T16:00:00,3617.61,3626.16,3512.07,3528.55,851121.476
2024-06-12T20:00:00,3528.77,3574.93,3521.38,3560.45,215917.807
2024-06-13T00:00:00,3560.44,3562.33,3476.26,3503.35,369548.331
2024-06-13T04:00:00,3503.35,3517.53,3485.00,3507.48,212202.659
2024-06-13T08:00:00,3507.48,3511.91,3472.21,3496.50,273216.604
2024-06-13T12:00:00,3496.50,3540.70,3433.34,3442.08,927306.523
2024-06-13T16:00:00,3442.08,3492.48,3426.01,3481.59,338873.771
2024-06-13T20:00:00,3481.64,3491.80,3460.86,3469.18,136293.485
2024-06-14T00:00:00,3469.18,3508.95,3457.29,3490.70,225733.834
2024-06-14T04:00:00,3490.70,3533.82,3490.56,3515.83,242060.478
2024-06-14T08:00:00,3515.84,3530.54,3505.20,3515.14,165263.496
2024-06-14T12:00:00,3515.13,3525.20,3461.01,3461.79,428675.196
2024-06-14T16:00:00,3461.79,3467.00,3361.05,3405.21,911244.324
2024-06-14T20:00:00,3405.21,3529.00,3403.06,3480.51,550057.056
2024-06-15T00:00:00,3480.50,3503.36,3472.34,3503.35,189367.244
2024-06-15T04:00:00,3503.36,3557.54,3497.07,3528.92,413457.243
2024-06-15T08:00:00,3528.91,3541.89,3518.00,3538.17,180192.324
2024-06-15T12:00:00,3538.16,3594.99,3536.72,3565.31,432034.123
2024-06-15T16:00:00,3565.31,3574.98,3551.16,3557.90,210946.844
2024-06-15T20:00:00,3557.90,3574.88,3534.58,3567.87,150532.301
2024-06-16T00:00:00,3567.88,3572.95,3546.89,3554.00,125574.926
2024-06-16T04:00:00,3554.00,3573.68,3540.00,3561.37,133039.310
2024-06-16T08:00:00,3561.37,3569.39,3545.73,3553.86,173736.720
2024-06-16T12:00:00,3553.86,3611.10,3551.63,3591.07,399465.139
2024-06-16T16:00:00,3591.06,3608.29,3585.84,3598.57,182017.924
2024-06-16T20:00:00,3598.56,3653.73,3587.38,3622.96,321825.238
2024-06-17T00:00:00,3622.96,3637.47,3574.20,3581.00,388293.070
2024-06-17T04:00:00,3581.00,3595.29,3536.40,3551.56,437079.717
2024-06-17T08:00:00,3551.57,3560.31,3489.31,3525.99,559402.279
2024-06-17T12:00:00,3525.99,3546.23,3480.55,3495.81,586999.159
2024-06-17T16:00:00,3495.81,3576.54,3464.00,3552.47,688765.531
2024-06-17T20:00:00,3552.48,3554.89,3498.39,3509.56,273962.169
2024-06-18T00:00:00,3509.56,3515.87,3341.85,3439.88,1032245.176
2024-06-18T04:00:00,3439.88,3462.90,3426.93,3442.50,282532.787
2024-06-18T08:00:00,3442.50,3450.63,3390.00,3412.41,357639.188
2024-06-18T12:00:00,3412.41,3439.96,3367.73,3422.77,825010.340
2024-06-18T16:00:00,3422.76,3434.94,3385.38,3421.85,416649.991
2024-06-18T20:00:00,3421.84,3488.80,3410.84,3482.34,398864.786
2024-06-19T00:00:00,3482.33,3572.93,3463.91,3564.21,636612.573
2024-06-19T04:00:00,3564.22,3585.00,3531.52,3543.07,380702.721
2024-06-19T08:00:00,3543.07,3563.40,3516.29,3535.26,420684.674
2024-06-19T12:00:00,3535.26,3549.60,3510.03,3527.79,293387.515
2024-06-19T16:00:00,3527.79,3587.63,3521.09,3544.84,418359.289
2024-06-19T20:00:00,3544.84,3575.00,3530.57,3558.85,194469.656
2024-06-20T00:00:00,3558.84,3594.60,3531.44,3551.85,339130.527
2024-06-20T04:00:00,3551.85,3614.68,3543.20,3606.02,367178.619
2024-06-20T08:00:00,3606.02,3625.00,3570.07,3597.49,431081.705
2024-06-20T12:00:00,3597.49,3610.00,3489.46,3504.37,854218.094
2024-06-20T16:00:00,3504.37,3541.63,3483.63,3534.68,400365.616
2024-06-20T20:00:00,3534.68,3537.41,3509.03,3511.26,112196.371
2024-06-21T00:00:00,3511.27,3534.89,3490.03,3499.13,262880.075
2024-06-21T04:00:00,3499.14,3520.55,3466.31,3473.55,282188.676
2024-06-21T08:00:00,3473.54,3531.50,3443.80,3502.11,689799.317
2024-06-21T12:00:00,3502.11,3519.00,3453.47,3491.55,704893.952
2024-06-21T16:00:00,3491.54,3536.41,3469.35,3533.49,367693.965
2024-06-21T20:00:00,3533.49,3546.66,3498.00,3517.18,197406.814
2024-06-22T00:00:00,3517.18,3520.00,3493.07,3505.48,148137.664
2024-06-22T04:00:00,3505.49,3508.24,3486.77,3492.53,142974.624
2024-06-22T08:00:00,3492.53,3497.38,3472.57,3491.64,180592.023
2024-06-22T12:00:00,3491.64,3509.54,3485.18,3504.60,173837.707
2024-06-22T16:00:00,3504.59,3507.43,3483.00,3490.22,117567.084
2024-06-22T20:00:00,3490.22,3506.88,3483.97,3494.26,80973.700
2024-06-23T00:00:00,3494.25,3517.48,3493.33,3517.23,118947.007
2024-06-23T04:00:00,3517.24,3519.70,3505.39,3510.79,90610.412
2024-06-23T08:00:00,3510.80,3511.71,3486.06,3496.89,149127.755
2024-06-23T12:00:00,3496.88,3503.09,3470.07,3473.00,428390.828
2024-06-23T16:00:00,3472.99,3481.20,3460.00,3478.87,164436.319
2024-06-23T20:00:00,3478.87,3479.11,3397.87,3419.38,456636.395
2024-06-24T00:00:00,3419.38,3434.75,3383.00,3401.59,400700.735
2024-06-24T04:00:00,3401.60,3412.89,3352.47,3367.68,536205.979
2024-06-24T08:00:00,3367.68,3393.38,3213.00,3319.40,1106864.230
2024-06-24T12:00:00,3319.39,3335.69,3260.18,3278.80,618140.957
2024-06-24T16:00:00,3278.80,3314.09,3241.00,3292.51,839624.129
2024-06-24T20:00:00,3292.51,3363.11,3250.00,3352.00,679797.545
2024-06-25T00:00:00,3351.99,3385.00,3335.58,3370.38,369009.327
2024-06-25T04:00:00,3370.38,3393.98,3356.00,3360.49,278922.211
2024-06-25T08:00:00,3360.49,3395.24,3345.00,3375.03,268799.752
2024-06-25T12:00:00,3375.02,3423.50,3357.00,3417.63,482078.565
2024-06-25T16:00:00,3417.63,3431.27,3380.20,3414.29,426711.080
2024-06-25T20:00:00,3414.30,3417.84,3387.20,3393.06,147938.858
2024-06-26T00:00:00,3393.07,3425.00,3384.00,3393.93,242728.180
2024-06-26T04:00:00,3393.94,3405.42,3375.00,3400.37,203353.706
2024-06-26T08:00:00,3400.37,3401.94,3365.10,3380.30,221589.549
2024-06-26T12:00:00,3380.31,3395.00,3345.26,3360.75,364814.787
2024-06-26T16:00:00,3360.76,3409.78,3325.54,3407.34,511990.824
2024-06-26T20:00:00,3407.32,3416.95,3366.00,3370.76,250335.924
2024-06-27T00:00:00,3370.78,3392.00,3360.22,3382.89,205954.546
2024-06-27T04:00:00,3382.89,3387.99,3364.53,3374.47,198338.223
2024-06-27T08:00:00,3374.47,3412.00,3367.68,3402.59,271818.995
2024-06-27T12:00:00,3402.59,3476.60,3402.22,3451.77,745851.464
2024-06-27T16:00:00,3451.77,3467.46,3438.46,3448.90,197326.959
2024-06-27T20:00:00,3448.89,3454.87,3439.73,3450.34,105384.501
2024-06-28T00:00:00,3450.34,3487.98,3435.64,3459.99,401018.893
2024-06-28T04:00:00,3460.00,3460.60,3424.82,3431.27,191141.261
2024-06-28T08:00:00,3431.27,3460.34,3417.39,3451.61,236597.755
2024-06-28T12:00:00,3451.60,3475.00,3400.07,3411.79,649099.725
2024-06-28T16:00:00,3411.80,3415.65,3362.00,3379.54,447167.644
2024-06-28T20:00:00,3379.54,3393.63,3367.56,3379.51,157726.179
2024-06-29T00:00:00,3379.50,3399.42,3378.87,3385.07,178833.263
2024-06-29T04:00:00,3385.07,3407.00,3380.09,3398.18,137415.067
2024-06-29T08:00:00,3398.18,3405.00,3385.16,3398.69,121122.427
2024-06-29T12:00:00,3398.69,3401.99,3381.21,3393.46,131734.802
2024-06-29T16:00:00,3393.46,3395.57,3375.00,3386.20,80895.488
2024-06-29T20:00:00,3386.20,3388.71,3369.07,3377.62,85882.740
2024-06-30T00:00:00,3377.63,3388.72,3348.50,3370.31,225728.241
2024-06-30T04:00:00,3370.31,3399.39,3357.04,3393.06,193820.051
2024-06-30T08:00:00,3393.07,3398.53,3384.51,3387.95,129818.913
2024-06-30T12:00:00,3387.95,3404.24,3377.90,3398.87,177952.327
2024-06-30T16:00:00,3398.87,3432.95,3390.55,3427.22,192638.124
2024-06-30T20:00:00,3427.22,3459.77,3406.89,3436.73,254786.711
2024-07-01T00:00:00,3436.72,3524.16,3430.93,3497.27,523593.068
2024-07-01T04:00:00,3497.27,3498.46,3483.01,3489.25,167290.464
2024-07-01T08:00:00,3489.25,3494.18,3456.71,3459.06,236751.457
2024-07-01T12:00:00,3459.07,3481.00,3451.34,3473.86,316839.261
2024-07-01T16:00:00,3473.87,3498.91,3460.79,3470.09,257342.728
2024-07-01T20:00:00,3470.09,3475.00,3420.00,3440.46,223079.342
2024-07-02T00:00:00,3440.47,3463.84,3432.66,3455.68,132332.441
2024-07-02T04:00:00,3455.68,3463.65,3433.08,3438.35,174446.007
2024-07-02T08:00:00,3438.35,3454.32,3431.68,3452.13,167987.995
2024-07-02T12:00:00,3452.13,3463.07,3399.22,3414.68,481508.738
2024-07-02T16:00:00,3414.68,3433.32,3407.40,3414.95,171960.986
2024-07-02T20:00:00,3414.94,3428.00,3412.39,3420.43,86157.147
2024-07-03T00:00:00,3420.43,3431.36,3328.01,3359.36,541135.235
2024-07-03T04:00:00,3359.36,3372.09,3351.05,3351.11,198967.338
2024-07-03T08:00:00,3351.10,3356.09,3281.00,3306.07,592338.880
2024-07-03T12:00:00,3306.07,3325.54,3272.92,3302.59,519932.722
2024-07-03T16:00:00,3302.59,3321.31,3251.01,3265.24,428352.496
2024-07-03T20:00:00,3265.24,3305.48,3250.10,3294.75,239626.064
2024-07-04T00:00:00,3294.75,3312.59,3152.54,3241.92,925458.463
2024-07-04T04:00:00,3241.91,3245.25,3168.46,3181.17,408230.697
2024-07-04T08:00:00,3181.17,3195.38,3123.00,3158.90,794262.399
2024-07-04T12:00:00,3158.91,3159.90,3088.05,3137.87,929254.941
2024-07-04T16:00:00,3137.86,3151.40,3111.35,3132.59,298648.817
2024-07-04T20:00:00,3132.59,3168.98,3049.39,3059.31,506189.605
2024-07-05T00:00:00,3059.30,3108.28,2862.00,2919.91,1920006.266
2024-07-05T04:00:00,2919.91,2927.94,2800.00,2880.99,1379346.346
2024-07-05T08:00:00,2880.98,2955.00,2821.84,2946.04,875347.981
2024-07-05T12:00:00,2946.04,3007.86,2921.01,2989.98,946159.945
2024-07-05T16:00:00,2989.97,3000.50,2956.52,2986.52,443461.264
2024-07-05T20:00:00,2986.51,2992.52,2962.22,2980.43,188748.392
2024-07-06T00:00:00,2980.37,3026.40,2953.45,2978.95,369681.547
2024-07-06T04:00:00,2978.94,3014.82,2960.67,3002.82,251465.721
2024-07-06T08:00:00,3002.81,3013.67,2983.73,3004.44,230332.720
2024-07-06T12:00:00,3004.45,3029.40,2988.00,3018.44,264947.185
2024-07-06T16:00:00,3018.44,3064.83,3015.00,3056.87,291319.604
2024-07-06T20:00:00,3056.87,3080.00,3054.89,3065.50,188072.047
2024-07-07T00:00:00,3065.49,3072.00,3037.81,3049.52,246578.263
2024-07-07T04:00:00,3049.54,3049.76,2991.52,3002.98,303825.067
2024-07-07T08:00:00,3002.98,3031.83,3002.32,3013.97,185778.240
2024-07-07T12:00:00,3013.96,3022.91,2954.08,2969.61,441264.415
2024-07-07T16:00:00,2969.60,3008.84,2962.51,2984.31,223431.813
2024-07-07T20:00:00,2984.31,2999.60,2922.00,2930.24,399592.810
2024-07-08T00:00:00,2930.23,2951.07,2821.26,2877.90,1051063.322
2024-07-08T04:00:00,2877.90,2931.44,2873.76,2925.86,396753.544
2024-07-08T08:00:00,2925.85,3098.00,2921.22,3052.85,1115000.692
2024-07-08T12:00:00,3052.85,3062.79,2886.62,2968.22,1334705.833
2024-07-08T16:00:00,2968.22,3008.99,2943.45,3003.18,419064.233
2024-07-08T20:00:00,3003.18,3044.77,2982.60,3017.51,277232.520
2024-07-09T00:00:00,3017.51,3075.95,3002.56,3062.99,470203.769
2024-07-09T04:00:00,3063.00,3088.96,3052.40,3061.01,315956.582
2024-07-09T08:00:00,3061.00,3115.80,3053.30,3081.84,370517.707
2024-07-09T12:00:00,3081.84,3108.17,3034.58,3065.75,595913.537
2024-07-09T16:00:00,3065.75,3087.90,3045.11,3067.30,304324.171
2024-07-09T20:00:00,3067.31,3077.98,3045.30,3065.06,163343.279
2024-07-10T00:00:00,3065.05,3081.75,3022.57,3078.31,303806.580
2024-07-10T04:00:00,3078.30,3129.00,3078.30,3095.63,473212.693
2024-07-10T08:00:00,3095.63,3108.28,3077.07,3101.28,245980.619
2024-07-10T12:00:00,3101.28,3128.75,3075.84,3120.76,571962.918
2024-07-10T16:00:00,3120.75,3150.00,3089.18,3105.82,392916.490
2024-07-10T20:00:00,3105.82,3110.97,3078.00,3099.12,169493.974
2024-07-11T00:00:00,3099.12,3129.15,3052.75,3075.70,341380.984
2024-07-11T04:00:00,3075.71,3123.34,3072.61,3117.00,232243.109
2024-07-11T08:00:00,3117.00,3156.00,3113.06,3145.55,362796.168
2024-07-11T12:00:00,3145.55,3216.60,3103.00,3116.66,1105895.358
2024-07-11T16:00:00,3116.66,3146.70,3095.51,3105.97,321801.062
2024-07-11T20:00:00,3105.97,3120.48,3084.06,3098.25,237222.714
2024-07-12T00:00:00,3098.24,3116.92,3053.84,3084.08,371884.156
2024-07-12T04:00:00,3084.07,3097.50,3056.37,3070.64,237484.261
2024-07-12T08:00:00,3070.65,3084.52,3044.51,3069.22,314993.499
2024-07-12T12:00:00,3069.22,3139.18,3055.09,3130.18,486229.706
2024-07-12T16:00:00,3130.03,3156.60,3111.68,3114.95,322552.817
2024-07-12T20:00:00,3114.95,3134.75,3088.19,3133.24,199527.869
2024-07-13T00:00:00,3133.24,3138.91,3119.01,3119.83,96165.440
2024-07-13T04:00:00,3119.84,3141.87,3112.12,3139.08,158959.065
2024-07-13T08:00:00,3139.08,3170.99,3127.50,3155.59,241596.395
2024-07-13T12:00:00,3155.59,3163.94,3140.40,3153.92,160911.350
2024-07-13T16:00:00,3153.92,3164.35,3145.00,3162.63,99679.292
2024-07-13T20:00:00,3162.64,3200.72,3142.81,3174.01,292173.895
2024-07-14T00:00:00,3174.00,3192.94,3162.06,3171.15,186314.338
2024-07-14T04:00:00,3171.16,3206.09,3169.82,3194.34,248644.863
2024-07-14T08:00:00,3194.33,3224.00,3193.95,3201.59,228833.978
2024-07-14T12:00:00,3201.60,3202.80,3171.47,3188.56,243807.956
2024-07-14T16:00:00,3188.56,3196.77,3181.61,3189.56,87349.391
2024-07-14T20:00:00,3189.56,3268.66,3188.72,3243.56,371764.291
2024-07-15T00:00:00,3243.52,3341.95,3231.03,3328.17,613594.946
2024-07-15T04:00:00,3328.16,3368.64,3319.00,3354.39,362631.903
2024-07-15T08:00:00,3354.39,3371.98,3325.69,3338.85,295098.210
2024-07-15T12:00:00,3338.84,3392.96,3332.00,3365.72,365760.589
2024-07-15T16:00:00,3365.71,3434.00,3356.29,3404.40,595785.909
2024-07-15T20:00:00,3404.39,3493.94,3401.79,3481.62,490741.413
2024-07-16T00:00:00,3481.62,3497.74,3452.22,3467.53,296152.995
2024-07-16T04:00:00,3467.53,3476.80,3371.00,3375.67,652166.409
2024-07-16T08:00:00,3375.67,3423.60,3345.00,3417.78,503950.845
2024-07-16T12:00:00,3417.78,3484.23,3374.41,3474.54,664935.046
2024-07-16T16:00:00,3474.53,3493.00,3440.00,3472.87,451555.713
2024-07-16T20:00:00,3472.87,3473.74,3412.85,3442.83,277002.908
2024-07-17T00:00:00,3442.84,3517.14,3440.36,3478.87,443423.258
2024-07-17T04:00:00,3478.88,3514.94,3470.28,3484.53,354787.280
2024-07-17T08:00:00,3484.52,3499.82,3440.24,3448.13,392083.986
2024-07-17T12:00:00,3448.12,3474.33,3431.00,3436.17,397982.526
2024-07-17T16:00:00,3436.17,3437.90,3374.53,3415.68,481696.102
2024-07-17T20:00:00,3415.72,3427.80,3383.54,3386.00,201201.864
2024-07-18T00:00:00,3386.01,3440.00,3381.83,3429.99,269858.152
2024-07-18T04:00:00,3430.00,3452.50,3407.56,3431.90,306392.698
2024-07-18T08:00:00,3431.90,3459.76,3429.64,3457.34,191625.896
2024-07-18T12:00:00,3457.34,3487.99,3382.90,3387.26,629202.546
2024-07-18T16:00:00,3387.25,3422.67,3364.62,3404.34,382877.984
2024-07-18T20:00:00,3404.34,3435.90,3395.61,3424.99,133203.955
2024-07-19T00:00:00,3424.99,3431.74,3381.61,3428.51,309305.724
2024-07-19T04:00:00,3428.50,3449.47,3385.00,3390.59,328377.412
2024-07-19T08:00:00,3390.59,3409.92,3375.25,3402.84,321709.558
2024-07-19T12:00:00,3402.84,3473.98,3395.08,3463.59,631888.514
2024-07-19T16:00:00,3463.44,3539.38,3463.00,3520.90,561410.638
2024-07-19T20:00:00,3520.90,3525.66,3489.00,3502.18,236611.587
2024-07-20T00:00:00,3502.18,3507.00,3478.01,3493.78,165843.252
2024-07-20T04:00:00,3493.77,3506.94,3485.70,3485.99,118544.182
2024-07-20T08:00:00,3485.99,3493.40,3478.84,3483.39,146155.297
2024-07-20T12:00:00,3483.39,3507.07,3479.03,3501.82,167214.638
2024-07-20T16:00:00,3501.83,3538.38,3489.01,3513.21,332593.116
2024-07-20T20:00:00,3513.21,3525.26,3497.35,3516.03,117808.507
2024-07-21T00:00:00,3516.03,3527.90,3502.13,3508.86,96479.764
2024-07-21T04:00:00,3508.86,3512.03,3472.54,3482.87,201289.697
2024-07-21T08:00:00,3482.87,3506.89,3481.72,3497.37,128561.608
2024-07-21T12:00:00,3497.37,3515.75,3481.00,3498.64,215182.805
2024-07-21T16:00:00,3498.63,3524.00,3408.13,3489.00,750382.026
2024-07-21T20:00:00,3489.01,3547.84,3480.92,3534.29,366214.034
2024-07-22T00:00:00,3534.30,3562.33,3513.57,3515.48,270315.259
2024-07-22T04:00:00,3515.48,3522.54,3457.26,3477.02,325900.162
2024-07-22T08:00:00,3477.01,3502.61,3467.05,3498.60,190207.597
2024-07-22T12:00:00,3498.61,3505.88,3433.33,3455.70,481000.102
2024-07-22T16:00:00,3455.70,3497.65,3442.65,3497.36,238788.453
2024-07-22T20:00:00,3497.37,3498.37,3421.00,3438.08,439828.813
2024-07-23T00:00:00,3438.09,3489.86,3434.00,3473.57,335092.706
2024-07-23T04:00:00,3473.57,3482.53,3423.36,3453.30,394410.132
2024-07-23T08:00:00,3453.30,3540.94,3450.78,3514.54,754394.806
2024-07-23T12:00:00,3514.54,3517.28,3427.75,3452.96,1219702.782
2024-07-23T16:00:00,3452.96,3495.81,3384.61,3455.74,843951.294
2024-07-23T20:00:00,3455.74,3500.00,3453.16,3481.01,438210.147
2024-07-24T00:00:00,3481.01,3486.73,3425.76,3447.02,295328.730
2024-07-24T04:00:00,3447.01,3450.68,3428.01,3445.74,172463.058
2024-07-24T08:00:00,3445.74,3471.32,3441.35,3458.40,210703.734
2024-07-24T12:00:00,3458.39,3470.68,3407.03,3413.50,523152.664
2024-07-24T16:00:00,3413.50,3431.66,3355.05,3362.22,513911.127
2024-07-24T20:00:00,3362.22,3375.39,3285.69,3334.24,580741.028
2024-07-25T00:00:00,3334.23,3342.02,3148.78,3166.40,1359729.202
2024-07-25T04:00:00,3166.41,3192.85,3125.37,3170.22,482674.828
2024-07-25T08:00:00,3170.22,3186.58,3151.16,3170.88,357295.109
2024-07-25T12:00:00,3170.89,3182.56,3103.50,3140.81,923701.405
2024-07-25T16:00:00,3140.81,3171.00,3096.54,3122.04,548225.216
2024-07-25T20:00:00,3122.04,3198.00,3085.57,3173.67,532657.093
2024-07-26T00:00:00,3173.67,3258.35,3169.14,3235.15,571093.062
2024-07-26T04:00:00,3235.16,3274.95,3231.03,3249.62,383617.462
2024-07-26T08:00:00,3249.62,3262.72,3232.26,3245.36,272858.589
2024-07-26T12:00:00,3245.36,3269.98,3218.00,3253.84,590842.526
2024-07-26T16:00:00,3253.83,3284.45,3241.16,3272.89,265977.185
2024-07-26T20:00:00,3272.89,3284.93,3249.19,3272.82,173004.963
2024-07-27T00:00:00,3272.81,3273.46,3241.52,3243.80,200065.377
2024-07-27T04:00:00,3243.74,3276.41,3243.00,3270.41,136819.777
2024-07-27T08:00:00,3270.41,3281.91,3261.00,3277.00,165703.197
2024-07-27T12:00:00,3277.00,3326.90,3267.91,3279.79,519004.211
2024-07-27T16:00:00,3279.79,3290.58,3226.03,3259.99,447633.269
2024-07-27T20:00:00,3259.99,3293.95,3188.89,3248.17,712284.829
2024-07-28T00:00:00,3248.16,3255.41,3224.06,3236.80,185400.523
2024-07-28T04:00:00,3236.79,3242.89,3195.84,3226.29,249534.847
2024-07-28T08:00:00,3226.64,3264.00,3214.36,3255.00,196929.228
2024-07-28T12:00:00,3255.00,3278.52,3252.60,3267.56,230731.240
2024-07-28T16:00:00,3267.56,3284.57,3261.00,3270.36,124848.553
2024-07-28T20:00:00,3270.36,3272.34,3250.00,3268.03,126998.078
2024-07-29T00:00:00,3268.03,3356.64,3265.18,3348.01,508447.609
2024-07-29T04:00:00,3348.01,3388.00,3338.63,3366.01,398132.172
2024-07-29T08:00:00,3366.00,3396.07,3360.39,3374.03,265318.006
2024-07-29T12:00:00,3374.03,3385.82,3288.40,3306.88,772027.074
2024-07-29T16:00:00,3306.88,3323.47,3256.56,3310.13,664589.431
2024-07-29T20:00:00,3310.13,3351.71,3307.97,3316.87,288759.033
2024-07-30T00:00:00,3316.86,3336.95,3280.17,3319.43,397220.590
2024-07-30T04:00:00,3319.42,3354.05,3296.07,3339.51,249889.485
2024-07-30T08:00:00,3339.50,3354.81,3325.70,3333.35,208059.374
2024-07-30T12:00:00,3333.34,3365.00,3290.01,3319.26,496094.833
2024-07-30T16:00:00,3319.25,3326.67,3258.63,3271.36,383715.063
2024-07-30T20:00:00,3271.39,3284.00,3230.10,3278.17,265851.130
2024-07-31T00:00:00,3278.17,3303.64,3260.22,3292.92,186752.295
2024-07-31T04:00:00,3292.92,3331.42,3261.21,3316.25,358288.439
2024-07-31T08:00:00,3316.25,3326.00,3304.97,3321.85,183016.020
2024-07-31T12:00:00,3321.85,3348.74,3294.50,3301.20,441804.890
2024-07-31T16:00:00,3301.20,3329.37,3243.26,3265.02,589805.814
2024-07-31T20:00:00,3265.01,3270.50,3212.32,3231.48,413917.625
2024-08-01T00:00:00,3231.49,3241.83,3169.15,3177.01,458292.503
2024-08-01T04:00:00,3177.00,3189.53,3134.03,3165.35,468973.645
2024-08-01T08:00:00,3165.35,3192.85,3163.93,3187.13,189268.585
2024-08-01T12:00:00,3187.14,3206.35,3100.84,3115.67,689499.334
2024-08-01T16:00:00,3115.68,3134.71,3078.40,3130.30,621522.981
2024-08-01T20:00:00,3130.29,3219.20,3120.00,3201.67,412529.800
2024-08-02T00:00:00,3201.66,3217.06,3134.93,3166.72,373574.209
2024-08-02T04:00:00,3166.73,3174.43,3125.00,3146.02,304703.470
2024-08-02T08:00:00,3146.03,3165.61,3132.82,3152.10,193766.287
2024-08-02T12:00:00,3152.10,3181.99,2983.57,3037.51,1454047.316
2024-08-02T16:00:00,3037.50,3047.25,2990.64,3010.53,501041.059
2024-08-02T20:00:00,3010.53,3041.74,2965.27,2988.11,582165.043
2024-08-03T00:00:00,2988.10,3002.49,2912.50,2980.78,545475.512
2024-08-03T04:00:00,2980.77,2995.88,2958.87,2982.42,189860.543
2024-08-03T08:00:00,2982.42,3004.46,2973.02,2995.44,163709.703
2024-08-03T12:00:00,2995.43,3016.61,2937.06,2940.49,385083.132
2024-08-03T16:00:00,2940.52,2954.45,2875.22,2892.38,898902.720
2024-08-03T20:00:00,2892.37,2921.42,2855.00,2901.94,438860.969
2024-08-04T00:00:00,2901.95,2934.66,2875.01,2914.21,252916.495
2024-08-04T04:00:00,2914.22,2920.69,2886.32,2891.55,165433.212
2024-08-04T08:00:00,2891.53,2924.80,2874.12,2912.80,219092.513
2024-08-04T12:00:00,2912.80,2924.59,2818.00,2826.06,667290.185
2024-08-04T16:00:00,2826.08,2837.96,2613.30,2755.84,1885496.206
2024-08-04T20:00:00,2755.84,2771.34,2680.00,2687.60,519065.184
2024-08-05T00:00:00,2687.60,2695.93,2112.00,2311.67,4616994.853
2024-08-05T04:00:00,2311.64,2384.97,2150.37,2356.42,2760223.013
2024-08-05T08:00:00,2356.42,2361.99,2222.31,2289.89,1646831.896
2024-08-05T12:00:00,2289.89,2460.00,2181.61,2448.97,2627102.621
2024-08-05T16:00:00,2448.96,2518.27,2363.00,2403.94,1335817.422
2024-08-05T20:00:00,2403.87,2473.81,2399.79,2418.60,570754.292
2024-08-06T00:00:00,2418.60,2545.91,2414.63,2490.40,773192.838
2024-08-06T04:00:00,2490.40,2533.94,2476.94,2522.19,549155.664
2024-08-06T08:00:00,2522.18,2523.50,2438.41,2457.07,673184.180
2024-08-06T12:00:00,2457.08,2558.24,2412.35,2526.09,1158026.702
2024-08-06T16:00:00,2526.10,2549.08,2479.48,2491.36,651803.080
2024-08-06T20:00:00,2491.40,2512.55,2445.00,2459.87,551324.461
2024-08-07T00:00:00,2459.86,2529.60,2423.50,2506.07,806971.796
2024-08-07T04:00:00,2506.08,2533.56,2483.53,2509.78,510017.106
2024-08-07T08:00:00,2509.78,2549.85,2470.16,2471.82,692917.958
2024-08-07T12:00:00,2471.83,2486.95,2363.24,2411.71,1457574.964
2024-08-07T16:00:00,2411.71,2414.79,2324.89,2349.68,863756.303
2024-08-07T20:00:00,2349.71,2368.92,2307.00,2341.41,575550.918
2024-08-08T00:00:00,2341.40,2464.28,2318.64,2429.21,840214.466
2024-08-08T04:00:00,2429.21,2444.25,2410.04,2413.04,354507.174
2024-08-08T08:00:00,2413.07,2459.48,2407.08,2446.11,404197.391
2024-08-08T12:00:00,2446.11,2526.00,2410.29,2505.83,1430730.843
2024-08-08T16:00:00,2505.87,2609.25,2501.99,2572.31,938501.216
2024-08-08T20:00:00,2572.50,2723.77,2566.00,2681.59,852819.260
2024-08-09T00:00:00,2681.59,2700.00,2644.44,2692.90,514465.929
2024-08-09T04:00:00,2692.90,2708.80,2647.35,2668.97,455019.581
2024-08-09T08:00:00,2668.98,2681.08,2616.69,2633.46,504319.424
2024-08-09T12:00:00,2633.45,2663.27,2555.25,2557.33,1025691.719
2024-08-09T16:00:00,2557.33,2608.49,2551.23,2589.17,358718.301
2024-08-09T20:00:00,2589.18,2612.55,2560.40,2597.90,293466.200
2024-08-10T00:00:00,2597.89,2644.43,2574.54,2601.31,358644.779
2024-08-10T04:00:00,2601.31,2637.28,2586.60,2633.06,203888.207
2024-08-10T08:00:00,2633.06,2642.02,2621.18,2635.52,200206.103
2024-08-10T12:00:00,2635.53,2636.72,2595.08,2598.45,229165.884
2024-08-10T16:00:00,2598.48,2622.28,2587.85,2601.60,221622.954
2024-08-10T20:00:00,2601.61,2616.99,2594.67,2608.76,97951.477
2024-08-11T00:00:00,2608.77,2674.29,2604.50,2645.46,261141.110
2024-08-11T04:00:00,2645.46,2682.00,2632.03,2676.16,255575.463
2024-08-11T08:00:00,2676.20,2720.78,2643.48,2651.60,545395.315
2024-08-11T12:00:00,2651.58,2654.87,2592.50,2612.63,547612.966
2024-08-11T16:00:00,2612.63,2645.00,2595.00,2597.94,374763.417
2024-08-11T20:00:00,2597.95,2601.93,2537.76,2554.65,645000.959
2024-08-12T00:00:00,2554.66,2577.25,2506.13,2540.19,464609.446
2024-08-12T04:00:00,2540.18,2581.93,2514.68,2565.84,389333.624
2024-08-12T08:00:00,2565.83,2682.55,2556.62,2672.31,783744.651
2024-08-12T12:00:00,2672.31,2721.96,2590.80,2687.76,1520110.799
2024-08-12T16:00:00,2687.76,2697.44,2626.26,2658.96,450333.402
2024-08-12T20:00:00,2659.00,2749.97,2657.00,2721.15,518865.298
2024-08-13T00:00:00,2721.15,2737.38,2647.31,2655.04,624340.775
2024-08-13T04:00:00,2655.04,2662.90,2633.51,2647.14,304386.032
2024-08-13T08:00:00,2647.14,2656.77,2610.04,2642.95,385954.277
2024-08-13T12:00:00,2642.94,2673.70,2630.00,2650.75,616504.442
2024-08-13T16:00:00,2650.75,2729.05,2648.39,2710.17,838299.071
2024-08-13T20:00:00,2710.16,2733.32,2691.59,2701.01,246965.005
2024-08-14T00:00:00,2701.01,2724.60,2684.14,2707.99,272766.878
2024-08-14T04:00:00,2707.98,2749.00,2706.34,2726.46,341253.171
2024-08-14T08:00:00,2726.46,2763.32,2712.71,2748.60,467331.101
2024-08-14T12:00:00,2748.59,2788.88,2631.00,2672.73,1412380.207
2024-08-14T16:00:00,2672.72,2672.80,2640.06,2667.71,388444.094
2024-08-14T20:00:00,2667.68,2678.79,2639.69,2659.82,214353.242
2024-08-15T00:00:00,2659.82,2672.26,2632.23,2651.49,346052.098
2024-08-15T04:00:00,2651.50,2655.56,2586.50,2613.82,470351.003
2024-08-15T08:00:00,2613.83,2643.00,2604.29,2636.54,298537.830
2024-08-15T12:00:00,2636.53,2674.17,2631.86,2667.05,652125.793
2024-08-15T16:00:00,2666.94,2673.69,2520.00,2548.09,1001327.964
2024-08-15T20:00:00,2548.02,2588.42,2513.65,2568.73,450873.052
2024-08-16T00:00:00,2568.73,2609.04,2551.00,2578.62,356114.616
2024-08-16T04:00:00,2578.62,2627.65,2576.48,2616.00,293288.303
2024-08-16T08:00:00,2616.01,2625.49,2604.82,2611.17,258243.129
2024-08-16T12:00:00,2611.17,2619.00,2549.15,2567.50,928113.985
2024-08-16T16:00:00,2567.50,2630.73,2562.54,2619.10,606405.927
2024-08-16T20:00:00,2619.12,2625.14,2585.49,2591.52,224329.896
2024-08-17T00:00:00,2591.53,2606.81,2585.81,2594.48,143645.382
2024-08-17T04:00:00,2594.48,2602.29,2588.94,2598.88,96026.150
2024-08-17T08:00:00,2598.89,2606.47,2591.20,2597.90,119991.959
2024-08-17T12:00:00,2597.88,2618.29,2595.44,2605.56,186906.583
2024-08-17T16:00:00,2605.55,2628.00,2605.49,2613.79,176955.061
2024-08-17T20:00:00,2613.79,2617.04,2598.54,2613.18,97083.433
2024-08-18T00:00:00,2613.18,2638.36,2603.36,2605.09,263026.290
2024-08-18T04:00:00,2605.09,2609.46,2593.00,2606.75,141987.111
2024-08-18T08:00:00,2606.74,2666.91,2604.17,2648.01,403254.104
2024-08-18T12:00:00,2648.01,2688.25,2641.42,2671.00,349381.267
2024-08-18T16:00:00,2671.00,2677.33,2641.62,2666.70,199003.843
2024-08-18T20:00:00,2666.70,2669.52,2608.05,2610.67,259123.274
2024-08-19T00:00:00,2610.67,2646.55,2601.80,2643.32,349573.280
2024-08-19T04:00:00,2643.33,2647.29,2609.93,2612.59,257446.693
2024-08-19T08:00:00,2612.59,2620.85,2565.00,2586.45,475628.786
2024-08-19T12:00:00,2586.46,2603.00,2560.90,2583.05,425511.632
2024-08-19T16:00:00,2583.05,2629.97,2572.22,2605.32,422776.620
2024-08-19T20:00:00,2605.33,2639.98,2602.92,2635.15,191311.274
2024-08-20T00:00:00,2635.16,2676.19,2617.05,2660.97,412466.009
2024-08-20T04:00:00,2660.98,2694.96,2656.21,2673.67,362835.485
2024-08-20T08:00:00,2673.67,2674.75,2637.12,2641.03,244919.187
2024-08-20T12:00:00,2641.03,2654.68,2552.50,2573.34,904290.500
2024-08-20T16:00:00,2573.35,2605.67,2563.83,2600.67,348882.962
2024-08-20T20:00:00,2600.67,2608.78,2562.04,2571.51,231115.270
2024-08-21T00:00:00,2571.51,2596.93,2554.33,2590.09,219863.136
2024-08-21T04:00:00,2590.09,2605.59,2587.05,2599.22,155485.180
2024-08-21T08:00:00,2599.22,2606.65,2566.03,2576.40,271022.071
2024-08-21T12:00:00,2576.40,2616.88,2533.51,2600.44,937315.458
2024-08-21T16:00:00,2600.45,2649.33,2591.01,2645.01,518281.955
2024-08-21T20:00:00,2645.01,2663.55,2618.00,2629.38,312423.775
2024-08-22T00:00:00,2629.37,2639.28,2582.27,2615.18,334724.588
2024-08-22T04:00:00,2615.18,2641.95,2612.32,2635.00,179109.410
2024-08-22T08:00:00,2634.99,2644.00,2618.36,2640.42,227465.256
2024-08-22T12:00:00,2640.42,2643.87,2588.39,2598.30,483013.258
2024-08-22T16:00:00,2598.29,2618.86,2596.06,2605.44,252410.050
2024-08-22T20:00:00,2605.45,2631.27,2605.18,2622.00,154913.077
2024-08-23T00:00:00,2622.00,2652.82,2619.86,2634.64,227541.378
2024-08-23T04:00:00,2634.65,2688.86,2632.80,2668.07,437034.101
2024-08-23T08:00:00,2668.07,2679.97,2650.00,2651.94,272661.015
2024-08-23T12:00:00,2651.95,2698.69,2631.01,2669.45,992910.044
2024-08-23T16:00:00,2669.46,2749.22,2661.62,2744.58,860588.811
2024-08-23T20:00:00,2744.58,2798.88,2743.00,2761.58,498138.254
2024-08-24T00:00:00,2761.58,2768.44,2741.12,2745.58,214773.382
2024-08-24T04:00:00,2745.57,2764.20,2736.92,2757.23,172196.611
2024-08-24T08:00:00,2757.23,2785.78,2753.66,2755.35,314643.990
2024-08-24T12:00:00,2755.36,2763.07,2750.00,2759.79,247078.684
2024-08-24T16:00:00,2759.79,2819.35,2758.64,2791.25,747545.742
2024-08-24T20:00:00,2791.25,2806.62,2729.15,2766.40,428110.908
2024-08-25T00:00:00,2766.40,2782.62,2747.00,2763.42,256524.878
2024-08-25T04:00:00,2763.43,2769.66,2731.63,2742.05,210190.053
2024-08-25T08:00:00,2742.05,2759.96,2735.90,2749.68,171894.234
2024-08-25T12:00:00,2749.69,2772.00,2744.73,2762.79,196302.589
2024-08-25T16:00:00,2762.78,2773.42,2758.56,2764.77,115228.884
2024-08-25T20:00:00,2764.77,2791.66,2738.00,2744.47,277915.260
2024-08-26T00:00:00,2744.48,2760.97,2715.07,2743.01,306420.497
2024-08-26T04:00:00,2743.00,2751.00,2727.08,2731.92,186649.400
2024-08-26T08:00:00,2731.92,2747.96,2705.37,2735.81,276464.036
2024-08-26T12:00:00,2735.81,2741.18,2700.62,2720.53,460861.478
2024-08-26T16:00:00,2720.52,2731.35,2673.66,2679.96,439624.004
2024-08-26T20:00:00,2679.96,2692.28,2665.00,2679.25,237692.658
2024-08-27T00:00:00,2679.26,2693.10,2665.16,2684.50,246068.313
2024-08-27T04:00:00,2684.49,2699.11,2671.70,2686.91,265165.914
2024-08-27T08:00:00,2686.91,2691.00,2618.00,2625.59,522738.133
2024-08-27T12:00:00,2625.59,2628.13,2556.00,2577.64,929014.833
2024-08-27T16:00:00,2577.63,2590.96,2561.90,2582.85,418599.384
2024-08-27T20:00:00,2582.85,2587.48,2388.00,2455.98,1454986.852
2024-08-28T00:00:00,2455.98,2478.76,2416.56,2476.76,563536.659
2024-08-28T04:00:00,2476.76,2484.59,2431.18,2435.92,416509.072
2024-08-28T08:00:00,2435.92,2549.30,2427.65,2521.50,708608.143
2024-08-28T12:00:00,2521.49,2538.00,2467.00,2494.70,741724.193
2024-08-28T16:00:00,2494.71,2545.20,2455.04,2503.75,820236.569
2024-08-28T20:00:00,2503.75,2554.19,2503.33,2527.31,424093.800
2024-08-29T00:00:00,2527.32,2536.87,2509.12,2522.13,248879.394
2024-08-29T04:00:00,2522.16,2559.14,2517.10,2546.05,260758.777
2024-08-29T08:00:00,2546.05,2573.82,2536.16,2553.72,284677.497
2024-08-29T12:00:00,2553.71,2594.00,2550.59,2574.51,567522.454
2024-08-29T16:00:00,2574.51,2584.68,2508.84,2527.54,576158.540
2024-08-29T20:00:00,2527.53,2542.79,2504.11,2526.28,218752.066
2024-08-30T00:00:00,2526.28,2534.28,2503.00,2515.83,251072.417
2024-08-30T04:00:00,2515.83,2531.89,2502.84,2515.91,247076.955
2024-08-30T08:00:00,2515.91,2527.41,2506.14,2511.45,170283.107
2024-08-30T12:00:00,2511.45,2552.32,2433.75,2448.04,1095222.140
2024-08-30T16:00:00,2448.03,2540.00,2431.00,2505.79,801638.475
2024-08-30T20:00:00,2505.80,2529.69,2505.01,2524.99,140103.037
2024-08-31T00:00:00,2524.99,2533.29,2517.79,2522.42,104881.303
2024-08-31T04:00:00,2522.42,2528.50,2517.00,2519.78,84453.677
2024-08-31T08:00:00,2519.79,2528.76,2510.16,2524.56,141711.895
2024-08-31T12:00:00,2524.55,2526.83,2512.85,2518.02,119290.818
2024-08-31T16:00:00,2518.02,2518.72,2490.62,2498.36,202170.011
2024-08-31T20:00:00,2498.36,2527.50,2492.42,2511.91,133325.097
2024-09-01T00:00:00,2511.91,2514.97,2475.01,2487.76,230390.661
2024-09-01T04:00:00,2487.76,2490.00,2457.50,2485.62,316204.521
2024-09-01T08:00:00,2485.63,2491.96,2457.60,2476.44,243047.192
2024-09-01T12:00:00,2476.45,2488.99,2436.54,2479.49,501767.483
2024-09-01T16:00:00,2479.49,2513.52,2455.60,2500.14,380062.908
2024-09-01T20:00:00,2500.14,2514.77,2397.23,2424.55,624327.593
2024-09-02T00:00:00,2424.55,2454.66,2421.80,2449.15,361594.994
2024-09-02T04:00:00,2449.15,2465.96,2432.00,2439.94,304017.150
2024-09-02T08:00:00,2439.94,2537.57,2437.26,2514.75,697141.280
2024-09-02T12:00:00,2514.75,2527.22,2491.28,2512.29,446515.773
2024-09-02T16:00:00,2512.29,2530.00,2504.22,2523.39,178235.833
2024-09-02T20:00:00,2523.39,2564.49,2521.00,2536.74,302494.089
2024-09-03T00:00:00,2536.76,2552.55,2513.11,2514.79,266136.046
2024-09-03T04:00:00,2514.79,2524.14,2511.25,2518.89,176322.668
2024-09-03T08:00:00,2518.89,2519.64,2492.00,2508.19,254917.235
2024-09-03T12:00:00,2508.19,2518.00,2434.50,2442.93,722146.867
2024-09-03T16:00:00,2442.92,2469.86,2434.50,2446.70,349606.512
2024-09-03T20:00:00,2446.70,2470.40,2405.14,2424.05,282906.405
2024-09-04T00:00:00,2424.05,2448.00,2304.87,2371.93,1209681.026
2024-09-04T04:00:00,2371.92,2414.66,2362.18,2400.10,401937.787
2024-09-04T08:00:00,2400.11,2409.70,2385.84,2397.68,288863.904
2024-09-04T12:00:00,2397.67,2457.90,2391.50,2453.88,830362.095
2024-09-04T16:00:00,2453.87,2489.34,2437.37,2451.00,499034.389
2024-09-04T20:00:00,2451.00,2468.40,2442.00,2449.67,161250.508
2024-09-05T00:00:00,2449.67,2465.23,2402.80,2404.43,374011.446
2024-09-05T04:00:00,2404.43,2417.75,2375.36,2411.50,442350.254
2024-09-05T08:00:00,2411.49,2415.24,2382.17,2388.44,275605.167
2024-09-05T12:00:00,2388.44,2413.87,2354.01,2370.16,911654.899
2024-09-05T16:00:00,2370.16,2395.00,2346.05,2362.71,378239.583
2024-09-05T20:00:00,2362.68,2377.44,2348.69,2367.37,229220.477
2024-09-06T00:00:00,2367.33,2407.75,2356.17,2391.56,337526.609
2024-09-06T04:00:00,2391.55,2396.42,2319.63,2343.14,548616.980
2024-09-06T08:00:00,2343.14,2378.95,2337.28,2372.16,389416.775
2024-09-06T12:00:00,2372.16,2409.34,2264.40,2289.02,1686809.069
2024-09-06T16:00:00,2289.03,2292.00,2206.50,2221.51,1414464.723
2024-09-06T20:00:00,2221.50,2229.33,2150.00,2223.70,1099184.282
2024-09-07T00:00:00,2223.70,2242.00,2220.76,2237.23,254746.094
2024-09-07T04:00:00,2237.23,2292.99,2236.26,2287.03,433463.571
2024-09-07T08:00:00,2287.03,2298.96,2274.03,2282.71,282154.620
2024-09-07T12:00:00,2282.70,2310.00,2281.04,2299.17,288406.879
2024-09-07T16:00:00,2299.18,2303.31,2262.01,2289.03,366666.468
2024-09-07T20:00:00,2289.03,2290.00,2255.00,2272.21,207332.611
2024-09-08T00:00:00,2272.21,2287.56,2262.00,2284.77,173741.482
2024-09-08T04:00:00,2284.77,2303.90,2282.22,2293.69,192889.606
2024-09-08T08:00:00,2293.70,2309.00,2286.33,2295.27,211658.841
2024-09-08T12:00:00,2295.28,2298.16,2238.88,2244.67,493900.026
2024-09-08T16:00:00,2244.68,2282.59,2242.17,2270.63,328959.884
2024-09-08T20:00:00,2270.64,2333.98,2266.46,2295.89,532674.915
2024-09-09T00:00:00,2295.90,2320.00,2286.59,2303.34,307641.889
2024-09-09T04:00:00,2303.33,2315.95,2281.04,2313.03,302602.442
2024-09-09T08:00:00,2313.03,2338.74,2308.00,2314.10,426393.758
2024-09-09T12:00:00,2314.09,2324.47,2271.22,2291.59,684741.510
2024-09-09T16:00:00,2291.61,2352.67,2290.00,2349.27,784118.243
2024-09-09T20:00:00,2349.32,2382.51,2335.58,2358.19,428077.676
2024-09-10T00:00:00,2358.19,2359.19,2333.00,2339.58,281784.089
2024-09-10T04:00:00,2339.57,2366.00,2325.83,2362.21,243463.668
2024-09-10T08:00:00,2362.20,2371.34,2337.80,2349.65,260355.838
2024-09-10T12:00:00,2349.65,2363.00,2319.09,2323.64,558127.091
2024-09-10T16:00:00,2323.64,2391.54,2323.00,2379.59,525329.899
2024-09-10T20:00:00,2379.60,2399.99,2370.72,2387.63,279040.790
2024-09-11T00:00:00,2387.63,2388.39,2337.30,2347.13,436909.963
2024-09-11T04:00:00,2347.14,2347.14,2317.48,2340.42,371226.436
2024-09-11T08:00:00,2340.41,2340.73,2305.23,2326.68,352704.710
2024-09-11T12:00:00,2326.67,2354.70,2275.80,2324.87,1200982.865
2024-09-11T16:00:00,2324.86,2368.00,2323.74,2339.44,636190.743
2024-09-11T20:00:00,2339.45,2351.08,2331.58,2339.22,138133.396
2024-09-12T00:00:00,2339.18,2392.00,2338.26,2366.64,394578.513
2024-09-12T04:00:00,2366.65,2378.50,2351.39,2358.48,248986.393
2024-09-12T08:00:00,2358.47,2365.50,2341.67,2347.44,246179.786
2024-09-12T12:00:00,2347.44,2366.21,2313.16,2321.76,657002.938
2024-09-12T16:00:00,2321.76,2360.72,2321.00,2359.99,348596.460
2024-09-12T20:00:00,2360.00,2372.99,2340.50,2360.79,246322.121
2024-09-13T00:00:00,2360.79,2363.80,2348.61,2355.31,139683.251
2024-09-13T04:00:00,2355.31,2358.45,2336.20,2347.63,177387.116
2024-09-13T08:00:00,2347.63,2375.74,2340.05,2353.22,291631.314
2024-09-13T12:00:00,2353.23,2412.19,2340.94,2406.83,825337.405
2024-09-13T16:00:00,2406.83,2427.66,2395.00,2419.93,491868.573
2024-09-13T20:00:00,2419.94,2463.77,2411.60,2438.15,389071.378
2024-09-14T00:00:00,2438.16,2439.61,2420.74,2431.67,230015.276
2024-09-14T04:00:00,2431.67,2432.40,2412.27,2419.23,150696.872
2024-09-14T08:00:00,2419.23,2420.68,2406.72,2415.88,148659.935
2024-09-14T12:00:00,2415.87,2422.59,2411.12,2417.37,153026.845
2024-09-14T16:00:00,2417.37,2420.04,2373.82,2407.57,285668.673
2024-09-14T20:00:00,2407.56,2421.76,2405.86,2416.65,106969.444
2024-09-15T00:00:00,2416.65,2429.44,2415.31,2419.28,94060.846
2024-09-15T04:00:00,2419.28,2423.67,2412.65,2421.60,74978.264
2024-09-15T08:00:00,2421.61,2422.20,2401.03,2405.90,130910.915
2024-09-15T12:00:00,2405.89,2418.24,2395.13,2407.60,207938.700
2024-09-15T16:00:00,2407.59,2407.98,2361.09,2371.14,413433.867
2024-09-15T20:00:00,2371.14,2371.15,2282.00,2314.85,742996.719
2024-09-16T00:00:00,2314.85,2321.36,2251.06,2277.11,705066.871
2024-09-16T04:00:00,2277.11,2311.95,2275.10,2309.23,311776.261
2024-09-16T08:00:00,2309.24,2334.90,2286.31,2306.66,428529.689
2024-09-16T12:00:00,2306.67,2311.50,2268.00,2286.71,625608.180
2024-09-16T16:00:00,2286.71,2310.37,2268.08,2274.00,494516.324
2024-09-16T20:00:00,2274.00,2300.98,2266.14,2294.61,256562.100
2024-09-17T00:00:00,2294.61,2298.07,2262.00,2282.92,263274.191
2024-09-17T04:00:00,2282.92,2309.88,2281.20,2308.09,196360.161
2024-09-17T08:00:00,2308.09,2322.91,2301.15,2307.29,318568.186
2024-09-17T12:00:00,2307.29,2392.62,2300.76,2382.68,1033617.175
2024-09-17T16:00:00,2382.68,2388.88,2326.20,2352.03,569856.157
2024-09-17T20:00:00,2352.02,2361.27,2327.60,2340.59,234745.668
2024-09-18T00:00:00,2340.59,2343.90,2308.15,2333.92,283667.191
2024-09-18T04:00:00,2333.92,2335.15,2311.18,2328.65,223400.840
2024-09-18T08:00:00,2328.65,2328.66,2275.25,2299.43,462100.581
2024-09-18T12:00:00,2299.44,2317.48,2285.81,2295.04,424638.776
2024-09-18T16:00:00,2295.05,2363.89,2286.72,2313.81,1070959.012
2024-09-18T20:00:00,2313.78,2376.00,2288.20,2373.93,397142.283
2024-09-19T00:00:00,2373.93,2412.25,2371.37,2402.79,719870.317
2024-09-19T04:00:00,2402.79,2442.24,2398.50,2436.61,411620.079
2024-09-19T08:00:00,2436.61,2441.25,2421.45,2434.01,295603.421
2024-09-19T12:00:00,2434.00,2451.83,2419.50,2439.00,523218.030
2024-09-19T16:00:00,2439.00,2494.68,2432.01,2459.79,753487.672
2024-09-19T20:00:00,2459.79,2478.24,2452.18,2464.56,244755.484
2024-09-20T00:00:00,2464.55,2521.70,2436.11,2519.90,525580.264
2024-09-20T04:00:00,2519.90,2572.18,2515.56,2559.63,862737.365
2024-09-20T08:00:00,2559.63,2563.91,2537.60,2543.97,356806.628
2024-09-20T12:00:00,2543.97,2569.45,2515.31,2559.18,786062.703
2024-09-20T16:00:00,2559.19,2568.48,2523.75,2540.00,371168.112
2024-09-20T20:00:00,2540.01,2561.38,2537.23,2560.29,159903.047
2024-09-21T00:00:00,2560.30,2586.91,2532.21,2542.80,413712.537
2024-09-21T04:00:00,2542.80,2557.97,2527.69,2554.54,208526.831
2024-09-21T08:00:00,2554.55,2556.26,2543.49,2555.33,121748.795
2024-09-21T12:00:00,2555.34,2575.74,2549.10,2558.54,285240.954
2024-09-21T16:00:00,2558.53,2577.79,2555.00,2570.44,153006.804
2024-09-21T20:00:00,2570.45,2623.85,2558.51,2611.40,322980.450
2024-09-22T00:00:00,2611.40,2633.30,2586.48,2593.62,418488.426
2024-09-22T04:00:00,2593.61,2603.88,2575.00,2586.74,202435.690
2024-09-22T08:00:00,2586.73,2595.00,2568.58,2579.58,248455.101
2024-09-22T12:00:00,2579.59,2586.97,2553.07,2569.57,315362.278
2024-09-22T16:00:00,2569.57,2591.31,2550.08,2577.00,291767.673
2024-09-22T20:00:00,2576.99,2593.00,2522.57,2579.94,492936.026
2024-09-23T00:00:00,2579.95,2686.50,2538.24,2675.37,1027984.344
2024-09-23T04:00:00,2675.37,2680.00,2635.00,2645.28,396303.025
2024-09-23T08:00:00,2645.27,2661.92,2632.01,2645.11,304605.136
2024-09-23T12:00:00,2645.11,2685.00,2630.04,2674.07,605764.058
2024-09-23T16:00:00,2674.07,2702.00,2656.41,2671.80,487034.395
2024-09-23T20:00:00,2671.80,2681.52,2637.42,2645.84,297144.237
2024-09-24T00:00:00,2645.84,2650.63,2607.74,2626.50,502438.055
2024-09-24T04:00:00,2626.50,2649.16,2617.03,2645.99,230922.359
2024-09-24T08:00:00,2645.99,2667.21,2633.58,2636.28,368695.953
2024-09-24T12:00:00,2636.27,2645.40,2590.10,2611.82,779650.585
2024-09-24T16:00:00,2611.82,2656.21,2609.94,2649.38,444533.478
2024-09-24T20:00:00,2649.39,2669.94,2638.85,2652.00,391845.278
2024-09-25T00:00:00,2652.00,2673.06,2631.06,2645.51,364656.468
2024-09-25T04:00:00,2645.51,2645.88,2609.04,2620.44,334064.790
2024-09-25T08:00:00,2620.44,2629.90,2612.51,2626.31,241444.968
2024-09-25T12:00:00,2626.30,2628.64,2593.67,2599.90,400244.388
2024-09-25T16:00:00,2599.91,2608.43,2561.17,2569.69,516284.783
2024-09-25T20:00:00,2569.68,2583.69,2552.44,2578.90,276639.126
2024-09-26T00:00:00,2578.90,2606.00,2557.50,2601.65,463855.491
2024-09-26T04:00:00,2601.64,2634.01,2590.12,2628.59,274091.899
2024-09-26T08:00:00,2628.59,2638.77,2611.68,2627.91,366710.312
2024-09-26T12:00:00,2627.91,2663.05,2606.60,2651.05,810570.490
2024-09-26T16:00:00,2651.05,2666.17,2625.51,2647.99,469421.903
2024-09-26T20:00:00,2648.05,2654.36,2616.00,2631.11,256415.035
2024-09-27T00:00:00,2631.16,2644.02,2614.22,2637.74,248051.699
2024-09-27T04:00:00,2637.74,2667.99,2635.30,2656.06,337383.053
2024-09-27T08:00:00,2656.05,2676.83,2639.63,2650.28,411778.070
2024-09-27T12:00:00,2650.29,2698.80,2640.76,2682.17,605965.876
2024-09-27T16:00:00,2682.16,2727.66,2677.00,2700.49,624690.160
2024-09-27T20:00:00,2700.49,2707.74,2688.54,2693.53,145956.765
2024-09-28T00:00:00,2693.52,2703.30,2686.68,2689.28,172706.529
2024-09-28T04:00:00,2689.27,2699.30,2672.76,2677.00,235938.438
2024-09-28T08:00:00,2676.99,2677.64,2648.32,2674.24,325140.949
2024-09-28T12:00:00,2674.24,2675.00,2650.37,2668.78,332664.424
2024-09-28T16:00:00,2668.78,2683.84,2661.11,2676.83,180219.304
2024-09-28T20:00:00,2676.82,2681.71,2653.85,2673.90,146278.406
2024-09-29T00:00:00,2673.91,2683.00,2662.17,2673.47,159103.217
2024-09-29T04:00:00,2673.51,2673.51,2633.03,2639.60,290616.741
2024-09-29T08:00:00,2639.60,2654.39,2632.80,2651.77,218546.194
2024-09-29T12:00:00,2651.77,2668.24,2639.45,2664.96,279097.841
2024-09-29T16:00:00,2664.96,2671.08,2649.02,2665.65,172479.286
2024-09-29T20:00:00,2665.65,2672.88,2646.15,2656.30,270693.121
2024-09-30T00:00:00,2656.30,2662.81,2601.00,2628.64,656029.267
2024-09-30T04:00:00,2628.64,2642.99,2621.81,2636.70,258982.869
2024-09-30T08:00:00,2636.70,2642.48,2590.72,2627.97,683349.428
2024-09-30T12:00:00,2627.97,2638.15,2592.05,2595.05,429091.015
2024-09-30T16:00:00,2595.05,2609.44,2572.82,2594.49,488562.373
2024-09-30T20:00:00,2594.50,2616.86,2575.54,2601.49,343586.791
2024-10-01T00:00:00,2601.49,2632.92,2590.57,2629.33,340614.697
2024-10-01T04:00:00,2629.33,2658.63,2626.86,2644.79,374331.576
2024-10-01T08:00:00,2644.78,2646.35,2627.05,2627.82,212155.527
2024-10-01T12:00:00,2627.81,2632.43,2480.00,2523.54,1623547.321
2024-10-01T16:00:00,2523.54,2530.50,2425.17,2487.68,1306330.305
2024-10-01T20:00:00,2487.68,2491.76,2412.40,2446.85,782448.003
2024-10-02T00:00:00,2446.85,2498.00,2441.17,2488.51,389815.836
2024-10-02T04:00:00,2488.51,2492.13,2466.00,2480.75,313088.272
2024-10-02T08:00:00,2480.76,2486.25,2440.32,2454.20,432109.358
2024-10-02T12:00:00,2454.20,2462.98,2416.92,2459.43,893171.983
2024-10-02T16:00:00,2459.44,2478.00,2366.17,2370.61,1000731.733
2024-10-02T20:00:00,2370.61,2391.69,2350.00,2363.00,541186.162
2024-10-03T00:00:00,2363.00,2398.65,2351.60,2398.08,411583.688
2024-10-03T04:00:00,2398.08,2402.29,2358.00,2363.59,314508.341
2024-10-03T08:00:00,2363.59,2369.52,2318.00,2351.55,768412.649
2024-10-03T12:00:00,2351.56,2365.00,2308.09,2339.54,1026137.417
2024-10-03T16:00:00,2339.55,2353.55,2310.65,2352.40,491190.374
2024-10-03T20:00:00,2352.39,2356.84,2330.82,2348.74,178234.602
2024-10-04T00:00:00,2348.74,2379.00,2338.27,2366.07,396020.202
2024-10-04T04:00:00,2366.07,2386.69,2364.57,2380.55,255172.275
2024-10-04T08:00:00,2380.56,2392.44,2373.10,2385.21,248622.742
2024-10-04T12:00:00,2385.21,2417.27,2351.18,2415.99,912518.866
2024-10-04T16:00:00,2416.00,2440.00,2408.20,2428.41,563366.727
2024-10-04T20:00:00,2428.44,2430.85,2411.09,2413.38,157806.022
2024-10-05T00:00:00,2413.38,2427.94,2388.66,2398.75,247541.321
2024-10-05T04:00:00,2398.75,2426.24,2395.75,2414.18,215210.404
2024-10-05T08:00:00,2414.18,2427.00,2414.09,2416.43,121702.396
2024-10-05T12:00:00,2416.43,2423.00,2403.88,2413.99,186676.649
2024-10-05T16:00:00,2413.99,2415.13,2392.00,2395.71,184417.024
2024-10-05T20:00:00,2395.71,2418.85,2389.01,2413.42,147932.682
2024-10-06T00:00:00,2413.42,2421.99,2405.76,2412.78,134719.942
2024-10-06T04:00:00,2412.78,2420.00,2409.26,2416.25,95517.594
2024-10-06T08:00:00,2416.24,2430.00,2414.36,2425.65,167351.877
2024-10-06T12:00:00,2425.65,2457.11,2423.64,2445.68,367561.159
2024-10-06T16:00:00,2445.67,2452.00,2434.00,2440.47,206941.465
2024-10-06T20:00:00,2440.47,2443.83,2413.80,2438.77,247342.701
2024-10-07T00:00:00,2438.76,2512.50,2434.50,2494.37,673614.178
2024-10-07T04:00:00,2494.38,2497.77,2476.06,2479.55,244306.955
2024-10-07T08:00:00,2479.55,2489.18,2436.48,2474.64,632921.727
2024-10-07T12:00:00,2474.63,2520.25,2461.36,2472.88,795511.004
2024-10-07T16:00:00,2472.87,2479.92,2418.02,2444.40,540241.159
2024-10-07T20:00:00,2444.42,2456.83,2401.08,2421.75,458913.589
2024-10-08T00:00:00,2421.75,2447.56,2421.75,2437.29,243567.705
2024-10-08T04:00:00,2437.29,2445.00,2409.11,2427.54,376390.095
2024-10-08T08:00:00,2427.55,2440.75,2416.36,2438.63,204765.289
2024-10-08T12:00:00,2438.63,2452.00,2400.01,2418.39,710187.847
2024-10-08T16:00:00,2418.39,2455.31,2410.12,2439.43,513794.046
2024-10-08T20:00:00,2439.42,2466.63,2433.08,2439.84,214031.301
2024-10-09T00:00:00,2439.84,2472.90,2426.00,2445.52,358832.812
2024-10-09T04:00:00,2445.51,2451.76,2430.55,2434.80,237250.863
2024-10-09T08:00:00,2434.80,2441.66,2426.23,2440.80,192662.933
2024-10-09T12:00:00,2440.80,2471.64,2422.07,2460.34,662493.293
2024-10-09T16:00:00,2460.35,2461.65,2406.00,2417.05,574349.646
2024-10-09T20:00:00,2417.04,2417.04,2350.00,2369.60,663921.046
2024-10-10T00:00:00,2369.60,2400.96,2365.81,2394.36,359361.470
2024-10-10T04:00:00,2394.35,2410.90,2390.49,2394.56,227899.351
2024-10-10T08:00:00,2394.56,2407.16,2366.38,2405.43,377521.891
2024-10-10T12:00:00,2405.43,2408.00,2368.80,2403.94,641590.992
2024-10-10T16:00:00,2403.94,2421.50,2329.44,2366.32,979300.113
2024-10-10T20:00:00,2366.32,2386.40,2357.21,2385.24,277535.859
2024-10-11T00:00:00,2385.24,2416.33,2380.81,2410.34,365013.151
2024-10-11T04:00:00,2410.35,2417.84,2402.08,2406.49,220069.742
2024-10-11T08:00:00,2406.48,2425.24,2401.45,2416.71,277710.354
2024-10-11T12:00:00,2416.70,2452.70,2413.20,2442.36,703561.319
2024-10-11T16:00:00,2442.36,2470.00,2432.00,2458.18,519278.562
2024-10-11T20:00:00,2458.17,2461.20,2433.00,2438.46,253682.499
2024-10-12T00:00:00,2438.45,2450.40,2433.20,2437.93,183782.594
2024-10-12T04:00:00,2437.92,2451.58,2437.92,2445.36,122710.613
2024-10-12T08:00:00,2445.35,2467.53,2441.50,2451.35,176871.774
2024-10-12T12:00:00,2451.35,2482.91,2447.30,2471.74,319652.331
2024-10-12T16:00:00,2471.73,2486.36,2465.00,2471.30,207474.607
2024-10-12T20:00:00,2471.31,2489.95,2467.68,2475.09,107988.851
2024-10-13T00:00:00,2475.08,2484.00,2449.76,2456.90,228118.599
2024-10-13T04:00:00,2456.89,2468.18,2456.00,2463.98,97622.529
2024-10-13T08:00:00,2463.98,2471.29,2455.91,2456.86,136271.765
2024-10-13T12:00:00,2456.87,2469.11,2435.00,2439.29,316484.761
2024-10-13T16:00:00,2439.28,2461.53,2436.67,2456.99,296545.373
2024-10-13T20:00:00,2457.00,2483.89,2451.62,2467.79,219639.547
2024-10-14T00:00:00,2467.79,2524.89,2442.00,2520.05,577609.377
2024-10-14T04:00:00,2520.04,2547.99,2509.28,2534.74,839691.819
2024-10-14T08:00:00,2534.74,2546.22,2518.56,2536.70,394993.917
2024-10-14T12:00:00,2536.70,2643.03,2533.45,2634.95,1239886.344
2024-10-14T16:00:00,2634.95,2639.88,2615.00,2619.86,334746.944
2024-10-14T20:00:00,2619.85,2653.44,2615.20,2628.88,290264.219
2024-10-15T00:00:00,2628.87,2636.70,2607.20,2611.81,295608.441
2024-10-15T04:00:00,2611.81,2624.00,2590.00,2615.20,365585.915
2024-10-15T08:00:00,2615.20,2622.23,2580.00,2585.82,362260.530
2024-10-15T12:00:00,2585.82,2688.76,2536.64,2572.58,2004681.576
2024-10-15T16:00:00,2572.58,2618.85,2570.25,2591.06,598694.404
2024-10-15T20:00:00,2591.07,2609.21,2562.41,2606.53,286306.451
2024-10-16T00:00:00,2606.54,2629.68,2588.01,2616.24,293294.813
2024-10-16T04:00:00,2616.23,2623.78,2597.60,2606.02,226906.974
2024-10-16T08:00:00,2606.02,2642.99,2604.00,2629.20,505780.237
2024-10-16T12:00:00,2629.21,2647.51,2594.22,2606.70,703346.266
2024-10-16T16:00:00,2606.70,2627.67,2590.30,2614.02,258596.247
2024-10-16T20:00:00,2614.00,2627.23,2608.27,2610.39,141661.349
2024-10-17T00:00:00,2610.39,2644.90,2609.02,2640.37,298508.350
2024-10-17T04:00:00,2640.38,2647.90,2618.01,2627.80,269405.582
2024-10-17T08:00:00,2627.79,2630.00,2595.36,2597.38,314644.532
2024-10-17T12:00:00,2597.38,2632.50,2581.95,2630.29,598898.944
2024-10-17T16:00:00,2630.29,2630.92,2573.73,2594.69,435573.920
2024-10-17T20:00:00,2594.70,2614.40,2593.72,2605.01,147633.810
2024-10-18T00:00:00,2605.01,2651.05,2595.61,2609.10,436838.111
2024-10-18T04:00:00,2609.11,2645.00,2607.88,2643.62,281281.802
2024-10-18T08:00:00,2643.62,2649.82,2620.05,2621.43,233415.286
2024-10-18T12:00:00,2621.43,2664.00,2611.39,2652.12,688433.932
2024-10-18T16:00:00,2652.12,2675.12,2628.46,2650.50,500034.108
2024-10-18T20:00:00,2650.52,2651.53,2631.91,2641.11,169318.857
2024-10-19T00:00:00,2641.11,2662.66,2633.72,2645.35,191587.210
2024-10-19T04:00:00,2645.36,2649.99,2636.55,2639.98,103470.845
2024-10-19T08:00:00,2639.98,2647.84,2630.05,2630.34,114944.500
2024-10-19T12:00:00,2630.35,2653.88,2630.15,2644.87,214261.900
2024-10-19T16:00:00,2644.88,2645.91,2636.00,2640.58,98776.499
2024-10-19T20:00:00,2640.59,2654.85,2640.00,2647.45,88378.502
2024-10-20T00:00:00,2647.46,2652.85,2634.53,2639.66,99595.635
2024-10-20T04:00:00,2639.65,2652.75,2637.26,2645.49,111858.009
2024-10-20T08:00:00,2645.50,2650.88,2642.30,2648.89,66665.876
2024-10-20T12:00:00,2648.90,2720.00,2640.67,2705.71,792621.099
2024-10-20T16:00:00,2705.71,2709.00,2685.17,2699.22,219380.842
2024-10-20T20:00:00,2699.21,2759.62,2696.17,2746.98,596667.883
2024-10-21T00:00:00,2746.98,2770.00,2726.36,2734.84,489111.902
2024-10-21T04:00:00,2734.83,2746.12,2722.23,2722.68,248071.301
2024-10-21T08:00:00,2722.69,2730.00,2702.00,2705.20,341170.322
2024-10-21T12:00:00,2705.19,2711.99,2659.02,2680.21,867426.126
2024-10-21T16:00:00,2680.21,2684.60,2655.52,2680.08,349068.978
2024-10-21T20:00:00,2680.09,2683.57,2664.76,2666.63,146115.654
2024-10-22T00:00:00,2666.62,2671.59,2613.77,2644.65,559000.222
2024-10-22T04:00:00,2644.66,2659.59,2635.21,2646.65,165104.347
2024-10-22T08:00:00,2646.65,2649.35,2613.00,2632.75,394665.952
2024-10-22T12:00:00,2632.75,2646.19,2606.00,2623.75,679353.302
2024-10-22T16:00:00,2623.76,2633.51,2606.11,2627.44,249000.730
2024-10-22T20:00:00,2627.44,2643.56,2617.13,2621.78,184388.068
2024-10-23T00:00:00,2621.79,2629.51,2600.10,2615.99,241556.237
2024-10-23T04:00:00,2616.00,2624.44,2602.03,2602.10,217210.514
2024-10-23T08:00:00,2602.11,2610.45,2562.54,2580.83,603153.407
2024-10-23T12:00:00,2580.83,2586.74,2529.00,2539.53,699249.120
2024-10-23T16:00:00,2539.53,2541.80,2443.01,2511.77,1166213.354
2024-10-23T20:00:00,2511.77,2527.99,2500.96,2523.84,261739.849
2024-10-24T00:00:00,2523.85,2561.04,2507.76,2544.19,366019.758
2024-10-24T04:00:00,2544.20,2561.83,2539.04,2543.88,261141.946
2024-10-24T08:00:00,2543.88,2550.98,2507.68,2528.97,362390.343
2024-10-24T12:00:00,2528.97,2545.24,2512.37,2525.15,470963.376
2024-10-24T16:00:00,2525.16,2541.80,2506.27,2539.51,303256.630
2024-10-24T20:00:00,2539.51,2560.00,2526.08,2535.39,261106.251
2024-10-25T00:00:00,2535.39,2538.19,2509.00,2521.11,219158.493
2024-10-25T04:00:00,2521.12,2522.13,2460.98,2483.30,564979.096
2024-10-25T08:00:00,2483.29,2546.91,2476.79,2544.71,548155.870
2024-10-25T12:00:00,2544.72,2565.94,2507.51,2524.26,736384.858
2024-10-25T16:00:00,2524.27,2536.00,2453.52,2475.36,962746.898
2024-10-25T20:00:00,2475.35,2496.13,2380.63,2440.10,993027.586
2024-10-26T00:00:00,2440.10,2458.09,2429.34,2451.39,379004.666
2024-10-26T04:00:00,2451.39,2479.12,2450.41,2464.71,257309.912
2024-10-26T08:00:00,2464.72,2478.37,2462.43,2472.18,172929.174
2024-10-26T12:00:00,2472.18,2478.00,2441.68,2456.87,329895.650
2024-10-26T16:00:00,2456.86,2487.71,2454.60,2486.15,222831.390
2024-10-26T20:00:00,2486.14,2507.10,2481.06,2482.04,208171.055
2024-10-27T00:00:00,2482.04,2484.43,2468.16,2483.73,135416.036
2024-10-27T04:00:00,2483.73,2486.16,2477.05,2480.08,86561.214
2024-10-27T08:00:00,2480.07,2483.53,2462.86,2468.93,157470.359
2024-10-27T12:00:00,2468.92,2505.00,2468.81,2501.10,321645.936
2024-10-27T16:00:00,2501.10,2511.00,2485.01,2493.89,215621.684
2024-10-27T20:00:00,2493.90,2527.25,2490.00,2507.22,204453.983
2024-10-28T00:00:00,2507.21,2511.67,2470.41,2476.76,250293.489
2024-10-28T04:00:00,2476.76,2526.21,2472.31,2511.11,364147.211
2024-10-28T08:00:00,2511.11,2545.00,2504.22,2526.53,460581.189
2024-10-28T12:00:00,2526.54,2535.88,2497.50,2500.30,683976.748
2024-10-28T16:00:00,2500.29,2523.97,2485.00,2503.77,580743.514
2024-10-28T20:00:00,2518.92,2590.78,2516.54,2566.49,559286.798
2024-10-29T00:00:00,2566.48,2631.78,2560.30,2607.57,648007.625
2024-10-29T04:00:00,2607.58,2626.33,2607.36,2613.10,287400.920
2024-10-29T08:00:00,2613.09,2638.67,2612.47,2631.08,297625.164
2024-10-29T12:00:00,2631.07,2651.10,2610.93,2648.12,579747.559
2024-10-29T16:00:00,2648.11,2681.83,2621.25,2624.40,779809.288
2024-10-29T20:00:00,2624.43,2648.81,2606.23,2639.28,418834.724
2024-10-30T00:00:00,2639.28,2653.00,2599.90,2642.46,444643.595
2024-10-30T04:00:00,2642.46,2686.27,2637.04,2669.43,425918.229
2024-10-30T08:00:00,2669.43,2698.00,2657.53,2659.91,604740.468
2024-10-30T12:00:00,2659.92,2724.65,2653.69,2683.59,1073961.347
2024-10-30T16:00:00,2683.59,2696.90,2653.37,2655.31,426990.843
2024-10-30T20:00:00,2655.34,2688.12,2634.03,2659.36,526897.311
2024-10-31T00:00:00,2659.35,2669.74,2637.00,2657.59,266493.816
2024-10-31T04:00:00,2657.59,2658.56,2631.81,2647.05,267709.839
2024-10-31T08:00:00,2647.05,2649.00,2625.35,2638.78,355169.037
2024-10-31T12:00:00,2638.78,2641.43,2540.87,2562.89,1233431.122
2024-10-31T16:00:00,2562.89,2564.04,2506.00,2514.31,730521.615
2024-10-31T20:00:00,2514.30,2528.66,2502.50,2518.37,351877.401
2024-11-01T00:00:00,2518.37,2533.00,2467.30,2503.26,679047.172
2024-11-01T04:00:00,2503.26,2516.67,2485.32,2504.14,318919.333
2024-11-01T08:00:00,2504.13,2526.26,2493.67,2515.84,349226.054
2024-11-01T12:00:00,2515.85,2587.86,2481.44,2500.03,1238644.807
2024-11-01T16:00:00,2500.03,2538.99,2495.10,2514.72,607874.854
2024-11-01T20:00:00,2514.71,2528.00,2486.00,2511.57,257310.417
2024-11-02T00:00:00,2511.57,2523.80,2500.60,2506.58,152923.817
2024-11-02T04:00:00,2506.58,2513.79,2498.86,2507.20,117939.020
2024-11-02T08:00:00,2507.20,2510.18,2491.00,2501.81,185147.427
2024-11-02T12:00:00,2501.81,2504.17,2467.10,2488.18,527425.734
2024-11-02T16:00:00,2488.18,2497.25,2478.76,2492.73,151586.117
2024-11-02T20:00:00,2492.73,2497.49,2484.37,2493.61,78712.220
2024-11-03T00:00:00,2493.61,2496.21,2420.63,2448.96,669678.742
2024-11-03T04:00:00,2448.97,2463.62,2440.48,2449.72,245499.369
2024-11-03T08:00:00,2449.73,2462.91,2443.67,2454.31,532652.566
2024-11-03T12:00:00,2454.31,2460.19,2412.67,2442.20,630526.936
2024-11-03T16:00:00,2442.19,2459.85,2410.35,2452.77,545173.771
2024-11-03T20:00:00,2452.76,2475.00,2446.71,2457.29,304247.710
2024-11-04T00:00:00,2457.30,2491.00,2434.13,2473.28,342377.413
2024-11-04T04:00:00,2473.28,2482.02,2456.48,2458.89,220587.661
2024-11-04T08:00:00,2458.90,2477.81,2446.35,2469.96,274516.862
2024-11-04T12:00:00,2469.97,2485.55,2430.70,2441.96,462477.405
2024-11-04T16:00:00,2441.96,2445.81,2405.10,2430.06,664031.990
2024-11-04T20:00:00,2430.06,2431.69,2356.00,2397.37,719427.660
2024-11-05T00:00:00,2397.36,2421.06,2379.48,2419.73,391393.331
2024-11-05T04:00:00,2419.73,2444.79,2416.22,2442.32,279206.676
2024-11-05T08:00:00,2442.33,2447.31,2429.18,2439.88,209175.726
2024-11-05T12:00:00,2439.88,2479.60,2426.00,2440.22,793472.320
2024-11-05T16:00:00,2440.22,2474.97,2400.23,2407.30,571046.163
2024-11-05T20:00:00,2407.30,2439.36,2400.33,2421.42,313565.015
2024-11-06T00:00:00,2421.41,2637.32,2419.20,2579.04,1719228.341
2024-11-06T04:00:00,2579.04,2644.77,2560.56,2595.40,1390084.744
2024-11-06T08:00:00,2595.40,2638.58,2572.40,2629.83,796878.826
2024-11-06T12:00:00,2629.83,2668.00,2607.00,2634.28,1049142.620
2024-11-06T16:00:00,2634.28,2687.80,2633.65,2687.74,550241.400
2024-11-06T20:00:00,2687.74,2746.02,2669.44,2722.49,735366.339
2024-11-07T00:00:00,2722.50,2882.56,2700.31,2854.18,1554628.013
2024-11-07T04:00:00,2854.18,2856.72,2781.10,2821.63,780454.679
2024-11-07T08:00:00,2821.63,2832.84,2789.61,2792.99,465021.392
2024-11-07T12:00:00,2793.00,2850.52,2772.38,2848.14,784043.202
2024-11-07T16:00:00,2848.14,2895.66,2824.55,2885.99,970406.530
2024-11-07T20:00:00,2886.00,2916.56,2864.23,2895.76,653144.490
2024-11-08T00:00:00,2895.76,2956.99,2886.47,2902.92,758323.764
2024-11-08T04:00:00,2902.91,2924.75,2892.61,2912.94,329719.844
2024-11-08T08:00:00,2912.93,2933.00,2893.63,2915.27,353474.909
2024-11-08T12:00:00,2915.27,2958.00,2903.25,2937.59,933210.749
2024-11-08T16:00:00,2937.60,2982.75,2890.04,2950.00,1057140.536
2024-11-08T20:00:00,2950.00,2975.88,2915.13,2962.12,438297.206
2024-11-09T00:00:00,2962.12,2996.00,2954.63,2965.50,488317.141
2024-11-09T04:00:00,2965.51,3059.91,2954.10,3030.60,947886.456
2024-11-09T08:00:00,3030.61,3056.59,3021.51,3051.53,404047.268
2024-11-09T12:00:00,3051.53,3054.40,3028.01,3041.01,356927.531
2024-11-09T16:00:00,3041.00,3099.58,2990.01,3070.70,838701.060
2024-11-09T20:00:00,3070.71,3158.66,3066.00,3127.03,637437.788
2024-11-10T00:00:00,3127.02,3153.33,3104.08,3135.27,571808.307
2024-11-10T04:00:00,3135.26,3220.00,3130.50,3187.08,1168958.966
2024-11-10T08:00:00,3187.08,3236.14,3168.00,3223.12,709368.351
2024-11-10T12:00:00,3223.12,3241.00,3170.56,3212.17,767656.726
2024-11-10T16:00:00,3212.17,3252.28,3150.50,3164.99,1036160.433
2024-11-10T20:00:00,3164.99,3228.99,3073.86,3185.19,1361576.101
2024-11-11T00:00:00,3185.19,3224.91,3172.87,3197.12,519839.859
2024-11-11T04:00:00,3197.11,3199.38,3107.15,3141.58,694289.674
2024-11-11T08:00:00,3141.59,3214.69,3133.36,3199.92,602899.320
2024-11-11T12:00:00,3199.93,3265.12,3140.58,3240.64,1586358.802
2024-11-11T16:00:00,3240.63,3349.58,3236.26,3301.56,1538073.179
2024-11-11T20:00:00,3301.55,3392.06,3281.37,3375.02,1306089.166
2024-11-12T00:00:00,3375.02,3378.18,3250.01,3340.71,1205136.743
2024-11-12T04:00:00,3340.66,3399.32,3320.39,3372.03,825571.281
2024-11-12T08:00:00,3372.02,3449.00,3214.00,3285.43,2164439.715
2024-11-12T12:00:00,3285.43,3300.02,3211.54,3263.40,1411226.170
2024-11-12T16:00:00,3263.40,3306.00,3211.15,3275.36,820322.948
2024-11-12T20:00:00,3275.36,3307.23,3237.21,3245.98,472263.636
2024-11-13T00:00:00,3245.99,3288.73,3205.34,3210.61,771645.291
2024-11-13T04:00:00,3210.61,3233.40,3120.00,3162.99,1009905.626
2024-11-13T08:00:00,3163.00,3193.79,3144.17,3169.66,547655.734
2024-11-13T12:00:00,3169.66,3331.20,3153.84,3312.05,1559585.182
2024-11-13T16:00:00,3312.05,3335.00,3156.00,3160.21,1290160.898
2024-11-13T20:00:00,3160.20,3199.77,3120.00,3188.90,766680.156
2024-11-14T00:00:00,3188.90,3229.91,3164.87,3219.56,523753.058
2024-11-14T04:00:00,3219.56,3242.31,3175.61,3219.66,493497.268
2024-11-14T08:00:00,3219.65,3232.97,3156.00,3187.09,577369.465
2024-11-14T12:00:00,3187.08,3200.88,3057.14,3079.25,1213915.278
2024-11-14T16:00:00,3079.24,3184.10,3072.52,3147.72,705419.059
2024-11-14T20:00:00,3147.72,3147.72,3031.60,3061.03,663432.671
2024-11-15T00:00:00,3061.04,3095.31,3035.74,3084.85,420595.070
2024-11-15T04:00:00,3084.84,3084.84,3016.11,3041.19,518447.528
2024-11-15T08:00:00,3041.19,3116.32,3023.21,3105.91,535088.111
2024-11-15T12:00:00,3105.91,3133.68,3016.50,3025.07,936647.762
2024-11-15T16:00:00,3025.07,3063.00,3016.87,3042.01,547490.977
2024-11-15T20:00:00,3042.02,3122.99,3040.60,3091.75,559274.916
2024-11-16T00:00:00,3091.75,3159.30,3073.47,3156.49,351461.454
2024-11-16T04:00:00,3156.49,3167.20,3103.00,3108.59,326688.118
2024-11-16T08:00:00,3108.59,3197.70,3105.05,3197.38,459764.842
2024-11-16T12:00:00,3197.38,3222.69,3121.11,3143.18,858459.268
2024-11-16T16:00:00,3143.18,3186.81,3130.30,3170.89,300107.468
2024-11-16T20:00:00,3170.89,3176.92,3123.04,3134.72,220841.586
2024-11-17T00:00:00,3134.71,3155.88,3035.00,3081.83,623321.687
2024-11-17T04:00:00,3081.82,3149.98,3077.25,3139.22,505068.696
2024-11-17T08:00:00,3139.22,3164.80,3100.47,3107.80,525122.334
2024-11-17T12:00:00,3107.80,3129.23,3068.07,3088.25,518743.740
2024-11-17T16:00:00,3088.26,3117.77,3073.25,3100.31,372411.962
2024-11-17T20:00:00,3100.31,3109.67,3043.38,3078.09,458681.890
2024-11-18T00:00:00,3078.09,3127.00,3071.37,3114.72,381216.664
2024-11-18T04:00:00,3114.73,3153.15,3098.05,3133.35,376978.201
2024-11-18T08:00:00,3133.36,3143.55,3051.50,3058.16,627900.859
2024-11-18T12:00:00,3058.17,3160.60,3053.35,3146.14,951239.299
2024-11-18T16:00:00,3146.13,3205.00,3091.96,3129.30,1097719.163
2024-11-18T20:00:00,3129.30,3228.00,3124.47,3210.48,705470.183
2024-11-19T00:00:00,3210.48,3224.83,3144.32,3150.89,522517.475
2024-11-19T04:00:00,3150.89,3161.92,3110.31,3120.42,373891.708
2024-11-19T08:00:00,3120.42,3132.43,3093.01,3128.58,385846.472
2024-11-19T12:00:00,3128.57,3152.53,3076.95,3106.73,795152.341
2024-11-19T16:00:00,3106.73,3148.00,3101.66,3124.59,477920.871
2024-11-19T20:00:00,3124.60,3134.00,3066.40,3109.34,508508.788
2024-11-20T00:00:00,3109.33,3134.89,3073.56,3098.66,375846.349
2024-11-20T04:00:00,3098.66,3117.73,3089.91,3111.12,219086.104
2024-11-20T08:00:00,3111.04,3137.58,3085.12,3101.80,389812.318
2024-11-20T12:00:00,3101.79,3162.25,3083.24,3131.99,895043.982
2024-11-20T16:00:00,3131.98,3137.47,3030.50,3059.75,944651.691
2024-11-20T20:00:00,3059.75,3095.07,3046.06,3071.05,318764.502
2024-11-21T00:00:00,3071.05,3103.38,3033.32,3083.25,544247.692
2024-11-21T04:00:00,3083.25,3145.92,3081.79,3139.11,808060.054
2024-11-21T08:00:00,3139.12,3157.69,3120.14,3150.01,490089.141
2024-11-21T12:00:00,3150.01,3374.92,3148.52,3279.20,2805568.309
2024-11-21T16:00:00,3279.21,3389.99,3279.06,3349.99,954330.715
2024-11-21T20:00:00,3349.99,3382.26,3336.90,3358.42,391455.349
2024-11-22T00:00:00,3358.69,3384.88,3307.03,3368.66,623541.200
2024-11-22T04:00:00,3368.67,3429.99,3357.01,3365.66,698924.945
2024-11-22T08:00:00,3365.65,3387.06,3313.62,3346.99,562121.610
2024-11-22T12:00:00,3347.00,3359.93,3260.42,3316.37,1099244.017
2024-11-22T16:00:00,3316.36,3324.21,3266.61,3284.79,531897.715
2024-11-22T20:00:00,3284.79,3332.83,3275.07,3330.05,314649.912
2024-11-23T00:00:00,3330.04,3368.48,3315.28,3348.88,559736.462
2024-11-23T04:00:00,3348.88,3365.00,3329.04,3344.31,359369.853
2024-11-23T08:00:00,3344.32,3407.96,3339.01,3357.31,601462.322
2024-11-23T12:00:00,3357.30,3498.94,3351.00,3463.13,1310527.660
2024-11-23T16:00:00,3463.13,3473.64,3381.00,3410.21,899214.666
2024-11-23T20:00:00,3410.21,3430.61,3381.51,3396.33,361341.319
2024-11-24T00:00:00,3396.32,3453.00,3391.30,3430.00,352333.527
2024-11-24T04:00:00,3430.00,3435.18,3400.00,3424.99,300790.122
2024-11-24T08:00:00,3424.99,3431.62,3340.56,3346.71,638700.132
2024-11-24T12:00:00,3346.72,3360.22,3282.48,3297.13,1119642.834
2024-11-24T16:00:00,3297.12,3336.77,3290.00,3328.55,388750.158
2024-11-24T20:00:00,3328.55,3374.00,3323.44,3362.98,319293.445
2024-11-25T00:00:00,3362.98,3373.00,3301.96,3364.64,414863.153
2024-11-25T04:00:00,3364.63,3422.45,3363.24,3401.65,432026.341
2024-11-25T08:00:00,3401.66,3531.93,3398.82,3475.22,1103545.009
2024-11-25T12:00:00,3475.22,3541.99,3351.00,3521.26,2107604.560
2024-11-25T16:00:00,3521.18,3549.91,3423.56,3467.01,1263688.052
2024-11-25T20:00:00,3467.02,3507.98,3366.31,3416.92,921112.230
2024-11-26T00:00:00,3416.91,3464.95,3397.80,3436.47,595390.137
2024-11-26T04:00:00,3436.47,3445.65,3384.02,3396.98,485467.447
2024-11-26T08:00:00,3396.98,3399.82,3282.00,3325.18,1276175.192
2024-11-26T12:00:00,3325.17,3365.00,3292.01,3298.07,954248.863
2024-11-26T16:00:00,3298.08,3339.86,3254.19,3303.07,864628.799
2024-11-26T20:00:00,3303.07,3347.34,3291.12,3327.17,419765.039
2024-11-27T00:00:00,3327.17,3374.78,3305.00,3362.60,492762.535
2024-11-27T04:00:00,3362.60,3448.43,3361.02,3426.06,772811.419
2024-11-27T08:00:00,3426.06,3488.56,3404.16,3463.00,633670.010
2024-11-27T12:00:00,3462.99,3575.61,3443.51,3555.07,1199383.688
2024-11-27T16:00:00,3555.07,3615.38,3535.45,3592.00,859641.291
2024-11-27T20:00:00,3592.00,3688.00,3590.38,3655.88,797146.823
2024-11-28T00:00:00,3655.89,3664.31,3563.33,3601.12,672037.376
2024-11-28T04:00:00,3601.12,3621.27,3568.68,3594.60,457987.820
2024-11-28T08:00:00,3594.60,3641.20,3576.79,3622.84,594402.593
2024-11-28T12:00:00,3622.84,3644.30,3537.30,3543.41,960495.966
2024-11-28T16:00:00,3543.41,3587.08,3531.00,3577.18,375047.866
2024-11-28T20:00:00,3577.18,3602.25,3551.95,3581.58,270730.605
2024-11-29T00:00:00,3581.58,3605.00,3551.63,3585.86,350285.783
2024-11-29T04:00:00,3585.86,3598.48,3535.52,3547.59,422933.712
2024-11-29T08:00:00,3547.58,3602.30,3547.58,3596.63,328563.235
2024-11-29T12:00:00,3596.64,3649.28,3575.02,3615.21,745589.678
2024-11-29T16:00:00,3615.21,3621.97,3561.27,3584.92,496791.003
2024-11-29T20:00:00,3584.93,3606.41,3577.22,3594.50,201813.581
2024-11-30T00:00:00,3594.51,3664.28,3570.20,3660.11,564183.056
2024-11-30T04:00:00,3660.11,3730.00,3637.15,3705.64,753802.014
2024-11-30T08:00:00,3705.64,3720.98,3629.96,3656.05,532089.682
2024-11-30T12:00:00,3656.04,3688.23,3654.00,3676.60,337620.110
2024-11-30T16:00:00,3676.60,3700.00,3660.00,3692.00,263000.051
2024-11-30T20:00:00,3692.00,3742.18,3689.15,3705.73,416075.826
2024-12-01T00:00:00,3705.74,3734.12,3661.35,3709.49,646624.159
2024-12-01T04:00:00,3709.49,3720.00,3682.43,3705.05,243565.115
2024-12-01T08:00:00,3705.05,3720.00,3677.38,3694.14,297213.421
2024-12-01T12:00:00,3694.13,3750.67,3680.50,3731.00,481894.268
2024-12-01T16:00:00,3730.99,3747.21,3695.22,3710.73,369809.799
2024-12-01T20:00:00,3710.72,3739.99,3681.11,3711.24,419345.944
2024-12-02T00:00:00,3711.22,3766.00,3675.01,3687.84,762454.715
2024-12-02T04:00:00,3687.83,3711.83,3650.03,3669.25,761037.464
2024-12-02T08:00:00,3669.26,3675.75,3572.35,3592.21,1022016.654
2024-12-02T12:00:00,3592.21,3683.00,3585.50,3674.54,832145.809
2024-12-02T16:00:00,3674.54,3684.61,3557.61,3614.79,887825.360
2024-12-02T20:00:00,3614.79,3647.57,3600.64,3646.26,343788.919
2024-12-03T00:00:00,3646.26,3661.93,3611.00,3641.93,409536.168
2024-12-03T04:00:00,3641.94,3673.90,3602.32,3619.54,465964.787
2024-12-03T08:00:00,3619.54,3638.45,3587.77,3616.19,465635.821
2024-12-03T12:00:00,3616.19,3620.88,3502.01,3574.23,1396479.116
2024-12-03T16:00:00,3574.19,3597.27,3540.67,3579.27,464228.780
2024-12-03T20:00:00,3579.27,3637.09,3576.86,3616.82,425299.045
2024-12-04T00:00:00,3616.83,3711.80,3616.82,3664.90,982375.168
2024-12-04T04:00:00,3664.90,3724.77,3663.18,3717.79,464029.945
2024-12-04T08:00:00,3717.79,3754.05,3699.00,3731.00,645245.800
2024-12-04T12:00:00,3731.01,3858.19,3690.46,3824.39,1554082.531
2024-12-04T16:00:00,3824.38,3846.69,3736.01,3843.36,1247329.924
2024-12-04T20:00:00,3843.36,3891.00,3823.42,3840.75,816266.057
2024-12-05T00:00:00,3840.74,3912.00,3769.75,3836.78,1420023.502
2024-12-05T04:00:00,3836.78,3884.65,3822.42,3853.65,629590.133
2024-12-05T08:00:00,3853.66,3948.00,3853.65,3934.35,913654.757
2024-12-05T12:00:00,3934.35,3960.00,3862.37,3890.78,923821.851
2024-12-05T16:00:00,3890.78,3930.00,3823.00,3833.94,800497.914
2024-12-05T20:00:00,3833.93,3864.60,3615.00,3787.31,1519811.247
2024-12-06T00:00:00,3787.30,3917.80,3780.00,3909.82,754463.199
2024-12-06T04:00:00,3909.83,3932.96,3875.35,3896.50,417228.430
2024-12-06T08:00:00,3896.50,3913.33,3846.42,3869.74,507123.703
2024-12-06T12:00:00,3869.74,4046.00,3835.36,3996.28,1615715.684
2024-12-06T16:00:00,3996.29,4078.23,3983.38,4071.00,782760.302
2024-12-06T20:00:00,4071.00,4092.83,3990.92,4001.75,567835.525
2024-12-07T00:00:00,4001.75,4027.82,3972.24,3990.20,374025.767
2024-12-07T04:00:00,3990.21,4006.41,3970.00,3989.09,257825.459
2024-12-07T08:00:00,3989.09,4012.50,3976.29,4001.26,236615.208
2024-12-07T12:00:00,4001.27,4012.25,3979.01,4007.66,276002.526
2024-12-07T16:00:00,4007.66,4023.83,3989.16,4015.46,241670.811
2024-12-07T20:00:00,4015.45,4028.69,3995.26,3999.79,163437.223
2024-12-08T00:00:00,3999.80,4012.38,3986.90,3992.36,136686.918
2024-12-08T04:00:00,3992.35,3998.90,3960.93,3983.19,291019.411
2024-12-08T08:00:00,3983.18,3984.61,3926.00,3974.40,482110.117
2024-12-08T12:00:00,3974.39,4006.98,3958.05,3993.92,414731.427
2024-12-08T16:00:00,3993.92,4003.00,3966.68,3992.57,230176.135
2024-12-08T20:00:00,3992.57,4019.57,3978.05,4007.30,232948.119
2024-12-09T00:00:00,4007.31,4010.67,3906.13,3932.53,552951.022
2024-12-09T04:00:00,3932.53,3951.00,3883.00,3920.50,582557.139
2024-12-09T08:00:00,3920.51,3923.02,3845.00,3853.68,662816.859
2024-12-09T12:00:00,3853.68,3947.74,3805.02,3826.42,1136093.805
2024-12-09T16:00:00,3826.43,3869.36,3785.00,3797.28,735875.350
2024-12-09T20:00:00,3797.28,3806.72,3475.00,3712.55,2871796.874
2024-12-10T00:00:00,3712.55,3781.29,3616.00,3682.99,1142978.659
2024-12-10T04:00:00,3683.00,3744.00,3637.61,3734.50,493339.353
2024-12-10T08:00:00,3734.51,3774.00,3713.52,3750.39,389017.248
2024-12-10T12:00:00,3750.39,3754.79,3554.46,3568.08,1634815.264
2024-12-10T16:00:00,3568.12,3635.31,3512.71,3629.01,1551344.758
2024-12-10T20:00:00,3629.00,3673.26,3612.18,3628.40,463087.910
2024-12-11T00:00:00,3628.41,3669.60,3562.65,3665.28,578967.665
2024-12-11T04:00:00,3665.29,3681.62,3646.61,3652.17,266943.816
2024-12-11T08:00:00,3652.16,3727.50,3651.00,3716.09,380831.145
2024-12-11T12:00:00,3716.10,3820.00,3706.72,3786.75,915066.690
2024-12-11T16:00:00,3786.76,3813.10,3752.48,3802.39,532241.528
2024-12-11T20:00:00,3802.39,3846.95,3801.42,3830.44,333707.645
2024-12-12T00:00:00,3830.44,3947.62,3795.25,3933.77,644713.544
2024-12-12T04:00:00,3933.76,3945.00,3893.00,3904.58,530415.085
2024-12-12T08:00:00,3904.58,3937.31,3890.25,3912.73,464751.213
2024-12-12T12:00:00,3912.74,3986.94,3912.73,3956.90,1048585.891
2024-12-12T16:00:00,3956.91,3985.30,3853.19,3870.59,799337.145
2024-12-12T20:00:00,3870.58,3901.33,3835.00,3880.52,449431.655
2024-12-13T00:00:00,3880.52,3940.00,3851.80,3931.36,441979.861
2024-12-13T04:00:00,3931.35,3935.05,3870.00,3884.58,374986.604
2024-12-13T08:00:00,3884.57,3923.40,3870.85,3900.40,329660.784
2024-12-13T12:00:00,3900.40,3967.96,3877.34,3884.71,696278.409
2024-12-13T16:00:00,3884.71,3946.42,3879.00,3916.99,465010.090
2024-12-13T20:00:00,3917.00,3934.97,3889.46,3905.60,207101.259
2024-12-14T00:00:00,3905.59,3944.99,3894.06,3909.55,330718.227
2024-12-14T04:00:00,3909.55,3934.94,3904.99,3920.31,148881.404
2024-12-14T08:00:00,3920.30,3930.74,3885.00,3893.27,213184.409
2024-12-14T12:00:00,3893.26,3897.60,3845.18,3887.21,499094.188
2024-12-14T16:00:00,3887.20,3896.88,3824.02,3857.74,439481.341
2024-12-14T20:00:00,3857.74,3877.00,3822.37,3868.60,262470.027
2024-12-15T00:00:00,3868.60,3894.03,3854.80,3873.07,185845.678
2024-12-15T04:00:00,3873.07,3912.87,3829.00,3843.44,346344.287
2024-12-15T08:00:00,3843.45,3877.19,3835.10,3876.11,202952.909
2024-12-15T12:00:00,3876.10,3909.09,3867.12,3893.42,340076.855
2024-12-15T16:00:00,3893.42,3918.63,3885.00,3902.12,228462.157
2024-12-15T20:00:00,3902.12,3973.67,3842.20,3958.50,627075.719
2024-12-16T00:00:00,3958.50,4024.86,3927.15,3941.52,787314.461
2024-12-16T04:00:00,3941.51,3982.80,3935.05,3973.15,276988.608
2024-12-16T08:00:00,3973.15,3975.29,3901.00,3909.09,447854.041
2024-12-16T12:00:00,3909.10,3958.84,3882.22,3940.17,772982.721
2024-12-16T16:00:00,3940.17,4109.99,3938.05,4056.99,1404414.099
2024-12-16T20:00:00,4057.00,4072.77,3978.13,3984.76,501428.597
2024-12-17T00:00:00,3984.76,4039.99,3942.00,4033.25,516754.073
2024-12-17T04:00:00,4033.25,4033.68,3981.31,3993.05,394211.701
2024-12-17T08:00:00,3993.05,4030.93,3988.02,3996.02,328135.695
2024-12-17T12:00:00,3996.01,4024.70,3913.75,3937.43,962170.238
2024-12-17T16:00:00,3937.42,3983.41,3915.11,3943.28,533413.254
2024-12-17T20:00:00,3943.27,3951.92,3844.59,3890.81,635635.475
2024-12-18T00:00:00,3890.81,3901.67,3832.02,3848.54,543220.640
2024-12-18T04:00:00,3848.55,3861.56,3802.35,3845.40,544117.917
2024-12-18T08:00:00,3845.41,3885.83,3840.36,3880.88,305979.813
2024-12-18T12:00:00,3880.88,3889.82,3823.01,3866.62,522716.980
2024-12-18T16:00:00,3866.63,3908.00,3767.22,3768.82,742164.983
2024-12-18T20:00:00,3768.77,3784.80,3615.01,3625.40,1782252.794
2024-12-19T00:00:00,3625.41,3671.82,3540.00,3667.16,1184175.871
2024-12-19T04:00:00,3667.16,3695.00,3651.43,3691.53,323267.226
2024-12-19T08:00:00,3691.52,3718.47,3662.79,3703.73,415867.788
2024-12-19T12:00:00,3703.74,3708.36,3571.12,3612.46,1009683.849
2024-12-19T16:00:00,3612.46,3635.90,3372.01,3438.97,2757564.637
2024-12-19T20:00:00,3438.98,3464.77,3322.20,3416.70,1339821.511
2024-12-20T00:00:00,3416.69,3464.98,3369.41,3413.41,718077.647
2024-12-20T04:00:00,3413.40,3430.59,3327.03,3389.67,854621.739
2024-12-20T08:00:00,3389.67,3390.45,3100.50,3104.32,2829813.580
2024-12-20T12:00:00,3103.99,3395.00,3100.00,3373.32,2118046.938
2024-12-20T16:00:00,3373.33,3496.54,3365.28,3478.11,917919.600
2024-12-20T20:00:00,3478.10,3487.99,3391.22,3470.88,531576.161
2024-12-21T00:00:00,3470.88,3489.98,3442.41,3466.82,283161.822
2024-12-21T04:00:00,3466.81,3553.76,3459.80,3521.65,534662.120
2024-12-21T08:00:00,3521.65,3525.78,3422.06,3440.95,637873.601
2024-12-21T12:00:00,3440.96,3442.89,3344.19,3389.12,899982.747
2024-12-21T16:00:00,3389.12,3401.16,3325.22,3359.41,583301.594
2024-12-21T20:00:00,3359.40,3388.37,3291.03,3337.60,465629.351
2024-12-22T00:00:00,3337.61,3373.47,3317.49,3354.59,402099.391
2024-12-22T04:00:00,3354.58,3360.25,3293.52,3331.31,376654.863
2024-12-22T08:00:00,3331.31,3402.08,3330.02,3379.62,354728.435
2024-12-22T12:00:00,3379.62,3396.58,3273.00,3300.95,738025.743
2024-12-22T16:00:00,3300.95,3337.70,3236.11,3246.09,522406.843
2024-12-22T20:00:00,3246.09,3309.56,3219.59,3280.80,572283.781
2024-12-23T00:00:00,3280.81,3355.71,3214.81,3349.68,768162.525
2024-12-23T04:00:00,3349.68,3362.68,3258.00,3303.34,505023.483
2024-12-23T08:00:00,3303.33,3354.00,3291.76,3338.10,384172.024
2024-12-23T12:00:00,3338.11,3359.98,3267.04,3276.20,854162.597
2024-12-23T16:00:00,3276.01,3383.84,3270.00,3337.27,826718.591
2024-12-23T20:00:00,3337.27,3465.75,3328.15,3420.74,624219.153
2024-12-24T00:00:00,3420.75,3425.67,3356.01,3395.65,402886.226
2024-12-24T04:00:00,3395.66,3433.99,3383.49,3399.92,307276.454
2024-12-24T08:00:00,3399.91,3415.41,3384.03,3412.50,251673.381
2024-12-24T12:00:00,3412.50,3509.50,3393.10,3491.57,726844.336
2024-12-24T16:00:00,3491.58,3539.40,3463.24,3463.90,585712.279
2024-12-24T20:00:00,3463.90,3504.22,3430.00,3491.97,330874.795
2024-12-25T00:00:00,3491.98,3495.00,3456.21,3476.87,254911.709
2024-12-25T04:00:00,3476.88,3509.08,3468.00,3487.66,185178.031
2024-12-25T08:00:00,3487.65,3547.01,3462.56,3469.63,462168.864
2024-12-25T12:00:00,3469.63,3499.75,3455.08,3471.59,333412.579
2024-12-25T16:00:00,3471.58,3487.73,3439.00,3480.19,265585.694
2024-12-25T20:00:00,3480.18,3498.90,3448.32,3495.72,194013.365
2024-12-26T00:00:00,3495.73,3514.32,3448.00,3454.03,282142.954
2024-12-26T04:00:00,3454.03,3454.04,3415.00,3420.84,348782.139
2024-12-26T08:00:00,3420.84,3424.37,3345.00,3371.83,649791.286
2024-12-26T12:00:00,3371.83,3372.72,3326.00,3342.32,483895.064
2024-12-26T16:00:00,3342.32,3363.93,3311.26,3338.54,424673.407
2024-12-26T20:00:00,3338.54,3349.39,3302.73,3333.15,332773.998
2024-12-27T00:00:00,3333.15,3387.39,3315.37,3377.48,347450.929
2024-12-27T04:00:00,3377.48,3397.92,3315.04,3324.04,439930.539
2024-12-27T08:00:00,3324.04,3444.00,3324.04,3417.42,722833.578
2024-12-27T12:00:00,3417.40,3422.00,3306.00,3325.01,632241.644
2024-12-27T16:00:00,3325.00,3365.98,3306.46,3353.88,470258.083
2024-12-27T20:00:00,3353.87,3354.74,3308.08,3332.09,238404.076
2024-12-28T00:00:00,3332.10,3352.45,3320.92,3344.13,189646.910
2024-12-28T04:00:00,3344.12,3362.00,3331.50,3334.08,142882.003
2024-12-28T08:00:00,3334.08,3362.75,3331.73,3358.07,154592.699
2024-12-28T12:00:00,3358.06,3394.99,3349.44,3366.70,315754.327
2024-12-28T16:00:00,3366.71,3412.35,3364.32,3399.30,197523.510
2024-12-28T20:00:00,3399.30,3427.50,3388.10,3402.54,144577.009
2024-12-29T00:00:00,3402.53,3405.36,3373.99,3381.42,178398.857
2024-12-29T04:00:00,3381.42,3406.38,3378.34,3405.61,138761.281
2024-12-29T08:00:00,3405.60,3413.00,3388.54,3397.00,137242.664
2024-12-29T12:00:00,3396.99,3409.97,3352.84,3372.00,347762.681
2024-12-29T16:00:00,3372.01,3375.17,3344.20,3361.65,220959.572
2024-12-29T20:00:00,3361.64,3367.53,3324.63,3355.46,310396.017
2024-12-30T00:00:00,3355.46,3436.86,3346.07,3402.89,460566.034
2024-12-30T04:00:00,3402.89,3432.00,3387.39,3426.39,268775.659
2024-12-30T08:00:00,3426.38,3433.88,3393.58,3423.48,242383.737
2024-12-30T12:00:00,3423.49,3429.90,3302.20,3323.49,926222.216
2024-12-30T16:00:00,3323.49,3408.52,3316.55,3401.70,530949.533
2024-12-30T20:00:00,3401.70,3419.34,3307.44,3360.11,524945.048
2024-12-31T00:00:00,3360.10,3363.67,3313.96,3339.12,283705.110
2024-12-31T04:00:00,3339.13,3362.47,3326.96,3352.59,162299.536
2024-12-31T08:00:00,3352.60,3409.31,3351.53,3394.00,317759.238
2024-12-31T12:00:00,3394.00,3452.00,3391.96,3412.58,561368.277
2024-12-31T16:00:00,3412.59,3416.91,3328.27,3354.68,553693.306
2024-12-31T20:00:00,3354.68,3364.69,3327.07,3336.57,214420.964
2025-01-01T00:00:00,3336.58,3368.02,3334.76,3354.34,174527.965
2025-01-01T04:00:00,3354.35,3355.77,3335.46,3345.84,142619.663
2025-01-01T08:00:00,3345.83,3348.00,3312.62,3340.06,283676.062
2025-01-01T12:00:00,3340.06,3359.09,3327.00,3352.07,258804.255
2025-01-01T16:00:00,3352.06,3364.30,3321.11,3356.23,219892.779
2025-01-01T20:00:00,3356.21,3374.14,3351.00,3359.36,191759.116
2025-01-02T00:00:00,3359.35,3405.00,3353.50,3388.00,298784.114
2025-01-02T04:00:00,3388.01,3427.70,3387.40,3419.69,300874.409
2025-01-02T08:00:00,3419.70,3476.17,3414.18,3470.57,402906.955
2025-01-02T12:00:00,3470.58,3511.14,3439.57,3462.76,744897.911
2025-01-02T16:00:00,3462.75,3488.87,3428.00,3462.32,452605.787
2025-01-02T20:00:00,3462.32,3474.90,3420.00,3454.83,210011.105
2025-01-03T00:00:00,3454.83,3476.48,3442.10,3469.33,237589.606
2025-01-03T04:00:00,3469.33,3470.10,3431.01,3432.62,224937.145
2025-01-03T08:00:00,3432.62,3466.54,3421.56,3464.73,235019.049
2025-01-03T12:00:00,3464.74,3578.19,3460.00,3564.32,826976.603
2025-01-03T16:00:00,3564.32,3630.00,3564.31,3621.91,690547.819
2025-01-03T20:00:00,3621.90,3623.21,3594.22,3607.89,275757.552
2025-01-04T00:00:00,3607.90,3619.90,3581.44,3597.19,202783.463
2025-01-04T04:00:00,3597.19,3609.83,3583.11,3593.04,158721.532
2025-01-04T08:00:00,3593.05,3609.54,3570.66,3601.16,262095.459
2025-01-04T12:00:00,3601.17,3664.00,3589.54,3606.44,649965.775
2025-01-04T16:00:00,3606.44,3643.73,3600.30,3629.91,219313.517
2025-01-04T20:00:00,3629.92,3670.00,3629.91,3655.99,236302.857
2025-01-05T00:00:00,3655.98,3674.71,3627.77,3636.61,178497.371
2025-01-05T04:00:00,3636.61,3648.09,3626.83,3630.38,109673.226
2025-01-05T08:00:00,3630.37,3632.10,3602.08,3612.56,259595.339
2025-01-05T12:00:00,3612.56,3637.79,3592.14,3628.45,343813.853
2025-01-05T16:00:00,3628.45,3647.42,3611.25,3636.92,212145.933
2025-01-05T20:00:00,3636.91,3656.29,3627.33,3634.96,166347.983
2025-01-06T00:00:00,3634.96,3684.25,3609.00,3663.93,439461.924
2025-01-06T04:00:00,3663.93,3698.00,3640.84,3649.39,340687.514
2025-01-06T08:00:00,3649.39,3663.08,3631.34,3653.71,246668.531
2025-01-06T12:00:00,3653.71,3714.00,3620.74,3712.99,809441.740
2025-01-06T16:00:00,3712.99,3744.28,3653.88,3686.47,648021.032
2025-01-06T20:00:00,3686.46,3702.99,3665.38,3685.72,201781.217
2025-01-07T00:00:00,3685.72,3700.31,3661.97,3681.49,200582.524
2025-01-07T04:00:00,3681.49,3685.53,3657.40,3666.61,147741.475
2025-01-07T08:00:00,3666.61,3678.52,3625.00,3638.55,322768.190
2025-01-07T12:00:00,3638.55,3644.90,3409.00,3461.21,1785243.892
2025-01-07T16:00:00,3461.21,3490.89,3363.00,3384.36,1071232.073
2025-01-07T20:00:00,3384.36,3412.82,3353.59,3379.38,535089.353
2025-01-08T00:00:00,3379.37,3413.55,3340.01,3359.32,460814.225
2025-01-08T04:00:00,3359.33,3372.62,3306.01,3353.19,663845.618
2025-01-08T08:00:00,3353.19,3376.54,3321.60,3348.50,475095.283
2025-01-08T12:00:00,3348.50,3384.90,3331.00,3346.00,620307.901
2025-01-08T16:00:00,3346.00,3347.07,3206.54,3279.47,1432501.970
2025-01-08T20:00:00,3279.46,3333.65,3265.00,3325.38,306693.700
2025-01-09T00:00:00,3325.38,3355.85,3305.52,3323.60,410830.923
2025-01-09T04:00:00,3323.60,3342.40,3280.64,3288.18,347192.790
2025-01-09T08:00:00,3288.17,3326.88,3264.77,3300.35,509098.417
2025-01-09T12:00:00,3300.34,3337.64,3208.34,3318.79,960677.736
2025-01-09T16:00:00,3318.80,3326.39,3180.80,3193.65,796218.361
2025-01-09T20:00:00,3193.66,3238.44,3156.00,3218.24,615844.420
2025-01-10T00:00:00,3218.24,3259.24,3212.62,3253.05,268734.137
2025-01-10T04:00:00,3253.05,3312.55,3241.12,3294.65,376479.570
2025-01-10T08:00:00,3294.65,3320.00,3286.36,3309.74,281295.657
2025-01-10T12:00:00,3309.75,3315.96,3193.43,3243.70,1260730.298
2025-01-10T16:00:00,3243.69,3323.00,3230.18,3293.80,597122.705
2025-01-10T20:00:00,3293.80,3293.80,3255.19,3265.52,176432.213
2025-01-11T00:00:00,3265.51,3268.98,3230.01,3235.98,180637.121
2025-01-11T04:00:00,3235.98,3249.50,3223.56,3234.66,152866.022
2025-01-11T08:00:00,3234.66,3279.68,3217.36,3272.70,317779.465
2025-01-11T12:00:00,3272.69,3282.50,3256.97,3270.07,187501.190
2025-01-11T16:00:00,3270.06,3283.17,3257.54,3277.47,141999.883
2025-01-11T20:00:00,3277.46,3319.30,3274.61,3281.84,202024.150
2025-01-12T00:00:00,3281.85,3290.35,3273.00,3285.27,98733.386
2025-01-12T04:00:00,3285.27,3288.61,3262.00,3265.74,119890.329
2025-01-12T08:00:00,3265.73,3270.60,3222.40,3251.78,372994.428
2025-01-12T12:00:00,3251.78,3294.91,3246.51,3284.39,322335.734
2025-01-12T16:00:00,3284.39,3299.00,3267.23,3279.12,189826.451
2025-01-12T20:00:00,3279.11,3288.57,3232.58,3265.70,245076.152
2025-01-13T00:00:00,3265.70,3338.32,3234.01,3241.14,753425.342
2025-01-13T04:00:00,3241.14,3259.77,3179.49,3200.53,526464.971
2025-01-13T08:00:00,3200.54,3205.00,3055.00,3056.82,1253297.471
2025-01-13T12:00:00,3056.81,3090.30,2900.00,3047.37,2183311.581
2025-01-13T16:00:00,3047.38,3058.80,2985.00,3023.97,803120.658
2025-01-13T20:00:00,3023.96,3142.28,3010.27,3136.14,587100.307
2025-01-14T00:00:00,3136.13,3174.23,3123.47,3157.58,360723.860
2025-01-14T04:00:00,3157.58,3189.00,3156.00,3170.39,309052.916
2025-01-14T08:00:00,3170.39,3255.84,3168.02,3216.22,611908.825
2025-01-14T12:00:00,3216.21,3232.99,3177.23,3197.87,773056.996
2025-01-14T16:00:00,3197.87,3235.00,3171.02,3212.80,431259.957
2025-01-14T20:00:00,3212.79,3239.46,3193.02,3223.99,228402.810
2025-01-15T00:00:00,3223.99,3244.15,3203.40,3239.99,295811.449
2025-01-15T04:00:00,3239.99,3251.69,3213.55,3231.30,282172.228
2025-01-15T08:00:00,3231.30,3247.64,3185.33,3198.40,371300.983
2025-01-15T12:00:00,3198.41,3353.00,3185.09,3332.95,1142496.701
2025-01-15T16:00:00,3332.96,3442.08,3322.83,3433.76,715985.660
2025-01-15T20:00:00,3433.76,3472.93,3416.75,3449.80,484145.747
2025-01-16T00:00:00,3449.81,3458.99,3343.76,3362.10,514376.981
2025-01-16T04:00:00,3362.10,3389.89,3360.22,3382.42,227268.453
2025-01-16T08:00:00,3382.42,3384.00,3297.70,3349.75,693450.315
2025-01-16T12:00:00,3349.75,3364.06,3263.06,3332.00,967866.641
2025-01-16T16:00:00,3331.99,3365.00,3308.33,3343.36,472465.913
2025-01-16T20:00:00,3343.35,3352.77,3266.30,3306.94,383329.444
2025-01-17T00:00:00,3306.93,3396.65,3306.41,3360.00,554376.405
2025-01-17T04:00:00,3359.99,3389.11,3346.44,3371.36,273122.050
2025-01-17T08:00:00,3371.37,3438.23,3370.83,3422.11,436415.184
2025-01-17T12:00:00,3422.11,3450.00,3390.00,3420.44,661244.494
2025-01-17T16:00:00,3420.44,3447.99,3406.00,3431.12,437664.723
2025-01-17T20:00:00,3431.12,3524.85,3424.14,3472.38,665873.616
2025-01-18T00:00:00,3472.38,3492.95,3366.34,3382.79,489900.418
2025-01-18T04:00:00,3382.79,3394.62,3280.00,3286.42,931828.883
2025-01-18T08:00:00,3286.42,3323.74,3225.65,3310.54,1041662.209
2025-01-18T12:00:00,3310.54,3346.99,3272.72,3305.99,766603.486
2025-01-18T16:00:00,3305.99,3316.19,3246.72,3289.09,600054.463
2025-01-18T20:00:00,3289.09,3320.97,3256.64,3306.70,260627.044
2025-01-19T00:00:00,3306.71,3377.70,3297.70,3334.96,499968.097
2025-01-19T04:00:00,3334.96,3337.31,3258.17,3275.02,552398.945
2025-01-19T08:00:00,3275.02,3277.15,3129.63,3149.69,1233719.333
2025-01-19T12:00:00,3149.70,3425.99,3144.07,3383.66,2009905.192
2025-01-19T16:00:00,3383.66,3449.77,3377.56,3419.84,656060.000
2025-01-19T20:00:00,3419.84,3432.98,3155.00,3214.15,1975076.538
2025-01-20T00:00:00,3214.16,3280.00,3141.25,3271.38,1213420.668
2025-01-20T04:00:00,3271.38,3455.76,3249.33,3383.33,1230989.383
2025-01-20T08:00:00,3383.33,3412.90,3333.99,3375.67,763237.745
2025-01-20T12:00:00,3375.68,3379.75,3255.00,3335.93,1212001.007
2025-01-20T16:00:00,3335.95,3391.39,3200.00,3342.93,1742868.973
2025-01-20T20:00:00,3342.95,3344.32,3255.01,3283.20,447017.078
2025-01-21T00:00:00,3283.21,3289.47,3203.50,3262.23,632698.994
2025-01-21T04:00:00,3262.24,3266.04,3210.09,3254.01,416201.919
2025-01-21T08:00:00,3254.01,3313.29,3233.34,3304.39,425362.906
2025-01-21T12:00:00,3304.40,3334.98,3263.55,3294.15,681178.837
2025-01-21T16:00:00,3294.15,3367.95,3289.18,3331.74,583369.502
2025-01-21T20:00:00,3331.74,3346.66,3301.00,3326.72,294744.237
2025-01-22T00:00:00,3326.71,3365.97,3320.00,3330.48,283691.573
2025-01-22T04:00:00,3330.48,3339.40,3285.82,3286.90,236504.831
2025-01-22T08:00:00,3286.91,3329.52,3272.50,3325.53,275117.852
2025-01-22T12:00:00,3325.52,3331.72,3266.01,3277.48,533789.749
2025-01-22T16:00:00,3277.47,3291.39,3237.01,3261.51,393415.014
2025-01-22T20:00:00,3261.51,3276.25,3220.82,3242.00,301551.844
2025-01-23T00:00:00,3241.99,3261.10,3202.62,3225.99,341233.190
2025-01-23T04:00:00,3226.06,3232.43,3177.00,3232.07,325135.376
2025-01-23T08:00:00,3232.08,3232.43,3187.20,3212.79,275126.134
2025-01-23T12:00:00,3212.79,3286.00,3188.53,3258.50,893550.014
2025-01-23T16:00:00,3258.51,3296.99,3192.63,3203.48,656087.372
2025-01-23T20:00:00,3203.48,3347.70,3195.51,3337.88,1044575.104
2025-01-24T00:00:00,3337.87,3349.75,3273.94,3301.20,456796.456
2025-01-24T04:00:00,3301.20,3420.74,3291.14,3380.58,668059.392
2025-01-24T08:00:00,3380.59,3416.00,3374.61,3398.68,334090.503
2025-01-24T12:00:00,3398.67,3429.99,3353.54,3382.62,619533.812
2025-01-24T16:00:00,3382.61,3408.51,3362.94,3367.25,390516.557
2025-01-24T20:00:00,3367.26,3377.56,3302.01,3308.62,444001.208
2025-01-25T00:00:00,3308.61,3324.18,3266.53,3318.00,353236.079
2025-01-25T04:00:00,3318.01,3318.59,3281.70,3289.78,195084.834
2025-01-25T08:00:00,3289.79,3310.60,3270.00,3305.50,233267.509
2025-01-25T12:00:00,3305.51,3343.83,3292.36,3332.87,286347.313
2025-01-25T16:00:00,3332.88,3348.84,3328.70,3338.72,197427.132
2025-01-25T20:00:00,3338.71,3349.80,3313.11,3317.91,148362.778
2025-01-26T00:00:00,3317.91,3349.38,3312.37,3337.47,161804.423
2025-01-26T04:00:00,3337.46,3363.00,3328.41,3337.52,169148.270
2025-01-26T08:00:00,3337.52,3342.41,3290.68,3310.45,293992.118
2025-01-26T12:00:00,3310.45,3319.94,3295.48,3313.61,180972.317
2025-01-26T16:00:00,3313.61,3344.26,3305.65,3337.51,237997.087
2025-01-26T20:00:00,3337.51,3341.34,3226.57,3230.50,550724.677
2025-01-27T00:00:00,3230.50,3253.19,3158.87,3182.11,774992.104
2025-01-27T04:00:00,3182.11,3182.11,3020.17,3069.13,1248919.676
2025-01-27T08:00:00,3069.12,3089.00,3032.40,3057.48,609488.084
2025-01-27T12:00:00,3057.49,3150.81,3051.96,3132.04,958372.141
2025-01-27T16:00:00,3132.04,3132.04,3043.53,3074.88,627107.500
2025-01-27T20:00:00,3074.87,3238.00,3071.78,3180.99,720115.775
2025-01-28T00:00:00,3181.00,3217.00,3150.26,3201.47,380872.154
2025-01-28T04:00:00,3201.47,3221.98,3187.51,3194.62,282992.631
2025-01-28T08:00:00,3194.63,3206.71,3175.00,3185.21,247037.689
2025-01-28T12:00:00,3185.21,3215.79,3154.28,3180.15,460464.952
2025-01-28T16:00:00,3180.15,3181.81,3120.10,3146.55,517181.364
2025-01-28T20:00:00,3146.54,3154.34,3038.00,3075.96,703024.749
2025-01-29T00:00:00,3075.96,3131.71,3075.18,3129.10,302685.525
2025-01-29T04:00:00,3129.10,3158.79,3115.00,3155.64,264201.741
2025-01-29T08:00:00,3155.65,3163.39,3117.53,3133.63,251892.396
2025-01-29T12:00:00,3133.64,3138.95,3078.93,3099.69,506099.966
2025-01-29T16:00:00,3099.68,3153.92,3052.88,3125.08,884382.592
2025-01-29T20:00:00,3125.08,3180.93,3088.74,3112.55,654204.389
2025-01-30T00:00:00,3112.54,3202.68,3089.00,3200.30,432169.163
2025-01-30T04:00:00,3200.29,3214.85,3177.00,3189.54,339248.953
2025-01-30T08:00:00,3189.55,3228.99,3180.00,3221.16,304385.435
2025-01-30T12:00:00,3221.16,3279.99,3207.86,3254.39,720323.171
2025-01-30T16:00:00,3254.40,3282.60,3246.04,3270.07,340497.132
2025-01-30T20:00:00,3270.08,3271.83,3225.25,3245.86,338753.720
2025-01-31T00:00:00,3245.86,3279.72,3219.75,3229.54,343126.650
2025-01-31T04:00:00,3229.54,3276.65,3212.31,3239.99,356318.684
2025-01-31T08:00:00,3240.00,3337.77,3232.05,3334.22,608633.085
2025-01-31T12:00:00,3334.22,3427.80,3324.00,3426.21,1036268.528
2025-01-31T16:00:00,3426.21,3436.39,3292.16,3337.30,1178257.863
2025-01-31T20:00:00,3337.31,3337.31,3277.01,3299.50,607680.104
2025-02-01T00:00:00,3299.50,3330.82,3281.82,3291.01,310073.857
2025-02-01T04:00:00,3291.02,3305.87,3271.00,3278.99,233707.755
2025-02-01T08:00:00,3279.00,3285.48,3222.31,3250.54,525352.596
2025-02-01T12:00:00,3250.54,3272.00,3227.00,3249.40,357170.055
2025-02-01T16:00:00,3249.40,3266.00,3177.07,3195.18,491784.016
2025-02-01T20:00:00,3195.18,3196.06,3100.67,3116.22,715520.433
2025-02-02T00:00:00,3116.23,3161.86,3066.83,3076.48,617731.577
2025-02-02T04:00:00,3076.48,3138.20,3072.84,3099.88,487613.548
2025-02-02T08:00:00,3099.87,3122.99,3050.00,3063.49,565024.864
2025-02-02T12:00:00,3063.50,3100.36,3049.01,3079.48,585822.041
2025-02-02T16:00:00,3079.48,3080.38,2889.97,2957.76,2183867.866
2025-02-02T20:00:00,2957.76,2987.32,2736.01,2868.05,1948736.206
2025-02-03T00:00:00,2868.06,2871.80,2080.19,2525.33,5243093.308
2025-02-03T04:00:00,2525.36,2629.91,2445.31,2619.27,1475372.405
2025-02-03T08:00:00,2619.27,2619.58,2523.56,2579.43,1468837.515
2025-02-03T12:00:00,2579.43,2725.80,2526.68,2698.75,2625991.935
2025-02-03T16:00:00,2698.75,2768.87,2665.06,2762.26,1277480.193
2025-02-03T20:00:00,2762.39,2919.34,2693.62,2878.69,1512965.282
2025-02-04T00:00:00,2878.68,2888.80,2791.03,2809.42,644590.349
2025-02-04T04:00:00,2809.42,2835.75,2661.22,2702.36,1415418.108
2025-02-04T08:00:00,2702.36,2787.83,2675.28,2756.95,821336.139
2025-02-04T12:00:00,2756.95,2844.68,2727.04,2775.60,1382312.445
2025-02-04T16:00:00,2775.61,2868.30,2762.17,2768.85,938987.688
2025-02-04T20:00:00,2769.01,2792.93,2630.50,2730.03,1391126.310
2025-02-05T00:00:00,2730.06,2771.58,2697.95,2718.95,567330.366
2025-02-05T04:00:00,2718.93,2787.23,2707.14,2758.17,639824.530
2025-02-05T08:00:00,2758.17,2817.98,2745.04,2798.58,613566.253
2025-02-05T12:00:00,2798.59,2827.98,2756.07,2772.12,751510.470
2025-02-05T16:00:00,2772.11,2787.34,2713.05,2774.50,912187.088
2025-02-05T20:00:00,2774.50,2802.64,2736.29,2787.00,580471.841
2025-02-06T00:00:00,2787.00,2818.45,2753.65,2805.17,430202.488
2025-02-06T04:00:00,2805.18,2854.95,2804.76,2830.41,374849.388
2025-02-06T08:00:00,2830.40,2857.43,2790.72,2802.02,554419.090
2025-02-06T12:00:00,2802.02,2805.84,2680.32,2704.25,1060374.119
2025-02-06T16:00:00,2704.26,2726.09,2668.03,2689.00,788662.933
2025-02-06T20:00:00,2688.91,2724.48,2650.00,2685.25,469014.336
2025-02-07T00:00:00,2685.26,2738.99,2678.00,2714.46,398087.059
2025-02-07T04:00:00,2714.47,2730.56,2666.70,2711.63,422940.897
2025-02-07T08:00:00,2711.63,2763.88,2703.69,2761.34,367396.576
2025-02-07T12:00:00,2761.34,2796.12,2707.66,2720.33,1224803.892
2025-02-07T16:00:00,2720.34,2728.83,2654.17,2657.82,755885.503
2025-02-07T20:00:00,2657.81,2660.79,2560.68,2620.66,900566.348
2025-02-08T00:00:00,2620.66,2667.15,2614.22,2640.62,441432.361
2025-02-08T04:00:00,2640.62,2647.90,2592.72,2628.33,415632.693
2025-02-08T08:00:00,2628.33,2631.68,2600.33,2612.09,271229.988
2025-02-08T12:00:00,2612.10,2635.68,2587.05,2604.06,371087.348
2025-02-08T16:00:00,2604.06,2648.83,2588.43,2636.16,305316.541
2025-02-08T20:00:00,2636.16,2644.33,2621.98,2630.99,137861.995
2025-02-09T00:00:00,2630.99,2698.00,2625.35,2677.16,354609.467
2025-02-09T04:00:00,2677.12,2677.88,2648.00,2661.30,187350.750
2025-02-09T08:00:00,2661.30,2672.41,2650.11,2653.88,184436.257
2025-02-09T12:00:00,2653.88,2660.90,2610.00,2651.91,487954.855
2025-02-09T16:00:00,2651.92,2665.78,2615.41,2622.71,268252.294
2025-02-09T20:00:00,2622.70,2649.80,2518.12,2626.07,999519.554
2025-02-10T00:00:00,2626.07,2657.73,2556.91,2624.72,760481.765
2025-02-10T04:00:00,2624.72,2659.92,2617.19,2636.00,309901.964
2025-02-10T08:00:00,2636.00,2661.12,2633.42,2652.25,321598.039
2025-02-10T12:00:00,2652.24,2685.65,2630.00,2657.31,659874.396
2025-02-10T16:00:00,2657.31,2692.99,2648.66,2670.87,465184.993
2025-02-10T20:00:00,2670.87,2685.44,2650.10,2659.99,193602.296
2025-02-11T00:00:00,2659.99,2724.49,2659.36,2677.71,502164.189
2025-02-11T04:00:00,2677.71,2723.99,2675.00,2710.68,411348.141
2025-02-11T08:00:00,2710.67,2720.54,2690.00,2707.32,353774.378
2025-02-11T12:00:00,2707.31,2709.05,2624.11,2661.16,793420.929
2025-02-11T16:00:00,2661.16,2669.69,2580.83,2588.46,697247.970
2025-02-11T20:00:00,2588.45,2630.69,2552.88,2601.03,588378.347
2025-02-12T00:00:00,2601.03,2623.40,2566.90,2586.01,371405.566
2025-02-12T04:00:00,2586.00,2622.69,2575.97,2617.27,299794.613
2025-02-12T08:00:00,2617.26,2638.86,2609.07,2625.94,436799.675
2025-02-12T12:00:00,2625.95,2664.68,2542.21,2605.99,1508857.466
2025-02-12T16:00:00,2606.00,2682.87,2582.00,2677.17,787210.757
2025-02-12T20:00:00,2677.17,2794.99,2668.28,2737.14,895653.816
2025-02-13T00:00:00,2737.14,2756.51,2714.83,2743.54,341314.086
2025-02-13T04:00:00,2743.54,2745.02,2670.50,2680.13,472519.965
2025-02-13T08:00:00,2680.12,2687.60,2649.40,2654.70,476981.002
2025-02-13T12:00:00,2654.70,2677.83,2612.08,2646.27,823485.526
2025-02-13T16:00:00,2646.28,2661.23,2610.72,2639.75,500471.287
2025-02-13T20:00:00,2639.75,2678.92,2639.15,2674.52,249732.351
2025-02-14T00:00:00,2674.52,2720.70,2662.97,2714.00,334566.337
2025-02-14T04:00:00,2713.99,2715.31,2688.02,2698.00,218681.226
2025-02-14T08:00:00,2698.01,2715.76,2681.08,2684.00,331889.308
2025-02-14T12:00:00,2684.00,2746.60,2676.33,2733.34,666728.627
2025-02-14T16:00:00,2733.35,2791.00,2708.25,2736.68,737787.400
2025-02-14T20:00:00,2736.69,2750.00,2704.23,2724.74,423033.093
2025-02-15T00:00:00,2724.75,2738.00,2702.45,2723.21,210787.647
2025-02-15T04:00:00,2723.20,2732.73,2692.20,2696.37,219093.998
2025-02-15T08:00:00,2696.36,2713.82,2694.12,2706.91,187621.713
2025-02-15T12:00:00,2706.91,2712.99,2655.31,2689.86,340735.238
2025-02-15T16:00:00,2689.85,2707.49,2677.35,2690.40,197199.114
2025-02-15T20:00:00,2690.41,2703.40,2677.48,2691.73,131141.803
2025-02-16T00:00:00,2691.74,2705.00,2686.00,2697.89,130959.091
2025-02-16T04:00:00,2697.90,2726.27,2689.12,2694.39,244267.196
2025-02-16T08:00:00,2694.39,2711.87,2688.00,2709.75,211456.532
2025-02-16T12:00:00,2709.75,2711.45,2674.61,2692.96,310708.628
2025-02-16T16:00:00,2692.96,2702.70,2658.00,2682.28,297187.350
2025-02-16T20:00:00,2682.28,2688.53,2643.75,2660.00,300164.793
2025-02-17T00:00:00,2660.01,2683.20,2655.91,2670.83,202667.845
2025-02-17T04:00:00,2670.83,2694.76,2632.81,2680.47,431187.175
2025-02-17T08:00:00,2680.48,2773.93,2675.39,2753.93,839651.322
2025-02-17T12:00:00,2753.94,2848.76,2745.00,2754.74,1310627.917
2025-02-17T16:00:00,2754.73,2764.28,2685.48,2716.38,966284.750
2025-02-17T20:00:00,2716.37,2777.20,2714.95,2743.00,364073.160
2025-02-18T00:00:00,2742.99,2755.85,2706.09,2710.75,360308.454
2025-02-18T04:00:00,2710.75,2716.86,2650.31,2671.01,638482.338
2025-02-18T08:00:00,2671.00,2705.45,2651.42,2678.14,473428.864
2025-02-18T12:00:00,2678.13,2731.74,2656.84,2672.38,768086.902
2025-02-18T16:00:00,2672.38,2683.82,2604.18,2628.80,953451.105
2025-02-18T20:00:00,2628.87,2671.00,2616.88,2670.57,385829.819
2025-02-19T00:00:00,2670.56,2699.12,2654.82,2692.94,332333.658
2025-02-19T04:00:00,2692.95,2716.62,2663.00,2707.00,411993.917
2025-02-19T08:00:00,2707.00,2736.12,2703.20,2725.99,434409.489
2025-02-19T12:00:00,2726.00,2730.62,2675.79,2695.59,608006.541
2025-02-19T16:00:00,2695.59,2723.49,2693.19,2710.81,351325.943
2025-02-19T20:00:00,2710.81,2735.00,2704.66,2714.06,266494.933
2025-02-20T00:00:00,2714.06,2750.00,2708.21,2740.22,345072.582
2025-02-20T04:00:00,2740.36,2758.53,2721.00,2728.88,295516.074
2025-02-20T08:00:00,2728.87,2746.00,2723.72,2739.35,210223.414
2025-02-20T12:00:00,2739.36,2770.50,2706.00,2711.25,747277.331
2025-02-20T16:00:00,2711.24,2767.57,2705.64,2746.43,538281.000
2025-02-20T20:00:00,2746.43,2759.96,2720.71,2736.87,227283.901
2025-02-21T00:00:00,2736.86,2748.76,2724.15,2743.15,211134.832
2025-02-21T04:00:00,2743.16,2768.93,2743.15,2754.99,241653.963
2025-02-21T08:00:00,2754.99,2830.88,2746.55,2787.20,791277.979
2025-02-21T12:00:00,2787.20,2845.00,2666.15,2722.25,2090338.609
2025-02-21T16:00:00,2722.25,2768.24,2624.24,2638.47,1959737.591
2025-02-21T20:00:00,2638.48,2662.13,2614.76,2660.85,708165.039
2025-02-22T00:00:00,2660.86,2687.44,2651.24,2673.91,404571.336
2025-02-22T04:00:00,2673.91,2696.29,2671.37,2682.80,234189.080
2025-02-22T08:00:00,2682.81,2753.06,2675.16,2731.91,646805.563
2025-02-22T12:00:00,2731.91,2785.00,2720.76,2774.62,501060.788
2025-02-22T16:00:00,2774.61,2797.21,2755.55,2769.12,549846.776
2025-02-22T20:00:00,2769.13,2777.30,2758.00,2762.01,169198.152
2025-02-23T00:00:00,2762.00,2774.60,2743.62,2751.68,268591.647
2025-02-23T04:00:00,2751.68,2828.50,2745.11,2823.64,614485.451
2025-02-23T08:00:00,2823.64,2831.00,2781.18,2796.42,557163.560
2025-02-23T12:00:00,2796.42,2826.11,2771.85,2781.75,733998.490
2025-02-23T16:00:00,2781.76,2823.24,2781.04,2806.77,407157.966
2025-02-23T20:00:00,2806.76,2860.90,2783.74,2818.54,523608.593
2025-02-24T00:00:00,2818.54,2839.00,2710.00,2716.56,876127.626
2025-02-24T04:00:00,2716.57,2734.68,2691.07,2720.41,724480.767
2025-02-24T08:00:00,2720.42,2721.01,2662.00,2688.69,913050.519
2025-02-24T12:00:00,2688.69,2695.75,2633.51,2657.59,1041831.876
2025-02-24T16:00:00,2657.59,2681.61,2621.00,2640.21,667869.312
2025-02-24T20:00:00,2640.21,2662.71,2466.34,2512.27,1667804.361
2025-02-25T00:00:00,2512.26,2529.40,2456.75,2493.83,1265913.627
2025-02-25T04:00:00,2493.84,2511.85,2287.13,2366.83,2062087.137
2025-02-25T08:00:00,2366.83,2438.25,2355.36,2432.39,1661065.475
2025-02-25T12:00:00,2432.38,2448.00,2360.65,2408.99,1513088.709
2025-02-25T16:00:00,2409.00,2472.47,2382.39,2470.47,996057.215
2025-02-25T20:00:00,2470.46,2532.89,2456.15,2494.45,708371.505
2025-02-26T00:00:00,2494.46,2506.45,2470.33,2489.78,440793.245
2025-02-26T04:00:00,2489.78,2505.76,2473.99,2482.67,385082.229
2025-02-26T08:00:00,2482.66,2494.62,2456.66,2463.71,492758.787
2025-02-26T12:00:00,2463.71,2465.93,2368.29,2427.70,1600654.670
2025-02-26T16:00:00,2427.70,2433.50,2264.00,2295.46,2309818.829
2025-02-26T20:00:00,2295.45,2382.77,2252.78,2335.33,1367061.718
2025-02-27T00:00:00,2335.34,2370.36,2314.66,2331.01,588327.102
2025-02-27T04:00:00,2331.00,2373.16,2302.01,2355.38,653206.286
2025-02-27T08:00:00,2355.38,2381.44,2342.20,2352.76,572537.511
2025-02-27T12:00:00,2352.77,2361.53,2289.67,2322.32,1062078.129
2025-02-27T16:00:00,2322.32,2336.96,2277.00,2291.20,752813.632
2025-02-27T20:00:00,2291.20,2310.97,2229.00,2306.66,945125.104
2025-02-28T00:00:00,2306.65,2313.24,2122.18,2146.41,2628166.564
2025-02-28T04:00:00,2146.42,2155.86,2070.00,2104.89,2150017.597
2025-02-28T08:00:00,2104.88,2151.06,2074.61,2124.47,1268381.598
2025-02-28T12:00:00,2124.44,2227.77,2103.80,2221.64,1829509.223
2025-02-28T16:00:00,2221.64,2255.40,2192.56,2229.34,995160.674
2025-02-28T20:00:00,2229.41,2238.66,2197.35,2236.59,440740.088
2025-03-01T00:00:00,2236.59,2274.34,2211.79,2261.69,551747.784
2025-03-01T04:00:00,2261.60,2279.75,2223.20,2228.15,503160.301
2025-03-01T08:00:00,2228.15,2238.77,2170.20,2183.28,657196.417
2025-03-01T12:00:00,2183.28,2186.60,2141.17,2172.34,765659.699
2025-03-01T16:00:00,2172.34,2233.69,2168.17,2222.13,571970.677
2025-03-01T20:00:00,2222.12,2234.99,2190.00,2216.60,423229.171
2025-03-02T00:00:00,2216.59,2230.34,2200.11,2219.40,407301.301
2025-03-02T04:00:00,2219.39,2234.77,2217.10,2220.24,345510.503
2025-03-02T08:00:00,2220.23,2260.61,2206.65,2237.75,593418.306
2025-03-02T12:00:00,2237.76,2290.63,2170.09,2229.02,1794409.963
2025-03-02T16:00:00,2229.02,2519.99,2211.68,2485.01,4096799.268
2025-03-02T20:00:00,2485.00,2550.00,2478.76,2517.12,947758.141
2025-03-03T00:00:00,2517.12,2522.84,2417.60,2440.19,892611.631
2025-03-03T04:00:00,2440.19,2457.08,2351.67,2385.85,887675.086
2025-03-03T08:00:00,2385.85,2386.99,2321.00,2355.23,839464.496
2025-03-03T12:00:00,2355.22,2388.44,2265.84,2286.33,1683642.522
2025-03-03T16:00:00,2286.32,2295.88,2094.76,2108.27,2251411.477
2025-03-03T20:00:00,2108.28,2172.71,2095.12,2148.22,1211305.911
2025-03-04T00:00:00,2148.21,2166.21,2001.09,2073.55,2168558.257
2025-03-04T04:00:00,2073.55,2121.32,2067.28,2079.67,848604.318
2025-03-04T08:00:00,2079.67,2117.44,2069.43,2100.37,666827.865
2025-03-04T12:00:00,2100.37,2158.19,2024.50,2073.79,2297228.441
2025-03-04T16:00:00,2073.78,2174.00,1979.99,2171.68,2048958.980
2025-03-04T20:00:00,2171.67,2221.77,2125.60,2170.51,1120998.341
2025-03-05T00:00:00,2170.51,2192.00,2153.70,2159.70,531658.427
2025-03-05T04:00:00,2159.72,2212.29,2156.93,2206.02,447278.913
2025-03-05T08:00:00,2206.02,2272.94,2203.50,2216.60,1185649.613
2025-03-05T12:00:00,2216.60,2232.00,2165.30,2185.61,1168834.985
2025-03-05T16:00:00,2185.61,2221.89,2160.47,2217.28,882382.102
2025-03-05T20:00:00,2217.27,2252.20,2212.67,2240.45,411150.942
2025-03-06T00:00:00,2240.44,2295.42,2232.16,2288.79,724542.535
2025-03-06T04:00:00,2288.79,2318.99,2274.04,2285.21,562450.777
2025-03-06T08:00:00,2285.20,2304.93,2275.37,2296.74,460802.030
2025-03-06T12:00:00,2296.73,2297.81,2206.32,2256.41,1267404.932
2025-03-06T16:00:00,2256.42,2264.58,2175.50,2197.12,984967.948
2025-03-06T20:00:00,2197.12,2229.29,2190.20,2201.34,574262.700
2025-03-07T00:00:00,2201.33,2226.45,2100.75,2147.21,1636759.522
2025-03-07T04:00:00,2147.20,2192.84,2143.41,2191.52,423307.920
2025-03-07T08:00:00,2191.51,2209.94,2176.05,2196.69,449966.192
2025-03-07T12:00:00,2196.70,2259.34,2164.37,2208.94,1570428.712
2025-03-07T16:00:00,2208.95,2214.85,2139.83,2177.47,1126569.666
2025-03-07T20:00:00,2177.45,2186.21,2113.10,2140.72,918643.527
2025-03-08T00:00:00,2140.72,2155.37,2103.07,2137.07,462918.836
2025-03-08T04:00:00,2137.07,2152.03,2130.42,2136.65,223761.421
2025-03-08T08:00:00,2136.65,2142.50,2125.40,2140.89,267587.246
2025-03-08T12:00:00,2140.89,2198.00,2136.84,2180.41,708942.492
2025-03-08T16:00:00,2180.41,2234.40,2160.20,2223.73,719441.763
2025-03-08T20:00:00,2223.73,2225.15,2192.41,2202.84,284414.377
2025-03-09T00:00:00,2202.83,2211.27,2175.01,2184.82,290717.702
2025-03-09T04:00:00,2184.83,2196.28,2170.83,2184.07,245984.608
2025-03-09T08:00:00,2184.07,2187.00,2127.02,2145.63,559864.638
2025-03-09T12:00:00,2145.62,2146.06,2082.00,2095.86,908028.788
2025-03-09T16:00:00,2095.85,2108.30,1995.83,2039.34,1900789.828
2025-03-09T20:00:00,2039.34,2055.64,1986.80,2019.20,887774.385
2025-03-10T00:00:00,2019.34,2069.81,1993.54,2056.82,803400.818
2025-03-10T04:00:00,2056.82,2078.55,2053.18,2074.20,361538.902
2025-03-10T08:00:00,2074.20,2152.99,2046.75,2127.13,1466697.783
2025-03-10T12:00:00,2127.13,2134.93,1995.47,2016.99,1987585.288
2025-03-10T16:00:00,2016.99,2024.29,1807.75,1868.66,3576857.634
2025-03-10T20:00:00,1868.67,1903.00,1842.21,1864.51,1079099.741
2025-03-11T00:00:00,1864.52,1889.49,1752.50,1848.96,2458688.579
2025-03-11T04:00:00,1848.96,1913.49,1844.89,1903.11,989892.424
2025-03-11T08:00:00,1903.07,1928.84,1898.70,1913.41,836386.218
2025-03-11T12:00:00,1913.40,1969.77,1839.41,1913.58,2978075.672
2025-03-11T16:00:00,1913.58,1962.45,1885.37,1950.66,1397086.418
2025-03-11T20:00:00,1950.65,1954.60,1916.22,1922.61,475877.085
2025-03-12T00:00:00,1922.60,1932.00,1865.67,1867.95,825412.827
2025-03-12T04:00:00,1867.94,1915.99,1851.33,1910.47,1265101.841
2025-03-12T08:00:00,1910.47,1955.90,1870.00,1915.83,2215768.611
2025-03-12T12:00:00,1915.82,1946.00,1828.87,1868.55,2072651.022
2025-03-12T16:00:00,1868.51,1893.50,1861.78,1877.19,741187.723
2025-03-12T20:00:00,1877.20,1914.72,1872.69,1907.24,383654.807
2025-03-13T00:00:00,1907.23,1916.54,1880.99,1886.02,543679.650
2025-03-13T04:00:00,1886.02,1890.76,1856.93,1871.21,644513.410
2025-03-13T08:00:00,1871.20,1904.70,1852.18,1899.63,1046943.081
2025-03-13T12:00:00,1899.62,1922.00,1863.00,1874.72,1414705.701
2025-03-13T16:00:00,1874.72,1877.34,1820.20,1850.95,1064255.869
2025-03-13T20:00:00,1850.94,1882.90,1838.03,1863.76,591786.089
2025-03-14T00:00:00,1863.75,1894.08,1860.41,1888.60,398077.307
2025-03-14T04:00:00,1888.59,1904.94,1886.80,1892.33,344211.224
2025-03-14T08:00:00,1892.34,1908.20,1888.45,1901.51,412275.854
2025-03-14T12:00:00,1901.51,1941.81,1873.00,1921.20,1362619.196
2025-03-14T16:00:00,1921.20,1945.62,1913.12,1933.29,633844.235
2025-03-14T20:00:00,1933.29,1934.01,1907.39,1910.79,343445.113
2025-03-15T00:00:00,1910.78,1922.49,1902.47,1919.79,303992.931
2025-03-15T04:00:00,1919.79,1934.77,1913.56,1916.86,325475.069
2025-03-15T08:00:00,1916.85,1930.86,1911.40,1927.99,253953.466
2025-03-15T12:00:00,1928.00,1938.88,1921.60,1936.81,286966.475
2025-03-15T16:00:00,1936.81,1948.00,1927.28,1936.00,408391.955
2025-03-15T20:00:00,1936.00,1957.68,1935.10,1936.27,298934.454
2025-03-16T00:00:00,1936.26,1940.00,1915.22,1926.60,348656.470
2025-03-16T04:00:00,1926.60,1933.22,1920.49,1925.21,204431.591
2025-03-16T08:00:00,1925.20,1926.18,1865.49,1872.61,831690.715
2025-03-16T12:00:00,1872.61,1897.72,1872.21,1894.22,567475.403
2025-03-16T16:00:00,1894.21,1923.90,1857.08,1881.77,845640.866
2025-03-16T20:00:00,1881.78,1897.64,1869.11,1885.97,369840.351
2025-03-17T00:00:00,1885.96,1914.88,1885.41,1908.08,408471.728
2025-03-17T04:00:00,1908.08,1912.38,1878.66,1900.13,393308.893
2025-03-17T08:00:00,1900.13,1918.00,1892.06,1909.71,358142.961
2025-03-17T12:00:00,1909.72,1947.00,1886.29,1918.49,1007296.584
2025-03-17T16:00:00,1918.50,1951.76,1906.44,1941.24,676889.798
2025-03-17T20:00:00,1941.24,1949.20,1921.08,1925.37,363663.089
2025-03-18T00:00:00,1925.36,1929.57,1896.30,1900.27,527389.866
2025-03-18T04:00:00,1900.26,1909.88,1892.90,1903.99,413808.556
2025-03-18T08:00:00,1903.99,1912.30,1884.25,1891.54,465126.512
2025-03-18T12:00:00,1891.54,1902.59,1871.14,1879.97,865397.803
2025-03-18T16:00:00,1879.97,1907.80,1872.35,1903.53,552241.646
2025-03-18T20:00:00,1903.53,1935.44,1897.73,1930.64,410522.554
2025-03-19T00:00:00,1930.63,1948.50,1927.12,1937.73,570009.533
2025-03-19T04:00:00,1937.73,1942.46,1929.39,1931.21,314671.141
2025-03-19T08:00:00,1931.21,2032.73,1930.73,2026.99,1689486.816
2025-03-19T12:00:00,2026.98,2056.48,1994.06,2047.87,1588823.025
2025-03-19T16:00:00,2047.88,2065.90,1994.16,2029.91,1658908.323
2025-03-19T20:00:00,2029.91,2069.69,2027.50,2055.21,562401.162
2025-03-20T00:00:00,2055.22,2067.15,2018.82,2021.85,544443.994
2025-03-20T04:00:00,2021.85,2024.64,2003.70,2006.45,424949.911
2025-03-20T08:00:00,2006.46,2020.57,1970.31,1988.40,961234.699
2025-03-20T12:00:00,1988.39,2009.74,1964.95,1971.06,1082975.701
2025-03-20T16:00:00,1971.03,1979.46,1951.15,1974.10,785249.134
2025-03-20T20:00:00,1974.09,1984.20,1970.39,1982.72,234930.098
2025-03-21T00:00:00,1982.72,1995.80,1971.60,1977.25,370621.437
2025-03-21T04:00:00,1977.26,1989.02,1965.44,1976.00,360694.846
2025-03-21T08:00:00,1976.00,1981.87,1955.79,1966.11,454693.405
2025-03-21T12:00:00,1966.11,1973.00,1932.00,1949.63,889389.960
2025-03-21T16:00:00,1949.58,1977.41,1945.00,1972.72,509532.129
2025-03-21T20:00:00,1972.71,1982.42,1961.24,1964.81,247348.670
2025-03-22T00:00:00,1964.81,1986.72,1963.41,1985.00,342194.378
2025-03-22T04:00:00,1985.00,1992.30,1982.08,1983.16,227786.565
2025-03-22T08:00:00,1983.15,2006.00,1980.40,1989.36,440844.143
2025-03-22T12:00:00,1989.35,1996.97,1980.30,1985.27,244659.968
2025-03-22T16:00:00,1985.27,1999.55,1981.49,1994.99,204859.715
2025-03-22T20:00:00,1994.98,2003.31,1973.13,1979.56,258571.258
2025-03-23T00:00:00,1979.55,2008.92,1975.51,2007.53,309761.903
2025-03-23T04:00:00,2007.53,2020.00,1990.94,2007.20,362109.684
2025-03-23T08:00:00,2007.20,2019.87,2001.46,2006.97,377182.631
2025-03-23T12:00:00,2006.97,2019.61,2001.20,2006.21,393245.383
2025-03-23T16:00:00,2006.22,2007.08,1985.71,1995.39,330836.537
2025-03-23T20:00:00,1995.40,2006.00,1978.78,2005.00,385312.338
2025-03-24T00:00:00,2005.00,2020.96,1976.46,2013.49,756911.747
2025-03-24T04:00:00,2013.48,2079.23,2013.48,2068.47,1089312.025
2025-03-24T08:00:00,2068.48,2104.24,2067.93,2091.67,832640.706
2025-03-24T12:00:00,2091.68,2101.90,2072.20,2088.80,933778.402
2025-03-24T16:00:00,2088.79,2101.30,2066.38,2087.71,741455.857
2025-03-24T20:00:00,2087.71,2094.44,2066.87,2080.41,313845.789
2025-03-25T00:00:00,2080.40,2097.21,2040.40,2042.26,794386.930
2025-03-25T04:00:00,2042.26,2066.16,2036.00,2054.80,502510.264
2025-03-25T08:00:00,2054.80,2074.53,2052.33,2067.36,375092.262
2025-03-25T12:00:00,2067.36,2079.16,2050.70,2066.46,764435.343
2025-03-25T16:00:00,2066.45,2083.21,2055.19,2074.65,468622.216
2025-03-25T20:00:00,2074.65,2082.99,2052.20,2065.22,337106.253
2025-03-26T00:00:00,2065.22,2077.70,2040.90,2048.08,497914.751
2025-03-26T04:00:00,2048.07,2070.88,2046.46,2068.34,384951.288
2025-03-26T08:00:00,2068.34,2074.85,2056.60,2067.44,378221.549
2025-03-26T12:00:00,2067.43,2069.51,2005.00,2011.21,1256071.102
2025-03-26T16:00:00,2011.20,2021.48,1980.41,1998.90,898704.164
2025-03-26T20:00:00,1998.90,2017.69,1990.01,2008.69,464182.087
2025-03-27T00:00:00,2008.69,2036.88,2006.07,2030.50,498122.393
2025-03-27T04:00:00,2030.50,2032.00,2020.21,2025.44,222635.209
2025-03-27T08:00:00,2025.43,2035.00,2011.00,2015.30,518015.594
2025-03-27T12:00:00,2015.29,2025.43,1985.71,2004.57,1258185.495
2025-03-27T16:00:00,2004.58,2014.20,1992.48,2003.48,457851.764
2025-03-27T20:00:00,2003.48,2020.83,1998.27,2002.80,309737.998
2025-03-28T00:00:00,2002.80,2015.09,1990.72,1999.02,468146.336
2025-03-28T04:00:00,1999.02,2003.88,1896.70,1909.04,1820054.981
2025-03-28T08:00:00,1909.04,1924.00,1854.20,1899.41,1172025.164
2025-03-28T12:00:00,1899.41,1907.26,1870.51,1871.45,1204765.180
2025-03-28T16:00:00,1871.45,1886.76,1861.07,1873.34,667018.346
2025-03-28T20:00:00,1873.34,1901.41,1872.60,1896.02,360194.677
2025-03-29T00:00:00,1896.03,1912.94,1885.10,1898.95,527912.240
2025-03-29T04:00:00,1898.94,1904.28,1874.16,1879.37,379071.315
2025-03-29T08:00:00,1879.37,1886.58,1832.29,1843.71,1090356.163
2025-03-29T12:00:00,1843.72,1862.76,1832.32,1839.22,662106.215
2025-03-29T16:00:00,1839.28,1847.00,1796.13,1826.77,1336288.716
2025-03-29T20:00:00,1826.76,1829.57,1810.13,1827.32,389113.536
2025-03-30T00:00:00,1827.31,1843.61,1811.35,1833.32,517641.308
2025-03-30T04:00:00,1833.31,1846.24,1831.55,1836.70,276141.074
2025-03-30T08:00:00,1836.69,1848.08,1824.78,1832.49,397027.426
2025-03-30T12:00:00,1832.49,1839.48,1782.00,1812.81,808086.885
2025-03-30T16:00:00,1812.81,1834.57,1784.15,1813.38,967580.801
2025-03-30T20:00:00,1813.38,1820.91,1766.04,1806.99,892084.586
2025-03-31T00:00:00,1806.99,1823.01,1775.92,1797.72,962829.575
2025-03-31T04:00:00,1797.73,1813.00,1788.13,1797.91,574601.289
2025-03-31T08:00:00,1797.90,1819.00,1776.56,1812.52,967438.186
2025-03-31T12:00:00,1812.51,1853.34,1792.60,1841.37,1556360.743
2025-03-31T16:00:00,1841.37,1846.40,1815.76,1826.89,731114.100
2025-03-31T20:00:00,1826.90,1834.09,1815.22,1821.59,420186.820
2025-04-01T00:00:00,1821.59,1842.57,1816.64,1834.25,473423.689
2025-04-01T04:00:00,1834.25,1866.98,1831.23,1853.34,525037.726
2025-04-01T08:00:00,1853.34,1891.42,1853.02,1861.48,903063.677
2025-04-01T12:00:00,1861.49,1927.79,1841.20,1917.89,1789332.277
2025-04-01T16:00:00,1917.89,1923.63,1900.53,1909.12,585488.092
2025-04-01T20:00:00,1909.11,1921.98,1895.90,1904.21,395399.142
2025-04-02T00:00:00,1904.21,1908.01,1871.31,1875.41,577615.724
2025-04-02T04:00:00,1875.40,1882.31,1850.69,1864.07,756780.281
2025-04-02T08:00:00,1864.06,1887.23,1861.61,1868.05,576873.633
2025-04-02T12:00:00,1868.08,1918.00,1853.12,1900.09,1773371.715
2025-04-02T16:00:00,1900.10,1915.28,1881.09,1910.56,760001.680
2025-04-02T20:00:00,1910.59,1957.97,1780.52,1794.10,2635212.170
2025-04-03T00:00:00,1794.11,1834.12,1787.90,1823.75,784321.875
2025-04-03T04:00:00,1823.75,1844.97,1805.56,1814.52,569594.176
2025-04-03T08:00:00,1814.51,1823.49,1786.14,1794.39,702746.642
2025-04-03T12:00:00,1794.39,1799.82,1747.47,1781.42,1901206.210
2025-04-03T16:00:00,1781.42,1798.57,1766.29,1786.53,737214.928
2025-04-03T20:00:00,1786.50,1821.50,1778.64,1816.48,491284.518
2025-04-04T00:00:00,1816.48,1822.69,1770.00,1792.13,745536.338
2025-04-04T04:00:00,1792.13,1821.40,1783.08,1816.88,531862.172
2025-04-04T08:00:00,1816.87,1834.70,1757.52,1783.16,1469835.729
2025-04-04T12:00:00,1783.15,1820.18,1768.57,1794.47,1965960.639
2025-04-04T16:00:00,1794.48,1828.71,1782.15,1809.02,1169114.734
2025-04-04T20:00:00,1809.03,1827.99,1806.43,1815.97,338804.890
2025-04-05T00:00:00,1815.97,1826.63,1808.27,1809.01,307874.561
2025-04-05T04:00:00,1809.00,1815.00,1803.04,1812.40,223423.979
2025-04-05T08:00:00,1812.39,1821.26,1805.55,1806.60,293918.170
2025-04-05T12:00:00,1806.60,1807.61,1776.34,1781.10,708383.180
2025-04-05T16:00:00,1781.10,1794.86,1778.66,1781.33,270821.538
2025-04-05T20:00:00,1781.32,1809.30,1761.18,1805.15,554505.687
2025-04-06T00:00:00,1805.14,1816.38,1800.87,1809.11,342406.912
2025-04-06T04:00:00,1809.10,1812.60,1790.08,1796.84,281144.712
2025-04-06T08:00:00,1796.85,1797.28,1782.01,1788.22,398400.869
2025-04-06T12:00:00,1788.22,1791.10,1735.01,1758.80,1345342.037
2025-04-06T16:00:00,1758.80,1759.21,1601.00,1625.22,3706815.320
2025-04-06T20:00:00,1625.21,1630.45,1535.27,1579.98,3313932.915
2025-04-07T00:00:00,1579.98,1613.51,1520.00,1542.79,2240648.744
2025-04-07T04:00:00,1542.78,1561.00,1410.00,1459.52,4128035.462
2025-04-07T08:00:00,1459.51,1520.75,1454.80,1482.34,2926446.072
2025-04-07T12:00:00,1482.34,1638.47,1477.17,1555.54,5572723.272
2025-04-07T16:00:00,1555.54,1572.11,1525.21,1544.56,1948786.181
2025-04-07T20:00:00,1544.56,1584.58,1544.19,1552.44,815431.621
2025-04-08T00:00:00,1552.44,1618.00,1540.19,1583.96,1181229.738
2025-04-08T04:00:00,1583.95,1602.29,1560.86,1569.98,762719.837
2025-04-08T08:00:00,1569.97,1589.48,1553.48,1587.56,798487.224
2025-04-08T12:00:00,1587.57,1592.79,1517.12,1530.75,2315902.959
2025-04-08T16:00:00,1530.75,1532.24,1453.46,1466.03,3023004.864
2025-04-08T20:00:00,1466.07,1485.60,1441.62,1472.67,1116522.208
2025-04-09T00:00:00,1472.68,1481.69,1384.00,1417.96,2791527.731
2025-04-09T04:00:00,1417.96,1491.68,1414.00,1482.90,1853602.262
2025-04-09T08:00:00,1482.89,1496.00,1444.00,1454.64,2120377.739
2025-04-09T12:00:00,1454.64,1501.03,1439.03,1484.80,2591270.906
2025-04-09T16:00:00,1484.79,1672.80,1481.15,1639.73,5455621.134
2025-04-09T20:00:00,1639.73,1688.00,1639.73,1668.69,1304170.851
2025-04-10T00:00:00,1668.70,1669.19,1601.00,1616.39,1273973.227
2025-04-10T04:00:00,1616.39,1625.48,1582.50,1595.03,1060130.383
2025-04-10T08:00:00,1595.03,1606.02,1580.50,1593.92,855212.641
2025-04-10T12:00:00,1593.91,1627.61,1482.56,1495.00,3723353.846
2025-04-10T16:00:00,1494.99,1531.74,1470.84,1513.67,2460720.447
2025-04-10T20:00:00,1513.67,1533.00,1513.05,1521.57,571802.497
2025-04-11T00:00:00,1521.56,1550.00,1503.63,1543.63,1189406.950
2025-04-11T04:00:00,1543.63,1561.95,1540.10,1551.99,728688.675
2025-04-11T08:00:00,1551.99,1585.18,1536.47,1557.93,1521498.390
2025-04-11T12:00:00,1557.94,1580.78,1540.36,1564.79,1593556.336
2025-04-11T16:00:00,1564.80,1590.88,1554.90,1564.84,917672.153
2025-04-11T20:00:00,1564.83,1586.31,1556.40,1565.96,517260.182
2025-04-12T00:00:00,1565.97,1569.16,1545.06,1553.61,539836.974
2025-04-12T04:00:00,1553.61,1584.53,1549.51,1581.24,654101.941
2025-04-12T08:00:00,1581.23,1605.71,1580.01,1593.21,736582.051
2025-04-12T12:00:00,1593.22,1669.85,1589.79,1655.10,2130308.934
2025-04-12T16:00:00,1655.09,1661.57,1627.42,1641.89,1037868.529
2025-04-12T20:00:00,1641.90,1659.68,1640.35,1643.60,505815.558
2025-04-13T00:00:00,1643.60,1649.20,1605.68,1623.60,841518.836
2025-04-13T04:00:00,1623.60,1623.91,1596.21,1612.77,744463.530
2025-04-13T08:00:00,1612.78,1627.45,1590.71,1603.62,789948.467
2025-04-13T12:00:00,1603.61,1608.50,1565.11,1585.92,1257579.894
2025-04-13T16:00:00,1585.92,1648.73,1559.40,1589.42,1825478.701
2025-04-13T20:00:00,1589.42,1616.29,1571.03,1596.92,1036373.064
2025-04-14T00:00:00,1596.93,1659.81,1594.73,1629.01,1227511.284
2025-04-14T04:00:00,1629.01,1641.85,1611.51,1634.92,668501.508
2025-04-14T08:00:00,1634.92,1691.57,1628.64,1674.63,1463883.102
2025-04-14T12:00:00,1674.63,1689.27,1618.29,1626.96,1932797.485
2025-04-14T16:00:00,1626.97,1650.80,1613.37,1635.92,1110666.160
2025-04-14T20:00:00,1635.95,1637.35,1603.00,1623.02,568816.391
2025-04-15T00:00:00,1623.02,1643.21,1613.65,1637.15,788829.251
2025-04-15T04:00:00,1637.15,1648.00,1631.45,1644.18,482653.824
2025-04-15T08:00:00,1644.18,1651.79,1621.32,1631.18,754097.451
2025-04-15T12:00:00,1631.17,1660.68,1600.01,1620.12,1803551.904
2025-04-15T16:00:00,1620.11,1627.19,1594.21,1606.17,783964.399
2025-04-15T20:00:00,1606.17,1614.35,1582.14,1588.00,717000.749
2025-04-16T00:00:00,1588.00,1603.81,1575.04,1590.02,764456.657
2025-04-16T04:00:00,1590.03,1592.76,1550.00,1563.45,1185857.635
2025-04-16T08:00:00,1563.44,1585.00,1555.72,1583.25,795586.966
2025-04-16T12:00:00,1583.26,1614.95,1565.02,1589.91,1517926.075
2025-04-16T16:00:00,1589.91,1612.36,1537.56,1588.16,2336959.978
2025-04-16T20:00:00,1588.13,1598.01,1569.24,1576.58,621308.471
2025-04-17T00:00:00,1576.57,1594.90,1574.00,1584.04,533161.530
2025-04-17T04:00:00,1584.04,1609.90,1580.14,1600.99,576222.253
2025-04-17T08:00:00,1600.99,1603.50,1587.69,1592.50,482812.693
2025-04-17T12:00:00,1592.51,1602.76,1562.26,1582.42,1222967.991
2025-04-17T16:00:00,1582.43,1616.81,1575.36,1580.40,1722278.691
2025-04-17T20:00:00,1580.40,1591.00,1578.00,1582.84,405071.384
2025-04-18T00:00:00,1582.84,1588.69,1576.21,1583.40,344118.380
2025-04-18T04:00:00,1583.40,1584.49,1572.65,1583.45,379764.077
2025-04-18T08:00:00,1583.46,1592.40,1581.34,1589.89,384028.046
2025-04-18T12:00:00,1589.90,1596.63,1577.56,1582.27,560886.162
2025-04-18T16:00:00,1582.28,1594.45,1580.95,1592.38,423029.653
2025-04-18T20:00:00,1592.38,1600.00,1586.27,1587.91,308637.419
2025-04-19T00:00:00,1587.91,1599.72,1584.01,1597.20,343811.216
2025-04-19T04:00:00,1597.20,1613.00,1594.32,1600.27,488347.419
2025-04-19T08:00:00,1600.28,1606.02,1593.23,1596.29,306148.028
2025-04-19T12:00:00,1596.29,1612.00,1594.38,1606.59,462593.576
2025-04-19T16:00:00,1606.60,1632.29,1597.76,1613.99,673583.795
2025-04-19T20:00:00,1613.99,1622.11,1610.21,1612.44,229487.075
2025-04-20T00:00:00,1612.45,1618.46,1607.20,1611.14,312363.415
2025-04-20T04:00:00,1611.15,1617.00,1580.00,1596.62,585042.664
2025-04-20T08:00:00,1596.63,1596.88,1564.69,1571.78,848913.210
2025-04-20T12:00:00,1571.78,1583.39,1570.19,1572.80,516047.816
2025-04-20T16:00:00,1572.80,1587.13,1570.45,1585.34,285611.444
2025-04-20T20:00:00,1585.34,1600.00,1573.36,1586.56,552942.438
2025-04-21T00:00:00,1586.57,1645.34,1585.28,1634.06,1670017.800
2025-04-21T04:00:00,1634.06,1658.00,1630.40,1645.10,884262.679
2025-04-21T08:00:00,1645.11,1654.64,1617.04,1625.66,858321.394
2025-04-21T12:00:00,1625.66,1641.39,1607.63,1622.50,1516623.695
2025-04-21T16:00:00,1622.50,1625.41,1560.62,1572.86,2068484.332
2025-04-21T20:00:00,1572.86,1579.97,1570.01,1578.64,472368.454
2025-04-22T00:00:00,1578.63,1593.23,1535.00,1578.21,1503216.179
2025-04-22T04:00:00,1578.21,1623.50,1573.07,1618.60,1108463.740
2025-04-22T08:00:00,1618.60,1638.00,1612.41,1630.14,1156134.698
2025-04-22T12:00:00,1630.14,1725.93,1626.00,1702.41,3399957.543
2025-04-22T16:00:00,1702.41,1710.00,1681.42,1697.54,1201729.974
2025-04-22T20:00:00,1697.53,1779.02,1691.49,1755.57,1938167.321
2025-04-23T00:00:00,1755.58,1807.36,1744.30,1794.51,1748752.815
2025-04-23T04:00:00,1794.51,1817.98,1773.10,1791.27,1424392.821
2025-04-23T08:00:00,1791.28,1812.04,1778.29,1796.74,1057307.676
2025-04-23T12:00:00,1796.74,1838.00,1761.00,1793.70,2699639.526
2025-04-23T16:00:00,1793.71,1809.60,1773.43,1785.44,1026256.555
2025-04-23T20:00:00,1785.44,1806.28,1784.78,1794.46,353173.727
2025-04-24T00:00:00,1794.45,1802.27,1765.52,1767.30,773066.615
2025-04-24T04:00:00,1767.29,1775.71,1750.80,1755.61,758688.419
2025-04-24T08:00:00,1755.60,1759.88,1721.22,1754.05,1321170.566
2025-04-24T12:00:00,1754.04,1777.33,1743.12,1763.83,1152418.662
2025-04-24T16:00:00,1763.83,1776.85,1745.09,1762.21,881755.193
2025-04-24T20:00:00,1762.21,1774.17,1747.81,1768.80,360233.916
2025-04-25T00:00:00,1768.79,1789.88,1737.40,1760.00,908000.423
2025-04-25T04:00:00,1760.00,1781.23,1757.25,1776.38,577613.878
2025-04-25T08:00:00,1776.39,1792.72,1763.08,1789.47,923294.946
2025-04-25T12:00:00,1789.47,1826.91,1755.81,1805.70,2239999.361
2025-04-25T16:00:00,1805.69,1809.81,1781.32,1801.45,909113.932
2025-04-25T20:00:00,1801.45,1808.87,1783.00,1783.77,431087.636
2025-04-26T00:00:00,1783.76,1815.05,1783.76,1796.51,709519.382
2025-04-26T04:00:00,1796.50,1809.94,1788.01,1799.54,456016.896
2025-04-26T08:00:00,1799.54,1841.49,1777.31,1784.73,1377154.319
2025-04-26T12:00:00,1784.73,1803.94,1778.88,1799.39,671756.802
2025-04-26T16:00:00,1799.38,1814.95,1795.00,1812.21,316852.466
2025-04-26T20:00:00,1812.22,1830.78,1804.52,1820.00,434287.984
2025-04-27T00:00:00,1819.99,1857.00,1800.00,1808.74,1269737.641
2025-04-27T04:00:00,1808.74,1810.77,1788.88,1802.98,524391.024
2025-04-27T08:00:00,1802.98,1814.99,1800.58,1805.04,363311.245
2025-04-27T12:00:00,1805.03,1807.96,1780.25,1792.88,784329.967
2025-04-27T16:00:00,1792.88,1807.77,1786.18,1806.95,307003.137
2025-04-27T20:00:00,1806.95,1807.25,1783.10,1790.21,370782.592
2025-04-28T00:00:00,1790.22,1793.25,1750.99,1783.25,1164418.072
2025-04-28T04:00:00,1783.24,1811.82,1783.24,1803.95,667932.886
2025-04-28T08:00:00,1803.95,1826.71,1787.10,1815.00,1060796.867
2025-04-28T12:00:00,1815.00,1816.48,1751.42,1762.08,1529659.660
2025-04-28T16:00:00,1762.08,1805.00,1742.15,1796.36,1306542.158
2025-04-28T20:00:00,1796.35,1806.87,1780.24,1799.22,623379.044
2025-04-29T00:00:00,1799.21,1810.92,1786.68,1801.26,627213.054
2025-04-29T04:00:00,1801.26,1824.24,1787.37,1820.77,792123.184
2025-04-29T08:00:00,1820.77,1842.82,1815.76,1828.90,1042093.467
2025-04-29T12:00:00,1828.89,1832.58,1801.00,1814.21,1241440.926
2025-04-29T16:00:00,1814.20,1831.49,1806.00,1820.92,717932.308
2025-04-29T20:00:00,1820.92,1824.87,1779.36,1796.57,894515.506
2025-04-30T00:00:00,1796.57,1812.48,1787.72,1808.19,573242.097
2025-04-30T04:00:00,1808.18,1812.22,1790.00,1795.55,424863.455
2025-04-30T08:00:00,1795.54,1816.00,1791.61,1814.79,544629.985
2025-04-30T12:00:00,1814.79,1815.48,1730.60,1763.72,2614074.383
2025-04-30T16:00:00,1763.72,1792.39,1755.02,1785.96,837128.774
2025-04-30T20:00:00,1786.08,1809.19,1784.00,1792.71,632604.794
2025-05-01T00:00:00,1792.71,1818.18,1791.55,1807.28,587418.818
2025-05-01T04:00:00,1807.28,1816.77,1801.24,1809.74,400734.586
2025-05-01T08:00:00,1809.74,1858.73,1807.74,1844.79,1437470.389
2025-05-01T12:00:00,1844.79,1872.71,1823.47,1851.99,1789376.969
2025-05-01T16:00:00,1852.00,1869.40,1838.08,1842.12,735528.169
2025-05-01T20:00:00,1842.11,1850.45,1831.80,1837.19,410179.107
2025-05-02T00:00:00,1837.18,1850.49,1834.06,1846.66,472225.233
2025-05-02T04:00:00,1846.66,1850.86,1815.00,1815.30,775261.172
2025-05-02T08:00:00,1815.29,1834.92,1812.00,1832.39,738231.839
2025-05-02T12:00:00,1832.39,1853.58,1822.13,1840.21,1066632.348
2025-05-02T16:00:00,1840.21,1871.06,1830.79,1838.78,1002260.931
2025-05-02T20:00:00,1838.78,1847.23,1832.10,1841.22,275358.821
2025-05-03T00:00:00,1841.22,1842.44,1825.52,1834.08,325492.804
2025-05-03T04:00:00,1834.07,1838.55,1823.39,1825.58,317792.130
2025-05-03T08:00:00,1825.58,1829.99,1816.23,1823.35,571769.933
2025-05-03T12:00:00,1823.34,1839.27,1823.10,1833.51,429242.931
2025-05-03T16:00:00,1833.51,1838.56,1807.75,1837.61,700161.621
2025-05-03T20:00:00,1837.62,1848.00,1827.79,1832.55,457184.141
2025-05-04T00:00:00,1832.55,1848.84,1825.28,1831.24,497884.745
2025-05-04T04:00:00,1831.24,1849.53,1828.43,1840.24,489368.721
2025-05-04T08:00:00,1840.24,1840.73,1820.75,1826.69,612670.707
2025-05-04T12:00:00,1826.68,1833.07,1817.03,1829.63,405676.694
2025-05-04T16:00:00,1829.64,1832.28,1821.06,1827.58,339285.093
2025-05-04T20:00:00,1827.59,1841.76,1801.71,1807.87,710871.396
2025-05-05T00:00:00,1807.87,1817.60,1780.02,1793.86,986733.206
2025-05-05T04:00:00,1793.85,1829.07,1792.00,1825.74,627690.591
2025-05-05T08:00:00,1825.73,1830.72,1797.00,1803.81,868144.459
2025-05-05T12:00:00,1803.81,1814.86,1793.29,1800.14,844857.592
2025-05-05T16:00:00,1800.14,1828.00,1799.86,1815.65,671849.243
2025-05-05T20:00:00,1815.64,1832.98,1797.79,1819.43,642080.274
2025-05-06T00:00:00,1819.43,1820.30,1791.57,1805.50,698535.993
2025-05-06T04:00:00,1805.49,1808.55,1797.26,1805.00,302865.771
2025-05-06T08:00:00,1804.99,1805.17,1755.71,1769.10,1150386.634
2025-05-06T12:00:00,1769.09,1779.08,1750.00,1769.31,1198817.219
2025-05-06T16:00:00,1769.31,1798.41,1761.00,1784.05,827534.324
2025-05-06T20:00:00,1784.06,1818.62,1764.39,1816.22,1166051.619
2025-05-07T00:00:00,1816.23,1850.00,1813.47,1825.60,1484206.235
2025-05-07T04:00:00,1825.60,1837.85,1823.69,1837.26,407889.918
2025-05-07T08:00:00,1837.27,1846.50,1829.47,1835.48,697828.821
2025-05-07T12:00:00,1835.48,1836.20,1813.36,1816.73,864908.101
2025-05-07T16:00:00,1816.72,1817.33,1786.00,1795.08,1577954.618
2025-05-07T20:00:00,1795.07,1824.73,1788.00,1810.14,736420.270
2025-05-08T00:00:00,1810.13,1907.45,1807.72,1900.50,1786283.565
2025-05-08T04:00:00,1900.51,1944.00,1891.36,1927.80,1533788.488
2025-05-08T08:00:00,1927.81,1968.29,1925.00,1956.65,1369546.365
2025-05-08T12:00:00,1956.65,2075.10,1952.57,2050.56,3473067.062
2025-05-08T16:00:00,2050.56,2140.21,2035.79,2117.59,2278690.005
2025-05-08T20:00:00,2117.59,2227.00,2111.00,2206.54,2848796.238
2025-05-09T00:00:00,2206.53,2244.90,2183.59,2204.56,1883887.846
2025-05-09T04:00:00,2204.56,2393.67,2201.98,2363.81,2727001.302
2025-05-09T08:00:00,2363.71,2490.75,2291.46,2350.76,5113067.854
2025-05-09T12:00:00,2350.75,2388.12,2270.00,2300.55,2541569.629
2025-05-09T16:00:00,2300.55,2355.00,2273.63,2330.69,1243862.334
2025-05-09T20:00:00,2330.69,2351.16,2321.48,2344.30,415028.972
2025-05-10T00:00:00,2344.31,2379.99,2315.09,2338.81,775367.261
2025-05-10T04:00:00,2338.81,2416.50,2325.31,2399.17,1014233.591
2025-05-10T08:00:00,2399.20,2435.00,2360.00,2383.75,1972913.729
2025-05-10T12:00:00,2383.75,2449.99,2383.75,2432.38,1469863.634
2025-05-10T16:00:00,2432.38,2512.00,2427.65,2498.35,2129419.275
2025-05-10T20:00:00,2498.35,2600.76,2465.60,2581.91,1975957.257
2025-05-11T00:00:00,2581.90,2608.00,2498.79,2536.31,1842655.844
2025-05-11T04:00:00,2536.31,2561.68,2452.61,2472.61,1538673.347
2025-05-11T08:00:00,2472.61,2534.80,2471.50,2529.36,1023280.318
2025-05-11T12:00:00,2529.36,2530.92,2434.89,2461.22,1374239.317
2025-05-11T16:00:00,2461.22,2524.38,2439.08,2506.99,1105701.773
2025-05-11T20:00:00,2507.00,2527.71,2481.95,2513.48,609193.962
2025-05-12T00:00:00,2513.48,2548.00,2490.00,2519.01,941674.729
2025-05-12T04:00:00,2519.00,2624.84,2484.02,2553.44,2242797.017
2025-05-12T08:00:00,2553.45,2585.05,2520.00,2529.34,1268458.744
2025-05-12T12:00:00,2529.32,2575.60,2478.00,2485.94,2294695.345
2025-05-12T16:00:00,2485.95,2511.94,2406.55,2459.29,1853110.156
2025-05-12T20:00:00,2459.28,2499.34,2450.88,2494.16,596324.874
2025-05-13T00:00:00,2494.16,2494.90,2414.36,2424.07,1055040.451
2025-05-13T04:00:00,2424.06,2479.45,2418.84,2459.90,776859.755
2025-05-13T08:00:00,2459.89,2524.97,2450.57,2512.26,965762.294
2025-05-13T12:00:00,2512.25,2573.00,2490.13,2564.89,1893092.860
2025-05-13T16:00:00,2564.88,2738.62,2558.61,2690.02,2769262.522
2025-05-13T20:00:00,2690.02,2706.98,2653.00,2678.59,1236161.125
2025-05-14T00:00:00,2678.58,2724.96,2620.80,2645.78,1641253.983
2025-05-14T04:00:00,2645.79,2686.61,2635.06,2639.14,807221.596
2025-05-14T08:00:00,2639.15,2644.71,2575.00,2624.16,1507824.985
2025-05-14T12:00:00,2624.16,2634.52,2557.00,2596.28,1495860.917
2025-05-14T16:00:00,2596.28,2616.82,2545.00,2603.85,1049260.687
2025-05-14T20:00:00,2603.86,2612.88,2582.31,2608.74,412855.983
2025-05-15T00:00:00,2608.75,2646.10,2565.90,2573.77,939751.872
2025-05-15T04:00:00,2573.77,2595.73,2513.80,2529.60,1197722.104
2025-05-15T08:00:00,2529.59,2566.39,2515.68,2553.81,1225654.523
2025-05-15T12:00:00,2553.81,2578.99,2475.61,2562.90,2328139.242
2025-05-15T16:00:00,2562.91,2603.52,2510.59,2529.77,1705724.372
2025-05-15T20:00:00,2529.77,2563.61,2510.49,2547.75,718685.509
2025-05-16T00:00:00,2547.76,2584.08,2533.15,2580.43,686310.721
2025-05-16T04:00:00,2580.43,2619.39,2562.92,2600.50,817685.147
2025-05-16T08:00:00,2600.51,2648.68,2556.65,2620.00,1458062.580
2025-05-16T12:00:00,2620.00,2622.39,2572.30,2593.94,1187310.629
2025-05-16T16:00:00,2593.93,2600.96,2568.27,2591.00,563810.618
2025-05-16T20:00:00,2591.00,2591.88,2527.14,2535.72,801645.427
2025-05-17T00:00:00,2535.71,2537.63,2450.62,2495.93,1792000.979
2025-05-17T04:00:00,2495.92,2512.33,2473.53,2491.49,713657.089
2025-05-17T08:00:00,2491.49,2495.06,2463.71,2480.54,625120.761
2025-05-17T12:00:00,2480.55,2485.76,2442.65,2473.22,822248.107
2025-05-17T16:00:00,2473.22,2488.00,2446.70,2468.90,654559.246
2025-05-17T20:00:00,2468.90,2495.55,2451.28,2474.09,481277.838
2025-05-18T00:00:00,2474.09,2486.78,2466.74,2476.19,331411.088
2025-05-18T04:00:00,2476.18,2514.77,2476.18,2508.35,562307.567
2025-05-18T08:00:00,2508.35,2527.85,2496.00,2500.49,557580.444
2025-05-18T12:00:00,2500.49,2587.52,2486.65,2578.06,1379138.641
2025-05-18T16:00:00,2578.07,2582.92,2402.00,2406.78,2642398.498
2025-05-18T20:00:00,2406.78,2510.20,2312.62,2496.98,2606228.026
2025-05-19T00:00:00,2496.98,2513.38,2378.02,2384.46,1799075.262
2025-05-19T04:00:00,2384.46,2412.27,2346.99,2402.54,1602633.825
2025-05-19T08:00:00,2402.53,2422.11,2389.00,2416.34,937674.513
2025-05-19T12:00:00,2416.33,2473.00,2383.00,2465.59,1658874.566
2025-05-19T16:00:00,2465.59,2546.97,2449.82,2517.67,2048794.518
2025-05-19T20:00:00,2517.68,2534.09,2491.39,2526.87,825841.907
2025-05-20T00:00:00,2526.87,2588.00,2509.52,2552.08,1477473.617
2025-05-20T04:00:00,2552.08,2577.54,2520.66,2531.20,913343.332
2025-05-20T08:00:00,2531.21,2539.00,2491.00,2513.32,887639.522
2025-05-20T12:00:00,2513.32,2514.31,2463.00,2481.52,1339869.174
2025-05-20T16:00:00,2481.52,2511.05,2438.39,2500.25,1342709.473
2025-05-20T20:00:00,2500.25,2540.47,2483.50,2523.09,984928.514
2025-05-21T00:00:00,2523.08,2553.50,2506.31,2543.77,780479.959
2025-05-21T04:00:00,2543.76,2615.46,2533.03,2550.72,1630181.452
2025-05-21T08:00:00,2550.72,2561.48,2513.21,2535.67,1087132.338
2025-05-21T12:00:00,2535.67,2581.96,2520.49,2566.01,1596059.558
2025-05-21T16:00:00,2566.01,2614.99,2450.72,2511.11,4283127.922
2025-05-21T20:00:00,2511.10,2598.53,2482.45,2550.26,1223065.547
2025-05-22T00:00:00,2550.26,2647.25,2543.37,2628.60,1480317.910
2025-05-22T04:00:00,2628.59,2646.82,2601.65,2634.41,1239074.054
2025-05-22T08:00:00,2634.41,2692.61,2626.41,2649.71,1589788.052
2025-05-22T12:00:00,2649.72,2679.30,2618.59,2663.53,1316940.745
2025-05-22T16:00:00,2663.54,2675.34,2625.28,2634.02,876865.881
2025-05-22T20:00:00,2634.03,2665.00,2627.18,2663.72,482068.043
2025-05-23T00:00:00,2663.72,2734.30,2643.76,2720.93,1570361.036
2025-05-23T04:00:00,2720.93,2725.39,2650.01,2654.69,1300283.032
2025-05-23T08:00:00,2654.69,2687.80,2550.00,2565.32,1833415.438
2025-05-23T12:00:00,2565.32,2591.19,2497.00,2567.38,2423745.030
2025-05-23T16:00:00,2567.37,2585.94,2545.12,2559.76,959181.098
2025-05-23T20:00:00,2559.77,2561.62,2502.10,2525.39,974559.196
2025-05-24T00:00:00,2525.38,2555.05,2513.97,2548.98,533556.357
2025-05-24T04:00:00,2548.98,2562.33,2534.10,2545.79,469613.397
2025-05-24T08:00:00,2545.78,2574.50,2543.81,2562.14,502514.348
2025-05-24T12:00:00,2562.15,2564.37,2542.34,2554.32,470406.445
2025-05-24T16:00:00,2554.32,2566.40,2542.23,2553.33,309487.140
2025-05-24T20:00:00,2553.34,2555.47,2511.13,2529.27,466950.261
2025-05-25T00:00:00,2529.27,2538.38,2473.36,2511.79,973247.946
2025-05-25T04:00:00,2511.78,2517.66,2486.30,2493.38,384054.290
2025-05-25T08:00:00,2493.38,2501.74,2457.60,2496.58,796703.684
2025-05-25T12:00:00,2496.58,2524.99,2478.00,2510.47,838094.896
2025-05-25T16:00:00,2510.47,2537.00,2495.00,2525.21,415021.708
2025-05-25T20:00:00,2525.20,2553.00,2506.08,2550.03,629624.009
2025-05-26T00:00:00,2550.03,2576.00,2535.00,2559.33,697788.792
2025-05-26T04:00:00,2559.34,2598.60,2556.16,2579.71,683033.265
2025-05-26T08:00:00,2579.70,2581.80,2552.47,2566.75,545725.204
2025-05-26T12:00:00,2566.74,2573.62,2537.68,2565.00,697779.257
2025-05-26T16:00:00,2565.00,2572.80,2521.29,2539.97,642992.323
2025-05-26T20:00:00,2539.97,2584.74,2535.19,2562.43,483515.497
2025-05-27T00:00:00,2562.42,2572.50,2508.00,2548.42,836329.354
2025-05-27T04:00:00,2548.42,2619.61,2547.83,2606.95,1343275.090
2025-05-27T08:00:00,2606.97,2654.10,2606.70,2651.98,1387295.484
2025-05-27T12:00:00,2651.97,2683.76,2632.42,2667.46,1566938.640
2025-05-27T16:00:00,2667.47,2711.80,2657.20,2686.84,1253647.962
2025-05-27T20:00:00,2686.84,2693.63,2651.00,2659.84,553686.383
2025-05-28T00:00:00,2659.83,2660.85,2617.00,2644.51,734773.316
2025-05-28T04:00:00,2644.51,2651.87,2622.36,2635.35,463076.132
2025-05-28T08:00:00,2635.36,2658.94,2606.00,2655.99,750489.820
2025-05-28T12:00:00,2655.99,2689.13,2612.00,2626.17,1681717.068
2025-05-28T16:00:00,2626.20,2664.00,2615.23,2616.61,785142.616
2025-05-28T20:00:00,2616.61,2686.00,2610.01,2680.40,740934.455
2025-05-29T00:00:00,2680.40,2788.88,2669.43,2762.05,1934120.835
2025-05-29T04:00:00,2762.04,2766.66,2700.01,2730.00,1163696.032
2025-05-29T08:00:00,2730.00,2744.00,2705.82,2714.84,866640.236
2025-05-29T12:00:00,2714.84,2718.09,2620.26,2642.46,2061443.262
2025-05-29T16:00:00,2642.46,2672.85,2627.34,2649.35,990275.507
2025-05-29T20:00:00,2649.35,2667.97,2617.11,2630.30,572182.083
2025-05-30T00:00:00,2630.30,2644.12,2556.00,2630.39,1473970.879
2025-05-30T04:00:00,2630.39,2648.42,2605.83,2617.55,912386.829
2025-05-30T08:00:00,2617.55,2627.09,2586.55,2620.69,833611.471
2025-05-30T12:00:00,2620.70,2625.28,2571.17,2597.01,1368556.609
2025-05-30T16:00:00,2597.01,2603.00,2530.00,2573.30,1392383.191
2025-05-30T20:00:00,2573.30,2589.45,2503.37,2529.63,1003938.363
2025-05-31T00:00:00,2529.62,2538.39,2474.00,2512.88,1322167.486
2025-05-31T04:00:00,2512.88,2526.00,2503.40,2520.00,394921.322
2025-05-31T08:00:00,2520.00,2537.97,2506.27,2518.60,477940.903
2025-05-31T12:00:00,2518.60,2550.00,2515.34,2534.85,645857.187
2025-05-31T16:00:00,2534.85,2546.49,2521.05,2536.48,304612.221
2025-05-31T20:00:00,2536.47,2550.00,2523.32,2527.08,301330.216
2025-06-01T00:00:00,2527.08,2529.67,2488.52,2512.14,597182.554
2025-06-01T04:00:00,2512.13,2526.46,2504.58,2507.62,260989.816
2025-06-01T08:00:00,2507.62,2509.70,2476.01,2496.32,578632.561
2025-06-01T12:00:00,2496.32,2524.47,2465.00,2522.00,730401.961
2025-06-01T16:00:00,2522.00,2547.00,2491.56,2525.11,884380.111
2025-06-01T20:00:00,2525.10,2546.35,2518.19,2537.89,433284.726
2025-06-02T00:00:00,2537.89,2540.89,2484.05,2495.12,661312.367
2025-06-02T04:00:00,2495.11,2512.74,2482.00,2505.78,579570.941
2025-06-02T08:00:00,2505.79,2515.00,2472.74,2480.03,763797.294
2025-06-02T12:00:00,2480.02,2556.34,2477.00,2543.24,1458642.261
2025-06-02T16:00:00,2543.25,2565.40,2522.88,2531.21,837300.820
2025-06-02T20:00:00,2531.22,2614.20,2530.70,2606.48,974822.701
2025-06-03T00:00:00,2606.49,2649.00,2588.05,2602.38,1386420.609
2025-06-03T04:00:00,2602.38,2619.44,2588.88,2608.68,569501.463
2025-06-03T08:00:00,2608.69,2619.52,2593.47,2600.21,505288.900
2025-06-03T12:00:00,2600.21,2654.98,2596.36,2622.56,1348476.143
2025-06-03T16:00:00,2622.55,2627.77,2601.76,2624.16,648206.732
2025-06-03T20:00:00,2624.17,2624.46,2563.00,2592.16,734013.333
2025-06-04T00:00:00,2592.16,2639.84,2582.41,2626.78,649446.742
2025-06-04T04:00:00,2626.77,2644.17,2618.33,2626.31,578432.877
2025-06-04T08:00:00,2626.32,2649.38,2623.00,2623.71,662755.204
2025-06-04T12:00:00,2623.71,2679.64,2593.20,2666.91,1877192.480
2025-06-04T16:00:00,2666.92,2668.29,2620.73,2622.36,811795.325
2025-06-04T20:00:00,2622.36,2623.79,2596.95,2606.62,704964.905
2025-06-05T00:00:00,2606.62,2631.68,2600.11,2624.00,465813.604
2025-06-05T04:00:00,2624.01,2633.76,2600.00,2603.21,580779.233
2025-06-05T08:00:00,2603.22,2612.68,2579.14,2606.64,660454.477
2025-06-05T12:00:00,2606.63,2640.00,2560.01,2588.34,2165012.477
2025-06-05T16:00:00,2588.35,2590.70,2506.00,2528.08,1793921.269
2025-06-05T20:00:00,2528.08,2534.79,2390.00,2412.90,2826419.660
2025-06-06T00:00:00,2412.90,2455.83,2379.62,2454.51,1153684.026
2025-06-06T04:00:00,2454.50,2468.43,2445.49,2454.18,745714.121
2025-06-06T08:00:00,2454.19,2492.03,2452.71,2474.93,815093.429
2025-06-06T12:00:00,2474.93,2529.67,2465.66,2508.29,1649226.869
2025-06-06T16:00:00,2508.28,2517.39,2482.21,2483.04,681493.984
2025-06-06T20:00:00,2483.04,2506.44,2471.51,2475.38,373807.114
2025-06-07T00:00:00,2475.38,2492.79,2455.85,2487.99,562304.031
2025-06-07T04:00:00,2487.99,2501.15,2478.75,2490.21,436170.860
2025-06-07T08:00:00,2490.21,2500.88,2480.25,2494.22,295912.887
2025-06-07T12:00:00,2494.23,2522.91,2491.28,2518.50,616927.623
2025-06-07T16:00:00,2518.50,2524.90,2505.61,2515.78,397391.702
2025-06-07T20:00:00,2515.78,2545.00,2515.78,2523.40,384207.658
2025-06-08T00:00:00,2523.41,2525.00,2507.25,2510.66,304361.554
2025-06-08T04:00:00,2510.66,2519.03,2507.25,2513.45,195997.002
2025-06-08T08:00:00,2513.46,2520.19,2483.28,2512.29,585488.919
2025-06-08T12:00:00,2512.29,2527.26,2498.68,2513.39,475955.891
2025-06-08T16:00:00,2513.38,2539.68,2511.48,2531.53,417830.619
2025-06-08T20:00:00,2531.54,2548.02,2497.41,2508.32,653318.554
2025-06-09T00:00:00,2508.31,2510.64,2480.40,2495.55,592287.740
2025-06-09T04:00:00,2495.55,2495.74,2475.83,2490.67,395793.047
2025-06-09T08:00:00,2490.67,2546.98,2483.03,2540.74,1177500.484
2025-06-09T12:00:00,2540.75,2547.97,2507.98,2532.98,970683.284
2025-06-09T16:00:00,2532.98,2589.33,2532.66,2579.45,1032215.720
2025-06-09T20:00:00,2579.46,2693.20,2574.54,2679.12,1404063.031
2025-06-10T00:00:00,2679.13,2726.83,2674.44,2688.26,1363440.805
2025-06-10T04:00:00,2688.26,2699.00,2655.00,2676.67,941983.645
2025-06-10T08:00:00,2676.67,2798.72,2669.01,2772.99,1670367.354
2025-06-10T12:00:00,2772.99,2778.50,2688.53,2731.83,2220486.109
2025-06-10T16:00:00,2731.84,2807.00,2727.05,2772.87,1329132.350
2025-06-10T20:00:00,2772.87,2827.00,2731.02,2815.74,1304747.252
2025-06-11T00:00:00,2815.74,2834.23,2771.14,2790.21,938015.800
2025-06-11T04:00:00,2790.21,2803.61,2778.80,2790.86,470951.583
2025-06-11T08:00:00,2790.86,2792.84,2753.01,2771.82,737858.849
2025-06-11T12:00:00,2771.82,2879.00,2762.88,2864.01,2768039.315
2025-06-11T16:00:00,2864.00,2874.98,2800.59,2811.94,1796803.452
2025-06-11T20:00:00,2811.93,2830.00,2742.57,2770.34,1202209.570
2025-06-12T00:00:00,2770.35,2783.90,2745.01,2763.99,870750.517
2025-06-12T04:00:00,2764.00,2775.75,2729.13,2739.45,769350.680
2025-06-12T08:00:00,2739.45,2760.94,2718.46,2728.76,908970.378
2025-06-12T12:00:00,2728.76,2772.52,2710.78,2718.25,1597660.237
2025-06-12T16:00:00,2718.24,2769.97,2690.01,2693.13,1386161.237
2025-06-12T20:00:00,2693.12,2702.38,2614.24,2641.38,1873001.218
2025-06-13T00:00:00,2641.38,2644.32,2433.80,2513.00,4910049.086
2025-06-13T04:00:00,2513.00,2541.11,2490.78,2525.13,1278994.741
2025-06-13T08:00:00,2525.14,2544.87,2505.35,2543.93,1188597.489
2025-06-13T12:00:00,2543.93,2562.57,2502.65,2550.26,1939511.167
2025-06-13T16:00:00,2550.26,2585.00,2508.70,2526.33,1349970.638
2025-06-13T20:00:00,2526.33,2582.16,2523.08,2578.09,498759.875
2025-06-14T00:00:00,2578.10,2578.18,2545.83,2547.74,488953.082
2025-06-14T04:00:00,2547.73,2555.45,2524.08,2535.82,434102.986
2025-06-14T08:00:00,2535.82,2538.70,2517.33,2537.00,485412.365
2025-06-14T12:00:00,2537.01,2545.40,2503.30,2518.22,639512.902
2025-06-14T16:00:00,2518.21,2525.07,2486.68,2506.31,999816.853
2025-06-14T20:00:00,2506.36,2539.16,2495.40,2529.66,517526.195
2025-06-15T00:00:00,2529.66,2539.90,2523.78,2529.05,289312.420
2025-06-15T04:00:00,2529.04,2552.23,2521.01,2527.33,636118.280
2025-06-15T08:00:00,2527.32,2528.96,2507.38,2515.19,456376.615
2025-06-15T12:00:00,2515.19,2555.00,2514.79,2540.79,789067.656
2025-06-15T16:00:00,2540.80,2559.76,2528.54,2535.94,490790.656
2025-06-15T20:00:00,2535.94,2549.42,2490.38,2546.32,836516.063
2025-06-16T00:00:00,2546.32,2578.00,2513.38,2567.60,931639.038
2025-06-16T04:00:00,2567.60,2637.70,2565.37,2627.71,1245019.081
2025-06-16T08:00:00,2627.72,2633.15,2591.62,2615.81,831117.756
2025-06-16T12:00:00,2615.80,2656.51,2603.34,2630.86,1211839.078
2025-06-16T16:00:00,2630.86,2668.90,2626.26,2659.20,771364.382
2025-06-16T20:00:00,2659.22,2680.00,2533.10,2543.12,2110670.661
2025-06-17T00:00:00,2543.11,2617.74,2524.00,2606.39,1643928.047
2025-06-17T04:00:00,2606.39,2609.69,2569.00,2581.13,692237.722
2025-06-17T08:00:00,2581.13,2584.37,2540.65,2551.25,780338.905
2025-06-17T12:00:00,2551.26,2567.39,2480.00,2497.75,1936684.116
2025-06-17T16:00:00,2497.76,2542.71,2451.97,2527.09,2072872.872
2025-06-17T20:00:00,2527.09,2533.83,2491.00,2508.99,878059.326
2025-06-18T00:00:00,2508.99,2535.31,2505.00,2526.87,561438.504
2025-06-18T04:00:00,2526.88,2545.10,2516.40,2532.33,525376.414
2025-06-18T08:00:00,2532.33,2547.35,2487.45,2512.59,1052630.235
2025-06-18T12:00:00,2512.60,2537.99,2465.00,2507.84,2115706.575
2025-06-18T16:00:00,2507.84,2520.09,2465.00,2491.24,1679946.788
2025-06-18T20:00:00,2491.25,2536.75,2481.50,2523.49,758607.152
2025-06-19T00:00:00,2523.50,2546.29,2505.52,2524.36,624508.847
2025-06-19T04:00:00,2524.35,2530.17,2513.01,2517.56,345035.785
2025-06-19T08:00:00,2517.56,2544.00,2517.55,2530.62,538241.729
2025-06-19T12:00:00,2530.61,2536.38,2488.76,2491.89,921652.562
2025-06-19T16:00:00,2491.88,2523.48,2483.58,2503.76,729587.211
2025-06-19T20:00:00,2503.77,2531.85,2501.59,2520.18,507720.547
2025-06-20T00:00:00,2520.17,2530.58,2511.18,2516.16,386590.064
2025-06-20T04:00:00,2516.16,2552.00,2502.44,2548.60,790265.848
2025-06-20T08:00:00,2548.60,2568.56,2540.00,2548.68,1012530.739
2025-06-20T12:00:00,2548.68,2558.63,2486.00,2492.46,1685818.916
2025-06-20T16:00:00,2492.47,2495.10,2363.88,2413.62,2960595.651
2025-06-20T20:00:00,2413.62,2437.20,2380.00,2405.42,888370.569
2025-06-21T00:00:00,2405.43,2431.44,2394.66,2424.33,529288.672
2025-06-21T04:00:00,2424.34,2427.25,2417.59,2425.63,274576.529
2025-06-21T08:00:00,2425.63,2447.96,2422.08,2441.43,587247.643
2025-06-21T12:00:00,2441.43,2444.10,2410.89,2422.37,787741.515
2025-06-21T16:00:00,2422.36,2427.39,2381.00,2384.02,855670.816
2025-06-21T20:00:00,2384.02,2408.10,2213.07,2294.63,3313256.274
2025-06-22T00:00:00,2294.64,2312.96,2243.19,2263.49,2193010.090
2025-06-22T04:00:00,2263.50,2297.40,2260.59,2269.74,745492.225
2025-06-22T08:00:00,2269.74,2279.08,2233.34,2272.00,1138897.715
2025-06-22T12:00:00,2272.00,2286.64,2155.10,2173.91,3824236.271
2025-06-22T16:00:00,2173.90,2219.11,2169.42,2182.96,1163775.320
2025-06-22T20:00:00,2182.97,2236.00,2111.00,2226.33,1911014.757
2025-06-23T00:00:00,2226.33,2259.37,2221.00,2233.89,780063.519
2025-06-23T04:00:00,2233.90,2277.77,2226.76,2257.50,914424.114
2025-06-23T08:00:00,2257.51,2273.47,2237.34,2252.16,657693.554
2025-06-23T12:00:00,2252.17,2317.00,2231.02,2247.17,2217435.913
2025-06-23T16:00:00,2247.16,2325.38,2187.01,2311.57,3035881.317
2025-06-23T20:00:00,2311.61,2440.00,2302.27,2410.39,2514103.620
2025-06-24T00:00:00,2410.40,2416.83,2388.05,2397.66,940167.174
2025-06-24T04:00:00,2397.66,2434.10,2390.00,2391.79,971566.814
2025-06-24T08:00:00,2391.78,2450.00,2374.90,2408.30,1457561.532
2025-06-24T12:00:00,2408.30,2455.98,2401.46,2437.00,1354130.236
2025-06-24T16:00:00,2437.00,2481.28,2416.00,2432.91,1553818.886
2025-06-24T20:00:00,2432.90,2448.82,2428.94,2447.58,395365.330
2025-06-25T00:00:00,2447.58,2467.84,2435.29,2442.85,618629.814
2025-06-25T04:00:00,2442.85,2449.93,2422.77,2443.45,561567.204
2025-06-25T08:00:00,2443.44,2447.61,2405.06,2427.96,963725.948
2025-06-25T12:00:00,2427.93,2445.87,2388.23,2404.48,1704481.503
2025-06-25T16:00:00,2404.48,2438.75,2400.22,2431.80,664699.186
2025-06-25T20:00:00,2431.79,2455.27,2406.69,2417.28,487021.558
2025-06-26T00:00:00,2417.28,2520.00,2415.68,2487.95,1384813.557
2025-06-26T04:00:00,2487.95,2499.85,2465.74,2489.00,648672.753
2025-06-26T08:00:00,2489.01,2499.65,2438.00,2449.23,888554.803
2025-06-26T12:00:00,2449.23,2458.93,2408.01,2432.00,1525301.187
2025-06-26T16:00:00,2432.00,2443.09,2416.63,2434.52,549742.962
2025-06-26T20:00:00,2434.51,2456.58,2392.12,2414.54,707909.250
2025-06-27T00:00:00,2414.59,2447.89,2377.00,2445.83,785672.789
2025-06-27T04:00:00,2445.84,2458.88,2433.33,2441.19,623010.328
2025-06-27T08:00:00,2441.20,2463.38,2433.99,2446.26,612862.630
2025-06-27T12:00:00,2446.27,2456.33,2412.50,2437.61,1017373.521
2025-06-27T16:00:00,2437.61,2448.69,2387.01,2411.72,985773.859
2025-06-27T20:00:00,2411.72,2429.00,2410.50,2422.06,350789.367
2025-06-28T00:00:00,2422.07,2423.06,2404.75,2419.70,281932.459
2025-06-28T04:00:00,2419.70,2433.00,2416.52,2430.55,249389.724
2025-06-28T08:00:00,2430.55,2431.25,2418.29,2426.26,224421.488
2025-06-28T12:00:00,2426.26,2443.99,2418.75,2435.08,250438.725
2025-06-28T16:00:00,2435.09,2447.42,2430.50,2432.38,359274.969
2025-06-28T20:00:00,2432.38,2441.37,2425.80,2434.80,168454.394
2025-06-29T00:00:00,2434.80,2441.68,2423.12,2426.85,199560.091
2025-06-29T04:00:00,2426.84,2439.60,2425.57,2439.58,173700.524
2025-06-29T08:00:00,2439.58,2463.96,2437.05,2460.82,587466.365
2025-06-29T12:00:00,2460.81,2462.14,2431.70,2435.36,497284.170
2025-06-29T16:00:00,2435.36,2441.71,2428.00,2436.81,283148.046
2025-06-29T20:00:00,2436.80,2524.41,2406.45,2499.25,1325636.004
2025-06-30T00:00:00,2499.25,2523.43,2494.18,2498.42,660423.780
2025-06-30T04:00:00,2498.43,2504.81,2453.94,2479.63,882527.342
2025-06-30T08:00:00,2479.63,2485.84,2445.20,2457.19,783903.016
2025-06-30T12:00:00,2457.19,2488.12,2431.87,2473.54,1355948.586
2025-06-30T16:00:00,2473.54,2517.49,2460.05,2514.78,980605.854
2025-06-30T20:00:00,2514.78,2521.59,2481.15,2484.30,509078.127
2025-07-01T00:00:00,2484.30,2499.60,2476.24,2484.36,416594.462
2025-07-01T04:00:00,2484.37,2484.70,2443.88,2464.02,834084.799
2025-07-01T08:00:00,2464.02,2464.02,2441.14,2448.14,465079.976
2025-07-01T12:00:00,2448.13,2455.30,2405.05,2422.49,1442880.685
2025-07-01T16:00:00,2422.49,2433.24,2400.00,2401.45,670882.473
2025-07-01T20:00:00,2401.45,2417.43,2383.33,2403.65,676653.635
2025-07-02T00:00:00,2403.66,2431.51,2367.53,2429.23,755580.925
2025-07-02T04:00:00,2429.22,2453.53,2424.13,2445.75,667585.557
2025-07-02T08:00:00,2445.76,2460.00,2440.32,2444.53,570139.751
2025-07-02T12:00:00,2444.53,2502.97,2430.42,2497.74,1332986.591
2025-07-02T16:00:00,2497.73,2607.36,2494.04,2603.65,2430964.502
2025-07-02T20:00:00,2603.64,2618.20,2568.09,2569.37,851809.443
2025-07-03T00:00:00,2569.37,2586.15,2555.25,2560.22,604326.811
2025-07-03T04:00:00,2560.21,2604.84,2558.27,2599.24,706792.152
2025-07-03T08:00:00,2599.24,2616.00,2580.24,2596.25,836532.847
2025-07-03T12:00:00,2596.25,2635.00,2563.77,2569.14,2209363.396
2025-07-03T16:00:00,2569.14,2591.31,2563.75,2584.63,600760.674
2025-07-03T20:00:00,2584.63,2602.76,2584.10,2590.17,310981.364
2025-07-04T00:00:00,2590.18,2601.96,2570.07,2576.66,432892.138
2025-07-04T04:00:00,2576.67,2584.01,2528.00,2533.85,1036995.167
2025-07-04T08:00:00,2533.85,2558.00,2525.77,2548.01,709906.332
2025-07-04T12:00:00,2548.01,2554.84,2494.42,2499.61,1434107.509
2025-07-04T16:00:00,2499.61,2502.66,2473.07,2481.59,952063.317
2025-07-04T20:00:00,2481.59,2519.60,2480.20,2506.86,467707.257
2025-07-05T00:00:00,2506.87,2523.94,2496.79,2517.30,337655.931
2025-07-05T04:00:00,2517.30,2528.86,2511.32,2520.35,300295.253
2025-07-05T08:00:00,2520.36,2524.73,2507.65,2516.82,309522.531
2025-07-05T12:00:00,2516.82,2520.96,2503.71,2506.88,319743.532
2025-07-05T16:00:00,2506.88,2512.29,2486.31,2504.41,504716.310
2025-07-05T20:00:00,2504.40,2521.74,2497.00,2515.25,239879.454
2025-07-06T00:00:00,2515.25,2519.82,2508.06,2513.77,180837.776
2025-07-06T04:00:00,2513.77,2526.09,2507.45,2516.90,280595.588
2025-07-06T08:00:00,2516.91,2517.64,2502.25,2514.73,338116.301
2025-07-06T12:00:00,2514.72,2569.40,2510.56,2557.69,1242565.065
2025-07-06T16:00:00,2557.69,2559.97,2522.69,2540.00,580072.484
2025-07-06T20:00:00,2540.01,2607.08,2539.00,2569.14,977977.949
2025-07-07T00:00:00,2569.14,2589.88,2549.03,2576.34,587935.204
2025-07-07T04:00:00,2576.34,2579.78,2558.62,2577.28,397485.013
2025-07-07T08:00:00,2577.28,2587.73,2551.23,2561.83,647745.617
2025-07-07T12:00:00,2561.83,2568.00,2525.88,2532.56,1344005.975
2025-07-07T16:00:00,2532.56,2557.00,2505.37,2542.86,1254256.481
2025-07-07T20:00:00,2542.85,2544.59,2522.04,2541.37,336429.483
2025-07-08T00:00:00,2541.36,2553.82,2522.07,2536.82,492351.796
2025-07-08T04:00:00,2536.82,2563.00,2530.72,2552.16,547321.503
2025-07-08T08:00:00,2552.16,2584.99,2542.00,2573.88,646689.423
2025-07-08T12:00:00,2573.88,2600.00,2556.36,2563.83,1079021.877
2025-07-08T16:00:00,2563.83,2627.83,2558.43,2609.23,1368277.075
2025-07-08T20:00:00,2609.22,2616.69,2595.31,2613.97,340794.570
2025-07-09T00:00:00,2613.97,2626.00,2588.49,2590.42,538893.869
2025-07-09T04:00:00,2590.42,2649.00,2589.43,2623.74,909680.335
2025-07-09T08:00:00,2623.75,2629.26,2602.54,2624.94,687417.658
2025-07-09T12:00:00,2624.95,2674.50,2622.63,2655.41,1802367.910
2025-07-09T16:00:00,2655.41,2795.73,2650.88,2763.56,2075027.197
2025-07-09T20:00:00,2763.56,2783.30,2730.20,2767.70,1255792.826
2025-07-10T00:00:00,2767.69,2798.00,2754.08,2774.51,712640.212
2025-07-10T04:00:00,2774.51,2822.23,2764.43,2789.54,1097323.676
2025-07-10T08:00:00,2789.54,2795.87,2771.08,2777.38,607880.478
2025-07-10T12:00:00,2777.38,2794.00,2756.72,2768.49,1221382.384
2025-07-10T16:00:00,2768.50,2839.29,2767.49,2814.61,2003963.745
2025-07-10T20:00:00,2814.61,3010.44,2811.20,2950.62,2933181.587
2025-07-11T00:00:00,2950.61,2974.06,2913.72,2968.51,971211.378
2025-07-11T04:00:00,2968.50,3028.48,2945.32,2967.80,1941649.453
2025-07-11T08:00:00,2967.79,3040.95,2960.51,2983.22,1598636.988
2025-07-11T12:00:00,2983.22,3008.90,2935.05,2950.45,1674438.458
2025-07-11T16:00:00,2950.46,3009.55,2936.00,3006.64,1089326.287
2025-07-11T20:00:00,3006.64,3008.76,2921.98,2956.93,881056.117
2025-07-12T00:00:00,2956.94,2969.96,2929.13,2964.89,386505.314
2025-07-12T04:00:00,2964.89,2978.00,2940.00,2961.70,500429.867
2025-07-12T08:00:00,2961.69,2979.00,2956.09,2962.54,339753.889
2025-07-12T12:00:00,2962.55,2967.08,2902.80,2914.83,1322574.914
2025-07-12T16:00:00,2914.83,2944.86,2909.38,2939.72,427432.585
2025-07-12T20:00:00,2939.71,2947.00,2913.54,2941.87,302326.081
2025-07-13T00:00:00,2941.88,2960.00,2934.88,2953.77,363850.858
2025-07-13T04:00:00,2953.77,2967.89,2948.11,2961.46,345341.225
2025-07-13T08:00:00,2961.47,2965.00,2943.05,2963.32,336609.103
2025-07-13T12:00:00,2963.32,3019.52,2957.87,2990.98,1180738.216
2025-07-13T16:00:00,2990.98,3009.78,2960.58,2987.92,578057.302
2025-07-13T20:00:00,2987.93,2997.48,2930.00,2970.37,698519.222
2025-07-14T00:00:00,2970.37,3051.91,2961.44,3036.37,1103831.107
2025-07-14T04:00:00,3036.37,3066.00,3015.88,3043.65,1320109.285
2025-07-14T08:00:00,3043.65,3083.00,3022.22,3051.10,1481138.068
2025-07-14T12:00:00,3051.10,3067.61,2990.69,3011.00,1552526.825
2025-07-14T16:00:00,3011.00,3029.00,2981.00,2999.12,833211.877
2025-07-14T20:00:00,2999.11,3017.75,2980.00,3012.26,365951.477
2025-07-15T00:00:00,3012.26,3022.50,2930.99,2950.90,1440427.666
2025-07-15T04:00:00,2950.90,2994.34,2933.22,2976.35,912885.254
2025-07-15T08:00:00,2976.36,2988.40,2958.00,2980.17,529162.847
2025-07-15T12:00:00,2980.16,3066.60,2965.78,3039.00,2861753.192
2025-07-15T16:00:00,3038.99,3098.00,3033.03,3040.87,1944393.473
2025-07-15T20:00:00,3040.86,3144.48,3029.37,3137.62,1007040.105
2025-07-16T00:00:00,3137.62,3153.84,3102.58,3115.08,908028.643
2025-07-16T04:00:00,3115.07,3174.00,3099.60,3160.55,1030192.393
2025-07-16T08:00:00,3160.55,3172.96,3143.00,3149.90,638200.399
2025-07-16T12:00:00,3149.90,3265.88,3146.26,3243.40,2667111.815
2025-07-16T16:00:00,3243.41,3384.90,3233.58,3382.52,2513097.064
2025-07-16T20:00:00,3382.50,3423.47,3342.24,3370.55,1647655.353
2025-07-17T00:00:00,3370.54,3398.56,3311.00,3330.04,1130486.073
2025-07-17T04:00:00,3330.03,3472.20,3320.03,3448.37,1608602.777
2025-07-17T08:00:00,3448.37,3482.62,3425.57,3434.69,1333952.461
2025-07-17T12:00:00,3434.68,3441.21,3362.00,3420.07,1708165.380
2025-07-17T16:00:00,3420.06,3454.00,3365.01,3410.77,1314457.856
2025-07-17T20:00:00,3410.77,3524.00,3370.66,3476.65,1735851.752
2025-07-18T00:00:00,3476.66,3628.99,3458.00,3596.83,1956613.689
2025-07-18T04:00:00,3596.82,3674.43,3576.00,3607.10,1765240.453
2025-07-18T08:00:00,3607.11,3631.00,3584.00,3612.00,999653.565
2025-07-18T12:00:00,3612.01,3673.72,3530.55,3564.70,2558559.704
2025-07-18T16:00:00,3564.70,3624.71,3536.23,3551.21,1238581.375
2025-07-18T20:00:00,3551.21,3578.00,3476.10,3546.36,1421561.075
2025-07-19T00:00:00,3546.36,3598.00,3505.00,3591.74,708758.825
2025-07-19T04:00:00,3591.74,3608.00,3566.00,3570.54,485878.925
2025-07-19T08:00:00,3570.54,3577.77,3536.78,3551.90,575881.175
2025-07-19T12:00:00,3551.89,3572.00,3525.72,3551.36,633517.011
2025-07-19T16:00:00,3551.36,3582.60,3531.53,3577.13,549586.865
2025-07-19T20:00:00,3577.13,3598.00,3536.08,3591.31,497921.616
2025-07-20T00:00:00,3591.32,3695.00,3578.05,3657.11,1025090.465
2025-07-20T04:00:00,3657.12,3689.00,3632.05,3667.38,826509.973
2025-07-20T08:00:00,3667.37,3770.00,3667.37,3755.70,1401004.139
2025-07-20T12:00:00,3755.70,3790.00,3724.00,3785.39,1122468.134
2025-07-20T16:00:00,3785.39,3826.00,3729.57,3748.85,1679795.569
2025-07-20T20:00:00,3748.85,3771.75,3680.00,3755.67,1180474.072
2025-07-21T00:00:00,3755.68,3765.86,3700.19,3756.86,814007.961
2025-07-21T04:00:00,3756.86,3812.00,3745.96,3786.97,856066.905
2025-07-21T08:00:00,3786.96,3838.00,3755.06,3808.80,1149982.544
2025-07-21T12:00:00,3808.88,3857.82,3773.63,3808.90,1578381.142
2025-07-21T16:00:00,3808.89,3815.86,3718.00,3734.90,1773107.943
2025-07-21T20:00:00,3734.90,3778.81,3716.35,3760.96,501032.816
2025-07-22T00:00:00,3760.95,3798.58,3693.22,3730.38,1346316.730
2025-07-22T04:00:00,3730.38,3733.28,3651.00,3676.44,1428363.598
2025-07-22T08:00:00,3676.44,3719.38,3616.53,3704.39,1583825.799
2025-07-22T12:00:00,3704.40,3728.97,3626.00,3717.74,1743770.552
2025-07-22T16:00:00,3717.74,3750.00,3654.54,3668.91,1206318.524
2025-07-22T20:00:00,3668.90,3751.61,3660.84,3746.01,623191.003
2025-07-23T00:00:00,3746.02,3764.08,3712.00,3728.00,896152.493
2025-07-23T04:00:00,3728.00,3737.20,3663.00,3672.27,730780.764
2025-07-23T08:00:00,3672.27,3698.49,3638.77,3670.91,870532.357
2025-07-23T12:00:00,3670.90,3680.03,3580.00,3643.55,2034729.704
2025-07-23T16:00:00,3643.55,3643.55,3553.00,3587.06,1276174.247
2025-07-23T20:00:00,3587.06,3634.98,3526.50,3627.49,1153814.812
2025-07-24T00:00:00,3627.50,3664.87,3610.78,3640.31,627378.065
2025-07-24T04:00:00,3640.31,3657.25,3505.00,3589.94,1797935.278
2025-07-24T08:00:00,3589.94,3660.00,3579.12,3654.32,1380823.592
2025-07-24T12:00:00,3654.33,3772.63,3611.11,3730.46,2058258.449
2025-07-24T16:00:00,3730.47,3753.65,3665.80,3730.81,1285702.463
2025-07-24T20:00:00,3730.80,3741.95,3693.71,3706.20,635771.768
2025-07-25T00:00:00,3706.22,3707.46,3570.13,3594.25,1632653.720
2025-07-25T04:00:00,3594.25,3666.81,3576.84,3630.68,1486432.754
2025-07-25T08:00:00,3630.68,3746.42,3627.41,3720.00,1461051.957
2025-07-25T12:00:00,3720.01,3734.43,3600.00,3631.91,1593107.569
2025-07-25T16:00:00,3631.91,3658.50,3615.11,3639.56,578003.791
2025-07-25T20:00:00,3639.55,3729.53,3637.42,3724.17,662107.414
2025-07-26T00:00:00,3724.18,3766.83,3694.56,3738.01,690149.936
2025-07-26T04:00:00,3738.00,3756.40,3729.32,3741.03,280468.172
2025-07-26T08:00:00,3741.04,3783.62,3725.00,3738.44,835767.667
2025-07-26T12:00:00,3738.43,3753.00,3714.14,3734.51,553003.537
2025-07-26T16:00:00,3734.52,3756.38,3705.92,3749.33,449837.559
2025-07-26T20:00:00,3749.32,3795.20,3731.11,3740.00,518603.197
2025-07-27T00:00:00,3740.00,3787.22,3728.36,3772.92,379033.623
2025-07-27T04:00:00,3772.91,3810.28,3761.01,3766.50,595842.820
2025-07-27T08:00:00,3766.50,3840.00,3747.32,3814.16,969625.625
2025-07-27T12:00:00,3814.17,3836.00,3790.61,3817.66,663321.364
2025-07-27T16:00:00,3817.67,3868.97,3807.83,3827.35,875077.825
2025-07-27T20:00:00,3827.35,3878.53,3814.49,3871.47,578434.501
2025-07-28T00:00:00,3871.48,3907.88,3841.69,3878.47,969320.576
2025-07-28T04:00:00,3878.46,3940.81,3867.00,3892.01,1252691.757
2025-07-28T08:00:00,3892.00,3903.20,3856.61,3878.59,589540.124
2025-07-28T12:00:00,3878.59,3888.80,3770.01,3806.09,1934388.261
2025-07-28T16:00:00,3806.09,3821.00,3751.03,3796.02,986275.679
2025-07-28T20:00:00,3796.01,3802.92,3763.47,3796.00,558574.529
2025-07-29T00:00:00,3795.99,3819.99,3727.21,3790.46,1082309.264
2025-07-29T04:00:00,3790.46,3879.57,3773.86,3876.56,948623.913
2025-07-29T08:00:00,3876.56,3885.43,3810.15,3824.65,952121.388
2025-07-29T12:00:00,3824.64,3874.97,3745.01,3759.52,1685108.273
2025-07-29T16:00:00,3759.52,3795.00,3712.24,3763.78,1278988.996
2025-07-29T20:00:00,3763.78,3799.78,3740.00,3791.55,599092.325
2025-07-30T00:00:00,3791.55,3827.99,3753.69,3815.62,630457.661
2025-07-30T04:00:00,3815.62,3832.61,3785.10,3809.13,563397.753
2025-07-30T08:00:00,3809.12,3824.26,3742.00,3756.61,866405.174
2025-07-30T12:00:00,3756.61,3830.94,3747.47,3795.76,1171205.043
2025-07-30T16:00:00,3795.77,3821.36,3670.00,3758.70,1849502.383
2025-07-30T20:00:00,3758.69,3811.13,3739.62,3808.67,677820.724
2025-07-31T00:00:00,3808.67,3867.00,3799.78,3861.97,762213.047
2025-07-31T04:00:00,3861.97,3878.00,3853.18,3862.16,434581.655
2025-07-31T08:00:00,3862.15,3872.98,3824.05,3836.87,475804.232
2025-07-31T12:00:00,3836.87,3844.01,3760.16,3786.01,1492245.741
2025-07-31T16:00:00,3786.01,3816.99,3733.00,3736.19,1141794.881
2025-07-31T20:00:00,3736.20,3757.15,3682.23,3696.58,1090695.200
2025-08-01T00:00:00,3696.57,3722.90,3613.67,3703.49,1649037.303
2025-08-01T04:00:00,3703.49,3703.49,3622.22,3648.67,1060678.646
2025-08-01T08:00:00,3648.66,3648.66,3583.44,3641.04,1101742.019
2025-08-01T12:00:00,3641.04,3674.84,3562.05,3614.49,2072546.150
2025-08-01T16:00:00,3614.50,3632.74,3514.00,3517.57,1728308.014
2025-08-01T20:00:00,3517.57,3551.89,3428.86,3486.42,1581260.135
2025-08-02T00:00:00,3486.41,3531.27,3476.57,3527.15,577008.703
2025-08-02T04:00:00,3527.15,3536.48,3453.14,3517.68,874769.256
2025-08-02T08:00:00,3517.67,3523.00,3472.01,3506.93,669038.801
2025-08-02T12:00:00,3506.93,3516.48,3449.42,3457.50,818419.056
2025-08-02T16:00:00,3457.50,3479.60,3371.13,3381.35,1684732.822
2025-08-02T20:00:00,3381.34,3442.49,3366.50,3392.42,800097.852
2025-08-03T00:00:00,3392.42,3450.84,3353.51,3441.97,833279.151
2025-08-03T04:00:00,3441.98,3458.67,3432.10,3454.23,380442.783
2025-08-03T08:00:00,3454.23,3514.00,3451.82,3483.40,693244.511
2025-08-03T12:00:00,3483.41,3502.68,3452.79,3474.65,689136.360
2025-08-03T16:00:00,3474.66,3513.64,3465.97,3495.32,425377.371
2025-08-03T20:00:00,3495.33,3520.97,3481.58,3495.00,406051.051
2025-08-04T00:00:00,3495.01,3575.00,3489.28,3555.00,821270.164
2025-08-04T04:00:00,3555.00,3564.43,3518.36,3550.66,569671.566
2025-08-04T08:00:00,3550.67,3573.63,3539.79,3554.00,498385.286
2025-08-04T12:00:00,3554.01,3663.88,3549.16,3646.59,1579128.882
2025-08-04T16:00:00,3646.60,3716.93,3646.41,3668.14,1138525.156
2025-08-04T20:00:00,3668.14,3735.00,3658.90,3719.42,709531.339
2025-08-05T00:00:00,3719.41,3720.10,3646.72,3650.40,645083.762
2025-08-05T04:00:00,3650.40,3678.35,3598.74,3611.76,978562.665
2025-08-05T08:00:00,3611.76,3692.30,3606.65,3672.58,842260.219
2025-08-05T12:00:00,3672.58,3678.89,3555.00,3568.46,2020149.308
2025-08-05T16:00:00,3568.46,3611.00,3558.00,3570.18,753786.648
2025-08-05T20:00:00,3570.18,3623.98,3542.58,3610.19,575325.544
2025-08-06T00:00:00,3610.19,3612.48,3562.34,3582.02,550941.608
2025-08-06T04:00:00,3582.03,3661.40,3568.00,3638.40,795083.238
2025-08-06T08:00:00,3638.39,3644.00,3608.00,3618.16,558189.693
2025-08-06T12:00:00,3618.15,3668.00,3571.05,3662.65,1208790.532
2025-08-06T16:00:00,3662.66,3697.39,3636.78,3682.13,773389.743
2025-08-06T20:00:00,3682.13,3684.92,3648.19,3681.21,312642.372
2025-08-07T00:00:00,3681.21,3716.38,3645.78,3655.06,597181.105
2025-08-07T04:00:00,3655.06,3710.00,3653.45,3701.00,453497.089
2025-08-07T08:00:00,3701.00,3841.45,3700.88,3825.66,1663381.778
2025-08-07T12:00:00,3825.67,3864.54,3802.57,3835.15,1353895.586
2025-08-07T16:00:00,3835.15,3875.00,3777.14,3865.48,1002993.494
2025-08-07T20:00:00,3865.47,3926.38,3849.00,3908.40,866153.174
2025-08-08T00:00:00,3908.40,3968.81,3876.70,3938.05,1235680.482
2025-08-08T04:00:00,3938.05,3938.40,3892.96,3914.88,544729.004
2025-08-08T08:00:00,3914.87,3926.89,3883.11,3916.29,490087.246
2025-08-08T12:00:00,3916.28,4011.09,3890.06,3953.00,2029847.252
2025-08-08T16:00:00,3953.00,4066.00,3949.41,4059.99,1324961.660
2025-08-08T20:00:00,4060.00,4070.00,4005.52,4009.05,520037.213
2025-08-09T00:00:00,4009.04,4050.91,4005.02,4049.33,462895.387
2025-08-09T04:00:00,4049.34,4220.00,4043.26,4169.70,1918245.883
2025-08-09T08:00:00,4169.71,4248.87,4164.38,4189.39,1186053.816
2025-08-09T12:00:00,4189.39,4225.50,4152.57,4207.51,1038277.884
2025-08-09T16:00:00,4207.52,4271.10,4191.00,4256.64,719998.496
2025-08-09T20:00:00,4256.64,4325.24,4238.74,4259.10,1222561.264
2025-08-10T00:00:00,4259.11,4331.99,4205.00,4241.14,1287012.134
2025-08-10T04:00:00,4241.14,4263.35,4175.51,4184.36,871237.224
2025-08-10T08:00:00,4184.36,4232.00,4161.02,4179.11,813548.341
2025-08-10T12:00:00,4179.11,4237.87,4160.00,4216.12,770699.165
2025-08-10T16:00:00,4216.11,4257.96,4212.75,4247.20,385785.208
2025-08-10T20:00:00,4247.20,4252.82,4184.05,4248.77,616842.579
2025-08-11T00:00:00,4248.77,4346.00,4236.36,4307.77,1214417.770
2025-08-11T04:00:00,4307.78,4349.67,4263.92,4272.93,738160.346
2025-08-11T08:00:00,4272.93,4284.30,4168.03,4183.51,1093842.092
2025-08-11T12:00:00,4183.51,4331.50,4164.23,4328.88,2138971.772
2025-08-11T16:00:00,4328.88,4370.00,4232.00,4257.53,1375427.055
2025-08-11T20:00:00,4257.53,4257.53,4185.60,4221.31,719819.310
2025-08-12T00:00:00,4221.31,4309.82,4216.61,4284.20,735084.532
2025-08-12T04:00:00,4284.20,4320.63,4266.00,4314.23,709116.225
2025-08-12T08:00:00,4314.23,4332.74,4255.56,4289.35,765692.650
2025-08-12T12:00:00,4289.35,4482.30,4276.10,4470.98,3031824.495
2025-08-12T16:00:00,4470.98,4519.00,4438.00,4515.17,1596330.126
2025-08-12T20:00:00,4515.18,4640.00,4501.45,4589.31,1640669.135
2025-08-13T00:00:00,4589.31,4656.62,4562.59,4645.39,1089244.545
2025-08-13T04:00:00,4645.40,4682.00,4605.90,4624.29,976286.879
2025-08-13T08:00:00,4624.29,4716.00,4607.00,4689.37,1115915.830
2025-08-13T12:00:00,4689.38,4736.76,4613.11,4664.79,2254710.224
2025-08-13T16:00:00,4664.79,4752.54,4660.82,4738.72,1420236.562
2025-08-13T20:00:00,4738.73,4783.62,4694.55,4748.37,1103638.445
2025-08-14T00:00:00,4748.36,4781.60,4706.00,4774.86,929258.273
2025-08-14T04:00:00,4774.85,4794.00,4717.00,4748.99,1108244.428
2025-08-14T08:00:00,4748.99,4767.00,4669.00,4719.00,1112084.956
2025-08-14T12:00:00,4718.99,4736.99,4455.00,4617.61,4641081.618
2025-08-14T16:00:00,4617.61,4623.22,4478.80,4536.06,1693634.716
2025-08-14T20:00:00,4536.07,4570.79,4451.00,4545.26,958255.679
2025-08-15T00:00:00,4545.26,4647.99,4535.27,4632.63,858558.937
2025-08-15T04:00:00,4632.63,4661.63,4603.45,4639.46,602739.481
2025-08-15T08:00:00,4639.46,4666.00,4610.65,4632.40,549094.173
2025-08-15T12:00:00,4632.41,4670.23,4392.53,4428.72,2890571.367
2025-08-15T16:00:00,4428.72,4463.09,4371.00,4381.05,1715307.960
2025-08-15T20:00:00,4381.05,4489.30,4364.00,4437.16,804061.223
2025-08-16T00:00:00,4437.15,4488.33,4422.16,4430.97,669792.581
2025-08-16T04:00:00,4430.97,4462.24,4407.00,4449.48,431151.450
2025-08-16T08:00:00,4449.48,4457.44,4370.00,4385.89,878657.108
2025-08-16T12:00:00,4385.90,4426.74,4373.00,4398.00,640184.123
2025-08-16T16:00:00,4398.00,4440.00,4388.00,4416.30,334266.974
2025-08-16T20:00:00,4416.30,4436.24,4400.00,4420.22,232902.612
2025-08-17T00:00:00,4420.22,4456.72,4392.45,4450.43,435325.778
2025-08-17T04:00:00,4450.44,4488.82,4441.41,4465.00,577950.305
2025-08-17T08:00:00,4464.99,4574.95,4456.63,4549.58,998341.027
2025-08-17T12:00:00,4549.59,4563.66,4516.00,4559.58,544157.161
2025-08-17T16:00:00,4559.58,4564.59,4417.17,4457.55,1023946.125
2025-08-17T20:00:00,4457.55,4532.15,4454.44,4470.66,566408.780
2025-08-18T00:00:00,4470.66,4480.00,4277.00,4318.43,2083009.950
2025-08-18T04:00:00,4318.43,4346.00,4228.00,4255.03,1552120.940
2025-08-18T08:00:00,4255.03,4322.00,4224.10,4272.91,1382313.528
2025-08-18T12:00:00,4272.90,4368.01,4269.14,4343.22,1663804.296
2025-08-18T16:00:00,4343.23,4383.67,4297.59,4353.36,927703.662
2025-08-18T20:00:00,4353.37,4386.21,4302.36,4311.73,624033.383
2025-08-19T00:00:00,4311.72,4354.22,4210.71,4217.43,1244051.850
2025-08-19T04:00:00,4217.43,4248.93,4192.01,4232.61,892311.011
2025-08-19T08:00:00,4232.61,4315.71,4216.31,4307.30,801053.225
2025-08-19T12:00:00,4307.29,4340.00,4167.00,4190.32,2151654.298
2025-08-19T16:00:00,4190.33,4205.29,4112.36,4141.29,1573791.565
2025-08-19T20:00:00,4141.28,4164.03,4064.96,4073.94,978250.237
2025-08-20T00:00:00,4073.93,4156.29,4060.00,4139.00,1106408.785
2025-08-20T04:00:00,4138.99,4209.83,4137.30,4183.66,702800.697
2025-08-20T08:00:00,4183.66,4240.00,4146.24,4193.49,1115301.026
2025-08-20T12:00:00,4193.48,4306.55,4104.33,4253.47,2502508.918
2025-08-20T16:00:00,4253.46,4363.00,4252.72,4344.33,1607244.173
2025-08-20T20:00:00,4344.32,4376.13,4318.82,4334.50,635745.911
2025-08-21T00:00:00,4334.50,4338.94,4275.64,4293.49,708674.818
2025-08-21T04:00:00,4293.48,4319.71,4268.33,4309.16,504232.265
2025-08-21T08:00:00,4309.16,4313.53,4254.35,4277.01,729102.739
2025-08-21T12:00:00,4277.00,4327.46,4224.50,4240.91,1616510.013
2025-08-21T16:00:00,4240.91,4273.17,4206.00,4222.03,856649.089
2025-08-21T20:00:00,4222.02,4260.00,4202.00,4223.70,522200.378
2025-08-22T00:00:00,4223.69,4313.51,4220.08,4276.98,686192.115
2025-08-22T04:00:00,4276.98,4344.00,4270.37,4325.99,761860.091
2025-08-22T08:00:00,4326.00,4352.97,4271.10,4272.72,818505.596
2025-08-22T12:00:00,4272.71,4666.00,4206.00,4613.93,5114968.127
2025-08-22T16:00:00,4613.93,4858.00,4613.93,4832.06,3296103.971
2025-08-22T20:00:00,4832.06,4888.49,4795.32,4830.37,1306653.733
2025-08-23T00:00:00,4830.36,4830.37,4662.25,4694.47,1369739.122
2025-08-23T04:00:00,4694.46,4765.05,4693.62,4712.85,714003.405
2025-08-23T08:00:00,4712.86,4744.97,4688.95,4703.60,531872.305
2025-08-23T12:00:00,4703.61,4769.00,4691.36,4749.17,750582.436
2025-08-23T16:00:00,4749.17,4760.45,4725.31,4756.75,298385.887
2025-08-23T20:00:00,4756.76,4797.24,4736.00,4777.26,332696.506
2025-08-24T00:00:00,4777.25,4816.55,4752.13,4787.76,525510.539
2025-08-24T04:00:00,4787.76,4799.53,4755.40,4757.66,362935.268
2025-08-24T08:00:00,4757.66,4785.71,4717.68,4745.95,606341.511
2025-08-24T12:00:00,4745.95,4829.66,4736.85,4796.28,768608.561
2025-08-24T16:00:00,4796.28,4957.67,4740.72,4811.25,2588947.531
2025-08-24T20:00:00,4811.25,4823.00,4702.47,4778.32,1509052.441
2025-08-25T00:00:00,4778.33,4796.80,4667.24,4725.46,1072975.043
2025-08-25T04:00:00,4725.46,4737.74,4580.82,4589.60,1273479.594
2025-08-25T08:00:00,4589.60,4613.64,4518.00,4598.00,1485265.184
2025-08-25T12:00:00,4597.99,4683.26,4583.27,4610.31,1699711.678
2025-08-25T16:00:00,4610.31,4644.71,4413.03,4418.75,1634992.441
2025-08-25T20:00:00,4418.77,4444.20,4331.15,4374.25,1938052.985
2025-08-26T00:00:00,4374.25,4449.55,4310.00,4400.50,1354094.883
2025-08-26T04:00:00,4400.52,4453.78,4391.61,4427.16,752770.931
2025-08-26T08:00:00,4427.15,4465.00,4403.00,4425.57,648548.450
2025-08-26T12:00:00,4425.57,4576.31,4403.01,4516.17,2385362.668
2025-08-26T16:00:00,4516.16,4595.73,4494.19,4593.84,992246.486
2025-08-26T20:00:00,4593.82,4632.92,4559.50,4598.49,700100.297
2025-08-27T00:00:00,4598.50,4625.00,4538.00,4601.07,758967.128
2025-08-27T04:00:00,4601.08,4643.93,4557.06,4578.59,776015.079
2025-08-27T08:00:00,4578.59,4618.76,4553.00,4606.37,651846.516
2025-08-27T12:00:00,4606.37,4662.50,4572.90,4655.31,1494647.613
2025-08-27T16:00:00,4655.31,4655.92,4530.01,4563.23,910005.376
2025-08-27T20:00:00,4563.23,4612.85,4479.01,4504.84,1175137.002
2025-08-28T00:00:00,4504.86,4547.11,4465.00,4539.38,595929.097
2025-08-28T04:00:00,4539.39,4600.00,4532.28,4594.81,578779.364
2025-08-28T08:00:00,4594.81,4633.12,4580.00,4592.72,592179.043
2025-08-28T12:00:00,4592.72,4612.93,4482.01,4502.04,1222990.323
2025-08-28T16:00:00,4502.04,4528.77,4432.50,4436.18,969948.233
2025-08-28T20:00:00,4436.18,4513.71,4425.00,4509.10,466611.859
2025-08-29T00:00:00,4509.10,4514.66,4432.09,4487.57,630198.345
2025-08-29T04:00:00,4487.56,4495.70,4365.10,4379.03,824561.042
2025-08-29T08:00:00,4379.03,4396.55,4316.20,4344.43,1008368.224
2025-08-29T12:00:00,4344.43,4456.24,4264.29,4313.87,2409219.530
2025-08-29T16:00:00,4313.88,4365.27,4293.60,4338.78,811655.251
2025-08-29T20:00:00,4338.79,4378.50,4302.90,4358.65,525651.719
2025-08-30T00:00:00,4358.65,4381.97,4254.97,4350.85,1019490.663
2025-08-30T04:00:00,4350.86,4414.45,4345.07,4399.80,551427.643
2025-08-30T08:00:00,4399.80,4406.03,4376.24,4389.93,303635.188
2025-08-30T12:00:00,4389.93,4391.87,4329.45,4373.71,601987.777
2025-08-30T16:00:00,4373.71,4373.71,4333.00,4352.33,266145.726
2025-08-30T20:00:00,4352.32,4376.60,4332.00,4372.00,200027.995
2025-08-31T00:00:00,4372.00,4488.36,4370.33,4485.72,758814.852
2025-08-31T04:00:00,4485.75,4489.85,4431.08,4448.77,424412.510
2025-08-31T08:00:00,4448.77,4482.46,4438.00,4474.53,464540.558
2025-08-31T12:00:00,4474.54,4498.00,4448.00,4482.47,560073.905
2025-08-31T16:00:00,4482.48,4489.00,4451.42,4453.25,346401.925
2025-08-31T20:00:00,4453.24,4475.91,4374.66,4389.58,601783.784
2025-09-01T00:00:00,4389.58,4429.91,4356.61,4401.34,861437.054
2025-09-01T04:00:00,4401.35,4462.47,4356.79,4461.11,741183.275
2025-09-01T08:00:00,4461.10,4490.00,4380.01,4390.87,978001.962
2025-09-01T12:00:00,4390.88,4422.17,4342.03,4359.69,773215.734
2025-09-01T16:00:00,4359.68,4369.78,4307.25,4366.18,683853.045
2025-09-01T20:00:00,4366.17,4366.56,4205.49,4313.00,1409802.813
2025-09-02T00:00:00,4313.00,4393.96,4289.12,4365.22,699295.208
2025-09-02T04:00:00,4365.23,4414.73,4358.97,4375.44,562670.491
2025-09-02T08:00:00,4375.44,4407.06,4339.31,4346.05,511092.356
2025-09-02T12:00:00,4346.05,4395.20,4268.87,4293.12,1964096.223
2025-09-02T16:00:00,4293.12,4329.96,4254.33,4272.47,929161.863
2025-09-02T20:00:00,4272.47,4336.08,4264.03,4324.59,456291.353
2025-09-03T00:00:00,4324.58,4354.00,4281.00,4332.55,546933.921
2025-09-03T04:00:00,4332.55,4340.90,4285.00,4307.83,464559.321
2025-09-03T08:00:00,4307.84,4383.93,4300.31,4369.58,611975.505
2025-09-03T12:00:00,4369.58,4484.26,4339.56,4477.00,1417869.852
2025-09-03T16:00:00,4476.99,4488.36,4452.08,4472.82,559318.293
2025-09-03T20:00:00,4472.83,4480.00,4437.10,4448.22,279734.269
2025-09-04T00:00:00,4448.22,4480.99,4386.72,4396.12,734298.085
2025-09-04T04:00:00,4396.12,4413.22,4353.36,4368.80,685948.506
2025-09-04T08:00:00,4368.80,4432.00,4362.13,4404.40,629798.247
2025-09-04T12:00:00,4404.40,4426.86,4291.00,4302.61,1553749.131
2025-09-04T16:00:00,4302.62,4320.99,4263.00,4273.83,802520.735
2025-09-04T20:00:00,4273.83,4351.23,4270.41,4295.68,487801.982
2025-09-05T00:00:00,4295.68,4333.43,4287.16,4326.50,484060.089
2025-09-05T04:00:00,4326.51,4426.77,4314.05,4415.00,755564.431
2025-09-05T08:00:00,4415.00,4425.00,4370.50,4415.57,817838.363
2025-09-05T12:00:00,4415.56,4494.45,4252.47,4280.44,3213979.354
2025-09-05T16:00:00,4280.45,4329.53,4270.00,4328.97,613184.113
2025-09-05T20:00:00,4328.96,4340.88,4285.00,4305.71,441731.135
2025-09-06T00:00:00,4305.71,4327.00,4300.67,4318.36,205969.662
2025-09-06T04:00:00,4318.36,4318.36,4288.40,4310.35,215082.980
2025-09-06T08:00:00,4310.35,4313.36,4283.55,4298.08,228351.068
2025-09-06T12:00:00,4298.08,4307.10,4260.11,4267.68,412635.707
2025-09-06T16:00:00,4267.69,4304.00,4220.00,4253.95,810187.765
2025-09-06T20:00:00,4253.95,4286.57,4251.50,4271.69,275327.585
2025-09-07T00:00:00,4271.68,4302.51,4269.00,4295.07,267630.918
2025-09-07T04:00:00,4295.08,4305.88,4276.78,4293.00,220372.472
2025-09-07T08:00:00,4293.00,4313.99,4290.00,4308.76,285883.549
2025-09-07T12:00:00,4308.77,4309.89,4286.52,4297.16,265933.375
2025-09-07T16:00:00,4297.17,4299.72,4267.44,4291.32,326459.939
2025-09-07T20:00:00,4291.31,4336.05,4279.02,4303.84,345190.299
2025-09-08T00:00:00,4303.83,4329.50,4276.21,4310.00,427800.138
2025-09-08T04:00:00,4310.00,4312.37,4284.77,4289.82,311892.121
2025-09-08T08:00:00,4289.82,4336.82,4285.78,4310.47,694843.659
2025-09-08T12:00:00,4310.46,4382.75,4303.61,4369.82,1022507.995
2025-09-08T16:00:00,4369.82,4371.88,4282.00,4291.27,708127.874
2025-09-08T20:00:00,4291.28,4331.00,4280.22,4303.98,381238.828
2025-09-09T00:00:00,4303.97,4313.91,4275.00,4304.98,420675.437
2025-09-09T04:00:00,4304.99,4380.77,4300.03,4360.43,763937.858
2025-09-09T08:00:00,4360.42,4366.33,4340.00,4345.83,389579.378
2025-09-09T12:00:00,4345.83,4366.43,4275.00,4282.64,1371314.625
2025-09-09T16:00:00,4282.64,4297.99,4276.00,4292.55,342003.671
2025-09-09T20:00:00,4292.55,4318.71,4279.00,4308.40,236048.646
2025-09-10T00:00:00,4308.41,4325.53,4283.00,4318.84,374454.510
2025-09-10T04:00:00,4318.83,4332.25,4292.66,4327.66,347615.992
2025-09-10T08:00:00,4327.67,4333.01,4305.57,4329.58,348608.498
2025-09-10T12:00:00,4329.58,4453.56,4328.00,4403.50,1855990.173
2025-09-10T16:00:00,4403.49,4407.35,4297.01,4320.26,1151643.028
2025-09-10T20:00:00,4320.26,4354.69,4318.33,4347.83,353911.273
2025-09-11T00:00:00,4347.83,4407.00,4336.80,4402.00,429175.446
2025-09-11T04:00:00,4402.01,4450.27,4393.66,4439.00,750583.540
2025-09-11T08:00:00,4439.00,4441.67,4404.77,4428.06,472689.278
2025-09-11T12:00:00,4428.06,4483.44,4328.88,4410.41,1844396.410
2025-09-11T16:00:00,4410.40,4440.00,4405.00,4422.31,363195.627
2025-09-11T20:00:00,4422.36,4467.85,4413.16,4456.86,375790.336
2025-09-12T00:00:00,4456.87,4538.60,4448.35,4503.61,936935.846
2025-09-12T04:00:00,4503.61,4562.00,4498.08,4524.39,584089.461
2025-09-12T08:00:00,4524.39,4534.76,4502.30,4519.32,430740.169
2025-09-12T12:00:00,4519.32,4570.00,4501.66,4540.16,784673.663
2025-09-12T16:00:00,4540.15,4658.80,4531.76,4656.00,1003013.565
2025-09-12T20:00:00,4656.00,4750.00,4628.05,4710.83,1079748.500
2025-09-13T00:00:00,4710.82,4768.00,4690.40,4754.75,587755.103
2025-09-13T04:00:00,4754.76,4755.20,4699.03,4709.69,478672.279
2025-09-13T08:00:00,4709.70,4738.33,4706.70,4717.86,274861.599
2025-09-13T12:00:00,4717.86,4729.48,4635.00,4651.44,888975.180
2025-09-13T16:00:00,4651.44,4665.02,4603.00,4635.85,715641.170
2025-09-13T20:00:00,4635.84,4670.94,4634.87,4664.74,225782.484
2025-09-14T00:00:00,4664.74,4691.30,4648.33,4661.00,301812.240
2025-09-14T04:00:00,4661.01,4679.99,4630.82,4648.81,311832.220
2025-09-14T08:00:00,4648.81,4672.61,4623.96,4632.87,329869.350
2025-09-14T12:00:00,4632.88,4642.94,4575.00,4580.22,944498.034
2025-09-14T16:00:00,4580.22,4628.00,4577.50,4613.96,339868.401
2025-09-14T20:00:00,4613.95,4635.00,4596.32,4602.00,283379.666
2025-09-15T00:00:00,4602.00,4641.81,4578.01,4634.46,399031.270
2025-09-15T04:00:00,4634.46,4668.00,4585.16,4594.94,717598.034
2025-09-15T08:00:00,4594.94,4594.94,4495.72,4528.25,1306452.441
2025-09-15T12:00:00,4528.25,4540.14,4463.00,4497.46,1103082.053
2025-09-15T16:00:00,4497.46,4512.32,4472.49,4491.80,443560.925
2025-09-15T20:00:00,4491.79,4528.00,4486.04,4521.54,206680.269
2025-09-16T00:00:00,4521.54,4536.31,4502.40,4518.97,250669.631
2025-09-16T04:00:00,4518.97,4534.87,4485.02,4510.65,410591.222
2025-09-16T08:00:00,4510.64,4529.90,4491.00,4499.39,311152.635
2025-09-16T12:00:00,4499.40,4510.81,4421.01,4465.74,1162089.007
2025-09-16T16:00:00,4465.73,4508.77,4444.49,4488.96,684554.469
2025-09-16T20:00:00,4488.96,4523.19,4481.01,4499.41,290801.805
2025-09-17T00:00:00,4499.41,4551.49,4490.50,4495.23,479210.709
2025-09-17T04:00:00,4495.23,4554.09,4461.38,4542.33,670750.685
2025-09-17T08:00:00,4542.33,4543.98,4477.00,4489.22,536198.737
2025-09-17T12:00:00,4489.23,4512.17,4465.00,4487.65,511293.796
2025-09-17T16:00:00,4487.64,4532.16,4404.08,4515.15,2113524.487
2025-09-17T20:00:00,4515.14,4615.26,4483.92,4588.30,813528.739
2025-09-18T00:00:00,4588.31,4642.60,4577.69,4612.01,579309.002
2025-09-18T04:00:00,4612.00,4618.00,4551.75,4573.10,506078.624
2025-09-18T08:00:00,4573.11,4606.49,4566.05,4573.99,380426.804
2025-09-18T12:00:00,4573.99,4623.00,4555.17,4597.15,701875.855
2025-09-18T16:00:00,4597.14,4634.84,4578.00,4586.53,538843.162
2025-09-18T20:00:00,4586.54,4603.90,4568.40,4585.31,221860.244
2025-09-19T00:00:00,4585.32,4619.50,4539.13,4547.46,607833.019
2025-09-19T04:00:00,4547.45,4557.06,4515.65,4536.56,559003.686
2025-09-19T08:00:00,4536.55,4546.78,4505.23,4511.46,381266.813
2025-09-19T12:00:00,4511.46,4542.00,4442.30,4472.29,1153084.724
2025-09-19T16:00:00,4472.29,4486.78,4433.00,4438.89,479282.892
2025-09-19T20:00:00,4438.90,4476.26,4436.21,4466.49,230867.396
2025-09-20T00:00:00,4466.48,4474.00,4451.62,4463.60,162617.098
2025-09-20T04:00:00,4463.60,4484.59,4461.00,4480.72,164740.345
2025-09-20T08:00:00,4480.72,4480.72,4453.21,4468.00,168132.004
2025-09-20T12:00:00,4467.99,4505.45,4461.50,4496.37,322835.674
2025-09-20T16:00:00,4496.36,4506.75,4467.27,4477.86,281678.520
2025-09-20T20:00:00,4477.86,4499.73,4475.89,4478.27,110093.335
2025-09-21T00:00:00,4478.26,4487.68,4454.29,4476.11,196890.693
2025-09-21T04:00:00,4476.12,4491.39,4464.34,4475.85,141713.279
2025-09-21T08:00:00,4475.85,4477.76,4440.07,4458.26,268404.536
2025-09-21T12:00:00,4458.25,4484.79,4458.01,4480.63,198896.927
2025-09-21T16:00:00,4480.62,4497.01,4462.06,4492.21,297789.456
2025-09-21T20:00:00,4492.21,4492.92,4440.01,4443.01,262560.681
2025-09-22T00:00:00,4443.00,4454.01,4254.29,4303.62,1548538.648
2025-09-22T04:00:00,4303.61,4308.77,4000.88,4191.45,1929372.348
2025-09-22T08:00:00,4191.46,4205.82,4135.00,4179.53,820545.335
2025-09-22T12:00:00,4179.54,4217.49,4156.00,4165.82,802756.840
2025-09-22T16:00:00,4165.83,4181.17,4119.16,4133.39,635978.427
2025-09-22T20:00:00,4133.39,4207.33,4132.27,4196.86,363194.480
2025-09-23T00:00:00,4196.87,4209.99,4112.43,4186.49,731432.821
2025-09-23T04:00:00,4186.49,4215.00,4152.25,4203.23,510668.242
2025-09-23T08:00:00,4203.24,4230.06,4175.44,4189.68,444884.825
2025-09-23T12:00:00,4189.69,4209.73,4158.21,4178.80,705172.401
2025-09-23T16:00:00,4178.80,4205.96,4135.32,4151.37,785916.754
2025-09-23T20:00:00,4151.36,4189.49,4137.08,4162.25,313114.539
2025-09-24T00:00:00,4162.25,4193.00,4125.12,4145.40,537365.200
2025-09-24T04:00:00,4145.41,4182.72,4070.00,4173.43,900552.655
2025-09-24T08:00:00,4173.43,4197.06,4162.00,4179.96,327823.707
2025-09-24T12:00:00,4179.96,4204.99,4145.00,4163.82,648792.074
2025-09-24T16:00:00,4163.82,4192.00,4152.22,4158.95,365217.089
2025-09-24T20:00:00,4158.95,4169.60,4126.01,4150.51,267503.641
2025-09-25T00:00:00,4150.51,4158.95,4020.00,4059.76,1518593.260
2025-09-25T04:00:00,4059.76,4069.20,3961.00,4006.94,1344447.764
2025-09-25T08:00:00,4006.94,4052.05,3988.35,4000.93,752545.973
2025-09-25T12:00:00,4000.93,4021.75,3911.39,4001.00,1815525.237
2025-09-25T16:00:00,4001.00,4004.77,3822.00,3910.36,2292787.412
2025-09-25T20:00:00,3910.36,3936.00,3848.00,3873.10,728120.095
2025-09-26T00:00:00,3873.10,3970.00,3866.00,3964.00,700234.116
2025-09-26T04:00:00,3963.99,3975.99,3905.13,3936.60,753129.667
2025-09-26T08:00:00,3936.61,3943.31,3871.00,3903.90,632807.746
2025-09-26T12:00:00,3903.89,3985.00,3873.41,3944.42,1259960.370
2025-09-26T16:00:00,3944.41,4066.39,3941.00,4021.40,1065741.140
2025-09-26T20:00:00,4021.40,4038.00,4002.64,4030.17,329124.696
2025-09-27T00:00:00,4030.17,4031.20,4001.80,4017.20,214729.495
2025-09-27T04:00:00,4017.21,4026.40,4004.01,4005.99,150313.655
2025-09-27T08:00:00,4006.00,4017.00,3971.45,4000.86,491748.660
2025-09-27T12:00:00,4000.87,4038.62,3992.95,4017.20,396112.015
2025-09-27T16:00:00,4017.21,4018.27,3979.60,4000.66,321240.620
2025-09-27T20:00:00,4000.66,4031.99,3998.62,4017.01,188945.694
2025-09-28T00:00:00,4017.01,4030.55,3992.09,4000.58,299320.145
2025-09-28T04:00:00,4000.57,4018.50,3994.55,4013.00,211930.874
2025-09-28T08:00:00,4013.01,4014.75,3982.45,3990.72,272642.477
2025-09-28T12:00:00,3990.73,4027.87,3963.10,4019.91,579276.672
2025-09-28T16:00:00,4019.92,4054.66,4019.91,4037.43,404968.541
2025-09-28T20:00:00,4037.44,4143.05,4033.76,4139.55,746691.590
2025-09-29T00:00:00,4139.54,4143.99,4101.30,4119.68,450182.572
2025-09-29T04:00:00,4119.67,4122.00,4086.23,4106.60,287839.252
2025-09-29T08:00:00,4106.60,4138.00,4091.80,4100.88,479754.053
2025-09-29T12:00:00,4100.88,4202.69,4080.00,4162.72,1473438.882
2025-09-29T16:00:00,4162.71,4192.00,4125.21,4185.94,599749.834
2025-09-29T20:00:00,4185.94,4234.27,4179.41,4212.98,490432.093
2025-09-30T00:00:00,4212.99,4246.87,4185.26,4196.16,560839.955
2025-09-30T04:00:00,4196.17,4206.17,4167.22,4180.99,415410.599
2025-09-30T08:00:00,4180.99,4182.00,4131.67,4162.78,585242.765
2025-09-30T12:00:00,4162.78,4174.00,4091.51,4118.09,904953.914
2025-09-30T16:00:00,4118.09,4170.00,4091.00,4158.48,590966.027
2025-09-30T20:00:00,4158.48,4199.89,4113.04,4142.75,635479.682
2025-10-01T00:00:00,4142.75,4172.47,4120.61,4126.84,427123.985
2025-10-01T04:00:00,4126.84,4155.93,4121.33,4143.99,345656.634
2025-10-01T08:00:00,4143.98,4329.00,4141.37,4295.88,1715516.477
2025-10-01T12:00:00,4295.88,4343.29,4276.23,4325.01,911709.241
2025-10-01T16:00:00,4325.01,4338.04,4286.00,4332.24,577467.922
2025-10-01T20:00:00,4332.23,4356.07,4284.55,4345.85,459031.098
2025-10-02T00:00:00,4345.85,4397.73,4330.11,4374.99,850713.030
2025-10-02T04:00:00,4375.00,4422.30,4356.01,4373.65,642603.141
2025-10-02T08:00:00,4373.65,4394.37,4366.34,4377.24,290541.412
2025-10-02T12:00:00,4377.24,4441.67,4332.23,4435.49,1279649.524
2025-10-02T16:00:00,4435.50,4516.65,4423.33,4493.06,1018203.628
2025-10-02T20:00:00,4493.07,4495.36,4453.46,4481.70,389955.509
2025-10-03T00:00:00,4481.70,4559.00,4459.01,4498.96,665310.020
2025-10-03T04:00:00,4498.97,4509.25,4451.46,4460.84,472845.773
2025-10-03T08:00:00,4460.84,4493.08,4426.00,4476.20,530964.719
2025-10-03T12:00:00,4476.20,4540.77,4433.64,4533.20,862066.385
2025-10-03T16:00:00,4533.20,4590.83,4446.90,4517.65,1625533.440
2025-10-03T20:00:00,4517.66,4541.21,4491.37,4511.11,264607.735
2025-10-04T00:00:00,4511.12,4515.48,4460.00,4484.48,358523.766
2025-10-04T04:00:00,4484.48,4515.80,4477.07,4496.23,271915.920
2025-10-04T08:00:00,4496.24,4502.45,4478.01,4482.43,243258.865
2025-10-04T12:00:00,4482.42,4509.89,4438.80,4453.13,566627.766
2025-10-04T16:00:00,4453.14,4475.04,4438.00,4465.39,281424.545
2025-10-04T20:00:00,4465.40,4492.42,4465.40,4484.79,165790.506
2025-10-05T00:00:00,4484.79,4575.14,4465.01,4530.11,804970.426
2025-10-05T04:00:00,4530.10,4614.19,4526.70,4604.91,707637.396
2025-10-05T08:00:00,4604.91,4618.44,4521.61,4549.08,867988.106
2025-10-05T12:00:00,4549.09,4549.09,4525.00,4530.61,313742.160
2025-10-05T16:00:00,4530.60,4539.53,4480.00,4485.33,519161.766
2025-10-05T20:00:00,4485.32,4522.22,4470.74,4512.34,262865.853
2025-10-06T00:00:00,4512.35,4551.74,4486.05,4534.90,582297.837
2025-10-06T04:00:00,4534.90,4576.58,4507.63,4530.98,476497.187
2025-10-06T08:00:00,4530.99,4593.25,4530.99,4569.54,439413.121
2025-10-06T12:00:00,4569.54,4692.91,4568.00,4671.24,1327756.203
2025-10-06T16:00:00,4671.24,4732.38,4657.56,4720.86,754145.844
2025-10-06T20:00:00,4720.85,4734.99,4670.40,4682.43,408439.781
2025-10-07T00:00:00,4682.42,4697.99,4660.03,4688.73,309266.165
2025-10-07T04:00:00,4688.74,4730.65,4662.01,4676.83,566683.653
2025-10-07T08:00:00,4676.84,4712.12,4636.00,4706.44,568684.268
2025-10-07T12:00:00,4706.44,4754.00,4472.94,4510.30,2681971.018
2025-10-07T16:00:00,4510.30,4522.33,4440.45,4477.54,1327491.656
2025-10-07T20:00:00,4477.55,4514.66,4422.44,4445.76,492359.912
2025-10-08T00:00:00,4445.77,4497.05,4430.54,4441.83,546776.816
2025-10-08T04:00:00,4441.82,4464.17,4408.69,4461.08,519713.260
2025-10-08T08:00:00,4461.08,4505.00,4455.70,4485.21,477548.509
2025-10-08T12:00:00,4485.20,4522.00,4434.59,4445.11,955336.457
2025-10-08T16:00:00,4445.10,4556.75,4436.55,4512.64,1003857.466
2025-10-08T20:00:00,4512.65,4537.73,4497.30,4523.67,251850.944
2025-10-09T00:00:00,4523.66,4529.15,4400.00,4448.81,761732.356
2025-10-09T04:00:00,4448.80,4458.83,4408.00,4424.43,434725.954
2025-10-09T08:00:00,4424.42,4425.17,4316.59,4371.00,1243220.127
2025-10-09T12:00:00,4370.99,4411.46,4290.00,4312.81,1400237.608
2025-10-09T16:00:00,4312.81,4343.69,4262.55,4336.39,932137.019
2025-10-09T20:00:00,4336.38,4381.42,4325.30,4365.83,330517.592
2025-10-10T00:00:00,4365.83,4392.00,4340.61,4345.01,500514.547
2025-10-10T04:00:00,4345.01,4376.00,4312.53,4321.06,542941.101
2025-10-10T08:00:00,4321.05,4349.70,4311.00,4341.42,337216.146
2025-10-10T12:00:00,4341.42,4388.43,4067.44,4100.48,2601692.512
2025-10-10T16:00:00,4100.49,4136.08,3947.77,3994.99,2179388.330
2025-10-10T20:00:00,3994.99,4022.18,3400.00,3819.99,5855366.411
2025-10-11T00:00:00,3820.00,3874.28,3725.00,3789.56,1287049.749
2025-10-11T04:00:00,3789.55,3831.02,3731.20,3757.27,840351.006
2025-10-11T08:00:00,3757.27,3856.00,3746.62,3838.68,784125.646
2025-10-11T12:00:00,3838.67,3853.43,3783.07,3822.58,653794.584
2025-10-11T16:00:00,3822.58,3845.98,3728.32,3758.00,634300.346
2025-10-11T20:00:00,3758.00,3764.92,3640.00,3744.99,1015967.137
2025-10-12T00:00:00,3744.99,3819.33,3692.96,3779.99,952964.314
2025-10-12T04:00:00,3779.99,3842.18,3774.08,3825.25,729853.052
2025-10-12T08:00:00,3825.26,3866.06,3803.22,3818.14,1122677.968
2025-10-12T12:00:00,3818.13,4077.96,3791.79,4032.38,3206919.153
2025-10-12T16:00:00,4032.37,4175.90,4032.37,4133.11,2029907.155
2025-10-12T20:00:00,4133.12,4200.00,4077.59,4149.99,1429945.748
2025-10-13T00:00:00,4150.00,4219.43,4121.55,4138.63,1277038.413
2025-10-13T04:00:00,4138.63,4196.55,4113.45,4176.29,914684.868
2025-10-13T08:00:00,4176.28,4193.89,4034.12,4078.36,1352584.291
2025-10-13T12:00:00,4078.35,4179.89,4054.26,4133.44,2175352.753
2025-10-13T16:00:00,4133.45,4269.65,4126.81,4250.00,1548664.320
2025-10-13T20:00:00,4250.00,4293.03,4232.98,4239.70,599091.895
2025-10-14T00:00:00,4239.70,4262.00,4135.00,4151.29,930551.426
2025-10-14T04:00:00,4151.29,4158.44,3964.40,3979.28,1932959.967
2025-10-14T08:00:00,3979.29,4013.42,3885.09,3970.13,1600670.983
2025-10-14T12:00:00,3970.13,4087.70,3890.13,4083.25,1885255.468
2025-10-14T16:00:00,4083.25,4163.25,4042.83,4100.67,1754560.306
2025-10-14T20:00:00,4100.68,4142.99,4067.39,4123.05,366015.124
2025-10-15T00:00:00,4123.06,4144.49,4059.00,4079.71,616022.316
2025-10-15T04:00:00,4079.70,4128.17,4070.00,4120.00,516419.478
2025-10-15T08:00:00,4120.00,4216.12,4085.00,4098.55,1016324.120
2025-10-15T12:00:00,4098.55,4106.09,3957.47,3979.23,1621866.662
2025-10-15T16:00:00,3979.23,4011.56,3926.81,3981.28,992516.148
2025-10-15T20:00:00,3981.27,3994.79,3925.00,3983.81,620095.286
2025-10-16T00:00:00,3983.80,4035.00,3973.76,4012.92,503570.116
2025-10-16T04:00:00,4012.93,4050.00,3976.96,4002.48,551058.431
2025-10-16T08:00:00,4002.51,4077.54,3937.30,4060.50,946156.481
2025-10-16T12:00:00,4060.51,4089.34,3890.00,3905.04,1582178.233
2025-10-16T16:00:00,3905.03,3966.29,3850.00,3865.97,1611881.582
2025-10-16T20:00:00,3865.97,3896.25,3822.50,3892.02,536855.936
2025-10-17T00:00:00,3892.02,3948.06,3886.15,3931.44,461138.681
2025-10-17T04:00:00,3931.45,3934.73,3751.00,3754.79,1224800.637
2025-10-17T08:00:00,3754.78,3817.40,3671.00,3776.30,2181211.218
2025-10-17T12:00:00,3776.29,3809.66,3712.51,3796.02,1488017.922
2025-10-17T16:00:00,3796.03,3849.01,3777.00,3826.16,889393.717
2025-10-17T20:00:00,3826.15,3882.00,3816.00,3829.99,409153.689
2025-10-18T00:00:00,3830.00,3880.63,3817.21,3869.00,365217.185
2025-10-18T04:00:00,3868.99,3926.00,3838.81,3890.47,513129.647
2025-10-18T08:00:00,3890.46,3903.80,3860.15,3880.78,312732.355
2025-10-18T12:00:00,3880.78,3892.50,3846.11,3875.99,297482.658
2025-10-18T16:00:00,3876.00,3898.00,3851.95,3891.60,268002.402
2025-10-18T20:00:00,3891.61,3907.92,3867.32,3887.01,182220.851
2025-10-19T00:00:00,3887.01,3905.73,3853.53,3904.70,272161.567
2025-10-19T04:00:00,3904.70,3919.48,3871.50,3886.70,307487.323
2025-10-19T08:00:00,3886.70,3960.00,3810.00,3922.20,1222156.250
2025-10-19T12:00:00,3922.21,4001.00,3906.76,3977.55,679923.129
2025-10-19T16:00:00,3977.54,4026.31,3957.00,3984.63,550527.192
2025-10-19T20:00:00,3984.63,4030.00,3967.00,3980.59,345912.710
2025-10-20T00:00:00,3980.60,4040.00,3906.89,4025.88,773699.355
2025-10-20T04:00:00,4025.87,4085.00,4021.42,4053.36,695359.214
2025-10-20T08:00:00,4053.35,4069.89,4010.58,4032.83,588861.582
2025-10-20T12:00:00,4032.83,4048.96,4001.00,4002.73,649029.047
2025-10-20T16:00:00,4002.73,4002.73,3920.30,3978.78,1020647.531
2025-10-20T20:00:00,3978.76,4001.96,3968.74,3977.54,236596.977
2025-10-21T00:00:00,3977.54,3984.68,3918.00,3921.41,409283.608
2025-10-21T04:00:00,3921.42,3921.42,3838.21,3890.52,902262.126
2025-10-21T08:00:00,3890.53,3896.00,3850.02,3888.33,470327.762
2025-10-21T12:00:00,3888.34,4083.78,3850.20,4080.41,1846735.539
2025-10-21T16:00:00,4080.41,4108.41,3963.19,3994.04,1584984.955
2025-10-21T20:00:00,3994.03,3999.31,3855.55,3871.11,851864.761
2025-10-22T00:00:00,3871.11,3887.45,3815.37,3858.14,633334.643
2025-10-22T04:00:00,3858.13,3882.93,3835.69,3866.87,445126.857
2025-10-22T08:00:00,3866.88,3867.47,3765.00,3827.02,841284.301
2025-10-22T12:00:00,3827.03,3875.56,3777.03,3839.73,1438936.708
2025-10-22T16:00:00,3839.72,3859.64,3780.00,3802.52,794262.290
2025-10-22T20:00:00,3802.53,3816.71,3706.31,3803.93,861978.066
2025-10-23T00:00:00,3803.94,3835.32,3794.89,3825.18,338265.345
2025-10-23T04:00:00,3825.19,3896.00,3820.51,3879.76,540763.994
2025-10-23T08:00:00,3879.76,3905.47,3857.14,3861.86,559918.481
2025-10-23T12:00:00,3861.86,3885.88,3807.01,3874.87,1030968.009
2025-10-23T16:00:00,3874.87,3933.40,3842.81,3857.69,897229.475
2025-10-23T20:00:00,3857.69,3859.48,3816.88,3855.21,336791.612
2025-10-24T00:00:00,3855.22,3895.19,3844.02,3889.43,325953.566
2025-10-24T04:00:00,3889.44,3988.00,3884.32,3947.64,855887.900
2025-10-24T08:00:00,3947.65,3967.42,3924.00,3945.00,428318.821
2025-10-24T12:00:00,3944.99,4026.48,3870.00,3887.09,1354435.386
2025-10-24T16:00:00,3887.09,3936.89,3864.28,3924.66,514092.604
2025-10-24T20:00:00,3924.66,3943.81,3922.19,3933.19,176743.178
2025-10-25T00:00:00,3933.20,3938.03,3910.00,3919.43,202388.242
2025-10-25T04:00:00,3919.42,3963.26,3918.37,3927.29,246363.913
2025-10-25T08:00:00,3927.30,3955.00,3926.00,3938.66,243871.605
2025-10-25T12:00:00,3938.66,3955.00,3922.83,3931.48,239435.845
2025-10-25T16:00:00,3931.47,3968.93,3926.60,3956.05,227049.447
2025-10-25T20:00:00,3956.06,3963.47,3932.50,3952.25,135802.027
2025-10-26T00:00:00,3952.24,3960.00,3914.30,3929.95,245596.346
2025-10-26T04:00:00,3929.95,3955.00,3927.01,3949.72,124334.092
2025-10-26T08:00:00,3949.72,4054.00,3948.84,4043.08,832461.295
2025-10-26T12:00:00,4043.08,4098.00,4039.00,4073.45,780286.015
2025-10-26T16:00:00,4073.45,4079.86,4043.43,4066.58,276999.489
2025-10-26T20:00:00,4066.58,4179.27,4053.07,4156.37,669709.627
2025-10-27T00:00:00,4156.36,4225.14,4145.27,4203.21,697542.552
2025-10-27T04:00:00,4203.22,4253.00,4193.06,4200.00,622522.423
2025-10-27T08:00:00,4199.99,4200.42,4130.00,4160.51,750426.514
2025-10-27T12:00:00,4160.50,4186.77,4122.02,4171.25,805343.171
2025-10-27T16:00:00,4171.25,4231.64,4171.24,4192.42,618224.534
2025-10-27T20:00:00,4192.41,4194.07,4090.61,4118.47,683902.608
2025-10-28T00:00:00,4118.46,4140.26,4066.88,4092.48,563439.569
2025-10-28T04:00:00,4092.47,4125.95,4064.29,4115.36,446602.113
2025-10-28T08:00:00,4115.36,4134.46,4102.35,4110.11,316396.683
2025-10-28T12:00:00,4110.11,4174.08,4066.00,4095.35,1080510.623
2025-10-28T16:00:00,4095.36,4149.87,4024.49,4037.26,829015.568
2025-10-28T20:00:00,4037.22,4040.00,3925.01,3977.56,1056011.662
2025-10-29T00:00:00,3977.56,4006.00,3962.28,3996.00,390065.025
2025-10-29T04:00:00,3996.01,4034.99,3994.35,4022.83,338823.308
2025-10-29T08:00:00,4022.83,4024.83,3982.00,4009.14,457037.468
2025-10-29T12:00:00,4009.13,4028.01,3939.14,3950.23,756459.328
2025-10-29T16:00:00,3950.23,4017.11,3836.00,3903.54,1980120.509
2025-10-29T20:00:00,3903.54,3962.55,3871.17,3900.38,535704.696
2025-10-30T00:00:00,3900.38,3947.00,3882.36,3932.54,401037.020
2025-10-30T04:00:00,3932.53,3943.00,3836.82,3938.18,1194320.361
2025-10-30T08:00:00,3938.19,3938.41,3875.11,3879.52,479034.497
2025-10-30T12:00:00,3879.52,3883.19,3755.81,3771.61,1691433.702
2025-10-30T16:00:00,3771.61,3800.45,3677.70,3685.25,1337529.839
2025-10-30T20:00:00,3685.25,3805.00,3678.33,3802.80,665818.522
2025-10-31T00:00:00,3802.80,3860.00,3794.13,3827.60,682225.722
2025-10-31T04:00:00,3827.60,3872.00,3818.78,3829.43,596267.041
2025-10-31T08:00:00,3829.43,3882.00,3816.29,3872.15,451684.233
2025-10-31T12:00:00,3872.16,3887.02,3830.00,3858.58,925638.355
2025-10-31T16:00:00,3858.58,3904.90,3802.64,3884.91,922938.144
2025-10-31T20:00:00,3884.91,3892.13,3838.68,3846.42,237214.027
2025-11-01T00:00:00,3846.42,3863.27,3828.80,3860.00,197058.892
2025-11-01T04:00:00,3860.00,3867.66,3851.30,3859.28,171174.285
2025-11-01T08:00:00,3859.29,3882.00,3859.00,3876.08,209660.912
2025-11-01T12:00:00,3876.08,3901.36,3855.66,3893.01,302448.751
2025-11-01T16:00:00,3893.02,3907.61,3860.44,3878.34,281895.016
2025-11-01T20:00:00,3878.33,3890.00,3862.44,3872.14,108247.150
2025-11-02T00:00:00,3872.14,3885.83,3860.01,3879.25,132643.054
2025-11-02T04:00:00,3879.25,3917.00,3874.08,3904.57,294026.052
2025-11-02T08:00:00,3904.58,3909.34,3851.24,3888.92,482928.550
2025-11-02T12:00:00,3888.93,3892.98,3837.04,3851.63,411891.239
2025-11-02T16:00:00,3851.63,3865.89,3838.23,3854.38,196824.276
2025-11-02T20:00:00,3854.38,3915.00,3842.41,3904.80,298540.618
2025-11-03T00:00:00,3904.79,3913.34,3726.00,3734.73,1240403.048
2025-11-03T04:00:00,3734.74,3764.07,3682.00,3713.10,981182.620
2025-11-03T08:00:00,3713.09,3739.98,3650.13,3710.00,922853.964
2025-11-03T12:00:00,3710.01,3747.36,3578.40,3587.38,1564945.037
2025-11-03T16:00:00,3587.38,3681.23,3562.27,3629.60,1136816.472
2025-11-03T20:00:00,3629.61,3635.00,3556.00,3602.15,753273.356
2025-11-04T00:00:00,3602.15,3653.65,3565.95,3640.90,638731.048
2025-11-04T04:00:00,3640.91,3646.80,3470.58,3492.79,1749278.841
2025-11-04T08:00:00,3492.78,3534.14,3460.00,3527.78,882687.958
2025-11-04T12:00:00,3527.78,3586.12,3471.38,3506.00,1412395.231
2025-11-04T16:00:00,3505.99,3518.95,3225.00,3229.84,2977777.475
2025-11-04T20:00:00,3229.83,3305.75,3055.00,3285.28,3017400.443
2025-11-05T00:00:00,3285.28,3347.75,3165.41,3333.44,1501621.620
2025-11-05T04:00:00,3333.45,3353.80,3301.51,3329.10,589780.366
2025-11-05T08:00:00,3329.09,3329.19,3272.24,3320.97,723740.786
2025-11-05T12:00:00,3320.98,3397.67,3311.26,3396.31,1210510.807
2025-11-05T16:00:00,3396.32,3478.50,3368.05,3453.32,1006696.544
2025-11-05T20:00:00,3453.31,3479.00,3413.62,3423.06,497558.855
2025-11-06T00:00:00,3423.06,3449.37,3373.70,3431.33,590443.751
2025-11-06T04:00:00,3431.34,3455.00,3357.94,3378.90,635825.880
2025-11-06T08:00:00,3378.89,3414.30,3365.00,3397.85,513817.030
2025-11-06T12:00:00,3397.84,3403.94,3275.19,3300.01,1471120.322
2025-11-06T16:00:00,3300.01,3351.81,3245.00,3324.54,1280970.278
2025-11-06T20:00:00,3324.56,3335.43,3285.97,3313.70,431242.135
2025-11-07T00:00:00,3313.70,3364.00,3273.04,3343.67,638915.795
2025-11-07T04:00:00,3343.68,3370.00,3318.15,3356.32,427866.184
2025-11-07T08:00:00,3356.31,3359.29,3224.05,3258.62,863505.306
2025-11-07T12:00:00,3258.61,3317.10,3192.92,3295.99,1510659.915
2025-11-07T16:00:00,3296.00,3449.00,3271.76,3441.94,1107472.219
2025-11-07T20:00:00,3441.93,3472.23,3428.35,3434.36,455524.009
2025-11-08T00:00:00,3434.37,3465.77,3404.93,3452.50,439355.060
2025-11-08T04:00:00,3452.51,3490.00,3414.49,3446.41,533189.950
2025-11-08T08:00:00,3446.41,3468.43,3405.03,3411.53,398966.394
2025-11-08T12:00:00,3411.54,3416.74,3367.81,3375.68,635781.052
2025-11-08T16:00:00,3375.69,3406.46,3353.31,3387.61,494356.386
2025-11-08T20:00:00,3387.62,3414.33,3378.40,3400.07,161737.377
2025-11-09T00:00:00,3400.08,3403.00,3356.74,3374.82,307223.854
2025-11-09T04:00:00,3374.82,3425.68,3368.62,3421.05,317545.207
2025-11-09T08:00:00,3421.06,3434.00,3380.71,3426.99,423001.584
2025-11-09T12:00:00,3427.00,3563.19,3423.22,3513.58,1121759.882
2025-11-09T16:00:00,3513.58,3578.70,3500.00,3578.04,516123.921
2025-11-09T20:00:00,3578.03,3624.40,3560.07,3581.31,556450.401
2025-11-10T00:00:00,3581.31,3658.00,3548.88,3626.45,783427.535
2025-11-10T04:00:00,3626.44,3630.71,3587.56,3607.50,379718.644
2025-11-10T08:00:00,3607.51,3630.30,3585.42,3608.90,431488.168
2025-11-10T12:00:00,3608.89,3620.71,3506.66,3518.10,1086997.575
2025-11-10T16:00:00,3518.10,3574.73,3505.55,3556.83,659478.316
2025-11-10T20:00:00,3556.83,3582.69,3527.06,3566.38,390982.471
2025-11-11T00:00:00,3566.38,3647.54,3551.11,3604.20,860043.220
2025-11-11T04:00:00,3604.21,3608.44,3528.80,3542.88,626103.617
2025-11-11T08:00:00,3542.88,3585.29,3541.22,3572.40,422845.052
2025-11-11T12:00:00,3572.40,3593.00,3466.00,3479.62,1281472.971
2025-11-11T16:00:00,3479.62,3499.10,3443.04,3455.65,689194.752
2025-11-11T20:00:00,3455.66,3460.66,3403.02,3416.32,630784.332
2025-11-12T00:00:00,3416.33,3454.68,3408.14,3437.52,470503.660
2025-11-12T04:00:00,3437.52,3455.79,3422.17,3426.52,298330.330
2025-11-12T08:00:00,3426.51,3569.00,3426.33,3548.25,880204.916
2025-11-12T12:00:00,3548.24,3587.24,3416.27,3426.34,1451487.189
2025-11-12T16:00:00,3426.33,3455.00,3370.00,3406.58,1463495.946
2025-11-12T20:00:00,3406.58,3438.82,3390.01,3413.46,321031.398
2025-11-13T00:00:00,3413.45,3473.00,3375.09,3451.33,723428.986
2025-11-13T04:00:00,3451.32,3565.00,3432.02,3537.15,1002337.159
2025-11-13T08:00:00,3537.16,3549.00,3475.00,3499.98,720385.179
2025-11-13T12:00:00,3499.97,3509.83,3365.00,3385.52,1747183.941
2025-11-13T16:00:00,3385.52,3397.96,3173.38,3196.23,2324951.791
2025-11-13T20:00:00,3196.22,3270.58,3152.49,3230.12,1234964.734
2025-11-14T00:00:00,3230.13,3250.00,3183.17,3226.50,954225.666
2025-11-14T04:00:00,3226.49,3239.67,3104.00,3213.82,1716241.012
2025-11-14T08:00:00,3213.82,3217.80,3115.00,3142.93,1095573.456
2025-11-14T12:00:00,3142.93,3233.66,3068.00,3195.73,2516469.366
2025-11-14T16:00:00,3195.73,3255.95,3153.17,3206.37,1067797.327
2025-11-14T20:00:00,3206.37,3212.04,3088.00,3111.20,757348.656
2025-11-15T00:00:00,3111.20,3192.80,3109.16,3177.88,513671.665
2025-11-15T04:00:00,3177.88,3190.88,3157.12,3174.98,261804.323
2025-11-15T08:00:00,3174.99,3176.60,3132.66,3151.22,403576.471
2025-11-15T12:00:00,3151.21,3197.50,3146.00,3184.50,351615.193
2025-11-15T16:00:00,3184.50,3230.56,3160.71,3196.70,569661.618
2025-11-15T20:00:00,3196.69,3199.40,3151.33,3166.55,282218.345
2025-11-16T00:00:00,3166.56,3209.51,3130.01,3201.56,545813.830
2025-11-16T04:00:00,3201.56,3219.75,3185.76,3218.21,301534.436
2025-11-16T08:00:00,3218.22,3248.50,3158.35,3167.18,732667.561
2025-11-16T12:00:00,3167.17,3181.32,3095.84,3103.52,985947.142
2025-11-16T16:00:00,3103.52,3127.21,3025.00,3090.13,1999388.892
2025-11-16T20:00:00,3090.13,3116.80,3001.01,3094.05,948699.931
2025-11-17T00:00:00,3094.04,3179.79,3067.77,3175.65,861204.074
2025-11-17T04:00:00,3175.67,3209.77,3165.30,3197.11,495128.346
2025-11-17T08:00:00,3197.11,3223.22,3178.20,3202.57,488381.278
2025-11-17T12:00:00,3202.57,3210.22,3093.43,3119.46,1906834.501
2025-11-17T16:00:00,3119.47,3142.10,2969.99,2981.00,1965453.363
2025-11-17T20:00:00,2980.99,3030.96,2958.00,3030.06,1003440.417
2025-11-18T00:00:00,3030.06,3049.00,2943.31,3022.93,1596140.417
2025-11-18T04:00:00,3022.94,3033.50,2956.63,3022.93,1044019.804
2025-11-18T08:00:00,3022.94,3073.71,3022.94,3056.44,846305.844
2025-11-18T12:00:00,3056.45,3123.17,3020.01,3105.19,1399632.858
2025-11-18T16:00:00,3105.19,3169.28,3097.88,3144.64,955321.084
2025-11-18T20:00:00,3144.64,3149.46,3095.99,3122.20,377242.835
2025-11-19T00:00:00,3122.20,3125.05,3068.19,3072.01,588294.059
2025-11-19T04:00:00,3072.01,3086.68,2990.15,3083.69,1136865.319
2025-11-19T08:00:00,3083.69,3112.96,3051.38,3082.50,743367.167
2025-11-19T12:00:00,3082.50,3107.49,2966.00,2971.58,1711161.140
2025-11-19T16:00:00,2971.57,2985.54,2873.00,2880.79,2191694.291
2025-11-19T20:00:00,2880.79,3026.57,2873.63,3024.09,1384545.891
2025-11-20T00:00:00,3024.08,3057.00,3003.41,3037.83,769227.673
2025-11-20T04:00:00,3037.84,3063.00,3005.69,3038.09,708229.290
2025-11-20T08:00:00,3038.10,3043.68,2990.47,3022.13,552190.890
2025-11-20T12:00:00,3022.14,3048.00,2950.00,2954.53,1657861.629
2025-11-20T16:00:00,2954.52,2960.11,2788.01,2846.39,3442646.933
2025-11-20T20:00:00,2846.39,2904.83,2818.00,2832.97,879400.700
2025-11-21T00:00:00,2832.96,2885.84,2768.86,2807.76,1172462.928
2025-11-21T04:00:00,2807.76,2831.85,2642.65,2718.66,2061788.212
2025-11-21T08:00:00,2718.67,2753.18,2661.92,2687.44,1808502.080
2025-11-21T12:00:00,2687.44,2779.56,2620.00,2703.70,3224092.011
2025-11-21T16:00:00,2703.69,2805.94,2673.58,2750.62,1794139.636
2025-11-21T20:00:00,2750.62,2774.98,2707.00,2764.69,666188.237
2025-11-22T00:00:00,2764.70,2783.34,2737.70,2751.17,372873.272
2025-11-22T04:00:00,2751.16,2770.00,2725.24,2755.13,466456.065
2025-11-22T08:00:00,2755.14,2755.36,2702.87,2734.00,670759.947
2025-11-22T12:00:00,2734.01,2754.41,2709.25,2737.62,560648.417
2025-11-22T16:00:00,2737.61,2758.00,2733.91,2749.26,288640.955
2025-11-22T20:00:00,2749.26,2798.00,2732.34,2769.06,350442.237
2025-11-23T00:00:00,2769.06,2833.00,2766.87,2823.02,523399.414
2025-11-23T04:00:00,2823.01,2850.94,2775.00,2792.16,709008.986
2025-11-23T08:00:00,2792.16,2823.14,2792.02,2814.41,341917.833
2025-11-23T12:00:00,2814.42,2857.00,2808.00,2835.01,725030.742
2025-11-23T16:00:00,2835.01,2845.53,2785.00,2821.52,591325.522
2025-11-23T20:00:00,2821.51,2843.99,2793.19,2800.73,398281.220
2025-11-24T00:00:00,2800.74,2866.34,2761.38,2855.52,1060327.372
2025-11-24T04:00:00,2855.51,2884.80,2800.99,2828.77,1048069.625
2025-11-24T08:00:00,2828.76,2841.92,2786.01,2802.07,601068.515
2025-11-24T12:00:00,2802.06,2859.50,2782.20,2845.16,1234237.440
2025-11-24T16:00:00,2845.15,2978.99,2841.29,2957.80,1616752.639
2025-11-24T20:00:00,2957.81,2986.98,2944.70,2952.19,597919.560
2025-11-25T00:00:00,2952.18,2952.51,2902.50,2910.29,598003.126
2025-11-25T04:00:00,2910.29,2941.39,2900.01,2901.56,468098.788
2025-11-25T08:00:00,2901.56,2907.67,2863.39,2889.53,728451.201
2025-11-25T12:00:00,2889.54,2933.50,2855.00,2894.18,1380004.500
2025-11-25T16:00:00,2894.19,2957.00,2870.03,2921.19,944022.264
2025-11-25T20:00:00,2921.18,2979.31,2905.59,2958.24,655678.995
2025-11-26T00:00:00,2958.24,2983.80,2920.26,2925.54,498665.682
2025-11-26T04:00:00,2925.54,2953.81,2918.56,2943.04,403628.341
2025-11-26T08:00:00,2943.04,2949.25,2900.97,2912.82,504080.727
2025-11-26T12:00:00,2912.82,2948.54,2887.09,2926.63,1088079.698
2025-11-26T16:00:00,2926.63,3044.46,2924.74,3031.08,1413290.100
2025-11-26T20:00:00,3031.08,3034.52,3006.66,3025.02,365683.236
2025-11-27T00:00:00,3025.02,3070.00,3002.00,3032.32,791554.270
2025-11-27T04:00:00,3032.31,3052.73,3015.26,3032.12,378066.548
2025-11-27T08:00:00,3032.12,3044.00,3016.06,3026.75,399698.969
2025-11-27T12:00:00,3026.75,3028.75,2983.81,3009.68,747669.721
2025-11-27T16:00:00,3009.68,3038.00,3003.01,3030.48,370407.361
2025-11-27T20:00:00,3030.49,3043.50,3002.00,3013.80,271626.668
2025-11-28T00:00:00,3013.81,3023.16,2992.10,3007.19,362739.782
2025-11-28T04:00:00,3007.19,3028.00,2998.40,3000.14,381469.101
2025-11-28T08:00:00,3000.13,3080.00,2999.70,3032.44,843805.218
2025-11-28T12:00:00,3032.44,3099.00,3024.34,3071.77,1102568.335
2025-11-28T16:00:00,3071.77,3072.53,3009.36,3048.50,900726.360
2025-11-28T20:00:00,3048.50,3058.39,3018.20,3029.80,287664.811
2025-11-29T00:00:00,3029.80,3051.46,3016.02,3021.51,228763.133
2025-11-29T04:00:00,3021.51,3044.24,2989.12,3003.23,520378.668
2025-11-29T08:00:00,3003.22,3009.85,2982.30,2998.45,345544.090
2025-11-29T12:00:00,2998.45,3015.00,2985.40,3006.00,398196.566
2025-11-29T16:00:00,3006.00,3011.10,2960.01,2987.49,612883.940
2025-11-29T20:00:00,2987.49,2997.87,2980.80,2987.96,152626.046
2025-11-30T00:00:00,2987.96,3011.97,2974.00,3000.44,287796.517
2025-11-30T04:00:00,3000.44,3007.50,2984.20,3003.54,208762.043
2025-11-30T08:00:00,3003.54,3019.29,2996.69,3001.76,264927.371
2025-11-30T12:00:00,3001.77,3052.21,2998.38,3027.65,599869.239
2025-11-30T16:00:00,3027.65,3048.44,3027.05,3033.44,247953.521
2025-11-30T20:00:00,3033.45,3040.00,2988.28,2990.02,369530.609
2025-12-01T00:00:00,2990.02,2998.84,2812.50,2824.80,2053666.272
2025-12-01T04:00:00,2824.81,2843.42,2805.55,2838.44,622768.997
2025-12-01T08:00:00,2838.43,2854.56,2827.00,2836.48,524613.829
2025-12-01T12:00:00,2836.48,2838.98,2718.07,2745.01,1881933.859
2025-12-01T16:00:00,2745.01,2756.93,2718.63,2739.58,899601.554
2025-12-01T20:00:00,2739.57,2818.00,2738.97,2797.47,759246.209
2025-12-02T00:00:00,2797.48,2825.57,2781.38,2803.25,542831.186
2025-12-02T04:00:00,2803.24,2814.80,2796.00,2804.20,267451.759
2025-12-02T08:00:00,2804.20,2834.02,2780.60,2824.67,562633.298
2025-12-02T12:00:00,2824.68,3026.04,2815.00,3005.55,2026748.482
2025-12-02T16:00:00,3005.55,3034.94,2985.13,3014.61,1144080.992
2025-12-02T20:00:00,3014.60,3020.00,2970.04,2994.63,537245.136
2025-12-03T00:00:00,2994.63,3048.00,2983.76,3029.08,577150.058
2025-12-03T04:00:00,3029.07,3084.34,3028.05,3056.41,738112.000
2025-12-03T08:00:00,3056.41,3079.15,3041.95,3071.95,477389.593
2025-12-03T12:00:00,3071.94,3145.14,3030.00,3084.84,1889333.975
2025-12-03T16:00:00,3084.84,3141.17,3062.72,3126.78,771694.628
2025-12-03T20:00:00,3126.79,3216.53,3115.60,3187.07,1007567.800
2025-12-04T00:00:00,3187.08,3239.27,3172.75,3208.57,825984.923
2025-12-04T04:00:00,3208.57,3219.33,3170.06,3189.02,701443.095
2025-12-04T08:00:00,3189.01,3207.59,3173.45,3185.09,381408.972
2025-12-04T12:00:00,3185.09,3227.66,3138.15,3206.56,1209102.527
2025-12-04T16:00:00,3206.56,3225.00,3064.81,3117.66,1454644.990
2025-12-04T20:00:00,3117.66,3150.47,3104.05,3132.01,428514.604
2025-12-05T00:00:00,3132.01,3192.72,3131.05,3169.61,430469.141
2025-12-05T04:00:00,3169.61,3181.64,3150.43,3172.47,436221.894
2025-12-05T08:00:00,3172.47,3172.47,3106.01,3130.00,884381.170
2025-12-05T12:00:00,3129.99,3157.00,3081.09,3105.39,1377700.852
2025-12-05T16:00:00,3105.39,3107.48,2978.00,3037.09,1911166.176
2025-12-05T20:00:00,3037.09,3047.80,3005.12,3020.38,338788.777
2025-12-06T00:00:00,3020.38,3044.80,3011.00,3038.64,243213.353
2025-12-06T04:00:00,3038.64,3041.00,3022.98,3024.98,184902.551
2025-12-06T08:00:00,3024.98,3040.70,3012.00,3037.46,273573.684
2025-12-06T12:00:00,3037.46,3068.58,3025.00,3040.10,464854.565
2025-12-06T16:00:00,3040.10,3065.59,3023.00,3029.03,272725.712
2025-12-06T20:00:00,3029.04,3053.99,3024.35,3036.53,179343.293
2025-12-07T00:00:00,3036.53,3056.60,3030.65,3052.58,171146.475
2025-12-07T04:00:00,3052.57,3056.78,3029.16,3035.91,177621.695
2025-12-07T08:00:00,3035.90,3042.90,3023.25,3034.52,216142.612
2025-12-07T12:00:00,3034.52,3052.80,2903.75,3025.82,1587983.856
2025-12-07T16:00:00,3025.83,3150.00,2997.59,3136.77,1327649.316
2025-12-07T20:00:00,3136.77,3145.91,3010.00,3058.14,835543.371
2025-12-08T00:00:00,3058.14,3133.69,3038.76,3109.65,607913.624
2025-12-08T04:00:00,3109.65,3140.15,3107.15,3132.62,425163.273
2025-12-08T08:00:00,3132.61,3179.99,3123.81,3140.61,596650.888
2025-12-08T12:00:00,3140.61,3178.00,3087.34,3099.69,1544347.414
2025-12-08T16:00:00,3099.69,3132.26,3066.17,3117.55,777794.824
2025-12-08T20:00:00,3117.56,3152.00,3111.65,3123.14,346761.775
2025-12-09T00:00:00,3123.15,3142.30,3089.01,3127.99,500964.431
2025-12-09T04:00:00,3128.00,3130.00,3094.00,3121.57,381512.020
2025-12-09T08:00:00,3121.58,3129.60,3090.00,3116.91,348112.505
2025-12-09T12:00:00,3116.91,3256.00,3097.00,3244.91,1547794.215
2025-12-09T16:00:00,3244.92,3397.50,3244.30,3357.06,2089098.950
2025-12-09T20:00:00,3357.05,3360.32,3283.51,3316.49,722290.244
2025-12-10T00:00:00,3316.50,3327.43,3286.58,3308.00,354269.292
2025-12-10T04:00:00,3308.01,3334.92,3305.22,3325.65,296314.737
2025-12-10T08:00:00,3325.64,3374.93,3295.56,3316.75,772820.147
2025-12-10T12:00:00,3316.76,3337.91,3302.61,3326.63,641668.318
2025-12-10T16:00:00,3326.63,3436.95,3319.48,3388.97,1685935.231
2025-12-10T20:00:00,3388.98,3446.12,3316.90,3322.79,1061006.371
2025-12-11T00:00:00,3322.80,3326.74,3165.00,3189.78,1307759.654
2025-12-11T04:00:00,3189.77,3214.00,3179.00,3199.97,542279.018
2025-12-11T08:00:00,3199.97,3212.00,3175.20,3191.29,415214.668
2025-12-11T12:00:00,3191.29,3209.06,3142.92,3177.71,1134781.654
2025-12-11T16:00:00,3177.71,3232.89,3153.78,3192.70,1022760.597
2025-12-11T20:00:00,3192.69,3272.43,3190.77,3235.77,760167.514
2025-12-12T00:00:00,3235.78,3264.78,3183.33,3244.03,547849.055
2025-12-12T04:00:00,3244.03,3263.50,3230.53,3245.00,292460.990
2025-12-12T08:00:00,3244.99,3254.74,3225.02,3241.17,339966.067
2025-12-12T12:00:00,3241.17,3250.66,3050.00,3070.00,1715560.000
2025-12-12T16:00:00,3070.01,3098.28,3041.10,3071.94,1451516.493
2025-12-12T20:00:00,3071.94,3095.00,3065.79,3083.34,269365.036
2025-12-13T00:00:00,3083.34,3094.07,3077.00,3088.46,151795.722
2025-12-13T04:00:00,3088.46,3094.23,3082.18,3093.19,165652.931
2025-12-13T08:00:00,3093.20,3135.00,3090.91,3117.99,426725.822
2025-12-13T12:00:00,3118.00,3125.99,3092.64,3108.10,346641.325
2025-12-13T16:00:00,3108.10,3115.25,3094.39,3107.12,161932.759
2025-12-13T20:00:00,3107.13,3118.99,3075.00,3113.01,197550.962
2025-12-14T00:00:00,3113.00,3128.65,3101.27,3117.40,184167.035
2025-12-14T04:00:00,3117.40,3120.99,3103.01,3113.78,143691.956
2025-12-14T08:00:00,3113.77,3118.72,3048.32,3083.45,526486.112
2025-12-14T12:00:00,3083.46,3107.26,3068.85,3083.33,633184.714
2025-12-14T16:00:00,3083.32,3107.00,3072.67,3091.88,501685.439
2025-12-14T20:00:00,3091.88,3095.84,3022.51,3062.02,700779.052
2025-12-15T00:00:00,3062.01,3150.00,3055.25,3107.48,825483.534
2025-12-15T04:00:00,3107.49,3143.89,3102.08,3127.34,346841.730
2025-12-15T08:00:00,3127.34,3177.00,3123.90,3155.69,579899.813
2025-12-15T12:00:00,3155.68,3157.90,2985.00,3009.48,1999664.779
2025-12-15T16:00:00,3009.48,3016.55,2890.51,2938.68,1735769.430
2025-12-15T20:00:00,2938.68,2968.43,2915.18,2963.25,593033.686
2025-12-16T00:00:00,2963.25,2976.94,2920.91,2935.44,593744.874
2025-12-16T04:00:00,2935.44,2950.27,2870.00,2922.62,754956.471
2025-12-16T08:00:00,2922.61,2962.99,2918.25,2956.57,473748.089
2025-12-16T12:00:00,2956.57,2982.10,2885.46,2961.73,1558979.658
2025-12-16T16:00:00,2961.73,2966.98,2910.01,2943.80,856984.505
2025-12-16T20:00:00,2943.82,2964.45,2936.46,2960.84,263002.112
2025-12-17T00:00:00,2960.83,2973.52,2936.52,2946.45,327521.359
2025-12-17T04:00:00,2946.46,2953.12,2912.36,2946.59,466416.924
2025-12-17T08:00:00,2946.59,2946.59,2905.29,2927.36,406035.085
2025-12-17T12:00:00,2927.36,3030.00,2882.49,2903.23,2326773.820
2025-12-17T16:00:00,2903.23,2924.79,2789.52,2819.01,1908104.524
2025-12-17T20:00:00,2819.02,2836.61,2804.48,2832.00,451241.853
2025-12-18T00:00:00,2831.99,2846.81,2820.12,2830.57,368098.630
2025-12-18T04:00:00,2830.57,2840.00,2821.00,2834.98,287121.124
2025-12-18T08:00:00,2834.99,2863.18,2830.26,2857.65,386318.103
2025-12-18T12:00:00,2857.66,2997.05,2852.58,2963.89,2375644.948
2025-12-18T16:00:00,2963.90,2966.28,2772.97,2780.40,2243634.150
2025-12-18T20:00:00,2780.40,2837.80,2778.06,2827.30,695024.640
2025-12-19T00:00:00,2827.32,2934.93,2806.15,2907.56,1069254.843
2025-12-19T04:00:00,2907.55,2984.00,2905.79,2950.40,910089.142
2025-12-19T08:00:00,2950.39,2969.89,2936.64,2964.00,464072.342
2025-12-19T12:00:00,2964.00,3017.99,2941.49,2963.48,1330756.676
2025-12-19T16:00:00,2963.48,3006.76,2933.00,2983.61,989243.528
2025-12-19T20:00:00,2983.62,3002.00,2973.33,2978.33,261025.011
2025-12-20T00:00:00,2978.34,2992.81,2969.23,2987.97,165642.828
2025-12-20T04:00:00,2987.98,2989.52,2973.12,2980.25,174843.339
2025-12-20T08:00:00,2980.26,2989.40,2973.62,2985.98,189460.149
2025-12-20T12:00:00,2985.99,2992.97,2965.28,2975.57,359534.003
2025-12-20T16:00:00,2975.58,2979.99,2972.63,2976.57,78112.996
2025-12-20T20:00:00,2976.57,2984.75,2971.28,2976.54,70338.756
2025-12-21T00:00:00,2976.55,2979.91,2960.13,2971.70,179679.766
2025-12-21T04:00:00,2971.70,2981.68,2970.60,2979.83,75461.361
2025-12-21T08:00:00,2979.83,3011.99,2976.27,2995.16,419949.820
2025-12-21T12:00:00,2995.16,3004.00,2943.00,2973.23,684332.218
2025-12-21T16:00:00,2973.23,2996.63,2965.93,2989.48,300762.838
2025-12-21T20:00:00,2989.48,3011.34,2969.45,3000.62,220752.474
2025-12-22T00:00:00,3000.61,3060.39,2966.00,3020.18,1009782.984
2025-12-22T04:00:00,3020.18,3041.51,3018.40,3028.38,313620.918
2025-12-22T08:00:00,3028.38,3057.00,3023.57,3047.61,498299.525
2025-12-22T12:00:00,3047.61,3077.99,3020.40,3051.22,999125.541
2025-12-22T16:00:00,3051.22,3058.61,2972.60,2979.15,679967.426
2025-12-22T20:00:00,2979.16,3014.76,2961.00,3008.49,527209.373
2025-12-23T00:00:00,3008.50,3035.00,2970.08,2990.48,524072.323
2025-12-23T04:00:00,2990.48,2999.00,2945.00,2963.58,562333.806
2025-12-23T08:00:00,2963.57,2974.46,2951.19,2972.06,270312.717
2025-12-23T12:00:00,2972.06,2973.00,2899.30,2927.39,1211030.215
2025-12-23T16:00:00,2927.39,2965.81,2907.28,2942.71,961264.321
2025-12-23T20:00:00,2942.71,2987.74,2939.19,2963.29,496922.772
2025-12-24T00:00:00,2963.29,2976.48,2919.00,2944.47,446998.043
2025-12-24T04:00:00,2944.47,2957.94,2916.11,2931.50,455900.813
2025-12-24T08:00:00,2931.49,2938.71,2912.18,2923.96,393961.608
2025-12-24T12:00:00,2923.96,2937.35,2886.75,2924.20,714936.129
2025-12-24T16:00:00,2924.20,2954.79,2920.04,2944.78,432583.251
2025-12-24T20:00:00,2944.78,2962.69,2939.86,2946.23,178272.086
2025-12-25T00:00:00,2946.23,2955.92,2934.66,2945.90,161796.738
2025-12-25T04:00:00,2945.89,2947.27,2936.55,2940.83,112785.062
2025-12-25T08:00:00,2940.83,2946.00,2910.14,2923.51,342948.915
2025-12-25T12:00:00,2923.51,2969.99,2918.52,2959.68,453553.349
2025-12-25T16:00:00,2959.67,2966.49,2941.52,2955.15,296392.905
2025-12-25T20:00:00,2955.15,2955.43,2888.88,2902.32,466418.873
2025-12-26T00:00:00,2902.32,2994.00,2892.72,2963.76,1013287.489
2025-12-26T04:00:00,2963.76,2992.88,2950.79,2955.43,459938.641
2025-12-26T08:00:00,2955.44,2975.48,2953.55,2963.66,260876.346
2025-12-26T12:00:00,2963.65,2984.93,2893.00,2921.50,1235292.793
2025-12-26T16:00:00,2921.51,2934.28,2905.50,2924.50,379803.329
2025-12-26T20:00:00,2924.50,2938.00,2920.23,2926.82,162745.361
2025-12-27T00:00:00,2926.83,2932.24,2920.00,2931.98,105457.968
2025-12-27T04:00:00,2931.98,2936.66,2926.35,2931.47,97394.913
2025-12-27T08:00:00,2931.46,2939.82,2914.63,2929.58,238624.649
2025-12-27T12:00:00,2929.59,2932.72,2924.00,2925.53,104305.950
2025-12-27T16:00:00,2925.54,2929.70,2915.74,2929.60,112609.207
2025-12-27T20:00:00,2929.60,2959.84,2927.06,2947.61,241120.008
2025-12-28T00:00:00,2947.61,2950.63,2939.50,2942.34,123844.508
2025-12-28T04:00:00,2942.34,2946.29,2927.76,2937.96,165596.304
2025-12-28T08:00:00,2937.96,2946.46,2930.01,2942.99,171967.020
2025-12-28T12:00:00,2942.99,2959.99,2936.20,2948.00,227362.374
2025-12-28T16:00:00,2948.00,2953.50,2922.84,2932.18,259924.848
2025-12-28T20:00:00,2932.18,2954.50,2927.10,2949.60,207645.603
2025-12-29T00:00:00,2949.60,3047.89,2943.10,3042.30,1083093.395
2025-12-29T04:00:00,3042.30,3056.00,3001.00,3018.46,687977.921
2025-12-29T08:00:00,3018.47,3025.00,2955.36,2958.52,950738.037
2025-12-29T12:00:00,2958.52,2964.92,2908.58,2934.02,1464566.714
2025-12-29T16:00:00,2934.02,2944.79,2911.10,2930.88,572916.443
2025-12-29T20:00:00,2930.88,2943.20,2924.50,2936.45,216168.176
2025-12-30T00:00:00,2936.45,2955.01,2917.48,2950.60,352507.494
2025-12-30T04:00:00,2950.61,2957.50,2935.88,2949.43,264122.904
2025-12-30T08:00:00,2949.43,3003.00,2948.81,2977.85,745042.450
2025-12-30T12:00:00,2977.85,3008.67,2956.79,2988.48,972475.510
2025-12-30T16:00:00,2988.49,2993.60,2941.27,2970.32,632362.441
2025-12-30T20:00:00,2970.32,2974.80,2953.00,2972.22,193967.276
2025-12-31T00:00:00,2972.23,2983.97,2960.90,2969.18,288341.311
2025-12-31T04:00:00,2969.19,2978.40,2967.13,2975.52,145372.109
2025-12-31T08:00:00,2975.52,3002.01,2962.21,3000.48,376756.781
2025-12-31T12:00:00,3000.48,3027.73,2966.00,2984.30,933156.921
2025-12-31T16:00:00,2984.30,2996.43,2957.59,2970.21,451563.289
2025-12-31T20:00:00,2970.21,2984.05,2962.20,2970.40,216324.386
2026-01-01T00:00:00,2970.40,2988.48,2970.00,2979.01,133067.175
2026-01-01T04:00:00,2979.01,2982.78,2972.10,2977.18,122145.250
2026-01-01T08:00:00,2977.18,2991.94,2976.57,2988.00,127641.614
2026-01-01T12:00:00,2988.00,2993.91,2976.00,2988.44,221631.060
2026-01-01T16:00:00,2988.45,3005.00,2979.47,2994.06,272023.009
2026-01-01T20:00:00,2994.08,3008.56,2985.90,3002.49,201595.813
2026-01-02T00:00:00,3002.50,3034.36,2990.67,3021.04,462507.608
2026-01-02T04:00:00,3021.04,3038.42,3007.00,3017.00,385068.778
2026-01-02T08:00:00,3017.00,3068.97,3014.27,3046.70,812443.760
2026-01-02T12:00:00,3046.69,3112.15,3017.64,3085.09,1450276.871
2026-01-02T16:00:00,3085.09,3149.00,3077.90,3122.46,1229567.483
2026-01-02T20:00:00,3122.46,3144.00,3109.85,3123.89,292419.225
2026-01-03T00:00:00,3123.88,3135.00,3117.09,3123.90,173512.584
2026-01-03T04:00:00,3123.91,3126.52,3074.52,3089.51,457906.646
2026-01-03T08:00:00,3089.52,3109.60,3082.63,3097.00,287700.138
2026-01-03T12:00:00,3097.00,3114.11,3092.19,3099.92,238314.189
2026-01-03T16:00:00,3099.91,3118.61,3096.75,3112.00,148425.481
2026-01-03T20:00:00,3112.00,3129.70,3105.76,3125.47,160738.562
2026-01-04T00:00:00,3125.46,3165.99,3124.76,3145.73,512447.964
2026-01-04T04:00:00,3145.73,3161.41,3132.24,3139.51,328217.711
2026-01-04T08:00:00,3139.52,3147.37,3122.58,3138.32,289034.150
2026-01-04T12:00:00,3138.32,3145.94,3115.00,3134.14,272959.045
2026-01-04T16:00:00,3134.14,3142.85,3117.00,3131.31,235732.448
2026-01-04T20:00:00,3131.31,3155.00,3129.37,3143.32,249511.472
2026-01-05T00:00:00,3143.33,3221.00,3141.50,3184.74,903116.848
2026-01-05T04:00:00,3184.75,3186.89,3131.47,3156.00,726239.775
2026-01-05T08:00:00,3156.00,3183.36,3151.78,3178.88,397059.116
2026-01-05T12:00:00,3178.88,3205.00,3132.58,3194.49,1013321.998
2026-01-05T16:00:00,3194.48,3230.86,3157.01,3221.63,945405.778
2026-01-05T20:00:00,3221.64,3266.00,3218.55,3223.71,545811.985
2026-01-06T00:00:00,3223.72,3246.00,3201.91,3223.88,402617.323
2026-01-06T04:00:00,3223.88,3254.94,3210.02,3218.01,540058.226
2026-01-06T08:00:00,3218.00,3241.76,3212.80,3236.36,283760.395
2026-01-06T12:00:00,3236.36,3308.00,3228.19,3270.74,1555393.145
2026-01-06T16:00:00,3270.74,3277.76,3180.71,3222.18,1176588.448
2026-01-06T20:00:00,3222.19,3301.64,3221.91,3295.46,628617.944
2026-01-07T00:00:00,3295.46,3295.79,3238.00,3265.57,579224.549
2026-01-07T04:00:00,3265.57,3270.88,3245.72,3253.99,271044.849
2026-01-07T08:00:00,3253.99,3262.00,3194.28,3218.75,945590.152
2026-01-07T12:00:00,3218.74,3228.00,3142.82,3163.53,1393902.197
2026-01-07T16:00:00,3163.53,3178.44,3123.01,3144.37,866529.109
2026-01-07T20:00:00,3144.38,3181.81,3126.55,3167.52,484035.292
2026-01-08T00:00:00,3167.53,3183.68,3132.33,3141.35,388178.758
2026-01-08T04:00:00,3141.35,3160.29,3086.26,3126.41,778811.181
2026-01-08T08:00:00,3126.41,3135.70,3095.16,3119.35,653716.282
2026-01-08T12:00:00,3119.35,3119.66,3052.43,3102.89,1402564.226
2026-01-08T16:00:00,3102.89,3138.44,3088.34,3110.13,691620.906
2026-01-08T20:00:00,3110.12,3129.60,3087.35,3105.45,330084.080
2026-01-09T00:00:00,3105.44,3148.00,3077.46,3118.38,579827.409
2026-01-09T04:00:00,3118.38,3124.26,3109.22,3109.75,182825.737
2026-01-09T08:00:00,3109.76,3114.32,3066.00,3088.99,580453.070
2026-01-09T12:00:00,3089.00,3142.00,3056.79,3111.39,1290277.425
2026-01-09T16:00:00,3111.39,3144.99,3066.31,3079.00,775732.938
2026-01-09T20:00:00,3079.00,3092.17,3064.00,3087.15,279840.206
2026-01-10T00:00:00,3087.16,3093.53,3078.30,3085.52,121450.212
2026-01-10T04:00:00,3085.52,3092.48,3077.22,3091.50,121216.256
2026-01-10T08:00:00,3091.49,3102.68,3086.13,3095.64,138667.002
2026-01-10T12:00:00,3095.63,3102.75,3087.25,3094.12,135440.912
2026-01-10T16:00:00,3094.12,3097.56,3088.50,3090.79,70501.359
2026-01-10T20:00:00,3090.78,3092.19,3077.08,3085.47,103200.578
2026-01-11T00:00:00,3085.47,3096.41,3083.23,3095.48,84779.251
2026-01-11T04:00:00,3095.49,3101.00,3088.31,3094.03,101214.220
2026-01-11T08:00:00,3094.03,3108.45,3091.35,3103.80,145254.711
2026-01-11T12:00:00,3103.80,3129.60,3103.46,3116.89,319133.860
2026-01-11T16:00:00,3116.90,3147.00,3114.40,3123.47,454463.779
2026-01-11T20:00:00,3123.46,3125.44,3090.70,3122.00,409265.762
2026-01-12T00:00:00,3122.00,3170.88,3095.28,3151.18,786884.087
2026-01-12T04:00:00,3151.17,3165.77,3131.58,3133.96,359559.534
2026-01-12T08:00:00,3133.96,3146.13,3100.00,3114.12,617818.107
2026-01-12T12:00:00,3114.12,3132.00,3061.35,3128.66,993733.656
2026-01-12T16:00:00,3128.66,3145.93,3083.00,3120.33,804513.463
2026-01-12T20:00:00,3120.33,3126.84,3083.00,3093.84,316837.892
2026-01-13T00:00:00,3093.85,3118.00,3090.18,3114.98,301275.527
2026-01-13T04:00:00,3114.98,3145.71,3110.71,3121.08,512413.450
2026-01-13T08:00:00,3121.08,3148.15,3121.05,3132.77,320235.807
2026-01-13T12:00:00,3132.77,3188.08,3127.94,3183.11,1233395.062
2026-01-13T16:00:00,3183.11,3217.60,3170.23,3214.45,892316.216
2026-01-13T20:00:00,3214.46,3383.63,3188.72,3324.69,1461919.755
2026-01-14T00:00:00,3324.68,3360.00,3314.01,3351.04,651111.262
2026-01-14T04:00:00,3351.03,3365.66,3321.12,3334.88,484874.124
2026-01-14T08:00:00,3334.88,3342.00,3281.59,3285.20,568679.898
2026-01-14T12:00:00,3285.19,3361.02,3280.00,3344.19,1286402.312
2026-01-14T16:00:00,3344.19,3403.77,3313.94,3366.49,1453952.337
2026-01-14T20:00:00,3366.48,3392.00,3346.24,3353.27,439133.901
2026-01-15T00:00:00,3353.28,3354.61,3275.36,3284.79,602166.195
2026-01-15T04:00:00,3284.80,3333.93,3282.89,3328.63,379922.530
2026-01-15T08:00:00,3328.64,3377.78,3318.66,3348.63,681515.065
2026-01-15T12:00:00,3348.63,3383.07,3282.07,3328.93,1296442.029
2026-01-15T16:00:00,3328.92,3336.22,3266.00,3294.01,860985.724
2026-01-15T20:00:00,3294.01,3322.15,3275.00,3317.00,310951.281
2026-01-16T00:00:00,3317.00,3325.34,3290.21,3293.90,278154.059
2026-01-16T04:00:00,3293.91,3315.82,3274.05,3308.16,444154.888
2026-01-16T08:00:00,3308.16,3319.43,3291.56,3300.69,260687.091
2026-01-16T12:00:00,3300.70,3317.17,3251.42,3263.04,816664.898
2026-01-16T16:00:00,3263.04,3288.88,3258.00,3275.64,491661.737
2026-01-16T20:00:00,3275.65,3298.86,3263.06,3294.77,258859.483
2026-01-17T00:00:00,3294.77,3296.02,3282.39,3288.12,103107.133
2026-01-17T04:00:00,3288.12,3292.99,3284.67,3290.09,83410.702
2026-01-17T08:00:00,3290.08,3304.96,3288.00,3301.40,190867.386
2026-01-17T12:00:00,3301.39,3328.21,3298.00,3328.13,390183.703
2026-01-17T16:00:00,3328.13,3328.36,3310.00,3315.10,237302.859
2026-01-17T20:00:00,3315.09,3318.53,3295.42,3308.87,143756.074
2026-01-18T00:00:00,3308.86,3319.77,3294.52,3314.52,167361.245
2026-01-18T04:00:00,3314.52,3316.69,3304.20,3305.66,115608.432
2026-01-18T08:00:00,3305.67,3324.41,3301.56,3320.60,197684.732
2026-01-18T12:00:00,3320.61,3346.70,3312.71,3332.31,419804.502
2026-01-18T16:00:00,3332.31,3367.98,3328.14,3345.36,367403.056
2026-01-18T20:00:00,3345.36,3356.14,3277.42,3282.77,548656.503
2026-01-19T00:00:00,3282.77,3283.20,3175.00,3210.36,1751682.053
2026-01-19T04:00:00,3210.35,3215.91,3184.15,3205.74,446291.955
2026-01-19T08:00:00,3205.74,3229.66,3196.00,3222.18,365703.184
2026-01-19T12:00:00,3222.18,3234.71,3200.01,3214.47,324701.382
2026-01-19T16:00:00,3214.47,3226.19,3206.61,3218.34,181999.244
2026-01-19T20:00:00,3218.34,3224.00,3165.00,3188.01,495509.882
2026-01-20T00:00:00,3188.01,3199.73,3174.02,3187.41,365402.161
2026-01-20T04:00:00,3187.41,3188.27,3106.66,3121.50,1107438.935
2026-01-20T08:00:00,3121.49,3122.54,3083.49,3108.14,755840.179
2026-01-20T12:00:00,3108.15,3113.52,2990.91,3031.06,1902768.391
2026-01-20T16:00:00,3031.06,3041.58,2977.92,2995.04,914651.463
2026-01-20T20:00:00,2995.04,3006.61,2910.00,2938.24,817116.489
2026-01-21T00:00:00,2938.25,2983.70,2920.08,2980.27,629787.905
2026-01-21T04:00:00,2980.26,3001.01,2964.45,2969.01,455591.036
2026-01-21T08:00:00,2969.02,2973.62,2935.00,2942.17,424450.579
2026-01-21T12:00:00,2942.17,3026.06,2900.31,3001.22,1889835.333
2026-01-21T16:00:00,3001.23,3069.34,2864.29,3054.07,2388005.768
2026-01-21T20:00:00,3054.08,3056.41,2970.65,2980.66,742023.896
2026-01-22T00:00:00,2980.67,3037.49,2979.28,3012.24,488832.813
2026-01-22T04:00:00,3012.23,3027.00,2999.16,2999.71,243955.676
2026-01-22T08:00:00,2999.72,3015.58,2976.07,2984.78,446006.982
2026-01-22T12:00:00,2984.79,3009.00,2904.11,2940.72,1437927.557
2026-01-22T16:00:00,2940.73,2971.84,2922.12,2952.56,628336.811
2026-01-22T20:00:00,2952.56,2958.00,2928.90,2951.21,265976.384
2026-01-23T00:00:00,2951.21,2971.10,2944.47,2963.17,197285.923
2026-01-23T04:00:00,2963.18,2983.62,2933.56,2946.84,457590.402
2026-01-23T08:00:00,2946.84,2949.81,2913.49,2939.52,461077.012
2026-01-23T12:00:00,2939.53,2965.00,2890.20,2951.08,902366.410
2026-01-23T16:00:00,2951.08,3020.45,2936.95,2958.24,1115451.398
2026-01-23T20:00:00,2958.24,2962.64,2929.00,2955.08,287330.021
2026-01-24T00:00:00,2955.08,2968.75,2947.72,2961.10,147297.034
2026-01-24T04:00:00,2961.11,2965.21,2953.03,2956.00,105707.528
2026-01-24T08:00:00,2956.01,2963.61,2953.72,2959.93,72614.980
2026-01-24T12:00:00,2959.93,2966.93,2942.00,2955.55,218582.286
2026-01-24T16:00:00,2955.54,2967.30,2950.25,2952.77,147948.608
2026-01-24T20:00:00,2952.77,2963.02,2947.00,2952.09,90434.841
2026-01-25T00:00:00,2952.09,2959.27,2935.50,2941.54,163007.517
2026-01-25T04:00:00,2941.54,2948.15,2933.05,2938.43,160391.705
2026-01-25T08:00:00,2938.44,2947.00,2918.55,2936.16,282545.564
2026-01-25T12:00:00,2936.15,2944.08,2920.33,2925.54,267548.624
2026-01-25T16:00:00,2925.54,2926.35,2794.59,2810.90,1878474.872
2026-01-25T20:00:00,2810.91,2823.81,2784.15,2815.49,887300.925
2026-01-26T00:00:00,2815.49,2898.02,2810.72,2849.69,1139380.033
2026-01-26T04:00:00,2849.70,2911.00,2848.47,2902.99,688870.404
2026-01-26T08:00:00,2903.00,2935.00,2879.62,2890.92,694583.759
2026-01-26T12:00:00,2890.91,2950.00,2872.78,2898.12,1327264.385
2026-01-26T16:00:00,2898.13,2935.10,2884.93,2921.94,847331.744
2026-01-26T20:00:00,2921.94,2945.60,2893.90,2928.90,515194.245
2026-01-27T00:00:00,2928.89,2948.00,2910.93,2939.68,329008.465
2026-01-27T04:00:00,2939.69,2958.00,2923.21,2927.94,324529.667
2026-01-27T08:00:00,2927.94,2931.46,2898.89,2915.89,371558.446
2026-01-27T12:00:00,2915.88,2944.26,2904.15,2936.17,671479.544
2026-01-27T16:00:00,2936.16,2997.64,2916.51,2979.46,1488670.514
2026-01-27T20:00:00,2979.46,3034.99,2977.65,3024.92,707682.182
2026-01-28T00:00:00,3024.92,3028.50,2995.78,3003.79,293114.311
2026-01-28T04:00:00,3003.79,3018.09,2991.53,3004.06,270072.555
2026-01-28T08:00:00,3004.07,3045.00,2985.33,3038.41,581524.043
2026-01-28T12:00:00,3038.40,3044.39,2981.70,3006.25,775894.585
2026-01-28T16:00:00,3006.25,3030.78,2987.89,3015.25,696139.572
2026-01-28T20:00:00,3015.26,3038.10,2995.01,3009.36,358505.681
2026-01-29T00:00:00,3009.36,3012.04,2943.00,2951.40,683123.354
2026-01-29T04:00:00,2951.40,2964.36,2936.39,2960.11,309089.595
2026-01-29T08:00:00,2960.11,2969.00,2922.21,2928.08,509413.938
2026-01-29T12:00:00,2928.09,2938.00,2795.03,2822.65,1786650.209
2026-01-29T16:00:00,2822.66,2858.88,2752.50,2796.53,2066454.830
2026-01-29T20:00:00,2796.53,2826.15,2788.00,2821.00,401774.081
2026-01-30T00:00:00,2821.00,2827.27,2673.33,2739.74,1576123.926
2026-01-30T04:00:00,2739.74,2773.68,2695.03,2738.43,879040.657
2026-01-30T08:00:00,2738.43,2767.80,2708.00,2758.50,650734.827
2026-01-30T12:00:00,2758.49,2765.50,2689.00,2727.63,1238295.679
2026-01-30T16:00:00,2727.63,2760.00,2634.63,2741.36,1792882.449
2026-01-30T20:00:00,2741.36,2741.89,2662.47,2705.66,946728.370
2026-01-31T00:00:00,2705.66,2713.43,2683.01,2694.79,279521.619
2026-01-31T04:00:00,2694.79,2703.87,2665.00,2678.86,350976.519
2026-01-31T08:00:00,2678.86,2682.60,2605.41,2639.04,1040511.269
2026-01-31T12:00:00,2639.04,2643.21,2507.47,2532.61,2173192.215
2026-01-31T16:00:00,2532.61,2549.98,2202.40,2381.56,4601129.276
2026-01-31T20:00:00,2381.57,2473.20,2352.36,2450.38,1152001.027
2026-02-01T00:00:00,2450.38,2474.98,2428.14,2444.17,564633.344
2026-02-01T04:00:00,2444.18,2453.53,2392.04,2409.99,718983.987
2026-02-01T08:00:00,2409.99,2437.95,2374.65,2410.65,969195.698
2026-02-01T12:00:00,2410.65,2411.31,2284.68,2314.57,1954721.617
2026-02-01T16:00:00,2314.57,2378.09,2282.06,2319.29,1486227.652
2026-02-01T20:00:00,2319.29,2348.21,2218.00,2269.04,1790838.005
2026-02-02T00:00:00,2269.03,2322.71,2163.21,2237.41,2352854.552
2026-02-02T04:00:00,2237.40,2267.11,2156.00,2227.57,2255613.738
2026-02-02T08:00:00,2227.56,2317.49,2227.56,2281.21,1630482.567
2026-02-02T12:00:00,2281.20,2395.40,2280.78,2370.88,2034796.964
2026-02-02T16:00:00,2370.87,2385.56,2326.00,2329.75,950067.598
2026-02-02T20:00:00,2329.75,2353.74,2311.47,2345.55,552729.165
2026-02-03T00:00:00,2345.56,2358.60,2282.01,2343.10,972005.217
2026-02-03T04:00:00,2343.10,2354.40,2296.45,2322.00,824892.202
2026-02-03T08:00:00,2322.00,2331.86,2259.77,2275.63,1188299.957
2026-02-03T12:00:00,2275.63,2316.36,2250.66,2302.16,1521890.933
2026-02-03T16:00:00,2302.16,2302.70,2103.40,2204.33,4077074.319
2026-02-03T20:00:00,2204.33,2353.97,2186.69,2232.23,2264045.849
2026-02-04T00:00:00,2232.23,2295.00,2221.77,2282.23,833789.571
2026-02-04T04:00:00,2282.22,2294.38,2255.13,2282.93,620914.239
2026-02-04T08:00:00,2282.93,2285.29,2225.24,2253.73,902361.756
2026-02-04T12:00:00,2253.73,2262.20,2135.00,2150.44,2746228.366
2026-02-04T16:00:00,2150.45,2195.00,2073.68,2187.77,4179835.855
2026-02-04T20:00:00,2187.76,2192.30,2086.00,2147.01,1302334.829
2026-02-05T00:00:00,2147.01,2173.00,2096.82,2109.11,1408142.112
2026-02-05T04:00:00,2109.12,2124.99,2061.22,2090.57,2232591.622
2026-02-05T08:00:00,2090.56,2149.38,2060.00,2078.74,1647624.674
2026-02-05T12:00:00,2078.72,2107.34,1925.41,1959.21,4534175.206
2026-02-05T16:00:00,1959.21,2017.49,1912.54,1927.24,2896946.059
2026-02-05T20:00:00,1927.24,1941.99,1813.44,1824.95,3935981.068
2026-02-06T00:00:00,1824.94,1947.50,1736.02,1891.17,3804839.789
2026-02-06T04:00:00,1891.18,1974.83,1885.02,1898.21,1624296.492
2026-02-06T08:00:00,1898.21,1939.80,1865.24,1931.76,1640251.691
2026-02-06T12:00:00,1931.75,2001.86,1914.00,1979.49,2192905.700
2026-02-06T16:00:00,1979.49,2090.00,1969.99,2065.15,2616612.800
2026-02-06T20:00:00,2065.14,2095.10,2041.41,2062.54,1113235.456
2026-02-07T00:00:00,2062.55,2085.52,2031.76,2079.62,758514.815
2026-02-07T04:00:00,2079.61,2118.87,1993.34,2026.09,1758484.059
2026-02-07T08:00:00,2026.09,2031.53,1998.52,2017.52,733133.711
2026-02-07T12:00:00,2017.53,2075.61,2008.18,2051.49,1371041.154
2026-02-07T16:00:00,2051.49,2125.00,2009.00,2090.11,4183846.497
2026-02-07T20:00:00,2090.10,2116.79,2072.00,2085.93,437416.265
2026-02-08T00:00:00,2085.94,2106.00,2075.55,2077.86,421678.326
2026-02-08T04:00:00,2077.87,2087.96,2065.28,2083.48,427919.391
2026-02-08T08:00:00,2083.49,2137.00,2077.01,2130.98,1103495.490
2026-02-08T12:00:00,2130.98,2144.35,2096.00,2107.31,1012889.015
2026-02-08T16:00:00,2107.30,2128.88,2070.91,2125.76,722103.433
2026-02-08T20:00:00,2125.78,2152.00,2070.46,2088.60,867093.624
2026-02-09T00:00:00,2088.59,2102.42,2052.92,2099.01,865704.995
2026-02-09T04:00:00,2099.01,2100.88,2063.28,2064.42,502383.793
2026-02-09T08:00:00,2064.42,2069.20,2012.00,2027.43,1128847.314
2026-02-09T12:00:00,2027.44,2072.92,2008.00,2060.27,1417907.891
2026-02-09T16:00:00,2060.28,2142.82,2046.41,2130.56,1407421.872
2026-02-09T20:00:00,2130.55,2148.00,2086.87,2103.96,790123.516
2026-02-10T00:00:00,2103.96,2123.70,2049.64,2063.70,797206.445
2026-02-10T04:00:00,2063.71,2073.32,1996.06,2006.05,1450177.016
2026-02-10T08:00:00,2006.06,2029.00,1993.35,2001.87,854865.316
2026-02-10T12:00:00,2001.87,2038.72,1983.77,2021.32,1397168.295
2026-02-10T16:00:00,2021.32,2046.10,1994.11,2016.82,874683.315
2026-02-10T20:00:00,2016.82,2021.72,1995.57,2021.51,345439.339
2026-02-11T00:00:00,2021.51,2031.00,1996.00,2008.41,473216.263
2026-02-11T04:00:00,2008.40,2010.28,1937.00,1949.56,1445212.376
2026-02-11T08:00:00,1949.55,1955.99,1930.39,1952.33,711117.542
2026-02-11T12:00:00,1952.32,2015.43,1901.22,1928.05,2406242.823
2026-02-11T16:00:00,1928.04,1959.00,1907.53,1951.26,1299726.407
2026-02-11T20:00:00,1951.26,1987.47,1929.62,1940.07,666201.196
2026-02-12T00:00:00,1940.07,1977.00,1940.07,1967.75,470702.468
2026-02-12T04:00:00,1967.74,1982.36,1952.24,1966.97,535174.869
2026-02-12T08:00:00,1966.97,2000.90,1956.19,1987.88,781031.398
2026-02-12T12:00:00,1987.87,1995.53,1943.44,1947.47,1130783.176
2026-02-12T16:00:00,1947.47,1949.00,1893.77,1924.36,1842938.433
2026-02-12T20:00:00,1924.36,1952.27,1908.29,1947.15,488821.807
2026-02-13T00:00:00,1947.15,1957.94,1926.72,1952.49,470157.883
2026-02-13T04:00:00,1952.49,1954.76,1923.29,1934.88,524371.154
2026-02-13T08:00:00,1934.89,1968.49,1932.88,1959.25,623579.493
2026-02-13T12:00:00,1959.26,2049.99,1951.59,2033.71,1815593.104
2026-02-13T16:00:00,2033.78,2073.00,2030.13,2056.82,982055.493
2026-02-13T20:00:00,2056.82,2058.79,2036.76,2047.60,341167.813
2026-02-14T00:00:00,2047.60,2056.91,2041.00,2053.39,200953.713
2026-02-14T04:00:00,2053.40,2059.99,2047.20,2056.10,190576.708
2026-02-14T08:00:00,2056.09,2107.02,2055.90,2098.22,785363.190
2026-02-14T12:00:00,2098.22,2099.23,2063.16,2086.38,704562.146
2026-02-14T16:00:00,2086.38,2089.61,2066.48,2087.31,384786.232
2026-02-14T20:00:00,2087.31,2098.94,2077.29,2085.43,285567.829
2026-02-15T00:00:00,2085.43,2089.00,2034.35,2058.09,839010.065
2026-02-15T04:00:00,2058.08,2102.73,2058.08,2090.58,667010.966
2026-02-15T08:00:00,2090.58,2096.00,2052.52,2060.97,550548.823
2026-02-15T12:00:00,2060.98,2067.80,1992.00,2010.25,1304022.166
2026-02-15T16:00:00,2010.25,2010.33,1926.83,1941.17,1320124.509
2026-02-15T20:00:00,1941.18,1973.50,1933.29,1965.47,582372.153
2026-02-16T00:00:00,1965.48,1980.64,1947.24,1957.72,497517.400
2026-02-16T04:00:00,1957.73,1977.66,1951.59,1970.12,398345.081
2026-02-16T08:00:00,1970.12,1992.23,1956.05,1975.15,633566.923
2026-02-16T12:00:00,1975.15,2023.30,1935.39,1955.63,1670293.349
2026-02-16T16:00:00,1955.63,1988.00,1955.13,1973.37,593967.786
2026-02-16T20:00:00,1973.37,2003.29,1970.10,1997.35,428793.102
2026-02-17T00:00:00,1997.36,2008.64,1977.31,1984.89,453396.188
2026-02-17T04:00:00,1984.89,1997.99,1963.50,1984.85,428529.835
2026-02-17T08:00:00,1984.84,1989.92,1960.19,1967.58,416783.864
2026-02-17T12:00:00,1967.58,2003.43,1940.01,1967.63,1427331.851
2026-02-17T16:00:00,1967.64,2014.91,1952.61,1997.30,1383976.848
2026-02-17T20:00:00,1997.31,2003.25,1985.59,1990.68,305245.076
2026-02-18T00:00:00,1990.68,1999.64,1967.27,1995.85,418428.459
2026-02-18T04:00:00,1995.85,2022.00,1992.13,2017.19,463830.601
2026-02-18T08:00:00,2017.20,2038.27,1975.20,1980.19,917334.760
2026-02-18T12:00:00,1980.19,2009.80,1953.20,1984.56,1412387.045
2026-02-18T16:00:00,1984.56,1986.99,1921.64,1939.82,1322868.117
2026-02-18T20:00:00,1939.83,1955.59,1934.11,1954.77,412344.496
2026-02-19T00:00:00,1954.77,1973.57,1949.10,1971.19,344313.744
2026-02-19T04:00:00,1971.20,1986.91,1963.00,1980.82,401087.352
2026-02-19T08:00:00,1980.82,1981.79,1946.11,1948.70,572180.725
2026-02-19T12:00:00,1948.71,1955.20,1910.00,1925.20,1623716.105
2026-02-19T16:00:00,1925.21,1946.75,1905.50,1940.14,922036.802
2026-02-19T20:00:00,1940.13,1953.00,1933.68,1948.15,305988.475
2026-02-20T00:00:00,1948.15,1963.56,1946.25,1954.06,372003.467
2026-02-20T04:00:00,1954.06,1967.96,1928.52,1959.65,722249.811
2026-02-20T08:00:00,1959.65,1972.99,1939.24,1942.76,582309.333
2026-02-20T12:00:00,1942.76,1980.27,1921.53,1963.05,1529310.050
2026-02-20T16:00:00,1963.05,1980.73,1937.60,1962.88,1156054.873
2026-02-20T20:00:00,1962.89,1974.43,1960.71,1967.85,252769.819
2026-02-21T00:00:00,1967.85,1969.99,1955.07,1958.29,195446.154
2026-02-21T04:00:00,1958.30,1965.46,1955.17,1962.00,139261.061
2026-02-21T08:00:00,1962.00,1988.20,1961.26,1976.25,480800.053
2026-02-21T12:00:00,1976.24,1996.64,1968.31,1987.04,498494.571
2026-02-21T16:00:00,1987.04,1994.59,1975.31,1987.48,341773.043
2026-02-21T20:00:00,1987.48,1989.66,1967.03,1972.54,296539.396
2026-02-22T00:00:00,1972.54,1982.83,1966.10,1973.76,289539.225
2026-02-22T04:00:00,1973.76,1978.59,1970.01,1975.01,144049.483
2026-02-22T08:00:00,1975.01,1982.67,1969.04,1979.84,197552.989
2026-02-22T12:00:00,1979.85,1980.60,1942.24,1952.81,892872.592
2026-02-22T16:00:00,1952.81,1954.67,1933.00,1942.81,376166.728
2026-02-22T20:00:00,1942.81,1960.00,1938.92,1957.01,281364.095
2026-02-23T00:00:00,1957.00,1957.58,1844.46,1860.94,1970983.162
2026-02-23T04:00:00,1860.93,1887.80,1852.00,1884.13,642382.309
2026-02-23T08:00:00,1884.13,1927.73,1875.60,1914.41,975901.002
2026-02-23T12:00:00,1914.40,1935.27,1891.42,1894.72,1241797.396
2026-02-23T16:00:00,1894.73,1899.34,1836.06,1856.15,1331189.130
2026-02-23T20:00:00,1856.16,1869.04,1846.00,1855.47,434570.285
2026-02-24T00:00:00,1855.47,1868.94,1810.46,1830.94,1181431.179
2026-02-24T04:00:00,1830.94,1839.85,1812.52,1824.63,847651.917
2026-02-24T08:00:00,1824.63,1835.55,1813.16,1825.74,539634.383
2026-02-24T12:00:00,1825.75,1849.59,1796.00,1846.37,1624730.572
2026-02-24T16:00:00,1846.36,1864.58,1837.01,1851.56,950543.639
2026-02-24T20:00:00,1851.56,1863.50,1843.83,1851.09,307873.495
2026-02-25T00:00:00,1851.10,1945.70,1845.70,1905.37,1482719.102
2026-02-25T04:00:00,1905.38,1913.82,1877.06,1892.35,783355.298
2026-02-25T08:00:00,1892.36,1927.89,1889.24,1925.28,675208.004
2026-02-25T12:00:00,1925.27,2027.93,1921.23,2012.86,2213958.559
2026-02-25T16:00:00,2012.85,2084.93,2012.14,2070.32,1748491.161
2026-02-25T20:00:00,2070.34,2149.95,2033.18,2056.50,1604674.188
2026-02-26T00:00:00,2056.51,2076.00,2037.83,2053.15,649030.665
2026-02-26T04:00:00,2053.15,2083.09,2050.50,2052.48,615673.329
2026-02-26T08:00:00,2052.49,2082.65,2043.47,2056.51,660311.571
2026-02-26T12:00:00,2056.52,2077.40,2010.38,2032.33,1428516.201
2026-02-26T16:00:00,2032.33,2036.79,1973.49,2029.00,1595749.576
2026-02-26T20:00:00,2029.00,2042.60,2016.70,2026.71,368624.500
2026-02-27T00:00:00,2026.70,2048.91,1999.20,2044.48,658703.297
2026-02-27T04:00:00,2044.48,2063.71,2021.00,2031.54,672408.793
2026-02-27T08:00:00,2031.54,2045.59,1951.48,1960.79,1304918.647
2026-02-27T12:00:00,1960.79,1968.00,1936.00,1947.39,1338894.611
2026-02-27T16:00:00,1947.39,1947.75,1906.00,1920.02,1119096.818
2026-02-27T20:00:00,1920.02,1932.85,1885.00,1928.50,671256.074
2026-02-28T00:00:00,1928.51,1937.37,1916.77,1923.33,302531.180
2026-02-28T04:00:00,1923.33,1930.86,1834.06,1865.36,1816676.462
2026-02-28T08:00:00,1865.37,1880.39,1843.19,1862.27,927573.913
2026-02-28T12:00:00,1862.28,1914.99,1861.01,1897.78,1401422.745
2026-02-28T16:00:00,1897.77,1954.00,1884.13,1945.78,1084450.295
2026-02-28T20:00:00,1945.78,1984.22,1936.69,1963.48,881332.903
2026-03-01T00:00:00,1963.48,2054.67,1942.42,2022.29,1578905.677
2026-03-01T04:00:00,2022.29,2029.63,1988.21,2006.27,845620.562
2026-03-01T08:00:00,2006.26,2009.30,1971.02,1982.30,709326.387
2026-03-01T12:00:00,1982.30,2027.77,1967.34,1992.31,1090905.780
2026-03-01T16:00:00,1992.30,2010.00,1942.65,1952.97,1310393.681
2026-03-01T20:00:00,1952.96,1974.90,1905.91,1938.57,1278132.709
2026-03-02T00:00:00,1938.58,1988.52,1936.33,1971.36,818897.586
2026-03-02T04:00:00,1971.36,1984.45,1924.14,1940.25,673715.063
2026-03-02T08:00:00,1940.27,1966.93,1916.00,1946.56,871799.579
2026-03-02T12:00:00,1946.55,2064.79,1919.77,2046.39,2435783.612
2026-03-02T16:00:00,2046.39,2089.00,2014.46,2042.44,1650723.342
2026-03-02T20:00:00,2042.44,2058.58,2023.26,2026.69,671758.274
2026-03-03T00:00:00,2026.69,2041.22,1996.62,2007.69,709437.097
2026-03-03T04:00:00,2007.69,2019.26,1986.13,1995.27,686348.025
2026-03-03T08:00:00,1995.27,1999.70,1938.01,1960.09,1498942.296
2026-03-03T12:00:00,1960.10,1989.18,1926.32,1968.09,1696814.460
2026-03-03T16:00:00,1968.09,2013.33,1957.42,1985.14,1652729.026
2026-03-03T20:00:00,1985.14,2000.98,1958.16,1981.85,492943.431
2026-03-04T00:00:00,1981.85,1997.99,1943.40,1959.59,754996.880
2026-03-04T04:00:00,1959.59,2010.00,1948.81,2005.72,723026.553
2026-03-04T08:00:00,2005.71,2093.00,1999.39,2054.18,2231214.795
2026-03-04T12:00:00,2054.18,2165.50,2035.20,2149.30,2237549.448
2026-03-04T16:00:00,2149.29,2199.47,2127.83,2176.46,1667261.257
2026-03-04T20:00:00,2176.47,2178.69,2115.33,2125.98,662654.835
2026-03-05T00:00:00,2125.97,2141.57,2106.32,2119.11,678185.051
2026-03-05T04:00:00,2119.10,2144.37,2093.88,2104.30,779373.777
2026-03-05T08:00:00,2104.29,2163.00,2092.43,2136.76,974731.956
2026-03-05T12:00:00,2136.76,2142.38,2066.31,2086.09,1597768.847
2026-03-05T16:00:00,2086.10,2093.96,2053.30,2073.61,1190597.741
2026-03-05T20:00:00,2073.60,2099.30,2066.77,2072.18,414779.632
2026-03-06T00:00:00,2072.17,2092.39,2060.60,2082.88,444237.614
2026-03-06T04:00:00,2082.88,2086.57,2058.00,2081.79,540710.445
2026-03-06T08:00:00,2081.79,2081.79,2044.12,2050.02,687409.148
2026-03-06T12:00:00,2050.03,2062.00,1963.92,1976.43,2186301.207
2026-03-06T16:00:00,1976.42,1991.98,1954.25,1982.52,929400.898
2026-03-06T20:00:00,1982.53,1988.90,1968.30,1977.66,333948.242
2026-03-07T00:00:00,1977.66,1995.74,1971.40,1979.14,341961.260
2026-03-07T04:00:00,1979.15,1983.89,1961.66,1982.19,386888.884
2026-03-07T08:00:00,1982.18,1993.83,1973.84,1987.51,361120.213
2026-03-07T12:00:00,1987.52,1989.85,1969.20,1980.19,389099.281
2026-03-07T16:00:00,1980.19,1982.81,1946.87,1954.01,453331.453
2026-03-07T20:00:00,1954.01,1973.15,1953.64,1968.39,245261.992
2026-03-08T00:00:00,1968.39,1976.33,1934.33,1946.40,549360.617
2026-03-08T04:00:00,1946.40,1959.04,1927.58,1953.97,442384.350
2026-03-08T08:00:00,1953.97,1979.03,1942.70,1950.29,604094.675
2026-03-08T12:00:00,1950.28,1953.75,1922.86,1942.00,799792.005
2026-03-08T16:00:00,1942.01,1969.19,1926.73,1963.20,583922.748
2026-03-08T20:00:00,1963.21,1970.16,1906.63,1935.97,1123967.060
2026-03-09T00:00:00,1935.98,2004.84,1928.20,1976.60,1289281.919
2026-03-09T04:00:00,1976.60,2013.33,1962.27,1982.90,1052595.640
2026-03-09T08:00:00,1982.90,2021.88,1977.69,1991.49,889918.434
2026-03-09T12:00:00,1991.49,2033.52,1991.42,2021.44,1283202.349
2026-03-09T16:00:00,2021.45,2052.83,2004.17,2032.67,1150060.688
2026-03-09T20:00:00,2032.66,2036.44,1988.18,1992.28,602907.876
2026-03-10T00:00:00,1992.28,2053.93,1990.23,2025.61,937205.213
2026-03-10T04:00:00,2025.61,2059.24,2025.32,2050.00,570428.123
2026-03-10T08:00:00,2050.00,2074.00,2050.00,2060.77,751728.798
2026-03-10T12:00:00,2060.77,2085.00,2007.77,2078.42,1978267.618
2026-03-10T16:00:00,2078.42,2088.00,2025.55,2035.84,1294369.856
2026-03-10T20:00:00,2035.84,2048.00,2015.78,2035.39,471914.163
2026-03-11T00:00:00,2035.38,2041.00,2017.04,2020.28,443629.963
2026-03-11T04:00:00,2020.28,2041.00,2005.90,2011.61,629945.279
2026-03-11T08:00:00,2011.59,2033.54,2008.50,2016.96,452516.088
2026-03-11T12:00:00,2016.97,2081.68,2011.51,2048.84,1836421.244
2026-03-11T16:00:00,2048.85,2084.98,2045.14,2075.13,818058.465
2026-03-11T20:00:00,2075.13,2083.85,2044.12,2050.99,409491.771
2026-03-12T00:00:00,2050.98,2057.37,2016.17,2022.07,671131.613
2026-03-12T04:00:00,2022.07,2041.92,2018.17,2039.71,436491.353
2026-03-12T08:00:00,2039.72,2075.65,2036.75,2061.77,908568.871
2026-03-12T12:00:00,2061.77,2094.57,2036.18,2071.40,1903869.744
2026-03-12T16:00:00,2071.39,2077.47,2044.00,2068.63,847229.193
2026-03-12T20:00:00,2068.61,2093.53,2054.40,2072.60,621938.675
2026-03-13T00:00:00,2072.60,2148.00,2069.10,2117.77,1417550.252
2026-03-13T04:00:00,2117.78,2119.20,2088.52,2098.45,573672.938
2026-03-13T08:00:00,2098.44,2133.00,2090.09,2120.02,818371.257
2026-03-13T12:00:00,2120.01,2209.49,2119.30,2127.00,2950677.425
2026-03-13T16:00:00,2127.01,2142.83,2088.44,2101.72,1494951.133
2026-03-13T20:00:00,2101.73,2116.39,2077.03,2091.01,513889.845
2026-03-14T00:00:00,2091.00,2103.62,2080.06,2100.00,381765.967
2026-03-14T04:00:00,2100.00,2105.75,2067.13,2076.30,555805.424
2026-03-14T08:00:00,2076.30,2080.22,2060.09,2072.65,421811.155
2026-03-14T12:00:00,2072.65,2079.55,2068.34,2073.55,294717.603
2026-03-14T16:00:00,2073.55,2078.44,2067.58,2076.25,159079.105
2026-03-14T20:00:00,2076.25,2098.58,2074.79,2095.27,334646.470
2026-03-15T00:00:00,2095.28,2107.00,2081.59,2095.17,405853.319
2026-03-15T04:00:00,2095.17,2116.35,2095.00,2104.97,387110.713
2026-03-15T08:00:00,2104.97,2123.25,2104.97,2118.60,349993.156
2026-03-15T12:00:00,2118.61,2118.96,2085.10,2092.93,628325.520
2026-03-15T16:00:00,2092.93,2117.62,2087.65,2112.33,475588.283
2026-03-15T20:00:00,2112.32,2202.87,2108.91,2177.73,1650783.318
2026-03-16T00:00:00,2177.73,2253.60,2163.32,2235.13,1512415.231
2026-03-16T04:00:00,2235.14,2288.00,2235.13,2248.43,1694173.977
2026-03-16T08:00:00,2248.44,2279.68,2233.00,2268.81,984397.541
2026-03-16T12:00:00,2268.82,2308.00,2253.51,2272.42,2371915.363
2026-03-16T16:00:00,2272.41,2347.99,2268.62,2329.98,1530327.963
2026-03-16T20:00:00,2329.98,2385.78,2322.37,2351.66,1137124.455
2026-03-17T00:00:00,2351.66,2377.00,2306.87,2319.11,1509768.766
2026-03-17T04:00:00,2319.12,2337.50,2292.57,2326.75,982963.688
2026-03-17T08:00:00,2326.74,2334.73,2301.04,2325.75,785681.082
2026-03-17T12:00:00,2325.75,2356.66,2303.00,2314.69,1284193.165
2026-03-17T16:00:00,2314.68,2341.83,2311.07,2319.10,580016.787
2026-03-17T20:00:00,2319.09,2345.00,2315.51,2316.45,352327.903
2026-03-18T00:00:00,2316.45,2349.99,2305.60,2339.60,565019.709
2026-03-18T04:00:00,2339.61,2341.00,2310.07,2316.60,523841.759
2026-03-18T08:00:00,2316.60,2332.98,2262.01,2268.10,1236648.585
2026-03-18T12:00:00,2268.11,2269.74,2168.00,2186.25,2681320.445
2026-03-18T16:00:00,2186.25,2219.00,2163.03,2184.91,1385996.537
2026-03-18T20:00:00,2184.90,2205.90,2150.70,2201.95,732175.390
2026-03-19T00:00:00,2201.96,2232.64,2186.12,2210.87,673478.899
2026-03-19T04:00:00,2210.86,2212.00,2141.79,2165.27,1130665.709
2026-03-19T08:00:00,2165.27,2191.99,2156.84,2166.00,768487.385
2026-03-19T12:00:00,2165.99,2166.58,2098.02,2117.62,2213589.948
2026-03-19T16:00:00,2117.63,2155.90,2103.43,2139.99,1038312.017
2026-03-19T20:00:00,2139.99,2154.43,2129.37,2136.56,408174.950
2026-03-20T00:00:00,2136.56,2159.67,2131.07,2150.20,456100.432
2026-03-20T04:00:00,2150.20,2158.53,2120.04,2149.30,622015.155
2026-03-20T08:00:00,2149.30,2175.64,2130.23,2140.37,928216.763
2026-03-20T12:00:00,2140.36,2152.00,2114.20,2133.09,1261450.708
2026-03-20T16:00:00,2133.09,2144.00,2116.28,2132.10,681814.709
2026-03-20T20:00:00,2132.10,2167.53,2122.90,2145.08,515575.884
2026-03-21T00:00:00,2145.08,2159.00,2142.88,2152.41,214699.258
2026-03-21T04:00:00,2152.40,2160.71,2149.06,2154.40,190753.418
2026-03-21T08:00:00,2154.40,2158.16,2148.45,2156.53,200023.948
2026-03-21T12:00:00,2156.54,2168.00,2145.00,2154.25,378455.240
2026-03-21T16:00:00,2154.25,2154.66,2140.15,2151.19,207908.989
2026-03-21T20:00:00,2151.19,2156.12,2068.78,2083.37,696227.693
2026-03-22T00:00:00,2083.37,2126.38,2045.57,2112.84,1126316.321
2026-03-22T04:00:00,2112.83,2122.16,2091.39,2092.82,518142.776
2026-03-22T08:00:00,2092.82,2096.73,2065.21,2068.97,704694.333
2026-03-22T12:00:00,2068.96,2092.60,2066.87,2081.96,545347.614
2026-03-22T16:00:00,2081.97,2083.56,2053.01,2062.00,412619.666
2026-03-22T20:00:00,2062.00,2074.71,2024.11,2052.85,907245.588
2026-03-23T00:00:00,2052.86,2071.92,2034.38,2051.55,683057.734
2026-03-23T04:00:00,2051.55,2071.30,2021.58,2043.65,836723.914
2026-03-23T08:00:00,2043.65,2199.00,2027.57,2133.89,2839257.805
2026-03-23T12:00:00,2133.90,2192.54,2105.39,2127.55,2431120.091
2026-03-23T16:00:00,2127.54,2179.00,2116.00,2153.37,1219816.764
2026-03-23T20:00:00,2153.36,2165.87,2139.06,2151.01,283532.990
2026-03-24T00:00:00,2151.00,2155.36,2122.78,2140.40,535475.799
2026-03-24T04:00:00,2140.41,2169.90,2127.82,2164.33,666482.833
2026-03-24T08:00:00,2164.34,2174.71,2146.01,2164.75,630545.487
2026-03-24T12:00:00,2164.74,2169.37,2117.71,2134.13,1243575.265
2026-03-24T16:00:00,2134.13,2139.88,2102.00,2115.96,938888.630
2026-03-24T20:00:00,2115.96,2162.90,2114.70,2155.29,696426.082
2026-03-25T00:00:00,2155.30,2168.00,2142.66,2157.50,501705.778
2026-03-25T04:00:00,2157.49,2179.72,2155.57,2163.70,571355.234
2026-03-25T08:00:00,2163.71,2200.11,2163.03,2185.01,905333.535
2026-03-25T12:00:00,2185.01,2197.30,2145.59,2161.67,1345442.349
2026-03-25T16:00:00,2161.68,2187.63,2155.08,2171.73,648229.553
2026-03-25T20:00:00,2171.73,2184.99,2158.01,2168.00,295427.605
2026-03-26T00:00:00,2168.00,2171.32,2142.15,2152.15,471318.207
2026-03-26T04:00:00,2152.15,2153.52,2110.72,2122.37,877179.932
2026-03-26T08:00:00,2122.36,2126.24,2061.00,2067.33,1227552.831
2026-03-26T12:00:00,2067.34,2093.64,2050.54,2069.43,1213774.885
2026-03-26T16:00:00,2069.43,2070.00,2033.22,2047.86,838307.982
2026-03-26T20:00:00,2047.85,2080.25,2045.17,2059.17,817780.614
2026-03-27T00:00:00,2059.18,2076.43,2055.50,2060.45,354929.755
2026-03-27T04:00:00,2060.44,2071.59,2041.32,2064.95,613100.519
2026-03-27T08:00:00,2064.94,2068.60,1980.28,1990.24,1655519.043
2026-03-27T12:00:00,1990.24,2009.46,1966.20,1990.12,1438244.439
2026-03-27T16:00:00,1990.11,1996.88,1973.37,1990.28,696955.142
2026-03-27T20:00:00,1990.28,1995.37,1977.90,1991.58,264573.419
2026-03-28T00:00:00,1991.57,1994.30,1981.52,1987.95,216122.294
2026-03-28T04:00:00,1987.95,2007.63,1986.00,2005.94,323528.935
2026-03-28T08:00:00,2005.95,2007.46,1991.20,1996.41,295192.030
2026-03-28T12:00:00,1996.41,2049.36,1991.23,2025.79,1022489.311
2026-03-28T16:00:00,2025.80,2028.97,2014.57,2019.52,229088.168
2026-03-28T20:00:00,2019.52,2025.42,1988.16,1993.48,390635.190
2026-03-29T00:00:00,1993.48,2019.00,1990.53,2010.14,359938.411
2026-03-29T04:00:00,2010.14,2011.89,1996.26,2005.00,230760.210
2026-03-29T08:00:00,2005.00,2007.29,1990.40,2002.65,300757.836
2026-03-29T12:00:00,2002.65,2003.98,1982.21,1991.80,534021.634
2026-03-29T16:00:00,1991.80,2003.20,1986.50,1995.04,279883.999
2026-03-29T20:00:00,1995.05,2008.99,1936.54,1983.44,1127151.125
2026-03-30T00:00:00,1983.45,2043.26,1978.70,2034.97,1131322.341
2026-03-30T04:00:00,2034.97,2067.78,2034.97,2058.70,792916.982
2026-03-30T08:00:00,2058.69,2086.99,2046.40,2070.40,769322.612
2026-03-30T12:00:00,2070.40,2084.82,2042.88,2073.40,1123786.862
2026-03-30T16:00:00,2073.39,2074.00,2012.14,2022.69,1018384.217
2026-03-30T20:00:00,2022.69,2049.21,2012.59,2025.69,622241.954
2026-03-31T00:00:00,2025.69,2093.00,2015.25,2065.92,1039176.785
2026-03-31T04:00:00,2065.91,2071.42,2040.88,2055.00,528667.355
2026-03-31T08:00:00,2054.99,2058.66,2011.25,2040.23,966855.411
2026-03-31T12:00:00,2040.23,2091.49,2033.89,2053.66,1838047.822
2026-03-31T16:00:00,2053.66,2124.51,2053.31,2095.68,1645565.566
2026-03-31T20:00:00,2095.68,2109.48,2087.00,2104.49,412473.380
2026-04-01T00:00:00,2104.48,2117.44,2081.19,2101.87,545500.487
2026-04-01T04:00:00,2101.87,2157.99,2099.18,2130.13,1121226.102
2026-04-01T08:00:00,2130.13,2142.76,2124.43,2134.18,546289.820
2026-04-01T12:00:00,2134.18,2149.37,2107.53,2133.93,1101165.049
2026-04-01T16:00:00,2133.93,2167.20,2122.23,2140.24,882497.895
2026-04-01T20:00:00,2140.25,2164.47,2129.20,2138.80,529434.453
2026-04-02T00:00:00,2138.80,2158.42,2044.00,2054.73,1951268.322
2026-04-02T04:00:00,2054.73,2057.42,2037.23,2054.80,695759.093
2026-04-02T08:00:00,2054.79,2054.79,2022.00,2032.04,535630.451
2026-04-02T12:00:00,2032.03,2072.00,2015.55,2058.46,1505005.222
2026-04-02T16:00:00,2058.45,2076.00,2042.18,2064.39,648483.676
2026-04-02T20:00:00,2064.40,2073.41,2052.26,2055.96,428813.629
2026-04-03T00:00:00,2055.97,2061.88,2038.35,2053.00,478521.465
2026-04-03T04:00:00,2053.01,2074.60,2046.16,2064.98,358149.385
2026-04-03T08:00:00,2064.98,2071.14,2052.02,2061.87,275020.086
2026-04-03T12:00:00,2061.88,2084.02,2040.26,2050.31,650821.783
2026-04-03T16:00:00,2050.31,2055.90,2042.40,2051.43,215252.759
2026-04-03T20:00:00,2051.42,2060.99,2048.37,2052.92,159944.319
2026-04-04T00:00:00,2052.93,2053.00,2046.87,2049.21,97192.643
2026-04-04T04:00:00,2049.21,2057.50,2047.51,2052.72,144502.407
2026-04-04T08:00:00,2052.73,2054.50,2046.45,2051.06,167444.817
2026-04-04T12:00:00,2051.06,2060.99,2043.00,2055.16,291860.727
2026-04-04T16:00:00,2055.16,2083.36,2051.74,2063.77,440548.065
2026-04-04T20:00:00,2063.77,2071.46,2058.63,2064.43,164643.801
2026-04-05T00:00:00,2064.43,2064.60,2052.65,2055.69,155903.682
2026-04-05T04:00:00,2055.69,2057.19,2026.32,2036.00,514006.294
2026-04-05T08:00:00,2036.00,2051.83,2034.57,2040.88,215639.762
2026-04-05T12:00:00,2040.88,2069.25,2020.61,2053.13,910656.558
2026-04-05T16:00:00,2053.12,2068.88,2047.04,2060.99,367934.360
2026-04-05T20:00:00,2061.00,2123.23,2048.66,2109.35,968936.812
2026-04-06T00:00:00,2109.36,2147.73,2109.36,2128.38,897583.043
2026-04-06T04:00:00,2128.38,2140.50,2119.04,2134.05,478563.501
2026-04-06T08:00:00,2134.05,2174.41,2132.52,2150.55,910874.502
2026-04-06T12:00:00,2150.54,2169.11,2136.42,2163.43,1122283.440
2026-04-06T16:00:00,2163.43,2167.52,2122.00,2143.29,803496.478
2026-04-06T20:00:00,2143.30,2154.42,2086.29,2106.14,928197.295
2026-04-07T00:00:00,2106.14,2119.78,2091.93,2107.19,656492.285
2026-04-07T04:00:00,2107.20,2118.25,2095.35,2103.00,356137.967
2026-04-07T08:00:00,2102.99,2132.96,2080.57,2088.47,1033896.877
2026-04-07T12:00:00,2088.48,2092.61,2058.01,2079.26,1236932.445
2026-04-07T16:00:00,2079.26,2117.00,2076.41,2112.52,952245.685
2026-04-07T20:00:00,2112.52,2273.00,2109.43,2239.14,2645440.876
2026-04-08T00:00:00,2239.14,2250.71,2226.28,2233.89,743736.136
2026-04-08T04:00:00,2233.89,2259.72,2233.88,2252.75,639308.278
2026-04-08T08:00:00,2252.74,2262.75,2235.83,2246.53,556185.243
2026-04-08T12:00:00,2246.53,2269.65,2186.03,2214.56,1781318.946
2026-04-08T16:00:00,2214.56,2238.66,2196.26,2210.01,821555.618
2026-04-08T20:00:00,2210.00,2221.64,2177.77,2188.87,524408.699
2026-04-09T00:00:00,2188.87,2193.23,2160.00,2181.31,573555.041
2026-04-09T04:00:00,2181.31,2188.57,2174.39,2179.96,297020.676
2026-04-09T08:00:00,2179.97,2196.53,2175.00,2179.02,440979.973
2026-04-09T12:00:00,2179.02,2224.99,2156.00,2217.00,1351872.805
2026-04-09T16:00:00,2216.99,2230.00,2192.00,2215.36,1084333.513
2026-04-09T20:00:00,2215.36,2246.15,2181.70,2188.92,717749.349
2026-04-10T00:00:00,2188.92,2203.19,2173.81,2185.16,482254.301
2026-04-10T04:00:00,2185.16,2202.67,2175.25,2178.63,378270.952
2026-04-10T08:00:00,2178.62,2223.00,2176.04,2214.72,612092.346
2026-04-10T12:00:00,2214.71,2257.55,2206.77,2223.23,1395274.405
2026-04-10T16:00:00,2223.23,2254.67,2220.03,2251.80,527443.325
2026-04-10T20:00:00,2251.80,2255.89,2233.74,2243.90,368971.149
2026-04-11T00:00:00,2243.91,2251.33,2233.33,2235.94,263841.199
2026-04-11T04:00:00,2235.94,2241.68,2227.03,2231.68,299460.051
2026-04-11T08:00:00,2231.68,2248.28,2230.69,2245.00,306621.595
2026-04-11T12:00:00,2245.00,2255.85,2232.20,2248.39,294725.417
2026-04-11T16:00:00,2248.39,2329.99,2245.22,2315.24,1179609.631
2026-04-11T20:00:00,2315.25,2316.48,2275.20,2283.85,530900.213
2026-04-12T00:00:00,2283.86,2288.12,2205.52,2212.71,1217614.173
2026-04-12T04:00:00,2212.71,2219.88,2207.00,2217.01,314769.248
2026-04-12T08:00:00,2217.01,2217.98,2192.42,2203.11,403018.463
2026-04-12T12:00:00,2203.11,2207.35,2173.00,2185.27,784291.464
2026-04-12T16:00:00,2185.27,2206.00,2181.66,2197.24,383122.902
2026-04-12T20:00:00,2197.23,2217.70,2182.65,2190.62,602327.064
2026-04-13T00:00:00,2190.61,2207.90,2186.12,2193.27,315218.386
2026-04-13T04:00:00,2193.27,2201.47,2181.02,2185.50,417733.422
2026-04-13T08:00:00,2185.50,2194.62,2178.18,2186.30,370876.792
2026-04-13T12:00:00,2186.29,2235.41,2174.48,2208.08,1478787.506
2026-04-13T16:00:00,2208.08,2268.70,2198.57,2261.20,1172829.826
2026-04-13T20:00:00,2261.20,2395.85,2246.39,2368.80,2045153.934
2026-04-14T00:00:00,2368.80,2378.00,2353.87,2364.68,575697.429
2026-04-14T04:00:00,2364.69,2389.00,2353.87,2376.85,526677.833
2026-04-14T08:00:00,2376.85,2395.30,2366.62,2373.12,689338.800
2026-04-14T12:00:00,2373.13,2416.40,2331.46,2363.24,2145638.387
2026-04-14T16:00:00,2363.25,2370.29,2301.60,2312.54,1058703.853
2026-04-14T20:00:00,2312.56,2331.66,2307.42,2321.17,435561.389
2026-04-15T00:00:00,2321.16,2342.07,2316.43,2327.60,414500.406
2026-04-15T04:00:00,2327.59,2337.19,2306.80,2315.53,436164.883
2026-04-15T08:00:00,2315.52,2340.00,2310.93,2336.20,501349.000
2026-04-15T12:00:00,2336.21,2348.88,2316.17,2330.60,878951.457
2026-04-15T16:00:00,2330.60,2384.67,2327.40,2373.70,856245.184
2026-04-15T20:00:00,2373.69,2379.90,2347.18,2358.87,568493.441
2026-04-16T00:00:00,2358.86,2368.45,2343.27,2356.52,345171.677
2026-04-16T04:00:00,2356.51,2362.91,2334.00,2340.40,389074.202
2026-04-16T08:00:00,2340.39,2347.06,2327.11,2334.42,528827.802
2026-04-16T12:00:00,2334.43,2352.00,2282.70,2337.60,1819052.346
2026-04-16T16:00:00,2337.59,2361.00,2307.94,2358.39,1006738.050
2026-04-16T20:00:00,2358.39,2363.67,2333.45,2346.92,438571.260
2026-04-17T00:00:00,2346.93,2349.85,2322.35,2324.46,361864.221
2026-04-17T04:00:00,2324.45,2340.88,2314.08,2333.24,342517.138
2026-04-17T08:00:00,2333.23,2376.96,2331.91,2353.63,893850.912
2026-04-17T12:00:00,2353.64,2456.32,2348.00,2440.71,2674338.578
2026-04-17T16:00:00,2440.71,2463.86,2414.12,2426.48,989444.645
2026-04-17T20:00:00,2426.48,2441.65,2414.14,2417.66,415610.733
2026-04-18T00:00:00,2417.65,2426.62,2397.00,2404.00,348331.058
2026-04-18T04:00:00,2404.00,2412.38,2398.00,2402.38,258226.851
2026-04-18T08:00:00,2402.38,2403.84,2341.52,2351.45,1197051.138
2026-04-18T12:00:00,2351.46,2368.97,2343.56,2361.99,487352.582
2026-04-18T16:00:00,2361.98,2374.15,2337.00,2347.04,540869.706
2026-04-18T20:00:00,2347.04,2358.57,2343.42,2348.99,182605.714
2026-04-19T00:00:00,2348.99,2353.99,2330.15,2338.60,308236.290
2026-04-19T04:00:00,2338.61,2344.88,2291.29,2314.27,762049.076
2026-04-19T08:00:00,2314.27,2329.99,2304.23,2327.66,393208.733
2026-04-19T12:00:00,2327.66,2348.92,2313.39,2329.47,693540.149
2026-04-19T16:00:00,2329.46,2330.05,2286.30,2298.63,759169.984
2026-04-19T20:00:00,2298.63,2299.04,2250.91,2262.20,818267.667
2026-04-20T00:00:00,2262.21,2292.91,2258.30,2285.07,506817.313
2026-04-20T04:00:00,2285.08,2331.88,2262.06,2296.82,854790.529
2026-04-20T08:00:00,2296.83,2319.19,2288.13,2306.94,539713.304
2026-04-20T12:00:00,2306.95,2326.00,2276.71,2312.71,1226425.637
2026-04-20T16:00:00,2312.72,2343.27,2296.51,2330.39,828126.892
2026-04-20T20:00:00,2330.39,2346.84,2306.01,2312.59,489269.532
2026-04-21T00:00:00,2312.59,2325.42,2297.51,2310.14,335385.187
2026-04-21T04:00:00,2310.13,2327.11,2302.90,2316.96,334405.418
2026-04-21T08:00:00,2316.95,2337.99,2312.61,2318.91,553026.781
2026-04-21T12:00:00,2318.91,2326.54,2288.79,2309.31,1033318.283
2026-04-21T16:00:00,2309.30,2330.00,2280.82,2297.04,1096579.469
2026-04-21T20:00:00,2297.04,2328.69,2293.50,2326.13,566275.322
2026-04-22T00:00:00,2326.12,2379.19,2311.41,2362.69,1034946.315
2026-04-22T04:00:00,2362.69,2414.35,2357.26,2389.24,1212805.629
2026-04-22T08:00:00,2389.25,2399.84,2382.15,2397.59,349631.152
2026-04-22T12:00:00,2397.59,2423.00,2388.76,2402.69,1216936.805
2026-04-22T16:00:00,2402.69,2412.82,2383.29,2396.75,635247.102
2026-04-22T20:00:00,2396.76,2405.20,2372.60,2373.04,409906.665
2026-04-23T00:00:00,2373.05,2381.85,2330.00,2339.62,1018821.820
2026-04-23T04:00:00,2339.62,2357.72,2336.00,2342.81,517607.574
2026-04-23T08:00:00,2342.81,2343.72,2303.90,2327.93,1100317.196
2026-04-23T12:00:00,2327.92,2343.36,2314.08,2332.17,777540.257
2026-04-23T16:00:00,2332.17,2334.88,2283.31,2311.78,1000391.312
2026-04-23T20:00:00,2311.77,2337.76,2311.42,2328.94,362609.457
2026-04-24T00:00:00,2328.94,2336.46,2298.54,2307.14,471533.312
2026-04-24T04:00:00,2307.15,2316.19,2298.44,2310.49,355735.640
2026-04-24T08:00:00,2310.49,2331.00,2301.66,2326.70,568694.958
2026-04-24T12:00:00,2326.71,2330.36,2300.00,2322.72,873820.892
2026-04-24T16:00:00,2322.73,2324.00,2307.27,2320.37,350485.138
2026-04-24T20:00:00,2320.36,2327.11,2305.20,2313.88,283316.991
2026-04-25T00:00:00,2313.87,2320.00,2310.00,2317.51,110807.341
2026-04-25T04:00:00,2317.52,2318.17,2312.05,2315.14,87377.875
2026-04-25T08:00:00,2315.13,2322.22,2309.51,2312.47,193718.549
2026-04-25T12:00:00,2312.47,2317.94,2298.98,2306.65,236761.363
2026-04-25T16:00:00,2306.64,2312.95,2298.98,2308.88,258043.942
2026-04-25T20:00:00,2308.89,2319.59,2307.80,2318.21,117650.148
2026-04-26T00:00:00,2318.21,2318.58,2305.07,2308.64,152533.095
2026-04-26T04:00:00,2308.64,2336.63,2307.38,2330.23,427669.988
2026-04-26T08:00:00,2330.23,2336.99,2328.05,2334.78,210651.123
2026-04-26T12:00:00,2334.78,2351.60,2321.97,2347.00,479623.943
2026-04-26T16:00:00,2347.00,2376.51,2339.11,2366.18,526052.003
2026-04-26T20:00:00,2366.19,2379.99,2347.00,2368.32,587423.970
2026-04-27T00:00:00,2368.32,2403.99,2356.12,2393.68,702132.183
2026-04-27T04:00:00,2393.68,2394.92,2310.09,2314.50,1314286.459
2026-04-27T08:00:00,2314.50,2324.29,2307.42,2318.77,374880.623
2026-04-27T12:00:00,2318.76,2328.72,2263.88,2273.52,1328160.918
2026-04-27T16:00:00,2273.52,2291.00,2268.48,2287.76,491832.142
2026-04-27T20:00:00,2287.77,2307.26,2283.05,2302.28,265145.454
2026-04-28T00:00:00,2302.28,2309.73,2278.52,2289.47,381327.232
2026-04-28T04:00:00,2289.47,2295.77,2266.54,2286.49,484141.213
2026-04-28T08:00:00,2286.50,2290.32,2269.30,2274.39,392456.344
2026-04-28T12:00:00,2274.39,2284.97,2256.03,2278.52,786634.035
2026-04-28T16:00:00,2278.53,2304.93,2273.00,2300.87,470176.231
2026-04-28T20:00:00,2300.86,2304.83,2282.76,2288.37,201435.887
2026-04-29T00:00:00,2288.36,2315.72,2278.02,2310.55,500663.290
2026-04-29T04:00:00,2310.54,2342.15,2308.04,2322.82,860205.678
2026-04-29T08:00:00,2322.83,2346.48,2319.67,2330.57,579721.257
2026-04-29T12:00:00,2330.56,2331.00,2261.88,2271.57,1265920.426
2026-04-29T16:00:00,2271.57,2284.86,2218.83,2232.35,1590028.123
2026-04-29T20:00:00,2232.34,2263.75,2229.06,2251.52,513003.110
2026-04-30T00:00:00,2251.53,2277.92,2234.16,2251.81,631194.686
2026-04-30T04:00:00,2251.82,2261.41,2230.10,2258.99,506908.683
2026-04-30T08:00:00,2259.00,2273.00,2250.87,2257.05,455315.802
2026-04-30T12:00:00,2257.05,2274.80,2244.96,2264.61,605852.791
2026-04-30T16:00:00,2264.60,2266.09,2250.05,2260.70,254758.052
2026-04-30T20:00:00,2260.71,2266.35,2250.98,2256.49,136452.164
2026-05-01T00:00:00,2256.50,2294.99,2256.03,2281.60,490385.774
2026-05-01T04:00:00,2281.60,2285.86,2270.62,2278.54,314438.228
2026-05-01T08:00:00,2278.55,2292.33,2275.68,2285.32,289382.275
2026-05-01T12:00:00,2285.32,2324.64,2282.68,2306.86,1268967.958
2026-05-01T16:00:00,2306.86,2313.33,2297.04,2303.88,364717.936
2026-05-01T20:00:00,2303.89,2305.10,2278.00,2294.34,390279.221
2026-05-02T00:00:00,2294.34,2308.09,2291.41,2303.06,200164.250
2026-05-02T04:00:00,2303.06,2305.35,2295.13,2299.77,151536.228
2026-05-02T08:00:00,2299.78,2306.90,2297.51,2301.00,112545.292
2026-05-02T12:00:00,2300.99,2311.09,2299.84,2307.86,154509.020
2026-05-02T16:00:00,2307.86,2312.94,2302.32,2310.15,147103.281
2026-05-02T20:00:00,2310.15,2342.00,2308.41,2315.90,412838.967
2026-05-03T00:00:00,2315.91,2316.62,2298.02,2300.65,320422.282
2026-05-03T04:00:00,2300.65,2312.98,2296.01,2308.20,189102.745
2026-05-03T08:00:00,2308.20,2327.29,2306.25,2318.87,320954.533
2026-05-03T12:00:00,2318.88,2333.00,2318.88,2327.23,304345.984
2026-05-03T16:00:00,2327.23,2337.16,2321.24,2334.60,211465.351
2026-05-03T20:00:00,2334.60,2356.75,2313.11,2321.67,737670.769
2026-05-04T00:00:00,2321.67,2391.62,2308.10,2384.08,1299542.745
2026-05-04T04:00:00,2384.07,2398.88,2353.00,2361.79,750948.310
2026-05-04T08:00:00,2361.79,2369.82,2313.05,2336.20,1270038.830
2026-05-04T12:00:00,2336.20,2382.00,2324.20,2348.62,1350428.262
2026-05-04T16:00:00,2348.63,2378.85,2334.99,2355.36,896650.093
2026-05-04T20:00:00,2355.36,2364.97,2343.61,2346.11,233126.564
2026-05-05T00:00:00,2346.12,2388.42,2344.00,2380.96,471741.628
2026-05-05T04:00:00,2380.96,2389.97,2365.77,2379.17,512817.543
2026-05-05T08:00:00,2379.16,2383.57,2365.14,2378.65,391248.882
2026-05-05T12:00:00,2378.65,2398.88,2366.96,2379.84,1055396.622
2026-05-05T16:00:00,2379.84,2381.98,2358.16,2370.58,608683.510
2026-05-05T20:00:00,2370.58,2387.88,2352.79,2359.47,644333.972
2026-05-06T00:00:00,2359.47,2379.88,2352.42,2375.32,393589.233
2026-05-06T04:00:00,2375.33,2378.11,2352.50,2370.54,424278.199
2026-05-06T08:00:00,2370.54,2422.52,2368.06,2408.99,1687902.017
2026-05-06T12:00:00,2408.99,2412.55,2343.27,2357.72,1734972.385
2026-05-06T16:00:00,2357.71,2368.58,2335.17,2347.14,720642.979
2026-05-06T20:00:00,2347.15,2356.03,2337.00,2349.70,369401.279
2026-05-07T00:00:00,2349.69,2351.29,2311.48,2320.86,824764.370
2026-05-07T04:00:00,2320.86,2345.83,2316.00,2343.33,525923.036
2026-05-07T08:00:00,2343.32,2345.60,2316.11,2329.02,494154.629
2026-05-07T12:00:00,2329.01,2335.88,2284.06,2293.46,1335321.343
2026-05-07T16:00:00,2293.47,2303.20,2278.00,2294.93,645796.865
2026-05-07T20:00:00,2294.94,2301.55,2278.74,2289.91,506721.739
2026-05-08T00:00:00,2289.92,2293.28,2263.43,2277.71,556627.324
2026-05-08T04:00:00,2277.71,2283.60,2266.00,2279.88,365527.257
2026-05-08T08:00:00,2279.88,2297.14,2278.45,2293.85,484466.705
2026-05-08T12:00:00,2293.85,2301.85,2268.32,2292.39,799694.740
2026-05-08T16:00:00,2292.40,2320.66,2285.17,2315.20,772509.813
2026-05-08T20:00:00,2315.21,2318.30,2302.30,2306.17,282845.168
2026-05-09T00:00:00,2306.17,2319.72,2303.38,2314.24,238952.737
2026-05-09T04:00:00,2314.24,2324.51,2309.90,2313.51,263272.771
2026-05-09T08:00:00,2313.50,2319.38,2309.14,2313.68,181003.580
2026-05-09T12:00:00,2313.69,2317.50,2296.66,2316.52,444822.396
2026-05-09T16:00:00,2316.52,2337.79,2314.06,2331.13,638420.014
2026-05-09T20:00:00,2331.14,2332.61,2323.47,2325.22,124697.909
2026-05-10T00:00:00,2325.23,2333.95,2317.02,2326.79,199906.767
2026-05-10T04:00:00,2326.79,2331.12,2325.10,2326.31,107639.145
2026-05-10T08:00:00,2326.30,2333.10,2317.68,2321.50,209761.875
2026-05-10T12:00:00,2321.51,2352.00,2319.70,2346.78,458231.658
2026-05-10T16:00:00,2346.79,2367.66,2338.90,2364.58,884544.399
2026-05-10T20:00:00,2364.59,2381.88,2310.01,2370.21,1487272.659
2026-05-11T00:00:00,2370.21,2373.91,2318.39,2329.23,927376.309
2026-05-11T04:00:00,2329.24,2343.00,2325.34,2329.53,310764.875
2026-05-11T08:00:00,2329.53,2339.00,2325.47,2334.72,229834.017
2026-05-11T12:00:00,2334.72,2338.29,2302.51,2332.39,906098.693
2026-05-11T16:00:00,2332.40,2343.31,2322.33,2339.38,518572.117
2026-05-11T20:00:00,2339.39,2344.88,2333.86,2338.61,193767.714
2026-05-12T00:00:00,2338.62,2339.80,2292.94,2308.26,618172.963
2026-05-12T04:00:00,2308.26,2313.48,2290.00,2294.01,404090.361
2026-05-12T08:00:00,2294.01,2295.50,2276.31,2285.91,652584.939
2026-05-12T12:00:00,2285.91,2294.09,2255.22,2260.90,1020856.572
2026-05-12T16:00:00,2260.91,2286.64,2255.15,2284.11,497468.775
2026-05-12T20:00:00,2284.12,2291.16,2272.59,2273.62,227670.126
2026-05-13T00:00:00,2273.61,2302.80,2271.60,2300.48,407598.495
2026-05-13T04:00:00,2300.47,2308.76,2294.34,2300.12,293863.225
2026-05-13T08:00:00,2300.12,2322.68,2298.00,2300.74,610279.701
2026-05-13T12:00:00,2300.74,2306.91,2233.00,2235.38,1605463.931
2026-05-13T16:00:00,2235.39,2267.98,2233.86,2255.60,529023.906
2026-05-13T20:00:00,2255.61,2263.50,2249.63,2257.54,182508.437
2026-05-14T00:00:00,2257.53,2268.75,2237.05,2241.03,465641.568
2026-05-14T04:00:00,2241.03,2274.52,2238.17,2264.23,494728.776
2026-05-14T08:00:00,2264.23,2269.99,2251.25,2252.81,405222.223
2026-05-14T12:00:00,2252.80,2298.95,2245.01,2297.36,1273280.375
2026-05-14T16:00:00,2297.37,2318.60,2292.52,2297.42,1173125.010
2026-05-14T20:00:00,2297.43,2300.59,2278.87,2282.06,370485.318
2026-05-15T00:00:00,2282.06,2299.36,2259.56,2272.36,696786.064
2026-05-15T04:00:00,2272.36,2273.70,2236.25,2263.90,837879.971
2026-05-15T08:00:00,2263.90,2264.21,2248.42,2256.32,364971.911
2026-05-15T12:00:00,2256.33,2259.67,2203.55,2221.91,1526549.037
2026-05-15T16:00:00,2221.92,2232.00,2217.55,2222.31,388408.625
2026-05-15T20:00:00,2222.30,2225.31,2213.09,2223.66,208069.396
2026-05-16T00:00:00,2223.65,2230.79,2222.37,2226.63,181655.026
2026-05-16T04:00:00,2226.63,2227.90,2180.12,2193.52,782465.233
2026-05-16T08:00:00,2193.51,2196.06,2160.50,2175.33,804602.273
2026-05-16T12:00:00,2175.33,2187.42,2171.11,2178.95,317890.888
