timestamp,open,high,low,close,volume
2021-05-17T16:00:00,48.5890,52.0260,45.7010,49.1570,5769282
2021-05-17T20:00:00,49.1650,50.0380,46.3640,46.7400,2163397
2021-05-18T00:00:00,46.7520,48.3350,46.0410,47.7390,1726334
2021-05-18T04:00:00,47.7440,52.0830,47.5350,52.0480,2048809
2021-05-18T08:00:00,52.0380,55.1410,51.5510,54.5340,3159370
2021-05-18T12:00:00,54.5330,55.1480,51.1390,53.4110,3252156
2021-05-18T16:00:00,53.3950,58.5830,53.1050,55.1990,4247928
2021-05-18T20:00:00,55.1950,57.0000,53.5280,55.9500,1966468
2021-05-19T00:00:00,55.9680,57.6150,51.1390,52.0750,2746969
2021-05-19T04:00:00,52.0960,52.6500,44.6080,50.8850,4689910
2021-05-19T08:00:00,50.8930,51.0750,38.9970,43.9740,4081559
2021-05-19T12:00:00,43.9740,47.6860,25.2280,46.7220,4697172
2021-05-19T16:00:00,46.7000,47.8570,40.6090,40.9630,3446234
2021-05-19T20:00:00,40.9400,41.6420,34.9140,34.9520,2807604
2021-05-20T00:00:00,34.9590,37.9730,32.1590,36.4700,3586593
2021-05-20T04:00:00,36.4700,42.4890,35.8720,41.6510,2753105
2021-05-20T08:00:00,41.6510,44.1340,39.3340,43.2350,2159697
2021-05-20T12:00:00,43.2530,46.2500,42.4850,45.8210,2525241
2021-05-20T16:00:00,45.8360,52.2160,42.3900,44.9100,7210295
2021-05-20T20:00:00,44.9210,48.1440,43.8400,44.4310,2503884
2021-05-21T00:00:00,44.4260,47.7550,44.3460,45.4970,1728906
2021-05-21T04:00:00,45.4960,45.8330,42.9300,43.9550,2203261
2021-05-21T08:00:00,43.9760,44.2340,40.9650,42.2300,2154552
2021-05-21T12:00:00,42.2260,42.6580,35.7500,36.9300,4002737
2021-05-21T16:00:00,36.9330,40.2210,36.4640,38.1860,2958740
2021-05-21T20:00:00,38.1860,38.9530,33.6910,38.9210,2949755
2021-05-22T00:00:00,38.9310,40.0000,36.6810,37.7270,1655262
2021-05-22T04:00:00,37.7350,38.2440,34.6340,35.2270,2086015
2021-05-22T08:00:00,35.2180,37.9040,35.1970,36.9720,1768548
2021-05-22T12:00:00,36.9700,38.3390,34.6500,35.3840,2038733
2021-05-22T16:00:00,35.3980,35.5330,31.1230,31.3740,2805120
2021-05-22T20:00:00,31.3760,33.7790,31.1660,31.2250,1991996
2021-05-23T00:00:00,31.2230,32.3930,29.0960,30.2380,2694839
2021-05-23T04:00:00,30.2380,30.4530,25.8580,26.6670,3849193
2021-05-23T08:00:00,26.6750,26.7610,21.2270,25.6610,10503089
2021-05-23T12:00:00,25.6470,26.2310,22.2620,22.9130,7848003
2021-05-23T16:00:00,22.9230,23.6790,19.1270,22.9130,9415555
2021-05-23T20:00:00,22.9100,25.8750,22.6770,24.5170,4765530
2021-05-24T00:00:00,24.5000,27.5990,24.4990,26.6570,3094859
2021-05-24T04:00:00,26.6450,28.8520,25.7860,28.5800,3456364
2021-05-24T08:00:00,28.5650,30.3250,27.0650,30.2600,4405603
2021-05-24T12:00:00,30.2710,31.4230,29.1580,30.2920,3963819
2021-05-24T16:00:00,30.3070,32.0000,28.6000,31.8860,2988912
2021-05-24T20:00:00,31.8890,32.1990,29.8570,31.4170,2536246
2021-05-25T00:00:00,31.4330,33.2000,28.7440,29.2130,2936856
2021-05-25T04:00:00,29.2170,30.1680,27.6900,29.6010,2988684
2021-05-25T08:00:00,29.6030,29.6460,25.9390,26.2790,3559745
2021-05-25T12:00:00,26.2900,29.6940,26.1010,29.5370,3494165
2021-05-25T16:00:00,29.5350,29.9790,28.1800,28.4140,2056153
2021-05-25T20:00:00,28.4320,31.3460,28.3410,30.0070,1950768
2021-05-26T00:00:00,30.0030,32.5300,28.7870,32.4950,2031087
2021-05-26T04:00:00,32.4890,35.6780,31.3930,35.0650,2429493
2021-05-26T08:00:00,35.0570,36.3850,33.1680,36.1990,2650625
2021-05-26T12:00:00,36.2060,37.2900,33.3470,34.3220,3092735
2021-05-26T16:00:00,34.3210,35.2540,32.7240,33.5680,1862851
2021-05-26T20:00:00,33.5660,35.8130,33.3860,35.4200,1206512
2021-05-27T00:00:00,35.4190,35.6280,31.0100,31.8500,2180254
2021-05-27T04:00:00,31.8500,33.4560,31.4060,33.1430,1434440
2021-05-27T08:00:00,33.1430,35.2660,32.3230,35.0240,1666653
2021-05-27T12:00:00,35.0430,35.2540,33.7250,34.1700,1477721
2021-05-27T16:00:00,34.1610,34.5890,33.0550,34.4910,1418112
2021-05-27T20:00:00,34.4920,35.4480,33.3870,33.7790,1600175
2021-05-28T00:00:00,33.7790,34.5610,33.0280,33.8460,1205826
2021-05-28T04:00:00,33.8410,33.8410,30.0030,31.0300,1887376
2021-05-28T08:00:00,31.0380,31.2940,28.2390,28.5010,2296842
2021-05-28T12:00:00,28.4820,31.8330,28.2580,31.1600,2143383
2021-05-28T16:00:00,31.1670,31.5800,30.1990,30.8420,1671421
2021-05-28T20:00:00,30.8380,31.2560,27.9650,28.9930,1737211
2021-05-29T00:00:00,29.0020,29.8000,28.7650,29.4200,1067697
2021-05-29T04:00:00,29.4190,30.0650,28.4440,29.1350,1286026
2021-05-29T08:00:00,29.1310,29.4140,27.7370,28.7290,1492806
2021-05-29T12:00:00,28.7240,28.7420,26.4130,26.9730,1994318
2021-05-29T16:00:00,26.9880,27.5280,25.7040,26.0290,1630849
2021-05-29T20:00:00,26.0390,27.6800,25.7320,27.3800,1326396
2021-05-30T00:00:00,27.3680,27.4730,25.6180,26.7590,1623773
2021-05-30T04:00:00,26.7750,29.5710,26.6710,29.5280,1637358
2021-05-30T08:00:00,29.5250,29.7590,28.5530,29.4070,1464221
2021-05-30T12:00:00,29.3970,29.4620,27.4000,27.7940,1463118
2021-05-30T16:00:00,27.7950,29.4160,27.5950,29.1010,1380294
2021-05-30T20:00:00,29.1010,29.4720,28.4320,28.5900,1239531
2021-05-31T00:00:00,28.5820,29.0560,27.5130,28.0560,1235909
2021-05-31T04:00:00,28.0620,30.7940,27.6500,30.6110,1663211
2021-05-31T08:00:00,30.6110,32.4090,30.3080,31.5590,2569806
2021-05-31T12:00:00,31.5590,32.7560,30.5450,32.6270,2261628
2021-05-31T16:00:00,32.6380,33.0170,31.2900,31.6220,2042859
2021-05-31T20:00:00,31.6220,32.9890,31.3700,32.7490,1438079
2021-06-01T00:00:00,32.7490,32.8940,31.2850,32.2270,1461110
2021-06-01T04:00:00,32.2260,33.3300,31.9100,32.1310,1594737
2021-06-01T08:00:00,32.1270,32.3380,30.5940,32.0400,2061478
2021-06-01T12:00:00,32.0480,32.2830,30.7940,31.1850,1862964
2021-06-01T16:00:00,31.1930,31.4810,29.8000,30.0660,1932267
2021-06-01T20:00:00,30.0670,31.1460,29.9900,30.9550,1190452
2021-06-02T00:00:00,30.9420,31.2720,30.4000,31.0290,1019045
2021-06-02T04:00:00,31.0290,31.8790,30.8340,31.7120,1109118
2021-06-02T08:00:00,31.7090,32.5780,31.4220,32.4240,1318731
2021-06-02T12:00:00,32.4220,34.2500,32.4000,33.6340,2096463
2021-06-02T16:00:00,33.6300,35.0000,33.3510,34.1300,1798426
2021-06-02T20:00:00,34.1220,34.6930,33.3080,33.9940,1246915
2021-06-03T00:00:00,33.9880,35.8440,33.7130,35.5330,1528308
2021-06-03T04:00:00,35.5340,37.3850,35.1490,36.6670,2061996
2021-06-03T08:00:00,36.6670,37.6970,36.2530,36.7450,2282408
2021-06-03T12:00:00,36.7530,39.7570,36.1340,38.5070,4463418
2021-06-03T16:00:00,38.4980,39.9000,38.0610,39.4550,2547221
2021-06-03T20:00:00,39.4490,41.3560,39.2600,39.6270,3055682
2021-06-04T00:00:00,39.6460,39.7460,36.9010,38.8290,2926302
2021-06-04T04:00:00,38.8390,39.1970,34.8740,36.7150,2978406
2021-06-04T08:00:00,36.7170,38.0480,35.0000,35.5940,3120202
2021-06-04T12:00:00,35.5800,38.4750,34.2250,38.1310,3461428
2021-06-04T16:00:00,38.1490,38.8220,37.1630,37.7860,2270400
2021-06-04T20:00:00,37.7790,39.1590,36.6940,37.3700,1660456
2021-06-05T00:00:00,37.3650,42.5470,36.9950,41.4620,3216001
2021-06-05T04:00:00,41.4780,42.7860,41.3800,41.5270,2530303
2021-06-05T08:00:00,41.5190,41.9780,39.5000,40.0290,3866157
2021-06-05T12:00:00,40.0420,41.4990,39.0880,40.4950,4172474
2021-06-05T16:00:00,40.4950,40.6180,39.2500,39.5280,2671154
2021-06-05T20:00:00,39.5220,40.1500,37.4880,39.6580,3366336
2021-06-06T00:00:00,39.6490,40.6420,38.9320,39.7010,2152296
2021-06-06T04:00:00,39.6970,40.4660,39.4190,39.7730,1649684
2021-06-06T08:00:00,39.7650,41.4680,39.7560,40.5760,2508617
2021-06-06T12:00:00,40.5800,42.9830,40.2290,42.7810,3661209
2021-06-06T16:00:00,42.7850,43.4700,41.4140,41.6580,3244697
2021-06-06T20:00:00,41.6600,42.9490,41.4170,42.1990,2337919
2021-06-07T00:00:00,42.2010,43.9500,41.6860,42.6030,2468257
2021-06-07T04:00:00,42.5980,43.9890,42.3370,43.7130,2553872
2021-06-07T08:00:00,43.7090,44.1930,43.0310,43.2900,2242326
2021-06-07T12:00:00,43.2880,44.1000,41.8000,42.2000,3147659
2021-06-07T16:00:00,42.1860,42.7730,41.1910,42.7470,3398044
2021-06-07T20:00:00,42.7490,42.9500,37.9260,38.2470,4960097
2021-06-08T00:00:00,38.2480,39.7940,35.2820,37.4550,4216103
2021-06-08T04:00:00,37.4720,38.0750,34.7340,36.8010,4512134
2021-06-08T08:00:00,36.8020,38.1610,35.4060,37.2390,4200582
2021-06-08T12:00:00,37.2340,37.4350,33.5500,36.6590,6005738
2021-06-08T16:00:00,36.6350,41.3500,36.4270,41.0570,6551638
2021-06-08T20:00:00,41.0610,42.5580,40.0360,41.2290,5260416
2021-06-09T00:00:00,41.2520,41.7400,39.2600,40.5350,4109477
2021-06-09T04:00:00,40.5450,43.9300,39.6300,42.9800,5079284
2021-06-09T08:00:00,42.9730,43.8700,42.0640,43.5080,5046814
2021-06-09T12:00:00,43.5160,44.0180,41.3620,42.5650,5934068
2021-06-09T16:00:00,42.5570,43.2090,40.9330,41.7370,3417484
2021-06-09T20:00:00,41.7470,42.7790,41.5100,42.0240,1910240
2021-06-10T00:00:00,42.0340,42.0980,40.6000,40.7400,2113139
2021-06-10T04:00:00,40.7400,42.3690,40.6440,42.0960,2158590
2021-06-10T08:00:00,42.0990,43.0000,41.0750,41.9680,2912967
2021-06-10T12:00:00,41.9580,42.2920,40.8110,41.1220,2297490
2021-06-10T16:00:00,41.1240,41.4640,39.4340,40.9200,2904709
2021-06-10T20:00:00,40.9230,41.5000,40.0400,41.0900,1656123
2021-06-11T00:00:00,41.0900,41.3610,39.2620,40.1750,1983791
2021-06-11T04:00:00,40.1700,40.3760,38.3250,38.7690,2182410
2021-06-11T08:00:00,38.7690,39.8260,38.6850,39.3190,1843621
2021-06-11T12:00:00,39.3320,39.9980,37.7320,37.8200,2130266
2021-06-11T16:00:00,37.8380,38.2810,36.8000,37.1540,2527847
2021-06-11T20:00:00,37.1570,37.3090,35.1100,36.1620,2784498
2021-06-12T00:00:00,36.1570,36.2110,34.1800,35.4280,3097546
2021-06-12T04:00:00,35.4290,36.4420,34.5260,36.0710,3015204
2021-06-12T08:00:00,36.0660,36.6740,35.0250,36.6150,3035930
2021-06-12T12:00:00,36.6110,37.6150,36.1240,36.5430,2357294
2021-06-12T16:00:00,36.5420,37.2950,36.3410,36.4250,1618187
2021-06-12T20:00:00,36.4410,37.5820,36.2600,36.4740,1475397
2021-06-13T00:00:00,36.4590,37.3490,35.5140,35.7130,1434899
2021-06-13T04:00:00,35.7240,36.2650,35.2990,35.7270,1475768
2021-06-13T08:00:00,35.7270,36.3640,35.5000,35.8620,1394531
2021-06-13T12:00:00,35.8570,36.1810,34.7080,34.9650,1593520
2021-06-13T16:00:00,34.9690,38.9000,34.9040,38.0710,3280428
2021-06-13T20:00:00,38.0600,39.4220,38.0570,38.7080,2329042
2021-06-14T00:00:00,38.7060,39.2000,37.6360,37.8720,1496985
2021-06-14T04:00:00,37.8800,38.2840,37.6270,37.8100,1285344
2021-06-14T08:00:00,37.8140,37.8910,36.9880,37.3430,1441276
2021-06-14T12:00:00,37.3440,39.9890,36.6000,39.8690,3148662
2021-06-14T16:00:00,39.8480,40.5530,38.4640,39.0450,2830507
2021-06-14T20:00:00,39.0440,39.9000,38.6530,39.6720,1242135
2021-06-15T00:00:00,39.6780,40.9850,39.3090,40.5080,1912319
2021-06-15T04:00:00,40.5120,41.2990,40.3680,41.2990,1726166
2021-06-15T08:00:00,41.2950,41.7400,39.9900,40.5350,2277845
2021-06-15T12:00:00,40.5430,41.0450,39.4400,39.9840,1776857
2021-06-15T16:00:00,39.9940,41.5170,39.8700,40.0520,1947932
2021-06-15T20:00:00,40.0590,40.3320,39.1190,39.5400,1147104
2021-06-16T00:00:00,39.5390,39.5390,38.7100,39.0400,1150576
2021-06-16T04:00:00,39.0500,39.9000,38.9000,39.4530,1212814
2021-06-16T08:00:00,39.4600,39.7990,37.7020,38.0930,1567231
2021-06-16T12:00:00,38.0920,39.8310,37.4800,39.5500,2318029
2021-06-16T16:00:00,39.5500,41.7000,38.5500,39.4960,6233707
2021-06-16T20:00:00,39.4980,40.4730,38.6950,39.6770,1733590
2021-06-17T00:00:00,39.6840,40.5640,39.4080,40.2740,1432990
2021-06-17T04:00:00,40.2850,41.0310,39.7850,40.9760,1377570
2021-06-17T08:00:00,40.9750,41.2250,40.3940,40.6430,1553961
2021-06-17T12:00:00,40.6440,40.7520,39.4200,40.2970,2069410
2021-06-17T16:00:00,40.2980,40.4090,38.2500,39.2890,2443324
2021-06-17T20:00:00,39.2880,39.7040,38.5300,39.2690,1312927
2021-06-18T00:00:00,39.2780,39.3550,38.1910,39.1680,1014454
2021-06-18T04:00:00,39.1780,39.4710,38.5190,39.0130,848082
2021-06-18T08:00:00,39.0220,39.1440,37.8160,38.2290,1297653
2021-06-18T12:00:00,38.2280,38.3000,35.5000,35.5720,2574345
2021-06-18T16:00:00,35.5700,36.7830,34.8740,35.3870,2784080
2021-06-18T20:00:00,35.3860,36.8330,35.2680,36.8000,1717414
2021-06-19T00:00:00,36.8000,37.2990,35.0000,35.6670,1614852
2021-06-19T04:00:00,35.6610,36.3620,35.2850,36.3120,1149997
2021-06-19T08:00:00,36.3110,36.4410,35.7500,36.3270,1063434
2021-06-19T12:00:00,36.3160,36.9630,35.8130,36.2690,1446812
2021-06-19T16:00:00,36.2710,36.3750,34.8610,35.5530,1329832
2021-06-19T20:00:00,35.5460,36.0070,35.0770,35.1510,1092783
2021-06-20T00:00:00,35.1600,35.4000,34.2680,34.9550,1189355
2021-06-20T04:00:00,34.9400,35.6220,34.8350,35.2840,869206
2021-06-20T08:00:00,35.2930,35.4020,32.1890,32.4610,2742958
2021-06-20T12:00:00,32.4650,34.4400,31.2410,33.7160,3981783
2021-06-20T16:00:00,33.7160,35.4370,33.4150,35.0270,2329770
2021-06-20T20:00:00,35.0310,35.9500,34.7110,35.2280,1905590
2021-06-21T00:00:00,35.2340,35.5000,32.5380,32.7360,1764078
2021-06-21T04:00:00,32.7360,33.3600,30.1340,31.0480,4481124
2021-06-21T08:00:00,31.0570,31.8730,28.2830,30.4400,5129448
2021-06-21T12:00:00,30.4460,31.3830,29.0000,29.6650,3956948
2021-06-21T16:00:00,29.6650,30.0000,27.4490,28.5670,3240402
2021-06-21T20:00:00,28.5700,28.7390,25.9000,26.5780,3903785
2021-06-22T00:00:00,26.5680,28.7710,24.9130,27.9200,4730773
2021-06-22T04:00:00,27.9280,28.1080,26.0340,26.4750,2541859
2021-06-22T08:00:00,26.4740,26.5110,21.9700,22.0000,6649367
2021-06-22T12:00:00,22.0150,26.4260,20.0980,25.6160,16442601
2021-06-22T16:00:00,25.6140,28.2560,25.4100,26.4180,8220962
2021-06-22T20:00:00,26.4210,27.8540,25.7200,26.9560,3708390
2021-06-23T00:00:00,26.9560,31.2500,25.6150,29.9020,6509104
2021-06-23T04:00:00,29.9040,30.9500,29.4860,30.6130,3376215
2021-06-23T08:00:00,30.6090,31.8530,30.0100,30.9330,4798340
2021-06-23T12:00:00,30.9360,32.9450,29.0100,29.0860,7416505
2021-06-23T16:00:00,29.0860,30.7990,28.3140,28.4320,5689163
2021-06-23T20:00:00,28.4520,31.0000,28.2700,30.7740,3575521
2021-06-24T00:00:00,30.7850,31.2320,28.4910,28.9580,3746659
2021-06-24T04:00:00,28.9610,29.9000,28.4600,29.4140,2631913
2021-06-24T08:00:00,29.4110,30.7980,29.2810,30.6900,2726855
2021-06-24T12:00:00,30.6860,31.6330,29.9820,30.7000,3055438
2021-06-24T16:00:00,30.7010,32.9630,30.2130,32.0830,4664282
2021-06-24T20:00:00,32.0840,32.4760,31.1160,31.1510,2433722
2021-06-25T00:00:00,31.1540,32.8000,31.0500,32.6340,2757742
2021-06-25T04:00:00,32.6300,32.9900,30.7770,31.2360,2728862
2021-06-25T08:00:00,31.2360,31.8000,29.4090,29.5650,3767435
2021-06-25T12:00:00,29.5730,30.7720,28.6250,29.0610,4785755
2021-06-25T16:00:00,29.0560,29.7370,27.9570,29.3910,4801091
2021-06-25T20:00:00,29.3800,29.6530,28.2730,28.5910,2545269
2021-06-26T00:00:00,28.5980,30.1620,28.2880,29.1900,2950804
2021-06-26T04:00:00,29.1900,30.0000,27.1560,27.2720,2948843
2021-06-26T08:00:00,27.2800,28.9630,26.6350,28.7520,5020079
2021-06-26T12:00:00,28.7520,28.9660,27.0620,28.3790,4158067
2021-06-26T16:00:00,28.3870,28.5870,27.4010,28.2370,2789275
2021-06-26T20:00:00,28.2370,29.7260,27.6310,29.6390,2127880
2021-06-27T00:00:00,29.6490,30.9160,29.1460,30.6610,3184017
2021-06-27T04:00:00,30.6710,30.8640,29.6140,30.5540,2215362
2021-06-27T08:00:00,30.5550,30.8320,29.7350,30.4470,2986673
2021-06-27T12:00:00,30.4500,31.1590,30.0000,30.1830,3661129
2021-06-27T16:00:00,30.1800,30.4990,29.6110,29.9230,2162982
2021-06-27T20:00:00,29.9250,31.9350,29.6400,31.8530,2616338
2021-06-28T00:00:00,31.8480,31.9180,30.9530,31.4200,1469805
2021-06-28T04:00:00,31.4200,32.7470,31.0640,32.5310,1671273
2021-06-28T08:00:00,32.5310,32.9500,31.4500,31.5960,2410858
2021-06-28T12:00:00,31.5920,34.1000,31.3000,33.9990,3148321
2021-06-28T16:00:00,33.9970,34.0400,32.8380,33.5180,2702891
2021-06-28T20:00:00,33.5120,34.3070,32.5160,33.0130,1876779
2021-06-29T00:00:00,33.0180,33.7950,32.6320,33.1160,1446300
2021-06-29T04:00:00,33.1190,34.0080,32.9450,33.4520,1613628
2021-06-29T08:00:00,33.4520,34.4970,33.2420,34.3060,2141494
2021-06-29T12:00:00,34.3010,35.8100,34.1560,35.2570,3208062
2021-06-29T16:00:00,35.2550,35.6970,34.5730,34.7890,1971055
2021-06-29T20:00:00,34.7890,34.9430,33.6280,33.9490,1688686
2021-06-30T00:00:00,33.9450,34.2350,32.0890,32.2490,2137847
2021-06-30T04:00:00,32.2490,33.5000,31.7800,33.4910,2319079
2021-06-30T08:00:00,33.4840,33.7920,32.0620,33.0010,2563403
2021-06-30T12:00:00,33.0030,33.2990,31.5430,31.9200,2332923
2021-06-30T16:00:00,31.9180,34.4800,31.5970,34.2990,2228803
2021-06-30T20:00:00,34.2940,36.0000,33.9120,35.4930,3309157
2021-07-01T00:00:00,35.4930,35.5410,33.6030,33.7660,2046317
2021-07-01T04:00:00,33.7640,34.9660,32.3520,32.3950,2742313
2021-07-01T08:00:00,32.4100,34.3480,32.1410,34.2310,2925681
2021-07-01T12:00:00,34.2260,34.3700,32.8520,33.4760,2745441
2021-07-01T16:00:00,33.4780,34.2090,33.0550,33.6850,2310229
2021-07-01T20:00:00,33.6710,34.2840,33.2510,33.2540,1668061
2021-07-02T00:00:00,33.2600,33.9990,31.9660,32.1630,1871193
2021-07-02T04:00:00,32.1520,32.7000,31.3480,32.4810,2312114
2021-07-02T08:00:00,32.4810,32.7570,31.5000,31.9190,2006653
2021-07-02T12:00:00,31.9190,33.0000,31.7400,32.9990,2554743
2021-07-02T16:00:00,32.9990,33.2840,32.6000,33.2390,1503100
2021-07-02T20:00:00,33.2570,34.1170,32.6630,33.9700,1580297
2021-07-03T00:00:00,33.9720,34.2990,33.2240,33.5200,1341683
2021-07-03T04:00:00,33.5190,35.0170,33.3190,34.7670,1749317
2021-07-03T08:00:00,34.7670,35.3980,34.5500,35.1050,1768011
2021-07-03T12:00:00,35.1040,35.3000,34.4550,34.8250,1404043
2021-07-03T16:00:00,34.8270,35.1980,34.6380,34.8270,1101283
2021-07-03T20:00:00,34.8310,34.8990,33.8890,34.5000,921359
2021-07-04T00:00:00,34.5040,34.5630,33.5360,33.8210,768131
2021-07-04T04:00:00,33.8200,35.4390,33.7390,35.3270,1291777
2021-07-04T08:00:00,35.3280,35.5500,34.9000,35.1710,892877
2021-07-04T12:00:00,35.1680,35.2430,34.3270,34.8970,1161620
2021-07-04T16:00:00,34.9000,35.3080,34.8440,35.0170,914169
2021-07-04T20:00:00,35.0130,35.3500,34.0610,34.2900,1030936
2021-07-05T00:00:00,34.2870,34.3990,33.4440,33.6320,1164905
2021-07-05T04:00:00,33.6320,34.2010,33.2700,33.9830,997125
2021-07-05T08:00:00,33.9820,34.4540,32.9180,33.1870,1474116
2021-07-05T12:00:00,33.1750,33.6600,32.6240,32.7760,1325243
2021-07-05T16:00:00,32.7780,33.4450,32.3580,33.2220,1201230
2021-07-05T20:00:00,33.2290,33.6340,32.8050,32.8870,807781
2021-07-06T00:00:00,32.9000,33.5040,32.8700,33.3390,854702
2021-07-06T04:00:00,33.3460,34.4150,33.2910,34.2220,1096166
2021-07-06T08:00:00,34.2220,35.0330,33.3100,33.7150,1867490
2021-07-06T12:00:00,33.7090,34.5810,33.4390,33.8310,1664830
2021-07-06T16:00:00,33.8270,33.8890,33.2020,33.6980,896727
2021-07-06T20:00:00,33.6980,34.4230,33.2080,34.2060,732733
2021-07-07T00:00:00,34.2070,34.8630,33.8000,34.8050,997019
2021-07-07T04:00:00,34.8040,35.3890,34.5330,34.9870,959639
2021-07-07T08:00:00,34.9970,37.2000,34.5950,36.9410,2824140
2021-07-07T12:00:00,36.9380,37.5800,36.1000,36.2750,2315189
2021-07-07T16:00:00,36.2650,38.1170,36.2410,37.5480,2057195
2021-07-07T20:00:00,37.5540,37.7780,36.2700,36.6590,1687962
2021-07-08T00:00:00,36.6640,36.9480,35.5610,36.5970,2089726
2021-07-08T04:00:00,36.5940,36.8090,33.8510,34.1780,3231687
2021-07-08T08:00:00,34.1800,35.1140,33.7610,34.9610,2091935
2021-07-08T12:00:00,34.9610,35.2790,33.7390,34.3410,2042742
2021-07-08T16:00:00,34.3410,34.4140,33.5010,33.9690,1346708
2021-07-08T20:00:00,33.9770,34.0560,32.6230,33.1280,1107133
2021-07-09T00:00:00,33.1310,33.7760,31.9500,33.3820,1747670
2021-07-09T04:00:00,33.3910,33.6470,32.6400,32.9550,1156869
2021-07-09T08:00:00,32.9590,33.1690,32.3230,32.4430,1099340
2021-07-09T12:00:00,32.4390,34.4450,32.1780,33.9030,1955799
2021-07-09T16:00:00,33.9060,34.1240,32.7540,32.9280,1124469
2021-07-09T20:00:00,32.9330,33.7760,32.8090,33.3250,767898
2021-07-10T00:00:00,33.3250,34.2100,33.0300,33.2670,970954
2021-07-10T04:00:00,33.2650,33.6100,32.7700,33.3350,813313
2021-07-10T08:00:00,33.3440,33.6610,32.4250,32.7580,1158106
2021-07-10T12:00:00,32.7510,33.3000,32.1790,32.3770,1483999
2021-07-10T16:00:00,32.3730,32.8300,31.4760,31.8070,1750846
2021-07-10T20:00:00,31.8080,31.9830,31.0000,31.6880,976618
2021-07-11T00:00:00,31.6990,32.2000,31.5440,31.6670,846134
2021-07-11T04:00:00,31.6650,32.0470,31.3380,31.6300,910327
2021-07-11T08:00:00,31.6310,32.3350,31.4780,32.1890,1230051
2021-07-11T12:00:00,32.1990,32.5700,31.8090,32.3850,1186965
2021-07-11T16:00:00,32.3810,32.4050,31.9210,32.0040,680251
2021-07-11T20:00:00,32.0040,32.5430,31.8330,32.1730,854461
2021-07-12T00:00:00,32.1700,32.6820,31.9380,32.5270,611163
2021-07-12T04:00:00,32.5330,32.6780,32.0830,32.2190,786214
2021-07-12T08:00:00,32.2220,32.3270,31.2650,31.3390,1168740
2021-07-12T12:00:00,31.3410,31.6770,31.0460,31.0700,1198083
2021-07-12T16:00:00,31.0700,31.1800,30.0070,30.3540,2123324
2021-07-12T20:00:00,30.3470,30.9890,30.0900,30.7510,788152
2021-07-13T00:00:00,30.7500,31.0870,30.4590,30.7890,653828
2021-07-13T04:00:00,30.7920,31.0070,30.0000,30.4920,973171
2021-07-13T08:00:00,30.4900,30.7270,30.0480,30.1310,792054
2021-07-13T12:00:00,30.1360,30.3140,29.1010,30.2310,1876976
2021-07-13T16:00:00,30.2360,30.3070,28.9460,29.0300,1341180
2021-07-13T20:00:00,29.0280,29.5200,28.8000,29.1470,1013694
2021-07-14T00:00:00,29.1480,29.2870,27.6790,28.1370,1484952
2021-07-14T04:00:00,28.1380,28.3520,27.3830,28.0820,1410343
2021-07-14T08:00:00,28.0860,29.4220,27.5280,28.9850,1788798
2021-07-14T12:00:00,28.9960,31.1800,28.7600,30.5590,2710098
2021-07-14T16:00:00,30.5590,31.4500,30.3300,30.4930,1565277
2021-07-14T20:00:00,30.4970,31.3580,30.4610,31.3550,823105
2021-07-15T00:00:00,31.3500,31.4900,30.5620,30.5790,977466
2021-07-15T04:00:00,30.5850,30.8430,29.6200,30.3660,1451021
2021-07-15T08:00:00,30.3590,30.8290,29.0980,29.1330,1952304
2021-07-15T12:00:00,29.1310,29.5740,28.7280,28.7550,1611583
2021-07-15T16:00:00,28.7570,28.9000,27.9520,28.6410,1445519
2021-07-15T20:00:00,28.6340,29.0410,28.0550,28.5720,990382
2021-07-16T00:00:00,28.5730,29.4830,28.1350,29.1610,1239310
2021-07-16T04:00:00,29.1640,29.4660,28.1360,28.3260,836831
2021-07-16T08:00:00,28.3220,28.3290,27.0000,27.1290,1939042
2021-07-16T12:00:00,27.1150,28.3600,27.1000,28.3140,2135244
2021-07-16T16:00:00,28.3220,28.3500,27.0150,27.1320,1230288
2021-07-16T20:00:00,27.1300,27.2880,26.1710,26.2590,1898286
2021-07-17T00:00:00,26.2550,26.8630,25.9760,26.2270,1717342
2021-07-17T04:00:00,26.2170,26.8610,26.1000,26.6110,1131037
2021-07-17T08:00:00,26.6130,27.1720,25.9370,26.4480,1624406
2021-07-17T12:00:00,26.4480,26.7040,26.1980,26.5120,1091728
2021-07-17T16:00:00,26.5060,27.2500,26.3470,27.1320,1232957
2021-07-17T20:00:00,27.1270,27.8250,26.5300,26.7900,1300621
2021-07-18T00:00:00,26.7890,27.7460,26.6500,27.4870,1161433
2021-07-18T04:00:00,27.4800,27.5210,26.7300,26.8790,664220
2021-07-18T08:00:00,26.8790,27.4240,26.8310,27.3690,710183
2021-07-18T12:00:00,27.3720,27.4680,26.2040,26.5730,1271772
2021-07-18T16:00:00,26.5720,26.9190,26.4700,26.7610,499915
2021-07-18T20:00:00,26.7580,27.2260,26.3500,26.6620,825967
2021-07-19T00:00:00,26.6660,26.7060,25.6250,25.9400,1132257
2021-07-19T04:00:00,25.9430,26.2030,25.6640,25.7020,730088
2021-07-19T08:00:00,25.7110,25.8690,24.7630,24.7900,1770343
2021-07-19T12:00:00,24.7920,24.9420,23.9500,24.1690,3323623
2021-07-19T16:00:00,24.1690,24.5450,24.0110,24.3800,1488675
2021-07-19T20:00:00,24.3820,24.8350,24.2230,24.5110,1150084
2021-07-20T00:00:00,24.5120,24.9760,22.7020,22.8380,2982236
2021-07-20T04:00:00,22.8490,23.1820,22.6680,23.0810,1462897
2021-07-20T08:00:00,23.0780,23.2240,22.0510,22.8610,2204665
2021-07-20T12:00:00,22.8630,23.9270,22.6000,23.7730,2436000
2021-07-20T16:00:00,23.7760,23.9410,23.3100,23.7900,1416956
2021-07-20T20:00:00,23.7770,24.0960,23.1860,23.4660,1281131
2021-07-21T00:00:00,23.4700,24.0700,22.7800,24.0520,2033868
2021-07-21T04:00:00,24.0520,25.9780,24.0330,25.6910,2613558
2021-07-21T08:00:00,25.6870,26.4890,25.3070,26.1830,2072380
2021-07-21T12:00:00,26.1930,27.0780,25.7380,26.9210,2024551
2021-07-21T16:00:00,26.9380,27.4570,25.3420,25.5260,2971653
2021-07-21T20:00:00,25.5180,26.7210,25.2320,26.6750,1314168
2021-07-22T00:00:00,26.6810,27.1370,25.8960,26.2820,1188280
2021-07-22T04:00:00,26.2880,27.2890,26.1900,27.0280,1376975
2021-07-22T08:00:00,27.0270,27.5940,26.5030,26.7370,1575246
2021-07-22T12:00:00,26.7290,27.7900,26.2990,27.7870,1323761
2021-07-22T16:00:00,27.7890,28.1720,27.6510,27.8660,1052149
2021-07-22T20:00:00,27.8760,27.9890,27.2610,27.6790,868584
2021-07-23T00:00:00,27.6840,28.7000,27.2770,28.2600,1100010
2021-07-23T04:00:00,28.2590,28.5980,27.4500,27.9030,1274214
2021-07-23T08:00:00,27.9040,27.9110,27.0550,27.5200,1454782
2021-07-23T12:00:00,27.5180,27.8620,26.6800,26.8720,1035087
2021-07-23T16:00:00,26.8820,26.8890,26.3810,26.5940,1107047
2021-07-23T20:00:00,26.5960,28.5500,26.5320,28.5190,1456293
2021-07-24T00:00:00,28.5220,28.9870,28.2400,28.6970,1085656
2021-07-24T04:00:00,28.6990,29.4960,28.5270,28.7400,1170629
2021-07-24T08:00:00,28.7470,29.1410,28.2270,28.6700,1229522
2021-07-24T12:00:00,28.6680,28.9690,28.2640,28.4020,812797
2021-07-24T16:00:00,28.3990,29.4940,28.2780,28.4080,1530780
2021-07-24T20:00:00,28.4010,28.7250,28.0000,28.6210,878373
2021-07-25T00:00:00,28.6290,28.8840,27.7290,27.8920,952148
2021-07-25T04:00:00,27.8980,28.7790,27.6330,28.6050,1016737
2021-07-25T08:00:00,28.6020,28.7740,27.9000,27.9920,809989
2021-07-25T12:00:00,27.9930,27.9930,26.5260,27.3570,2076028
2021-07-25T16:00:00,27.3480,27.7370,26.9690,27.5270,880802
2021-07-25T20:00:00,27.5260,28.2400,27.3500,28.2320,744242
2021-07-26T00:00:00,28.2340,31.1250,28.0140,30.1120,3568977
2021-07-26T04:00:00,30.1140,30.9000,29.3690,29.7270,1844272
2021-07-26T08:00:00,29.7310,30.2100,29.2440,30.0580,1509524
2021-07-26T12:00:00,30.0550,30.4990,29.5390,30.0710,1576767
2021-07-26T16:00:00,30.0690,30.9000,29.5600,29.6620,1727479
2021-07-26T20:00:00,29.6570,29.7850,27.8200,28.1800,2817015
2021-07-27T00:00:00,28.1850,28.5700,27.1000,27.6010,1379012
2021-07-27T04:00:00,27.6010,27.9580,27.4170,27.8640,775312
2021-07-27T08:00:00,27.8640,28.7750,27.7090,28.6690,1181633
2021-07-27T12:00:00,28.6730,28.9620,27.3920,27.6980,2199631
2021-07-27T16:00:00,27.7000,27.8570,26.8710,27.2460,1446770
2021-07-27T20:00:00,27.2420,28.1870,27.2380,28.1020,1039594
2021-07-28T00:00:00,28.0990,28.5900,27.5290,27.9630,1173536
2021-07-28T04:00:00,27.9530,28.2220,27.3370,28.0490,1034945
2021-07-28T08:00:00,28.0530,28.7170,27.7160,28.5990,1105031
2021-07-28T12:00:00,28.6010,28.7470,27.8210,28.2830,1059471
2021-07-28T16:00:00,28.2820,28.5260,27.3990,27.9900,1304887
2021-07-28T20:00:00,27.9850,28.0750,27.4870,27.8750,615369
2021-07-29T00:00:00,27.8730,27.8850,27.3000,27.6120,652008
2021-07-29T04:00:00,27.6160,28.4800,27.5590,28.1540,686954
2021-07-29T08:00:00,28.1590,28.6970,27.9990,28.1390,920480
2021-07-29T12:00:00,28.1400,29.7820,27.9110,29.5750,1747011
2021-07-29T16:00:00,29.5770,31.6650,29.5740,31.3440,2758312
2021-07-29T20:00:00,31.3410,31.8680,30.8240,31.2500,2445355
2021-07-30T00:00:00,31.2520,33.0920,30.7000,32.7400,2582025
2021-07-30T04:00:00,32.7400,32.9100,31.7350,32.0740,2164139
2021-07-30T08:00:00,32.0750,32.1200,29.8800,30.9350,3750585
2021-07-30T12:00:00,30.9270,31.1550,30.1740,31.0060,2081075
2021-07-30T16:00:00,31.0060,31.8700,30.4200,31.7650,2104943
2021-07-30T20:00:00,31.7630,32.5580,31.6150,32.3500,2011539
2021-07-31T00:00:00,32.3460,33.7940,31.9520,32.6370,2024037
2021-07-31T04:00:00,32.6280,32.6930,31.6330,32.1890,1141079
2021-07-31T08:00:00,32.1890,34.8000,32.1630,34.6440,2605409
2021-07-31T12:00:00,34.6380,35.0000,33.7210,34.2710,2087218
2021-07-31T16:00:00,34.2600,34.8190,33.6110,34.3980,1425748
2021-07-31T20:00:00,34.3830,37.0000,34.2800,36.7210,2608846
2021-08-01T00:00:00,36.7470,36.8310,35.2630,36.1220,2126719
2021-08-01T04:00:00,36.1210,36.1940,35.1850,35.3310,1132444
2021-08-01T08:00:00,35.3400,36.0500,34.7030,35.1460,1385683
2021-08-01T12:00:00,35.1520,36.0000,35.0020,35.4780,1228228
2021-08-01T16:00:00,35.4870,35.7500,34.2980,35.5540,1817735
2021-08-01T20:00:00,35.5560,36.2940,33.1340,34.1640,2154655
2021-08-02T00:00:00,34.1750,35.0800,33.3300,34.8290,1155909
2021-08-02T04:00:00,34.8290,35.9580,34.3200,35.4190,1137065
2021-08-02T08:00:00,35.4200,35.6200,34.5100,34.6050,1157189
2021-08-02T12:00:00,34.6000,34.7350,33.5270,33.8430,1471281
2021-08-02T16:00:00,33.8440,34.0870,33.5520,33.6910,1028489
2021-08-02T20:00:00,33.6940,33.7780,33.0000,33.1940,954594
2021-08-03T00:00:00,33.2000,33.6930,32.7270,33.2270,994708
2021-08-03T04:00:00,33.2290,33.5630,32.3300,33.5360,1079708
2021-08-03T08:00:00,33.5360,34.6400,33.0230,34.3840,1683510
2021-08-03T12:00:00,34.3860,35.8500,33.7000,34.9300,3494190
2021-08-03T16:00:00,34.9290,35.5260,34.4010,34.6720,1443382
2021-08-03T20:00:00,34.6630,34.7860,33.7830,34.1360,969843
2021-08-04T00:00:00,34.1310,34.4480,33.5040,33.7650,1026656
2021-08-04T04:00:00,33.7610,34.4270,33.5160,33.7260,1005257
2021-08-04T08:00:00,33.7390,34.4150,33.2170,34.3590,973131
2021-08-04T12:00:00,34.3600,35.6500,34.3420,35.3680,1902003
2021-08-04T16:00:00,35.3740,36.4300,35.3620,36.2400,1457711
2021-08-04T20:00:00,36.2410,36.6700,35.7230,35.7710,934349
2021-08-05T00:00:00,35.7750,37.4970,35.5070,37.2650,1311020
2021-08-05T04:00:00,37.2670,37.4750,36.3210,36.6700,1163595
2021-08-05T08:00:00,36.6520,37.2490,35.9000,36.8790,1997442
2021-08-05T12:00:00,36.8680,38.2990,35.9970,36.7270,4189860
2021-08-05T16:00:00,36.7180,37.4190,36.1000,36.9620,1679397
2021-08-05T20:00:00,36.9580,37.8310,36.8670,37.3990,988451
2021-08-06T00:00:00,37.3960,37.5300,35.8000,35.9430,1356239
2021-08-06T04:00:00,35.9390,37.0810,35.6750,37.0310,979061
2021-08-06T08:00:00,37.0380,37.2930,36.8090,36.9910,923674
2021-08-06T12:00:00,36.9700,39.7000,36.7400,39.6880,2834804
2021-08-06T16:00:00,39.6910,40.4460,39.3500,39.9020,2235640
2021-08-06T20:00:00,39.9120,40.0290,39.0110,39.5460,1003920
2021-08-07T00:00:00,39.5230,40.1990,38.7670,40.1120,1004661
2021-08-07T04:00:00,40.1170,40.1370,38.8770,39.4880,1065637
2021-08-07T08:00:00,39.4840,40.5570,39.2470,40.0710,1407962
2021-08-07T12:00:00,40.0710,40.3730,38.3850,38.5680,2041827
2021-08-07T16:00:00,38.5710,38.9960,37.5350,38.6200,1843917
2021-08-07T20:00:00,38.6200,39.6220,38.5300,39.4890,1019911
2021-08-08T00:00:00,39.4870,39.5850,37.9580,38.7630,886282
2021-08-08T04:00:00,38.7700,39.4470,38.2500,38.8020,872298
2021-08-08T08:00:00,38.8030,39.2930,38.2560,38.2600,836046
2021-08-08T12:00:00,38.2580,38.8820,37.3300,37.7700,1126278
2021-08-08T16:00:00,37.7690,37.9300,36.9100,37.4290,1065490
2021-08-08T20:00:00,37.4410,38.4760,37.1150,37.6880,954565
2021-08-09T00:00:00,37.6820,37.9340,36.3220,37.3250,999289
2021-08-09T04:00:00,37.3340,37.8200,36.9750,37.7890,673744
2021-08-09T08:00:00,37.7840,39.3870,37.7290,39.2800,1829524
2021-08-09T12:00:00,39.2740,39.9520,38.7230,39.8720,1338142
2021-08-09T16:00:00,39.8790,40.0590,39.1040,39.2940,905114
2021-08-09T20:00:00,39.3100,39.5130,37.9900,38.6800,1328511
2021-08-10T00:00:00,38.6740,40.7140,38.2120,39.8550,1461945
2021-08-10T04:00:00,39.8550,40.3490,39.2350,40.0010,976908
2021-08-10T08:00:00,40.0050,40.9340,39.6120,40.8420,1507717
2021-08-10T12:00:00,40.8510,41.7220,39.8380,40.1540,2017206
2021-08-10T16:00:00,40.1470,40.7320,39.1490,40.6450,1199530
2021-08-10T20:00:00,40.6510,41.4070,40.2070,40.6760,841409
2021-08-11T00:00:00,40.6840,42.0000,40.6340,41.8080,1022956
2021-08-11T04:00:00,41.8090,43.0590,41.4250,42.5380,1151569
2021-08-11T08:00:00,42.5590,42.9890,41.9420,42.5660,878401
2021-08-11T12:00:00,42.5720,43.4830,42.2390,42.6360,1118539
2021-08-11T16:00:00,42.6400,43.4760,42.4120,43.4380,743880
2021-08-11T20:00:00,43.4400,43.7790,41.4500,41.6500,1523568
2021-08-12T00:00:00,41.6500,43.4820,41.4890,43.0330,900954
2021-08-12T04:00:00,43.0360,43.0970,40.2310,41.4540,1533926
2021-08-12T08:00:00,41.4540,41.9350,40.7560,40.8250,1120238
2021-08-12T12:00:00,40.8240,41.2700,39.3630,39.8760,1413702
2021-08-12T16:00:00,39.8790,41.1740,39.3870,41.0390,775575
2021-08-12T20:00:00,41.0300,41.4010,39.6020,41.1220,835512
2021-08-13T00:00:00,41.1360,42.7330,40.7020,42.5490,761335
2021-08-13T04:00:00,42.5490,43.8870,42.2830,43.4250,943108
2021-08-13T08:00:00,43.4250,44.7000,43.4120,43.6230,1455523
2021-08-13T12:00:00,43.6160,44.4000,42.8340,43.6600,1159901
2021-08-13T16:00:00,43.6410,44.0350,43.2680,43.5640,691492
2021-08-13T20:00:00,43.5620,44.9770,43.4200,44.9000,965639
2021-08-14T00:00:00,44.8960,44.9180,43.6820,44.1530,615216
2021-08-14T04:00:00,44.1340,44.7000,43.7020,44.5230,506897
2021-08-14T08:00:00,44.5260,44.9300,42.7730,43.8000,1269093
2021-08-14T12:00:00,43.8060,44.1610,43.0790,44.1000,726210
2021-08-14T16:00:00,44.1120,44.2310,43.5560,43.9440,523051
2021-08-14T20:00:00,43.9450,44.3010,43.0500,44.1410,494848
2021-08-15T00:00:00,44.1490,45.8530,43.9120,44.6060,887532
2021-08-15T04:00:00,44.6180,45.6200,43.3850,43.6810,891890
2021-08-15T08:00:00,43.6890,47.2360,43.4130,46.8280,1801716
2021-08-15T12:00:00,46.8280,48.8500,46.0660,48.7070,2670794
2021-08-15T16:00:00,48.7090,54.7890,47.8540,53.0030,7302684
2021-08-15T20:00:00,53.0030,54.2650,52.0830,53.5650,2888520
2021-08-16T00:00:00,53.5760,59.2440,52.3430,58.6500,5974381
2021-08-16T04:00:00,58.6620,64.8280,57.7430,61.9980,12148505
2021-08-16T08:00:00,61.9820,62.7910,60.7160,61.8690,5045122
2021-08-16T12:00:00,61.8820,68.8600,60.9330,67.0990,21458158
2021-08-16T16:00:00,67.0990,69.4480,63.1000,63.1100,9284324
2021-08-16T20:00:00,63.1110,66.7460,61.5510,62.1280,7615370
2021-08-17T00:00:00,62.1240,74.6870,61.3560,71.9610,13457055
2021-08-17T04:00:00,71.9690,75.2500,69.3500,74.0770,9315920
2021-08-17T08:00:00,74.0830,74.5000,69.6100,70.2510,7133070
2021-08-17T12:00:00,70.2510,71.5360,67.1000,69.9020,6369546
2021-08-17T16:00:00,69.8920,69.9800,64.1300,65.2330,7635335
2021-08-17T20:00:00,65.2340,67.8770,58.6720,64.2180,14423269
2021-08-18T00:00:00,64.2110,67.3000,59.5940,65.8690,8921263
2021-08-18T04:00:00,65.8680,70.4530,63.9900,67.5030,7258005
2021-08-18T08:00:00,67.4960,78.2750,67.4310,74.9480,14481990
2021-08-18T12:00:00,74.9480,80.5000,73.5320,77.4140,15163142
2021-08-18T16:00:00,77.4140,78.8160,72.4930,73.4570,6573721
2021-08-18T20:00:00,73.4620,76.3640,70.1420,72.7870,7177124
2021-08-19T00:00:00,72.7710,75.4520,69.1470,69.7500,6147844
2021-08-19T04:00:00,69.7490,73.6190,69.3270,71.3770,5313210
2021-08-19T08:00:00,71.3850,73.1500,69.3450,69.6820,4098953
2021-08-19T12:00:00,69.6690,74.5050,68.2850,73.5630,5804096
2021-08-19T16:00:00,73.5640,74.1060,70.6130,72.4510,4198735
2021-08-19T20:00:00,72.4610,75.0000,71.0000,72.8730,3598308
2021-08-20T00:00:00,72.8610,74.2790,72.0020,72.4500,2403442
2021-08-20T04:00:00,72.4310,72.6860,71.0940,71.3260,1856046
2021-08-20T08:00:00,71.3350,72.5100,71.0000,71.5810,1869693
2021-08-20T12:00:00,71.5800,74.2700,71.3940,73.4380,3722845
2021-08-20T16:00:00,73.4290,78.3600,73.0000,78.2840,5409555
2021-08-20T20:00:00,78.2860,80.1160,77.2410,78.7710,3690290
2021-08-21T00:00:00,78.7790,82.1000,76.3840,79.8080,4624687
2021-08-21T04:00:00,79.8010,80.3600,78.3890,78.9380,2460535
2021-08-21T08:00:00,78.9520,79.2000,74.0830,75.9590,3286925
2021-08-21T12:00:00,75.9580,77.1400,74.8350,75.4900,2169654
2021-08-21T16:00:00,75.4900,76.6180,72.5920,73.2930,2356808
2021-08-21T20:00:00,73.2850,75.8210,72.9540,73.9040,1701447
2021-08-22T00:00:00,73.8920,75.6410,73.5000,74.3670,1447211
2021-08-22T04:00:00,74.3610,75.8200,74.2790,75.5880,1301903
2021-08-22T08:00:00,75.5920,77.6660,75.2920,77.1420,2283045
2021-08-22T12:00:00,77.1340,77.3970,73.3550,74.6800,2110566
2021-08-22T16:00:00,74.6930,75.1250,71.3120,73.1330,1718708
2021-08-22T20:00:00,73.1390,73.9810,71.2000,72.8060,1794881
2021-08-23T00:00:00,72.8080,76.0640,72.0700,75.4740,2203172
2021-08-23T04:00:00,75.4710,75.7200,73.1910,73.4740,1602788
2021-08-23T08:00:00,73.4800,74.1370,71.8020,72.8500,1827887
2021-08-23T12:00:00,72.8430,73.6100,71.6000,72.1120,1771884
2021-08-23T16:00:00,72.1120,73.8380,71.9520,72.9350,1324637
2021-08-23T20:00:00,72.9330,76.8580,71.9090,75.7020,2817034
2021-08-24T00:00:00,75.7020,78.9620,73.2890,78.3340,4371673
2021-08-24T04:00:00,78.3270,79.5500,76.7100,77.3490,3008482
2021-08-24T08:00:00,77.3300,79.1380,76.0200,77.8600,2877190
2021-08-24T12:00:00,77.8710,77.9720,71.6110,72.0720,4548710
2021-08-24T16:00:00,72.0730,72.7060,68.5840,71.6330,4280468
2021-08-24T20:00:00,71.6200,72.7240,69.5970,70.5110,2039247
2021-08-25T00:00:00,70.5060,72.4150,70.3450,70.6820,1593135
2021-08-25T04:00:00,70.6900,72.8800,70.5090,71.1440,1415190
2021-08-25T08:00:00,71.1400,71.2670,66.0650,67.7240,3985580
2021-08-25T12:00:00,67.7230,71.5760,66.4580,71.3110,3996050
2021-08-25T16:00:00,71.2950,71.4610,69.6000,70.2500,1713553
2021-08-25T20:00:00,70.2590,72.0890,70.2300,72.0280,1144088
2021-08-26T00:00:00,72.0260,74.0960,70.0730,70.7260,2436331
2021-08-26T04:00:00,70.7270,71.5000,66.2070,67.6330,2920816
2021-08-26T08:00:00,67.6340,68.4750,66.5820,67.2450,1746906
2021-08-26T12:00:00,67.2420,78.1800,66.5000,74.7820,9566624
2021-08-26T16:00:00,74.7830,77.6000,73.4000,74.8170,5750574
2021-08-26T20:00:00,74.8000,77.3420,74.2000,74.8750,3960161
2021-08-27T00:00:00,74.8900,83.8000,72.5090,81.4170,9387805
2021-08-27T04:00:00,81.4170,83.3710,79.1000,81.9230,4721498
2021-08-27T08:00:00,81.8970,84.2350,81.5600,82.3320,4431192
2021-08-27T12:00:00,82.3330,83.1880,80.4870,82.4900,3608313
2021-08-27T16:00:00,82.4900,86.7980,81.7630,85.5760,4296654
2021-08-27T20:00:00,85.5670,88.8880,84.4200,87.9540,3152255
2021-08-28T00:00:00,87.9540,88.9000,86.1150,86.3870,2601846
2021-08-28T04:00:00,86.3770,87.3460,85.5390,86.9280,1626355
2021-08-28T08:00:00,86.9390,92.8800,86.8720,92.3590,5103769
2021-08-28T12:00:00,92.3550,95.0000,91.5250,94.6730,6249680
2021-08-28T16:00:00,94.6910,96.6070,93.2770,94.0090,4194019
2021-08-28T20:00:00,94.0090,97.8800,93.7430,96.2250,2800927
2021-08-29T00:00:00,96.2320,97.9070,92.0800,93.9500,4142808
2021-08-29T04:00:00,93.9490,96.1670,93.0000,94.1190,2660656
2021-08-29T08:00:00,94.1160,94.5790,91.4500,91.8760,2513439
2021-08-29T12:00:00,91.8770,94.4130,90.3600,92.2820,2445219
2021-08-29T16:00:00,92.2800,94.4000,91.1500,93.9360,1488778
2021-08-29T20:00:00,93.9360,95.1840,92.6570,94.2390,1335610
2021-08-30T00:00:00,94.2420,102.0000,93.6230,97.7310,6461587
2021-08-30T04:00:00,97.7250,100.5480,96.0000,100.1280,3266594
2021-08-30T08:00:00,100.1220,102.5000,98.6420,101.0670,4193300
2021-08-30T12:00:00,101.0570,107.0000,98.2690,105.6610,6564192
2021-08-30T16:00:00,105.6610,116.6000,104.5000,109.9140,10072643
2021-08-30T20:00:00,109.9130,115.0460,107.1310,110.3180,6291537
2021-08-31T00:00:00,110.3230,115.5000,108.7580,115.2350,5765503
2021-08-31T04:00:00,115.2340,120.5000,114.4400,119.6990,6703930
2021-08-31T08:00:00,119.6980,125.1000,117.3000,124.7850,6465519
2021-08-31T12:00:00,124.7850,130.4400,114.8000,116.7530,16729580
2021-08-31T16:00:00,116.7530,117.4960,106.6150,114.7690,12756204
2021-08-31T20:00:00,114.7480,114.8250,103.2320,108.3410,7559267
2021-09-01T00:00:00,108.3490,112.5260,106.1000,111.3610,4789935
2021-09-01T04:00:00,111.3660,114.9300,107.4340,110.1760,4237077
2021-09-01T08:00:00,110.1750,117.1360,109.2010,116.1360,5015504
2021-09-01T12:00:00,116.1360,119.7800,113.3000,117.3590,6748736
2021-09-01T16:00:00,117.3590,118.9590,114.1090,115.1690,3872387
2021-09-01T20:00:00,115.1700,115.3160,110.2000,110.8940,2425030
2021-09-02T00:00:00,110.8940,114.7500,109.3000,113.8590,2877558
2021-09-02T04:00:00,113.8590,117.4530,113.0150,114.6470,3363535
2021-09-02T08:00:00,114.6480,118.3000,114.2520,115.1410,3733806
2021-09-02T12:00:00,115.1320,123.6600,114.5000,121.9520,6437022
2021-09-02T16:00:00,121.9500,128.8880,119.7670,127.3440,11080341
2021-09-02T20:00:00,127.3470,132.3000,125.5100,128.3290,6545335
2021-09-03T00:00:00,128.3010,137.3420,128.1490,135.5070,8597071
2021-09-03T04:00:00,135.4950,146.4820,133.5500,144.7030,10479171
2021-09-03T08:00:00,144.7030,145.4530,136.4050,139.5740,9908994
2021-09-03T12:00:00,139.5790,143.4900,138.0020,140.1190,6687093
2021-09-03T16:00:00,140.1200,143.6990,138.5000,143.1710,4725240
2021-09-03T20:00:00,143.1710,149.2460,141.5910,146.4030,6737534
2021-09-04T00:00:00,146.4180,151.1820,145.0300,148.5000,6017565
2021-09-04T04:00:00,148.4990,149.8140,145.1330,146.1520,3924916
2021-09-04T08:00:00,146.1590,147.8580,140.6600,141.9190,4193308
2021-09-04T12:00:00,141.9180,144.6660,139.4860,142.5280,3954114
2021-09-04T16:00:00,142.5230,143.1400,136.0380,139.1380,4614410
2021-09-04T20:00:00,139.1460,142.3900,138.4500,139.1550,2209289
2021-09-05T00:00:00,139.1670,145.2080,138.0530,140.8630,3030312
2021-09-05T04:00:00,140.8500,142.2090,139.0000,139.1690,1939984
2021-09-05T08:00:00,139.1460,142.0880,139.1460,140.5990,1906467
2021-09-05T12:00:00,140.5990,140.7210,135.0000,136.4990,3275848
2021-09-05T16:00:00,136.5000,139.2220,135.6000,138.1530,2723302
2021-09-05T20:00:00,138.1570,144.8560,137.1460,142.1400,3472912
2021-09-06T00:00:00,142.1400,143.7140,139.6130,141.1490,2376473
2021-09-06T04:00:00,141.1490,147.1710,140.3110,146.0940,3199022
2021-09-06T08:00:00,146.1070,146.9000,141.4170,142.6260,2710299
2021-09-06T12:00:00,142.6290,151.7900,135.7210,151.4630,6915220
2021-09-06T16:00:00,151.4560,164.6390,151.3640,162.3970,11011300
2021-09-06T20:00:00,162.3980,166.2740,159.8000,164.2720,4707711
2021-09-07T00:00:00,164.2720,175.4580,162.2300,173.4760,7158766
2021-09-07T04:00:00,173.4820,195.5220,172.9000,187.8980,20691652
2021-09-07T08:00:00,187.9480,189.9350,175.6150,183.1390,15158690
2021-09-07T12:00:00,183.1010,186.1890,130.0000,168.3710,23156367
2021-09-07T16:00:00,168.3500,190.8000,160.8700,173.8630,23609625
2021-09-07T20:00:00,173.9160,180.5540,160.1200,173.6440,8047914
2021-09-08T00:00:00,173.6510,180.1700,166.9210,173.2370,5386915
2021-09-08T04:00:00,173.2530,175.0430,152.3450,152.7270,9309545
2021-09-08T08:00:00,152.7220,166.6030,146.7170,160.8620,10788944
2021-09-08T12:00:00,160.8520,167.8850,152.3000,166.2870,9172339
2021-09-08T16:00:00,166.3030,195.6580,164.2000,194.7550,10054180
2021-09-08T20:00:00,194.7860,198.0940,183.0000,191.2150,10379738
2021-09-09T00:00:00,191.2070,216.3900,189.0150,211.4210,11210897
2021-09-09T04:00:00,211.3590,215.0000,202.0000,207.8590,5711970
2021-09-09T08:00:00,207.9390,214.7420,205.0000,206.6570,5219746
2021-09-09T12:00:00,206.6580,208.4120,193.4990,201.2900,9811013
2021-09-09T16:00:00,201.3070,203.1360,180.8000,185.1790,7664336
2021-09-09T20:00:00,185.1900,198.9210,183.8020,188.1270,5454763
2021-09-10T00:00:00,188.0910,198.0000,183.0500,194.2440,4458556
2021-09-10T04:00:00,194.2720,195.1400,181.3170,182.8080,3876860
2021-09-10T08:00:00,182.8090,185.8960,175.1500,184.4760,5858817
2021-09-10T12:00:00,184.4760,184.5980,168.1200,179.4960,9891219
2021-09-10T16:00:00,179.5630,183.4560,171.5050,181.8680,4751159
2021-09-10T20:00:00,181.8400,184.2470,170.4750,179.7560,4914044
2021-09-11T00:00:00,179.7820,193.5440,177.5750,181.7430,6210564
2021-09-11T04:00:00,181.7030,183.7970,175.2180,178.8250,3970188
2021-09-11T08:00:00,178.8320,187.3800,176.0150,181.4460,3738727
2021-09-11T12:00:00,181.4610,191.4000,180.5000,188.4600,4327446
2021-09-11T16:00:00,188.4090,190.0500,181.5010,182.1410,2800517
2021-09-11T20:00:00,182.1510,184.3270,175.8100,179.2430,2770796
2021-09-12T00:00:00,179.2520,180.6760,172.9610,179.1260,2661996
2021-09-12T04:00:00,179.1050,180.3000,174.8290,178.0820,1796352
2021-09-12T08:00:00,178.0400,181.7770,177.5000,179.2680,1917042
2021-09-12T12:00:00,179.2650,180.5470,176.3140,179.1330,1910092
2021-09-12T16:00:00,179.1330,180.0000,174.2000,177.8490,1803872
2021-09-12T20:00:00,177.8520,180.3680,169.9390,174.5070,3306846
2021-09-13T00:00:00,174.5070,174.8370,154.2000,155.1580,6447678
2021-09-13T04:00:00,155.1580,163.3630,151.2370,153.0740,4940444
2021-09-13T08:00:00,153.0320,161.1790,150.3490,160.2070,4780511
2021-09-13T12:00:00,160.1980,167.8000,150.2000,157.1610,6935082
2021-09-13T16:00:00,157.1490,166.1240,154.2100,164.1640,3257652
2021-09-13T20:00:00,164.1390,175.0000,164.1390,169.6560,4422137
2021-09-14T00:00:00,169.6390,171.9650,163.6100,167.5110,2780148
2021-09-14T04:00:00,167.5050,168.9100,163.4560,166.0830,2184716
2021-09-14T08:00:00,166.1080,171.4810,163.5770,165.0780,2587568
2021-09-14T12:00:00,165.0720,165.8570,155.2700,159.4750,5633156
2021-09-14T16:00:00,159.4800,160.4780,151.1100,154.3340,5670850
2021-09-14T20:00:00,154.3350,159.7320,142.3100,158.8060,9808857
2021-09-15T00:00:00,158.8070,163.9990,155.8680,157.5000,5269750
2021-09-15T04:00:00,157.5010,166.6250,153.8060,162.1740,5287807
2021-09-15T08:00:00,162.1740,164.5470,156.6020,158.0130,3410673
2021-09-15T12:00:00,158.0290,162.6540,155.1050,162.0380,4049495
2021-09-15T16:00:00,162.0080,164.7860,160.0700,161.8500,2587760
2021-09-15T20:00:00,161.8290,161.9530,156.0000,158.9910,1970047
2021-09-16T00:00:00,158.9970,159.8500,152.3240,155.3730,2641740
2021-09-16T04:00:00,155.3630,163.3860,154.9480,160.9290,3157697
2021-09-16T08:00:00,160.9290,162.0000,157.6100,158.6350,2362531
2021-09-16T12:00:00,158.6390,159.6780,153.1270,154.9210,3591664
2021-09-16T16:00:00,154.8950,159.9000,150.6110,152.4790,3493001
2021-09-16T20:00:00,152.5050,153.1090,147.5100,152.3650,2798388
2021-09-17T00:00:00,152.3660,153.7980,146.3000,148.7930,2739354
2021-09-17T04:00:00,148.8110,150.4560,143.1450,143.6740,2892970
2021-09-17T08:00:00,143.6820,145.8150,134.0000,138.9110,9912728
2021-09-17T12:00:00,138.9440,145.9900,137.2220,144.6440,6294505
2021-09-17T16:00:00,144.6450,145.8900,138.6070,144.6360,4838159
2021-09-17T20:00:00,144.6240,149.0110,140.5000,147.6260,3280968
2021-09-18T00:00:00,147.6400,149.1660,144.2200,145.0430,2515119
2021-09-18T04:00:00,145.0410,158.6350,144.2500,157.5390,5392588
2021-09-18T08:00:00,157.5270,164.7490,157.3550,160.9510,7084264
2021-09-18T12:00:00,160.9370,164.5000,160.2150,163.6530,4420088
2021-09-18T16:00:00,163.6500,165.4980,161.0120,162.7010,4206304
2021-09-18T20:00:00,162.6760,171.4800,156.7800,169.2280,4850035
2021-09-19T00:00:00,169.2480,170.9780,162.0000,164.3720,4299492
2021-09-19T04:00:00,164.3720,165.2230,160.0000,161.7330,2792471
2021-09-19T08:00:00,161.7260,163.6600,155.0000,156.2860,3568859
2021-09-19T12:00:00,156.2820,162.1390,155.6010,159.5440,3343963
2021-09-19T16:00:00,159.5530,160.4070,153.0000,154.4810,2629891
2021-09-19T20:00:00,154.4790,156.8530,150.5820,152.9730,2596684
2021-09-20T00:00:00,152.9650,153.5770,143.0010,145.2330,4986402
2021-09-20T04:00:00,145.2210,146.4930,136.5160,139.2450,5030145
2021-09-20T08:00:00,139.2240,143.9300,134.5880,137.5020,6464454
2021-09-20T12:00:00,137.4650,146.8800,130.0500,144.0930,11220549
2021-09-20T16:00:00,144.1190,146.1900,133.2820,138.8390,5760383
2021-09-20T20:00:00,138.8440,142.4800,131.3770,132.8340,4640673
2021-09-21T00:00:00,132.8310,141.6270,125.0000,136.5010,8737695
2021-09-21T04:00:00,136.5010,143.8750,133.6670,143.3970,4522433
2021-09-21T08:00:00,143.3880,144.6950,140.3180,142.7630,4082605
2021-09-21T12:00:00,142.7540,143.4400,135.6100,138.5410,5205881
2021-09-21T16:00:00,138.5400,138.6000,127.1350,127.2270,6800826
2021-09-21T20:00:00,127.2270,128.9000,115.5760,124.2480,11524841
2021-09-22T00:00:00,124.2210,132.1770,122.0990,128.8940,5783157
2021-09-22T04:00:00,128.8880,134.0720,126.6730,132.9370,4044907
2021-09-22T08:00:00,132.9640,133.8590,127.7270,128.6680,3239835
2021-09-22T12:00:00,128.6770,141.9940,128.0590,141.6110,6512162
2021-09-22T16:00:00,141.6140,151.4550,140.2500,146.3690,8829714
2021-09-22T20:00:00,146.3680,149.9540,143.8100,147.9520,3752033
2021-09-23T00:00:00,147.9790,151.9000,144.5760,148.5650,4123731
2021-09-23T04:00:00,148.5650,151.9870,145.7190,151.3740,3011785
2021-09-23T08:00:00,151.3710,152.4010,143.0100,144.3880,4456626
2021-09-23T12:00:00,144.3800,150.8860,143.5700,146.0840,4544491
2021-09-23T16:00:00,146.0720,152.0990,144.6270,149.5720,3784394
2021-09-23T20:00:00,149.5540,150.9830,146.0750,149.8970,2541762
2021-09-24T00:00:00,149.8960,151.3600,144.4140,144.9080,2203092
2021-09-24T04:00:00,144.9070,146.7340,140.7450,144.5370,3099652
2021-09-24T08:00:00,144.5310,146.4800,128.1000,134.8780,9860322
2021-09-24T12:00:00,134.8900,141.0930,131.0000,137.6250,5963278
2021-09-24T16:00:00,137.6090,139.7650,136.3340,138.1910,2240200
2021-09-24T20:00:00,138.1980,144.2700,137.9100,139.1470,2372237
2021-09-25T00:00:00,139.1580,142.1850,136.5700,138.5560,2115505
2021-09-25T04:00:00,138.5570,144.1990,138.5570,139.9740,2413627
2021-09-25T08:00:00,139.9740,142.2190,135.4410,140.0580,3095597
2021-09-25T12:00:00,140.0960,140.8280,136.3680,138.6310,2086677
2021-09-25T16:00:00,138.6210,139.1980,135.5250,137.3150,1693751
2021-09-25T20:00:00,137.3160,137.5060,133.3160,136.0790,1385444
2021-09-26T00:00:00,136.0660,136.3550,128.2140,131.0020,3050680
2021-09-26T04:00:00,130.9930,131.9980,124.6020,126.8960,2959775
2021-09-26T08:00:00,126.8950,137.5000,125.7710,135.1270,4597327
2021-09-26T12:00:00,135.1210,140.2990,134.5870,140.0820,2834520
2021-09-26T16:00:00,140.0900,140.7780,135.0820,136.2300,1986938
2021-09-26T20:00:00,136.2500,139.5240,133.3330,135.6190,2277130
2021-09-27T00:00:00,135.6310,143.2010,133.6430,139.2440,2511874
2021-09-27T04:00:00,139.2390,142.4670,137.1820,138.2110,2019164
2021-09-27T08:00:00,138.2110,149.0000,137.8000,147.3360,5002052
2021-09-27T12:00:00,147.3350,148.3460,143.1770,145.2900,4099960
2021-09-27T16:00:00,145.3340,145.4980,140.4730,143.2930,2630303
2021-09-27T20:00:00,143.2850,143.3540,135.3850,136.3080,2830048
2021-09-28T00:00:00,136.3030,138.6490,135.0000,138.0590,1991906
2021-09-28T04:00:00,138.0590,139.3330,132.3320,133.6490,2335965
2021-09-28T08:00:00,133.6490,136.2960,132.7620,135.7670,2509729
2021-09-28T12:00:00,135.7970,136.4490,130.3120,130.3940,3810830
2021-09-28T16:00:00,130.4010,132.1270,128.0600,130.9920,2517137
2021-09-28T20:00:00,130.9990,134.5440,130.0510,132.1580,1926243
2021-09-29T00:00:00,132.1180,139.3170,132.0280,138.7490,3293629
2021-09-29T04:00:00,138.7630,140.1760,137.8300,139.6730,1879078
2021-09-29T08:00:00,139.6680,139.9680,136.8280,139.4810,1914931
2021-09-29T12:00:00,139.4760,140.1340,134.8880,135.6320,2681553
2021-09-29T16:00:00,135.6350,136.4340,131.4470,132.0410,2235657
2021-09-29T20:00:00,132.0470,135.4780,131.0740,135.2650,1422710
2021-09-30T00:00:00,135.2700,140.2120,134.8000,139.9580,2118333
2021-09-30T04:00:00,139.9570,141.3270,136.6560,136.9020,1835359
2021-09-30T08:00:00,136.9190,138.9820,133.9950,137.2950,2226442
2021-09-30T12:00:00,137.2990,139.5880,136.8000,138.3130,2170933
2021-09-30T16:00:00,138.3060,142.8780,136.1580,139.2470,2436553
2021-09-30T20:00:00,139.2130,141.6940,137.9510,141.3580,1513775
2021-10-01T00:00:00,141.3750,144.9900,138.0500,139.4670,2352767
2021-10-01T04:00:00,139.4840,143.8000,139.0990,142.7590,1658639
2021-10-01T08:00:00,142.7590,156.2720,142.4030,153.2490,4702145
2021-10-01T12:00:00,153.2510,158.9990,149.3660,157.4390,5297665
2021-10-01T16:00:00,157.4380,164.9220,155.2450,162.7740,4180581
2021-10-01T20:00:00,162.7800,163.2870,156.7700,161.5970,2909723
2021-10-02T00:00:00,161.5990,161.6950,156.1280,156.8010,2063999
2021-10-02T04:00:00,156.7950,160.3840,156.3660,158.5530,1530056
2021-10-02T08:00:00,158.5410,159.5660,156.6700,159.1540,1620316
2021-10-02T12:00:00,159.1430,170.8000,158.7000,170.4220,5221313
2021-10-02T16:00:00,170.4220,175.0000,169.9830,174.8180,4033715
2021-10-02T20:00:00,174.8430,174.8700,166.0000,168.8890,2571205
2021-10-03T00:00:00,168.9360,171.7240,165.5280,170.6220,2375649
2021-10-03T04:00:00,170.6180,173.9870,168.8620,171.6650,1717909
2021-10-03T08:00:00,171.6650,173.4590,168.7000,170.9070,1886642
2021-10-03T12:00:00,170.9290,178.0000,170.5000,172.6250,4241142
2021-10-03T16:00:00,172.6250,177.2000,172.0320,175.6330,2737151
2021-10-03T20:00:00,175.6320,176.1000,167.5120,173.0450,2879771
2021-10-04T00:00:00,173.0460,173.1200,166.1610,167.2660,2186651
2021-10-04T04:00:00,167.2610,170.2880,164.2100,169.7050,2116492
2021-10-04T08:00:00,169.7050,169.8920,164.7970,165.9530,1813168
2021-10-04T12:00:00,165.9820,172.8370,162.1000,166.4740,4221270
2021-10-04T16:00:00,166.4790,172.4140,165.8470,169.3210,3157212
2021-10-04T20:00:00,169.3240,169.7540,165.5000,167.2440,1519614
2021-10-05T00:00:00,167.2440,170.2510,164.0000,166.9780,1743921
2021-10-05T04:00:00,166.9780,168.1160,165.3220,166.2820,1070853
2021-10-05T08:00:00,166.2590,170.0960,165.5180,168.4500,1798566
2021-10-05T12:00:00,168.4620,169.9150,162.2000,162.5000,2288111
2021-10-05T16:00:00,162.5000,163.9000,160.1500,161.9830,1855101
2021-10-05T20:00:00,162.0000,167.1290,161.8900,164.7450,1746477
2021-10-06T00:00:00,164.7480,165.6250,158.0000,158.1350,1542088
2021-10-06T04:00:00,158.1310,159.7930,154.2000,156.0450,2054304
2021-10-06T08:00:00,156.0290,156.4970,150.1050,153.0610,2999883
2021-10-06T12:00:00,153.0610,163.0000,152.1160,160.7960,3965913
2021-10-06T16:00:00,160.7860,161.8710,157.7500,159.9610,1822258
2021-10-06T20:00:00,159.9610,160.2580,152.6000,154.0050,1706447
2021-10-07T00:00:00,154.0070,155.2340,150.4950,152.1830,1682156
2021-10-07T04:00:00,152.1830,159.5230,152.0000,158.6200,1950031
2021-10-07T08:00:00,158.6210,160.3280,154.2920,157.8940,2184176
2021-10-07T12:00:00,157.8650,161.5950,153.6020,156.0280,2970142
2021-10-07T16:00:00,156.0110,157.1740,153.6020,156.2170,1385221
2021-10-07T20:00:00,156.2170,158.9130,153.0730,154.3800,1360061
2021-10-08T00:00:00,154.3780,157.2000,152.5000,154.5490,1117274
2021-10-08T04:00:00,154.5490,159.2990,152.4080,158.8390,1342114
2021-10-08T08:00:00,158.8420,166.7210,158.0910,162.4510,3463346
2021-10-08T12:00:00,162.4610,169.0000,160.1480,166.6860,3191984
2021-10-08T16:00:00,166.6860,168.2220,162.5010,163.7580,1559733
2021-10-08T20:00:00,163.7570,163.7580,157.1040,158.9320,1621171
2021-10-09T00:00:00,158.9170,160.6190,156.1500,160.0800,1291961
2021-10-09T04:00:00,160.0750,161.6180,159.0010,159.3330,1163108
2021-10-09T08:00:00,159.3330,160.6600,157.5130,158.4490,1060829
2021-10-09T12:00:00,158.4500,160.3740,157.1690,158.1460,1050681
2021-10-09T16:00:00,158.1490,158.5910,156.2520,156.5380,891166
2021-10-09T20:00:00,156.5370,157.9300,154.1150,156.9430,815554
2021-10-10T00:00:00,156.9390,157.0280,152.5100,155.5550,1154230
2021-10-10T04:00:00,155.5670,157.1750,154.6380,155.1350,746449
2021-10-10T08:00:00,155.1410,158.7050,154.1280,154.8330,1257002
2021-10-10T12:00:00,154.8100,155.0370,152.7760,154.5870,984826
2021-10-10T16:00:00,154.5580,154.7810,152.0000,153.6160,803850
2021-10-10T20:00:00,153.6030,154.8920,145.3000,147.6200,2737989
2021-10-11T00:00:00,147.6060,151.7050,145.2800,151.5560,1498905
2021-10-11T04:00:00,151.5530,153.0000,150.3410,152.4480,1048240
2021-10-11T08:00:00,152.4490,154.2800,147.2300,148.6900,1542087
2021-10-11T12:00:00,148.6910,150.1620,146.7420,147.9180,1433569
2021-10-11T16:00:00,147.9080,148.2800,141.3540,141.7120,2065345
2021-10-11T20:00:00,141.7220,145.4990,140.2740,144.8880,1841876
2021-10-12T00:00:00,144.8830,145.9180,140.8020,143.2490,1541491
2021-10-12T04:00:00,143.2730,145.6700,141.3620,143.4480,1423239
2021-10-12T08:00:00,143.4450,145.3110,140.1900,142.6140,1707769
2021-10-12T12:00:00,142.6130,145.4290,137.6960,143.5710,3632927
2021-10-12T16:00:00,143.5700,153.4280,143.0000,150.0420,3902720
2021-10-12T20:00:00,150.0520,153.0910,147.7910,152.3280,1922402
2021-10-13T00:00:00,152.3270,155.6000,148.5000,149.3540,1912262
2021-10-13T04:00:00,149.3990,150.4900,144.5420,145.4730,1891497
2021-10-13T08:00:00,145.4730,147.6660,145.3020,146.9750,1197304
2021-10-13T12:00:00,146.9760,147.5100,144.2830,146.4060,1203278
2021-10-13T16:00:00,146.4050,147.9930,144.6170,145.1590,1128398
2021-10-13T20:00:00,145.1730,149.1800,144.9000,148.0800,1159411
2021-10-14T00:00:00,148.1050,151.0000,147.3610,149.7500,1195536
2021-10-14T04:00:00,149.7500,152.5490,148.5750,150.4570,1230349
2021-10-14T08:00:00,150.4750,154.2550,150.0000,153.9610,1270933
2021-10-14T12:00:00,153.9830,155.9290,152.2640,152.9860,1746863
2021-10-14T16:00:00,152.9890,153.6800,148.6300,150.1750,1485337
2021-10-14T20:00:00,150.1970,151.6000,149.0050,150.1640,659288
2021-10-15T00:00:00,150.1580,151.5000,146.6590,150.9700,1362418
2021-10-15T04:00:00,150.9700,163.3780,150.9580,161.6230,5394262
2021-10-15T08:00:00,161.6460,165.4000,157.1000,158.0010,3992330
2021-10-15T12:00:00,158.0010,163.2270,157.1880,159.3700,2335064
2021-10-15T16:00:00,159.3730,163.0000,158.7180,160.5140,1912920
2021-10-15T20:00:00,160.5040,164.4430,159.2000,163.2360,1780016
2021-10-16T00:00:00,163.2360,163.5550,158.3220,158.9360,1046007
2021-10-16T04:00:00,158.9410,159.8740,157.7010,158.4480,722658
2021-10-16T08:00:00,158.4560,164.9890,158.1000,162.3280,1791785
2021-10-16T12:00:00,162.3390,163.1600,158.7890,159.7020,1335073
2021-10-16T16:00:00,159.6970,160.2730,158.1270,158.3140,649125
2021-10-16T20:00:00,158.3470,159.0250,156.2380,157.6860,634171
2021-10-17T00:00:00,157.6800,163.2360,156.7190,163.1110,1100777
2021-10-17T04:00:00,163.1060,165.4910,160.8500,162.2780,2313526
2021-10-17T08:00:00,162.2770,167.7160,162.2090,163.7480,2216261
2021-10-17T12:00:00,163.7350,165.6890,160.1000,160.8830,1606276
2021-10-17T16:00:00,160.8920,161.9130,158.2300,158.9090,1122533
2021-10-17T20:00:00,158.9260,160.2910,153.0000,160.2910,1821722
2021-10-18T00:00:00,160.2900,163.0870,159.2000,160.0420,1360620
2021-10-18T04:00:00,160.0430,161.6600,158.7020,158.9980,738141
2021-10-18T08:00:00,158.9940,160.0320,156.0570,157.0940,1245373
2021-10-18T12:00:00,157.1040,159.8300,155.6430,156.8020,1238237
2021-10-18T16:00:00,156.8090,158.0500,155.1000,156.8750,929056
2021-10-18T20:00:00,156.8880,158.3960,155.7020,157.2630,618944
2021-10-19T00:00:00,157.2620,159.0620,156.2290,158.6250,687349
2021-10-19T04:00:00,158.6250,159.6390,156.8300,157.7850,729957
2021-10-19T08:00:00,157.7860,158.0430,156.3660,157.1490,684465
2021-10-19T12:00:00,157.1460,158.1000,154.8000,155.6160,1153400
2021-10-19T16:00:00,155.6170,156.6620,154.5000,154.6420,687046
2021-10-19T20:00:00,154.6410,157.4360,153.2310,155.9410,942672
2021-10-20T00:00:00,155.9410,157.6050,155.7020,155.8790,602784
2021-10-20T04:00:00,155.8630,157.3360,155.1930,156.6460,554587
2021-10-20T08:00:00,156.6390,160.6730,156.0000,160.2490,1225328
2021-10-20T12:00:00,160.2480,170.0740,159.4510,168.9900,3624730
2021-10-20T16:00:00,168.9880,175.1490,167.0110,173.2650,4879578
2021-10-20T20:00:00,173.2530,177.0000,170.0590,176.8210,2787444
2021-10-21T00:00:00,176.8410,189.9980,176.8040,184.4390,8362094
2021-10-21T04:00:00,184.4240,189.3950,180.1050,187.2170,3554633
2021-10-21T08:00:00,187.2170,194.7190,182.5100,187.2330,6579053
2021-10-21T12:00:00,187.2760,191.1960,177.9480,182.7480,7280742
2021-10-21T16:00:00,182.7440,188.6350,180.5730,184.8570,3872911
2021-10-21T20:00:00,184.8370,191.4620,182.7390,190.6470,2841280
2021-10-22T00:00:00,190.6020,205.3400,188.1530,201.8800,6110950
2021-10-22T04:00:00,201.8890,208.4800,200.3900,203.4090,3686520
2021-10-22T08:00:00,203.4090,206.2110,201.2290,204.3370,2895244
2021-10-22T12:00:00,204.3300,215.7810,202.0030,206.6120,11340527
2021-10-22T16:00:00,206.6110,211.5000,195.7000,198.0580,6658644
2021-10-22T20:00:00,198.0270,200.5000,191.9030,196.4460,3186256
2021-10-23T00:00:00,196.4530,204.3050,192.2000,202.9230,3050411
2021-10-23T04:00:00,202.9230,206.0000,198.6380,201.5000,2269806
2021-10-23T08:00:00,201.5000,203.3560,197.0010,202.4960,2874635
2021-10-23T12:00:00,202.4690,202.9360,197.0000,199.3850,2314632
2021-10-23T16:00:00,199.4010,201.9230,193.1330,193.9600,2060891
2021-10-23T20:00:00,193.9700,198.3380,193.8040,197.8800,1062196
2021-10-24T00:00:00,197.8560,200.3220,195.8850,196.8370,1104166
2021-10-24T04:00:00,196.8240,196.9070,192.3360,194.3750,1156174
2021-10-24T08:00:00,194.3880,196.8840,188.6490,189.1270,1966565
2021-10-24T12:00:00,189.1280,192.7440,185.5680,186.7500,2729549
2021-10-24T16:00:00,186.7500,191.9430,185.5000,191.7200,2177923
2021-10-24T20:00:00,191.7210,204.9580,190.7040,202.3860,3660067
2021-10-25T00:00:00,202.3860,204.1670,198.1350,201.8660,2311201
2021-10-25T04:00:00,201.8620,210.9740,201.0000,207.9290,2791881
2021-10-25T08:00:00,207.8920,212.8910,205.5000,208.1380,2612097
2021-10-25T12:00:00,208.1500,219.1560,205.1050,218.6780,4611917
2021-10-25T16:00:00,218.6790,218.7280,210.2560,210.7260,2757318
2021-10-25T20:00:00,210.7100,214.5260,207.4900,209.9490,1769940
2021-10-26T00:00:00,209.9500,214.4420,207.8000,208.9320,1600867
2021-10-26T04:00:00,208.9320,209.5000,205.7220,209.4460,1490610
2021-10-26T08:00:00,209.4270,211.7880,207.5610,207.6210,1498035
2021-10-26T12:00:00,207.6260,208.7190,202.3060,206.6970,2267872
2021-10-26T16:00:00,206.7110,209.8160,204.3830,207.2510,1303949
2021-10-26T20:00:00,207.2600,207.9460,195.7000,199.9980,2395879
2021-10-27T00:00:00,199.9980,204.8940,198.3270,203.0470,1541039
2021-10-27T04:00:00,203.0700,205.8410,194.0470,194.2810,1881004
2021-10-27T08:00:00,194.2820,195.9130,174.0000,190.0320,6614857
2021-10-27T12:00:00,190.0320,194.1670,187.1660,189.0470,2452556
2021-10-27T16:00:00,189.0710,192.2710,184.5590,189.4870,2200211
2021-10-27T20:00:00,189.4830,191.2980,181.0000,184.4680,1810607
2021-10-28T00:00:00,184.4730,190.4220,181.6580,186.9320,1437799
2021-10-28T04:00:00,186.9210,191.2910,184.8010,186.8510,1375114
2021-10-28T08:00:00,186.8720,199.3810,186.8600,195.4860,2366908
2021-10-28T12:00:00,195.4850,201.5500,194.7110,197.3870,1567191
2021-10-28T16:00:00,197.3860,198.8950,191.0870,198.2400,1829963
2021-10-28T20:00:00,198.2260,201.0310,193.8430,195.5000,1204411
2021-10-29T00:00:00,195.5000,205.3000,194.5690,201.7720,1528812
2021-10-29T04:00:00,201.7690,202.3200,196.6000,198.1330,1012570
2021-10-29T08:00:00,198.1520,199.8270,195.5200,196.4690,897497
2021-10-29T12:00:00,196.4450,203.5000,195.7200,201.9960,1218116
2021-10-29T16:00:00,202.0140,205.1000,199.7080,200.7710,1194537
2021-10-29T20:00:00,200.7400,203.9770,199.3000,200.5290,601232
2021-10-30T00:00:00,200.5100,200.7240,196.6020,197.2430,690954
2021-10-30T04:00:00,197.2530,199.1620,196.0350,198.1840,488923
2021-10-30T08:00:00,198.1900,198.7140,195.0330,197.2080,698961
2021-10-30T12:00:00,197.2080,197.4000,190.3000,193.2570,1063562
2021-10-30T16:00:00,193.2580,194.8000,191.2600,194.6740,535249
2021-10-30T20:00:00,194.6520,195.9740,187.2880,195.8500,940043
2021-10-31T00:00:00,195.8640,197.8060,191.3450,192.0620,780163
2021-10-31T04:00:00,192.0640,192.6620,189.2800,190.8300,530090
2021-10-31T08:00:00,190.8300,190.8680,186.0020,186.5080,804685
2021-10-31T12:00:00,186.5160,202.1540,185.4700,195.0980,2134577
2021-10-31T16:00:00,195.1410,198.7390,193.1920,196.1910,943178
2021-10-31T20:00:00,196.1560,205.3350,195.1640,202.6680,1354970
2021-11-01T00:00:00,202.6810,210.1230,199.0000,200.9760,2131489
2021-11-01T04:00:00,200.9940,210.4600,197.5560,210.1300,1727218
2021-11-01T08:00:00,210.1300,211.8140,204.3020,204.8980,1559072
2021-11-01T12:00:00,204.8810,206.6000,201.2100,204.1350,1168541
2021-11-01T16:00:00,204.1950,204.7840,199.0750,204.1980,1238559
2021-11-01T20:00:00,204.1700,206.3650,200.8250,204.1440,758788
2021-11-02T00:00:00,204.1450,205.0000,201.1820,204.1010,650297
2021-11-02T04:00:00,204.0640,206.0180,202.8190,203.5920,532578
2021-11-02T08:00:00,203.5980,208.1720,202.5920,204.6190,972959
2021-11-02T12:00:00,204.6030,209.1930,203.9190,209.0760,852099
2021-11-02T16:00:00,209.0910,218.0000,206.6690,217.4920,2325162
2021-11-02T20:00:00,217.4920,222.6100,212.3760,221.0440,2077854
2021-11-03T00:00:00,221.0270,232.0770,215.8710,229.7100,3411715
2021-11-03T04:00:00,229.7050,232.9310,224.2550,232.5740,1697414
2021-11-03T08:00:00,232.5920,235.2690,227.0000,231.8070,2146291
2021-11-03T12:00:00,231.8070,232.2720,222.9920,225.6300,2381993
2021-11-03T16:00:00,225.6510,238.1000,220.8550,234.7470,2660251
2021-11-03T20:00:00,234.7600,246.2900,234.5000,243.2500,2520241
2021-11-04T00:00:00,243.2500,247.6690,238.1440,238.2550,1704787
2021-11-04T04:00:00,238.2610,244.3140,235.6440,238.0550,1248773
2021-11-04T08:00:00,238.0540,244.1780,236.8910,239.1040,1626911
2021-11-04T12:00:00,239.1310,245.5130,236.0000,238.6740,2291778
2021-11-04T16:00:00,238.6270,242.8230,233.8540,240.5820,1963908
2021-11-04T20:00:00,240.5910,250.5200,239.0000,246.9950,2072240
2021-11-05T00:00:00,247.0060,248.3400,240.6870,243.0480,1362987
2021-11-05T04:00:00,243.0490,244.5000,240.5000,242.9110,755612
2021-11-05T08:00:00,242.9110,244.0550,236.5270,236.7160,1034724
2021-11-05T12:00:00,236.7150,238.9670,230.6100,233.4710,1443323
2021-11-05T16:00:00,233.4710,238.8170,232.6940,235.9810,790437
2021-11-05T20:00:00,235.9820,238.1120,231.7260,236.2310,680679
2021-11-06T00:00:00,236.1990,242.1900,234.9370,239.9500,933994
2021-11-06T04:00:00,239.9430,248.0700,239.7100,245.8940,1307862
2021-11-06T08:00:00,245.8690,249.8530,240.0000,242.3000,1670203
2021-11-06T12:00:00,242.3070,254.7490,237.5320,253.2990,1930317
2021-11-06T16:00:00,253.3000,255.3230,248.0560,254.2830,1424827
2021-11-06T20:00:00,254.3200,260.0640,252.4410,258.3360,1297611
2021-11-07T00:00:00,258.3360,258.5590,251.2250,254.1900,1125887
2021-11-07T04:00:00,254.1910,258.6740,252.5330,253.0530,916273
2021-11-07T08:00:00,253.0400,253.9610,250.0420,252.7200,945347
2021-11-07T12:00:00,252.7640,254.6080,250.7110,252.3260,641030
2021-11-07T16:00:00,252.3050,253.7220,246.6640,247.1950,838303
2021-11-07T20:00:00,247.1640,250.8670,245.9500,249.7460,644660
2021-11-08T00:00:00,249.7400,250.4700,241.0900,248.5330,1684081
2021-11-08T04:00:00,248.4920,249.6250,244.0600,246.1880,892715
2021-11-08T08:00:00,246.1870,248.0380,242.8320,244.1090,639989
2021-11-08T12:00:00,244.1530,248.7990,243.0000,248.4870,844451
2021-11-08T16:00:00,248.4870,253.6680,246.0000,246.6230,1231590
2021-11-08T20:00:00,246.6430,249.8670,243.1000,248.4200,850408
2021-11-09T00:00:00,248.4660,253.4730,246.3320,247.0000,861306
2021-11-09T04:00:00,247.0140,248.2710,245.2600,246.7680,489478
2021-11-09T08:00:00,246.7690,249.2140,244.8650,246.1590,544159
2021-11-09T12:00:00,246.1470,246.6400,237.3330,240.8740,1299765
2021-11-09T16:00:00,240.8780,243.7000,238.0260,240.4350,786511
2021-11-09T20:00:00,240.4350,242.9000,238.9000,239.3010,444846
2021-11-10T00:00:00,239.3050,241.5000,236.0000,236.8600,716750
2021-11-10T04:00:00,236.8380,244.0000,235.5090,241.0280,744234
2021-11-10T08:00:00,241.0280,244.1810,240.4200,240.8310,560568
2021-11-10T12:00:00,240.8030,248.1800,236.7090,245.2950,1462711
2021-11-10T16:00:00,245.2950,246.4810,236.5110,236.7250,994249
2021-11-10T20:00:00,236.7140,238.8900,215.0270,233.2330,3726849
2021-11-11T00:00:00,233.2500,239.3850,229.5710,239.2000,1217488
2021-11-11T04:00:00,239.2210,246.6510,237.8430,244.2050,1264632
2021-11-11T08:00:00,244.3280,246.1990,240.0000,240.0540,949387
2021-11-11T12:00:00,240.0420,243.4290,237.3800,239.6870,1252968
2021-11-11T16:00:00,239.6860,240.8700,235.3490,237.9300,625016
2021-11-11T20:00:00,237.9290,238.9850,233.4580,233.4690,520540
2021-11-12T00:00:00,233.4860,239.4100,230.0800,232.3800,1047577
2021-11-12T04:00:00,232.3800,234.9670,227.0420,228.2490,955551
2021-11-12T08:00:00,228.2470,231.7110,225.0030,226.3360,1204417
2021-11-12T12:00:00,226.3610,229.4160,221.6100,222.6080,1262601
2021-11-12T16:00:00,222.6110,232.6000,221.1150,228.8860,1448687
2021-11-12T20:00:00,228.8860,233.4980,227.8810,228.5720,578136
2021-11-13T00:00:00,228.5430,232.9470,225.6200,225.7370,611602
2021-11-13T04:00:00,225.7070,227.5810,225.0810,227.1740,398104
2021-11-13T08:00:00,227.1900,229.0790,225.1440,227.0920,443864
2021-11-13T12:00:00,227.0950,237.1550,226.5240,233.7670,1241918
2021-11-13T16:00:00,233.7360,239.3050,233.5750,237.2240,1084530
2021-11-13T20:00:00,237.2290,241.9980,236.9150,241.5680,778158
2021-11-14T00:00:00,241.5690,241.9790,236.4420,237.3490,529683
2021-11-14T04:00:00,237.3770,238.8500,234.9370,235.4580,420979
2021-11-14T08:00:00,235.5180,237.4950,233.6320,236.4050,503557
2021-11-14T12:00:00,236.4030,238.7970,234.0010,234.4140,608913
2021-11-14T16:00:00,234.4340,235.8630,230.3640,235.3610,853684
2021-11-14T20:00:00,235.3630,239.1470,235.2690,238.7370,527907
2021-11-15T00:00:00,238.7720,244.7400,237.6730,243.9170,949250
2021-11-15T04:00:00,243.9050,244.6760,240.7910,241.4620,558386
2021-11-15T08:00:00,241.5130,244.2570,240.0560,243.0830,655154
2021-11-15T12:00:00,243.0750,246.4950,238.6000,239.8530,1353657
2021-11-15T16:00:00,239.8580,242.5000,237.8000,240.4560,811127
2021-11-15T20:00:00,240.4470,240.7050,234.5070,238.2820,797306
2021-11-16T00:00:00,238.2830,238.3410,224.2510,226.7650,2202720
2021-11-16T04:00:00,226.8100,230.6550,224.4560,226.8980,1041867
2021-11-16T08:00:00,226.8980,229.7150,212.6700,224.9080,2041141
2021-11-16T12:00:00,224.9500,227.7330,220.5150,225.2910,1117998
2021-11-16T16:00:00,225.2780,226.9870,222.2140,225.8770,666377
2021-11-16T20:00:00,225.8770,225.9150,216.8180,219.0430,943098
2021-11-17T00:00:00,219.0450,221.3470,211.7480,212.5580,1314923
2021-11-17T04:00:00,212.5640,216.5850,210.7360,214.8300,981630
2021-11-17T08:00:00,214.8310,220.4800,209.5650,220.2650,1462400
2021-11-17T12:00:00,220.2650,222.3300,210.0890,213.6640,1172372
2021-11-17T16:00:00,213.6640,217.6620,211.4610,214.5910,992425
2021-11-17T20:00:00,214.5790,219.0740,212.7860,219.0730,625547
2021-11-18T00:00:00,219.0640,222.8050,216.7220,216.8210,817890
2021-11-18T04:00:00,216.8490,218.2310,211.4300,212.7000,692255
2021-11-18T08:00:00,212.7080,213.3980,207.4900,208.0660,992415
2021-11-18T12:00:00,208.0540,209.7940,192.6750,197.0360,2656609
2021-11-18T16:00:00,197.0260,202.1750,186.3880,200.2260,3440763
2021-11-18T20:00:00,200.2100,202.8600,192.3270,195.1800,1550463
2021-11-19T00:00:00,195.2040,202.7490,189.1300,192.0320,1767709
2021-11-19T04:00:00,192.0030,199.9990,191.5180,196.4550,989836
2021-11-19T08:00:00,196.4370,206.9860,196.3730,202.9330,1487480
2021-11-19T12:00:00,202.9250,215.9880,202.0380,213.9220,1792523
2021-11-19T16:00:00,213.9000,219.4810,213.3500,217.3130,1399854
2021-11-19T20:00:00,217.3050,218.6000,212.6170,215.3690,754433
2021-11-20T00:00:00,215.3680,221.2430,213.2950,215.0940,976945
2021-11-20T04:00:00,215.0860,215.9830,212.7390,212.9150,565464
2021-11-20T08:00:00,212.9150,217.2420,212.2820,215.5960,643586
2021-11-20T12:00:00,215.6040,216.1380,207.2280,207.3050,1070881
2021-11-20T16:00:00,207.3140,217.7490,206.0560,215.5030,1146895
2021-11-20T20:00:00,215.5150,218.9310,215.4110,217.6950,514100
2021-11-21T00:00:00,217.6960,218.3000,211.0140,211.8130,591890
2021-11-21T04:00:00,211.7890,215.3950,211.2320,213.9590,410482
2021-11-21T08:00:00,213.9810,214.4930,210.8030,211.6910,498875
2021-11-21T12:00:00,211.7280,215.4920,210.6220,215.1920,524928
2021-11-21T16:00:00,215.2120,233.2700,214.6900,229.0000,1996600
2021-11-21T20:00:00,228.9990,235.4990,226.6200,230.7880,1473508
2021-11-22T00:00:00,230.7320,232.1200,219.7630,220.5990,1774308
2021-11-22T04:00:00,220.6110,222.2970,215.4010,216.1720,1459506
2021-11-22T08:00:00,216.1730,224.3980,215.8500,219.0050,1174598
2021-11-22T12:00:00,219.0020,225.4480,214.3690,222.5150,1956434
2021-11-22T16:00:00,222.5260,225.2670,212.0620,212.8560,1730594
2021-11-22T20:00:00,212.8650,218.9280,211.6100,215.6100,1161083
2021-11-23T00:00:00,215.6130,221.7620,214.2680,221.0000,709418
2021-11-23T04:00:00,221.0000,221.1770,212.1690,212.9940,654302
2021-11-23T08:00:00,212.9930,216.6660,210.6920,212.3360,1297200
2021-11-23T12:00:00,212.3350,219.7760,211.2100,216.0550,937428
2021-11-23T16:00:00,216.0560,224.7000,216.0120,224.4800,877095
2021-11-23T20:00:00,224.5560,226.1680,221.4030,221.9180,592999
2021-11-24T00:00:00,221.9170,222.5600,214.2540,217.1180,899137
2021-11-24T04:00:00,217.1510,220.4680,215.3750,217.1630,468591
2021-11-24T08:00:00,217.1120,219.8020,214.2720,214.7950,583791
2021-11-24T12:00:00,214.7950,215.5930,207.2080,212.3010,1249466
2021-11-24T16:00:00,212.3020,214.0680,200.3410,202.2550,1383242
2021-11-24T20:00:00,202.2570,207.9400,200.8710,205.7790,907257
2021-11-25T00:00:00,205.8440,211.6960,204.8120,210.9610,809453
2021-11-25T04:00:00,210.9680,211.4000,204.9270,205.9330,627632
2021-11-25T08:00:00,205.9310,209.6900,202.0120,208.5680,1130208
2021-11-25T12:00:00,208.5970,214.8700,208.0890,214.6180,1208215
2021-11-25T16:00:00,214.6330,216.5540,210.2150,210.6860,892598
2021-11-25T20:00:00,210.6840,212.2780,207.6990,210.1810,540946
2021-11-26T00:00:00,210.2000,210.7600,205.3230,205.6970,654717
2021-11-26T04:00:00,205.6960,207.3060,199.8230,201.4640,929186
2021-11-26T08:00:00,201.4490,201.5040,184.0000,185.2720,3641856
2021-11-26T12:00:00,185.2720,198.1410,182.4900,192.6030,1906056
2021-11-26T16:00:00,192.6350,198.3710,190.0350,197.6610,1046565
2021-11-26T20:00:00,197.6370,200.6940,191.3150,192.4230,907761
2021-11-27T00:00:00,192.3920,196.4000,191.3670,195.4320,663673
2021-11-27T04:00:00,195.5060,198.2870,192.6000,194.3630,462588
2021-11-27T08:00:00,194.3550,198.6000,194.2710,196.2260,805576
2021-11-27T12:00:00,196.2080,199.4300,196.2050,196.4580,632658
2021-11-27T16:00:00,196.4420,199.1100,195.8160,196.2760,494172
2021-11-27T20:00:00,196.2860,197.7830,190.6260,192.7750,739324
2021-11-28T00:00:00,192.7370,193.1740,184.6810,187.1070,1132711
2021-11-28T04:00:00,187.1090,190.1960,186.0020,189.8460,570959
2021-11-28T08:00:00,189.8810,191.5790,187.3900,190.1650,546033
2021-11-28T12:00:00,190.1670,191.4480,188.0030,189.0500,497761
2021-11-28T16:00:00,189.0510,189.8360,180.7820,188.5380,1133894
2021-11-28T20:00:00,188.5260,202.0080,188.5110,200.7130,1571408
2021-11-29T00:00:00,200.7080,204.0670,199.6460,200.8730,781059
2021-11-29T04:00:00,200.8590,206.6230,200.7600,203.7640,650542
2021-11-29T08:00:00,203.7390,206.2110,201.0000,203.3510,712297
2021-11-29T12:00:00,203.3540,210.8980,203.0620,206.8740,1079596
2021-11-29T16:00:00,206.8440,212.7000,205.5980,206.1240,1085566
2021-11-29T20:00:00,206.1520,208.1140,203.7690,204.2750,662175
2021-11-30T00:00:00,204.2780,206.6810,201.3080,203.8880,607880
2021-11-30T04:00:00,203.9100,206.1960,200.0030,201.9160,653987
2021-11-30T08:00:00,201.9500,207.6910,199.5950,207.2560,819621
2021-11-30T12:00:00,207.2550,218.4000,207.2400,213.0540,2669364
2021-11-30T16:00:00,213.0200,216.2930,208.0000,215.5280,1897683
2021-11-30T20:00:00,215.5280,215.8630,208.2920,208.6170,840469
2021-12-01T00:00:00,208.6170,215.0000,207.9770,214.9140,802753
2021-12-01T04:00:00,214.9140,220.9440,214.2090,218.4820,859510
2021-12-01T08:00:00,218.4810,224.3670,216.2550,221.4020,1413215
2021-12-01T12:00:00,221.3770,229.7200,220.6110,229.2850,1532227
2021-12-01T16:00:00,229.2920,232.6370,221.5000,230.0770,1829265
2021-12-01T20:00:00,230.0770,231.0000,220.1400,229.8120,1856008
2021-12-02T00:00:00,229.8120,236.4510,220.0850,224.2870,2371292
2021-12-02T04:00:00,224.2810,227.4800,221.5790,222.9700,888985
2021-12-02T08:00:00,222.9670,229.7150,222.6040,226.8560,1198153
2021-12-02T12:00:00,226.8760,232.2820,221.7630,229.4520,1958828
2021-12-02T16:00:00,229.4160,235.8800,224.3000,233.9560,2022700
2021-12-02T20:00:00,233.9530,243.1610,231.9500,233.6770,2088761
2021-12-03T00:00:00,233.6770,236.4290,226.4100,229.9940,1259978
2021-12-03T04:00:00,229.9940,235.2830,228.2630,232.6220,897794
2021-12-03T08:00:00,232.6150,238.4790,229.8270,237.6890,1218453
2021-12-03T12:00:00,237.6660,239.4730,223.0480,224.5590,1827454
2021-12-03T16:00:00,224.5590,226.2450,211.0000,212.9170,3431770
2021-12-03T20:00:00,212.9150,219.2370,202.7050,211.6070,3295652
2021-12-04T00:00:00,211.5720,212.6580,195.7890,196.0560,2267510
2021-12-04T04:00:00,196.0110,202.1320,166.0000,192.9830,7266325
2021-12-04T08:00:00,192.9990,196.5510,185.4330,188.2020,1946285
2021-12-04T12:00:00,188.2170,207.5640,188.1690,204.8430,2504390
2021-12-04T16:00:00,204.8350,208.5400,198.2820,206.9030,1640351
2021-12-04T20:00:00,206.9060,210.4600,198.5460,200.5830,1471843
2021-12-05T00:00:00,200.5860,204.3900,191.2450,196.4830,1526030
2021-12-05T04:00:00,196.5030,203.4090,194.0210,200.5100,954656
2021-12-05T08:00:00,200.5040,201.6080,195.1590,196.0610,887634
2021-12-05T12:00:00,196.0300,199.5430,181.2050,185.2980,2130659
2021-12-05T16:00:00,185.2920,190.8560,184.7700,190.1510,1804444
2021-12-05T20:00:00,190.1420,197.8000,186.5290,196.3170,1509174
2021-12-06T00:00:00,196.3180,196.9820,187.0610,193.1070,1623500
2021-12-06T04:00:00,193.1900,196.3840,183.0390,184.9420,1181201
2021-12-06T08:00:00,184.9570,189.7360,176.2000,181.9920,2671348
2021-12-06T12:00:00,181.9880,188.3120,179.1070,188.2010,1895651
2021-12-06T16:00:00,188.2020,192.0170,185.7120,187.5230,1343681
2021-12-06T20:00:00,187.5240,197.4860,187.5000,193.5180,1375621
2021-12-07T00:00:00,193.5260,198.0000,193.1000,195.2310,894951
2021-12-07T04:00:00,195.2190,200.9800,194.4010,199.2630,810801
2021-12-07T08:00:00,199.2790,204.0000,198.8990,203.0490,838992
2021-12-07T12:00:00,203.0540,203.3960,196.1830,198.0480,1141959
2021-12-07T16:00:00,198.1090,198.7970,193.5000,194.3190,755621
2021-12-07T20:00:00,194.3210,195.1950,187.7460,190.1550,873567
2021-12-08T00:00:00,190.1550,193.2590,186.0000,186.6470,737512
2021-12-08T04:00:00,186.6460,190.9260,186.5000,189.6380,719258
2021-12-08T08:00:00,189.5740,191.0970,183.2890,186.3160,1020038
2021-12-08T12:00:00,186.3150,196.2430,184.6760,192.3570,1286397
2021-12-08T16:00:00,192.3390,194.6010,189.4580,192.9280,744145
2021-12-08T20:00:00,192.9290,194.6670,191.0100,194.5390,519356
2021-12-09T00:00:00,194.5660,196.6000,188.2350,189.1910,699449
2021-12-09T04:00:00,189.1640,192.0000,188.4910,190.8350,514041
2021-12-09T08:00:00,190.8330,190.8820,186.6100,187.6000,745747
2021-12-09T12:00:00,187.6000,189.5080,182.1000,184.8090,1086424
2021-12-09T16:00:00,184.8250,186.4660,178.7590,181.2150,1188350
2021-12-09T20:00:00,181.2280,183.9500,178.4130,181.0400,758763
2021-12-10T00:00:00,181.0360,184.6040,179.7150,179.7990,612877
2021-12-10T04:00:00,179.8290,180.2820,175.1400,176.1010,912198
2021-12-10T08:00:00,176.1140,178.8200,175.3890,178.6080,773271
2021-12-10T12:00:00,178.6090,183.4800,172.4950,173.5870,1593168
2021-12-10T16:00:00,173.5990,175.0340,169.5660,173.5080,1248132
2021-12-10T20:00:00,173.5070,175.6240,167.0980,167.2290,786470
2021-12-11T00:00:00,167.2650,171.7990,161.2110,170.0910,1669854
2021-12-11T04:00:00,170.0840,172.2540,167.3710,169.1860,671293
2021-12-11T08:00:00,169.1780,172.3580,168.3000,170.0420,711099
2021-12-11T12:00:00,170.0260,171.1270,167.5840,170.9100,650783
2021-12-11T16:00:00,170.9100,173.7000,167.6110,168.0020,793003
2021-12-11T20:00:00,167.9730,172.3620,167.6310,172.0900,547619
2021-12-12T00:00:00,172.0760,172.6490,168.7000,169.7390,461697
2021-12-12T04:00:00,169.7390,170.8790,167.8880,170.1760,360342
2021-12-12T08:00:00,170.1790,170.5670,167.6580,169.1430,469889
2021-12-12T12:00:00,169.1260,171.9800,168.6630,170.4040,575615
2021-12-12T16:00:00,170.4040,176.7970,169.7360,174.3960,964446
2021-12-12T20:00:00,174.3700,175.3340,172.6480,172.7990,453975
2021-12-13T00:00:00,172.8090,172.8480,167.0000,167.3500,770982
2021-12-13T04:00:00,167.3500,168.0000,163.2500,164.1100,601712
2021-12-13T08:00:00,164.0900,167.6900,162.3400,167.6300,531365
2021-12-13T12:00:00,167.6200,168.6900,155.2200,158.0900,1516853
2021-12-13T16:00:00,158.0800,159.1700,147.9000,153.0900,2132474
2021-12-13T20:00:00,153.1000,159.1600,149.0000,155.1900,1631413
2021-12-14T00:00:00,155.2000,158.2230,152.5000,153.6800,1105449
2021-12-14T04:00:00,153.6900,155.1900,149.4800,154.7600,971257
2021-12-14T08:00:00,154.7500,158.4100,153.1500,158.0500,884848
2021-12-14T12:00:00,158.0500,161.6600,156.4900,157.6800,1430978
2021-12-14T16:00:00,157.6800,159.1400,152.6600,153.9200,896383
2021-12-14T20:00:00,153.9100,163.3500,153.8400,161.1600,1207489
2021-12-15T00:00:00,161.1600,163.6500,158.5400,160.4300,717524
2021-12-15T04:00:00,160.4500,166.5800,159.4400,166.1100,847146
2021-12-15T08:00:00,166.1200,168.6800,164.5300,165.6900,931106
2021-12-15T12:00:00,165.6900,166.7900,157.0600,157.5700,1228354
2021-12-15T16:00:00,157.5800,177.5000,156.7000,175.1100,3485392
2021-12-15T20:00:00,175.1400,182.5800,174.0200,178.4300,2250177
2021-12-16T00:00:00,178.4400,179.8400,176.3000,178.7200,842177
2021-12-16T04:00:00,178.7500,180.6600,174.3300,178.2800,923783
2021-12-16T08:00:00,178.2600,186.0100,178.0100,185.7300,1358139
2021-12-16T12:00:00,185.7000,188.9600,182.6400,186.9700,1828812
2021-12-16T16:00:00,186.9900,187.4900,179.6000,180.1800,1264340
2021-12-16T20:00:00,180.1800,184.9700,176.0000,176.9200,1103024
2021-12-17T00:00:00,176.9300,181.7000,176.5100,179.1900,813630
2021-12-17T04:00:00,179.2000,182.4800,175.4400,177.7900,958933
2021-12-17T08:00:00,177.7800,179.4000,174.7500,175.9400,887112
2021-12-17T12:00:00,175.9400,177.7500,168.0400,176.4700,2288414
2021-12-17T16:00:00,176.4800,181.6500,174.5000,177.5700,1415676
2021-12-17T20:00:00,177.5600,178.5100,172.6400,175.5100,910595
2021-12-18T00:00:00,175.5000,176.1600,171.0100,174.1300,847070
2021-12-18T04:00:00,174.1200,176.8300,173.0800,175.9700,455991
2021-12-18T08:00:00,175.9600,181.0000,175.9100,179.8800,808821
2021-12-18T12:00:00,179.8900,183.6200,179.0300,181.3800,731692
2021-12-18T16:00:00,181.3700,182.7100,179.6700,181.7000,454366
2021-12-18T20:00:00,181.7000,184.1800,180.5100,182.6800,437778
2021-12-19T00:00:00,182.6600,184.9300,179.7200,184.5100,589096
2021-12-19T04:00:00,184.4900,189.4000,184.1000,187.0700,711676
2021-12-19T08:00:00,187.0800,187.7400,182.8300,184.8200,665510
2021-12-19T12:00:00,184.8100,188.6000,182.7400,184.0000,1040915
2021-12-19T16:00:00,184.0200,185.1200,179.3400,180.4000,599472
2021-12-19T20:00:00,180.3800,183.8300,178.0000,179.8600,644196
2021-12-20T00:00:00,179.8600,181.1500,177.0600,178.2900,704764
2021-12-20T04:00:00,178.2900,179.9700,174.7400,175.3100,641965
2021-12-20T08:00:00,175.3500,176.2000,171.3100,172.5100,793184
2021-12-20T12:00:00,172.5000,174.0000,168.4100,169.9700,1153546
2021-12-20T16:00:00,169.9500,176.4000,169.2900,175.8900,759117
2021-12-20T20:00:00,175.8900,178.1600,172.6700,173.9100,692879
2021-12-21T00:00:00,173.9000,176.2600,170.2000,175.4200,732109
2021-12-21T04:00:00,175.4500,181.1700,175.4400,178.8800,974247
2021-12-21T08:00:00,178.8900,181.1000,178.5600,179.6900,511519
2021-12-21T12:00:00,179.6900,182.4100,176.6000,177.4300,838476
2021-12-21T16:00:00,177.4500,179.1900,176.0400,177.0100,535842
2021-12-21T20:00:00,177.0100,181.3900,176.9000,179.5600,599146
2021-12-22T00:00:00,179.5800,181.6300,177.4000,179.5900,561086
2021-12-22T04:00:00,179.6200,187.2700,179.1100,186.1800,801080
2021-12-22T08:00:00,186.1800,187.4800,182.7900,185.6000,788834
2021-12-22T12:00:00,185.6000,186.2000,181.2200,185.0900,886405
2021-12-22T16:00:00,185.1000,185.7600,179.5300,180.3500,635829
2021-12-22T20:00:00,180.3200,181.7900,177.0100,178.3700,580396
2021-12-23T00:00:00,178.3600,182.7500,175.5800,180.8900,820364
2021-12-23T04:00:00,180.9000,181.6400,177.0000,177.8300,429204
2021-12-23T08:00:00,177.8300,180.6600,177.1000,179.0100,629047
2021-12-23T12:00:00,179.0100,181.1200,177.5200,180.9600,663030
2021-12-23T16:00:00,180.9800,193.5100,180.1400,191.0800,1895186
2021-12-23T20:00:00,191.1000,192.8700,188.6000,190.1100,801484
2021-12-24T00:00:00,190.1400,191.9900,187.1000,187.7600,645801
2021-12-24T04:00:00,187.7700,189.0800,186.3500,188.8900,427995
2021-12-24T08:00:00,188.9000,191.4300,188.0500,188.8100,656495
2021-12-24T12:00:00,188.8200,195.7000,183.0000,195.4200,1644307
2021-12-24T16:00:00,195.4300,197.5900,191.7100,192.0800,1324089
2021-12-24T20:00:00,192.0900,194.9300,188.2000,190.3600,771764
2021-12-25T00:00:00,190.3800,195.2600,189.7600,191.6400,643428
2021-12-25T04:00:00,191.6500,194.9200,191.4200,193.0500,449961
2021-12-25T08:00:00,193.0600,193.3200,189.2000,190.3000,452317
2021-12-25T12:00:00,190.3100,192.9400,190.1800,192.1400,397161
2021-12-25T16:00:00,192.1600,192.8700,189.2700,191.0400,483526
2021-12-25T20:00:00,191.0200,194.4000,190.0600,193.0000,541780
2021-12-26T00:00:00,193.0200,196.8400,190.6500,190.8800,973917
2021-12-26T04:00:00,190.8700,193.7500,190.1000,192.8000,471736
2021-12-26T08:00:00,192.7900,198.7100,192.4800,196.5600,947213
2021-12-26T12:00:00,196.5500,199.6200,195.2800,198.1300,776047
2021-12-26T16:00:00,198.1300,200.6500,197.3800,198.4200,577090
2021-12-26T20:00:00,198.3800,199.6400,196.0000,197.8000,455819
2021-12-27T00:00:00,197.8200,201.3000,196.6300,201.0700,435426
2021-12-27T04:00:00,201.0300,201.7700,198.4600,198.5900,470728
2021-12-27T08:00:00,198.5900,201.1000,194.6600,200.2800,840933
2021-12-27T12:00:00,200.2600,203.4300,198.9700,201.6600,767555
2021-12-27T16:00:00,201.6700,204.8100,200.5000,200.6000,640151
2021-12-27T20:00:00,200.6000,201.2400,195.0900,195.7100,739288
2021-12-28T00:00:00,195.7000,195.7100,187.0000,190.2800,1259163
2021-12-28T04:00:00,190.2700,193.1900,185.9600,189.9900,954672
2021-12-28T08:00:00,190.0000,192.9400,188.4700,192.1400,723763
2021-12-28T12:00:00,192.1500,192.8500,185.0100,185.6200,1066899
2021-12-28T16:00:00,185.6200,186.0900,176.1500,180.1300,1828153
2021-12-28T20:00:00,180.1400,182.5000,176.7100,177.2000,713062
2021-12-29T00:00:00,177.2100,180.5900,176.3800,179.5500,541668
2021-12-29T04:00:00,179.5500,180.0000,175.1500,176.4500,624565
2021-12-29T08:00:00,176.4500,177.9600,174.5000,175.5600,705222
2021-12-29T12:00:00,175.5600,176.5900,170.6000,176.3200,1451064
2021-12-29T16:00:00,176.3200,177.3800,173.4400,174.4900,687341
2021-12-29T20:00:00,174.5400,176.7800,170.0000,170.6600,922264
2021-12-30T00:00:00,170.6600,172.2700,168.0100,170.1900,877699
2021-12-30T04:00:00,170.2000,174.8100,169.8000,173.6900,541931
2021-12-30T08:00:00,173.6800,175.2600,171.7900,174.6600,516989
2021-12-30T12:00:00,174.6400,175.6900,173.1100,173.8500,590791
2021-12-30T16:00:00,173.8500,175.6200,173.5000,174.2500,433272
2021-12-30T20:00:00,174.2600,174.9100,170.8300,172.4800,393241
2021-12-31T00:00:00,172.4900,173.8200,170.7800,171.6100,432442
2021-12-31T04:00:00,171.6200,172.7900,170.0100,172.5500,504236
2021-12-31T08:00:00,172.5500,177.6900,172.3400,175.1200,829613
2021-12-31T12:00:00,175.1600,176.1900,174.8000,175.7200,322430
2021-12-31T16:00:00,175.7300,176.1600,167.6500,167.8900,742179
2021-12-31T20:00:00,167.8900,171.9900,167.5700,169.9800,513235
2022-01-01T00:00:00,170.0100,174.3600,169.9000,172.9300,369077
2022-01-01T04:00:00,172.9400,174.3100,171.3400,173.1600,318583
2022-01-01T08:00:00,173.1700,173.3700,170.5200,171.5800,273069
2022-01-01T12:00:00,171.5700,174.2400,171.4600,173.7900,238497
2022-01-01T16:00:00,173.8100,177.3600,173.5500,177.3100,436022
2022-01-01T20:00:00,177.3100,179.1900,176.1300,179.0500,715673
2022-01-02T00:00:00,179.0600,179.6500,177.0100,177.6700,370262
2022-01-02T04:00:00,177.6700,178.0700,175.1100,175.8500,327331
2022-01-02T08:00:00,175.8500,176.2300,174.4600,175.6000,334766
2022-01-02T12:00:00,175.6000,176.7500,175.0000,176.1900,285180
2022-01-02T16:00:00,176.1800,178.8200,174.3100,175.3300,560921
2022-01-02T20:00:00,175.3200,177.1000,174.7000,176.2900,262496
2022-01-03T00:00:00,176.2700,176.4400,172.1800,172.8200,379055
2022-01-03T04:00:00,172.8200,173.8300,172.0000,173.1800,332126
2022-01-03T08:00:00,173.1800,175.0400,172.3000,174.7800,369024
2022-01-03T12:00:00,174.7700,175.8600,170.8400,171.0200,582717
2022-01-03T16:00:00,171.0200,171.7600,168.8200,170.0000,615564
2022-01-03T20:00:00,169.9900,171.1200,166.6600,170.1800,726220
2022-01-04T00:00:00,170.2000,170.5000,166.9100,167.8400,453932
2022-01-04T04:00:00,167.8400,169.4400,166.3800,169.0600,433381
2022-01-04T08:00:00,169.0600,172.3200,167.3200,171.6100,690033
2022-01-04T12:00:00,171.6200,173.9000,170.5200,172.2100,826363
2022-01-04T16:00:00,172.1800,172.5000,167.0900,168.6300,817653
2022-01-04T20:00:00,168.6400,169.5500,167.5200,167.8300,362895
2022-01-05T00:00:00,167.8700,169.3300,167.2300,169.2000,333255
2022-01-05T04:00:00,169.2100,170.5000,168.1600,169.9300,257495
2022-01-05T08:00:00,169.9500,171.4000,168.0000,168.5300,499831
2022-01-05T12:00:00,168.5400,169.3400,167.5300,168.3800,558324
2022-01-05T16:00:00,168.3900,168.7300,157.4700,158.6900,1532166
2022-01-05T20:00:00,158.6900,159.7800,144.5000,154.3800,2433156
2022-01-06T00:00:00,154.4100,154.7600,147.9900,148.0900,859641
2022-01-06T04:00:00,148.0900,150.9400,147.0200,150.6700,854050
2022-01-06T08:00:00,150.6900,150.9600,146.2200,147.5500,870537
2022-01-06T12:00:00,147.5600,151.0900,146.3000,149.6200,936436
2022-01-06T16:00:00,149.6400,154.3200,148.8000,153.7600,717300
2022-01-06T20:00:00,153.7800,153.9000,150.0200,150.2600,520392
2022-01-07T00:00:00,150.2800,150.7400,137.5700,139.6200,2094315
2022-01-07T04:00:00,139.6200,141.1200,134.4400,138.9200,2243377
2022-01-07T08:00:00,138.9500,143.2900,138.2000,139.1700,1366193
2022-01-07T12:00:00,139.1700,142.7800,132.9800,135.9500,1816086
2022-01-07T16:00:00,135.9500,140.4900,134.4200,140.2300,1203560
2022-01-07T20:00:00,140.2400,140.9700,135.8800,136.4300,628264
2022-01-08T00:00:00,136.4300,141.5700,135.7800,139.4000,694381
2022-01-08T04:00:00,139.3900,144.5700,139.3000,144.2600,781747
2022-01-08T08:00:00,144.3000,147.9800,144.1200,146.3600,1365012
2022-01-08T12:00:00,146.3600,146.7700,142.1500,144.1500,1164882
2022-01-08T16:00:00,144.1500,146.1500,132.8900,135.3700,3208197
2022-01-08T20:00:00,135.3700,146.8800,134.5200,142.1500,2563356
2022-01-09T00:00:00,142.1200,145.4100,140.7400,141.9100,1347330
2022-01-09T04:00:00,141.9000,143.7000,140.0000,140.3400,601099
2022-01-09T08:00:00,140.3400,141.3100,137.8000,140.5400,861953
2022-01-09T12:00:00,140.5500,140.8900,137.8300,140.0900,784857
2022-01-09T16:00:00,140.0900,145.6700,139.6100,145.2000,1348781
2022-01-09T20:00:00,145.2300,145.6300,139.8900,140.7700,729771
2022-01-10T00:00:00,140.7400,142.5000,138.7700,140.5500,598258
2022-01-10T04:00:00,140.5500,143.7500,140.2200,142.9900,587578
2022-01-10T08:00:00,143.0200,143.4400,138.8700,139.3900,644459
2022-01-10T12:00:00,139.3900,139.7200,129.4500,133.1400,2942541
2022-01-10T16:00:00,133.1400,137.5000,130.9000,132.6300,1848624
2022-01-10T20:00:00,132.6400,136.0300,131.8000,135.7300,712309
2022-01-11T00:00:00,135.7400,137.4900,133.5700,137.2600,632711
2022-01-11T04:00:00,137.2700,137.8700,135.0100,137.2000,462860
2022-01-11T08:00:00,137.2100,138.3800,134.2300,135.3500,692713
2022-01-11T12:00:00,135.3500,138.0000,135.0100,137.0600,821136
2022-01-11T16:00:00,137.0600,143.4000,136.8500,142.3200,1445380
2022-01-11T20:00:00,142.3500,143.0700,139.5600,140.1300,469525
2022-01-12T00:00:00,140.1400,141.4900,139.0900,140.0500,448948
2022-01-12T04:00:00,140.0500,140.8600,138.1700,138.9600,509430
2022-01-12T08:00:00,138.9400,144.1400,138.6600,141.4200,1147367
2022-01-12T12:00:00,141.4200,148.7000,141.1700,147.6500,1842389
2022-01-12T16:00:00,147.6600,153.2300,147.5200,152.6200,1755318
2022-01-12T20:00:00,152.6300,153.3000,151.2500,151.4800,735876
2022-01-13T00:00:00,151.4800,152.2400,148.1700,148.6700,624792
2022-01-13T04:00:00,148.6800,151.6000,148.6100,151.3800,474012
2022-01-13T08:00:00,151.3700,152.8700,149.8000,150.3000,757802
2022-01-13T12:00:00,150.2900,157.7500,150.2300,154.9000,2261217
2022-01-13T16:00:00,154.9000,155.4000,146.5500,147.6900,1892070
2022-01-13T20:00:00,147.6800,150.0000,145.4700,146.1000,1005370
2022-01-14T00:00:00,146.0900,147.9700,144.1900,147.4500,675634
2022-01-14T04:00:00,147.4500,150.5700,146.6900,147.6500,710393
2022-01-14T08:00:00,147.6600,147.7300,141.9200,143.4400,1118084
2022-01-14T12:00:00,143.4200,148.3000,141.9100,147.2700,1237620
2022-01-14T16:00:00,147.2600,149.7200,145.6000,148.2400,753895
2022-01-14T20:00:00,148.2300,148.9200,145.2500,146.1300,518402
2022-01-15T00:00:00,146.1300,147.2200,145.0100,145.9600,337257
2022-01-15T04:00:00,145.9500,146.2600,144.5000,145.5100,379752
2022-01-15T08:00:00,145.5000,146.8000,144.7200,146.3100,368305
2022-01-15T12:00:00,146.3100,148.6100,143.8000,147.9800,831644
2022-01-15T16:00:00,147.9900,148.8300,147.0200,147.9200,584475
2022-01-15T20:00:00,147.9200,149.4800,147.3200,147.5700,444517
2022-01-16T00:00:00,147.5700,148.1900,146.0300,146.8200,364996
2022-01-16T04:00:00,146.8200,150.1000,146.3100,149.6600,464804
2022-01-16T08:00:00,149.6800,150.7200,147.6000,148.1200,553240
2022-01-16T12:00:00,148.1100,151.9300,147.0100,149.9500,989020
2022-01-16T16:00:00,149.9500,150.9100,147.6800,147.9300,571518
2022-01-16T20:00:00,147.9300,148.5700,146.2500,147.9200,557257
2022-01-17T00:00:00,147.9300,148.2200,142.8000,142.9000,782553
2022-01-17T04:00:00,142.9200,143.8600,141.5800,143.1600,602603
2022-01-17T08:00:00,143.1900,144.0300,142.2400,142.4500,475967
2022-01-17T12:00:00,142.4600,143.7600,140.9200,142.0700,687147
2022-01-17T16:00:00,142.0700,142.4600,138.8000,139.8500,994763
2022-01-17T20:00:00,139.8700,140.2600,137.0000,139.7400,717575
2022-01-18T00:00:00,139.7400,141.8200,138.8800,139.2300,639124
2022-01-18T04:00:00,139.2200,140.8000,138.0800,140.1500,387394
2022-01-18T08:00:00,140.1500,140.3300,135.8100,137.6000,662570
2022-01-18T12:00:00,137.5900,138.2300,134.2400,136.5800,980311
2022-01-18T16:00:00,136.5800,137.8200,135.5900,136.9600,520722
2022-01-18T20:00:00,136.9700,142.6200,136.3300,141.1900,737214
2022-01-19T00:00:00,141.2100,142.6600,136.8700,137.9400,732630
2022-01-19T04:00:00,137.9600,139.1100,134.0000,134.4100,581037
2022-01-19T08:00:00,134.4200,136.3000,132.7000,136.0800,911370
2022-01-19T12:00:00,136.0800,138.6200,135.4000,136.9000,822251
2022-01-19T16:00:00,136.8900,138.0000,135.2500,136.7000,747934
2022-01-19T20:00:00,136.7000,137.4300,135.0000,135.2100,547818
2022-01-20T00:00:00,135.2000,137.2200,134.4300,137.0200,388609
2022-01-20T04:00:00,137.0200,137.8500,136.1700,137.3900,263163
2022-01-20T08:00:00,137.3900,138.1700,135.5800,137.8700,483592
2022-01-20T12:00:00,137.8500,143.4500,136.9500,143.0000,1235763
2022-01-20T16:00:00,143.0000,143.7800,139.6700,139.9200,1111671
2022-01-20T20:00:00,139.9000,140.2100,125.7800,127.4500,2026415
2022-01-21T00:00:00,127.4500,128.7000,120.9400,124.1800,2958084
2022-01-21T04:00:00,124.1800,126.8100,123.7500,126.4600,960312
2022-01-21T08:00:00,126.4500,126.8500,121.2400,122.1500,951452
2022-01-21T12:00:00,122.1500,122.6900,115.5000,121.7700,2961026
2022-01-21T16:00:00,121.7800,126.7700,120.1100,120.3200,3061166
2022-01-21T20:00:00,120.3200,122.1100,106.0200,112.2000,5085792
2022-01-22T00:00:00,112.2100,114.1300,108.3100,109.6600,1844562
2022-01-22T04:00:00,109.6700,110.3900,98.1500,100.3200,3523652
2022-01-22T08:00:00,100.3200,103.7300,87.4700,98.6000,5905538
2022-01-22T12:00:00,98.6000,103.2600,92.8400,92.9900,3273357
2022-01-22T16:00:00,92.9900,98.5000,88.4900,90.5000,4460390
2022-01-22T20:00:00,90.4900,97.2500,89.6000,94.4600,2837021
2022-01-23T00:00:00,94.4800,99.1700,93.1500,94.2800,2092034
2022-01-23T04:00:00,94.2700,101.4700,93.3800,101.1300,1696101
2022-01-23T08:00:00,101.1300,104.6200,99.6800,101.8200,2483007
2022-01-23T12:00:00,101.8200,103.1100,95.9700,98.8100,2336959
2022-01-23T16:00:00,98.8200,99.6900,93.8300,94.7200,1792444
2022-01-23T20:00:00,94.7000,101.8600,94.1500,99.6700,2075278
2022-01-24T00:00:00,99.6600,99.8100,91.1300,92.0300,2931394
2022-01-24T04:00:00,92.0200,92.7600,85.9600,86.7100,2649892
2022-01-24T08:00:00,86.7200,89.6500,81.5800,83.9400,5772962
2022-01-24T12:00:00,83.9300,88.0000,80.7000,87.4400,7017704
2022-01-24T16:00:00,87.4300,91.5000,83.3400,89.5600,5005305
2022-01-24T20:00:00,89.5600,96.1500,89.4400,91.8500,3477673
2022-01-25T00:00:00,91.8500,91.9600,87.8200,90.0200,1657577
2022-01-25T04:00:00,90.0300,90.7000,87.3900,89.9100,1547147
2022-01-25T08:00:00,89.8800,94.5800,89.8300,91.5300,2264500
2022-01-25T12:00:00,91.5300,94.8700,90.3300,92.8800,2571554
2022-01-25T16:00:00,92.8600,99.8500,92.5300,96.0800,3271107
2022-01-25T20:00:00,96.0800,96.2300,91.8600,94.5400,2110926
2022-01-26T00:00:00,94.5700,95.3700,91.3000,94.6200,1424279
2022-01-26T04:00:00,94.6200,96.9300,93.5600,94.4100,1210840
2022-01-26T08:00:00,94.4000,98.1700,94.3500,97.9600,1570229
2022-01-26T12:00:00,97.9500,101.9700,95.8900,98.7200,3104795
2022-01-26T16:00:00,98.7300,104.4500,96.2900,98.1200,4464274
2022-01-26T20:00:00,98.1300,98.1400,89.1100,92.0600,3842549
2022-01-27T00:00:00,92.0400,93.6600,85.6600,86.7300,2817115
2022-01-27T04:00:00,86.7200,89.8500,86.3000,88.7100,1774286
2022-01-27T08:00:00,88.7200,91.3400,88.1300,91.1200,1528909
2022-01-27T12:00:00,91.1100,94.6300,90.6400,92.2800,2890262
2022-01-27T16:00:00,92.2800,93.4400,89.0500,89.8400,2874065
2022-01-27T20:00:00,89.8400,90.6300,85.6000,89.4300,3160139
2022-01-28T00:00:00,89.4300,92.8900,88.5500,92.3300,2052941
2022-01-28T04:00:00,92.3400,93.4800,89.5000,89.6300,1368364
2022-01-28T08:00:00,89.6300,90.9200,87.4700,88.5600,1653429
2022-01-28T12:00:00,88.5600,91.3400,87.1000,91.0200,2342358
2022-01-28T16:00:00,91.0500,93.1000,89.9500,91.5200,2437843
2022-01-28T20:00:00,91.5200,93.4300,90.1600,91.2900,1542242
2022-01-29T00:00:00,91.2900,93.7500,90.4000,92.0700,1283546
2022-01-29T04:00:00,92.0600,97.2000,91.9000,97.1300,1517695
2022-01-29T08:00:00,97.1300,97.6700,95.1300,96.2300,1384598
2022-01-29T12:00:00,96.2300,98.8800,93.6400,95.0200,2132749
2022-01-29T16:00:00,95.0500,95.7100,93.3800,95.1500,1255525
2022-01-29T20:00:00,95.1600,96.7700,94.5300,96.1100,1218346
2022-01-30T00:00:00,96.0800,96.2900,93.4100,94.4000,1038810
2022-01-30T04:00:00,94.4100,97.6400,94.2700,96.6500,843497
2022-01-30T08:00:00,96.6400,97.0400,94.9800,96.2900,727874
2022-01-30T12:00:00,96.2900,96.4800,93.8000,95.0500,881414
2022-01-30T16:00:00,95.0500,95.8200,91.5900,91.9400,1069107
2022-01-30T20:00:00,91.9400,94.2000,91.3100,93.1500,967914
2022-01-31T00:00:00,93.1600,93.5000,89.1600,90.6600,1366178
2022-01-31T04:00:00,90.6800,90.6800,89.1500,90.1700,794455
2022-01-31T08:00:00,90.1800,91.7800,89.8700,91.2800,778963
2022-01-31T12:00:00,91.2900,96.1500,90.2600,95.3800,2236060
2022-01-31T16:00:00,95.3900,98.7700,94.8900,98.3500,2571326
2022-01-31T20:00:00,98.3500,101.2900,97.3600,99.4800,2082345
2022-02-01T00:00:00,99.4700,107.8800,98.9900,106.7900,2625377
2022-02-01T04:00:00,106.8000,107.4900,104.4800,105.3700,1788006
2022-02-01T08:00:00,105.3800,108.9500,103.7500,106.2800,3233240
2022-02-01T12:00:00,106.2700,111.0400,105.9200,108.5800,4183844
2022-02-01T16:00:00,108.5800,113.6100,107.7600,107.8500,5026088
2022-02-01T20:00:00,107.8400,112.2400,107.7700,109.9700,2639411
2022-02-02T00:00:00,109.9500,112.3900,108.1100,110.5500,2273380
2022-02-02T04:00:00,110.5600,110.6700,107.4400,108.4600,1737135
2022-02-02T08:00:00,108.4400,110.4900,108.2100,109.9300,1229578
2022-02-02T12:00:00,109.9400,112.2000,105.2400,105.9200,3850036
2022-02-02T16:00:00,105.9400,111.8000,103.5400,109.9300,4419073
2022-02-02T20:00:00,109.9500,110.0700,96.9600,101.8400,8542900
2022-02-03T00:00:00,101.8300,103.0900,96.6500,97.3500,3269144
2022-02-03T04:00:00,97.3500,99.4900,97.1200,99.3200,1811658
2022-02-03T08:00:00,99.3200,99.9400,93.9000,97.3300,4201772
2022-02-03T12:00:00,97.3200,98.9500,94.1800,98.1800,4290760
2022-02-03T16:00:00,98.1900,99.2000,95.7800,96.7200,2196284
2022-02-03T20:00:00,96.7300,102.2100,95.7600,101.7600,3165666
2022-02-04T00:00:00,101.7400,103.7700,100.1700,102.3000,1616411
2022-02-04T04:00:00,102.3100,106.8400,101.4600,104.8800,2774303
2022-02-04T08:00:00,104.8600,106.9000,104.3600,104.7600,1976817
2022-02-04T12:00:00,104.7500,109.7700,101.6800,107.1300,5528217
2022-02-04T16:00:00,107.1300,111.3000,106.8600,110.5400,3528199
2022-02-04T20:00:00,110.5400,112.8100,109.2600,112.5700,1748745
2022-02-05T00:00:00,112.5600,114.3400,110.1400,113.9500,1721624
2022-02-05T04:00:00,113.9400,118.5400,113.4800,115.5600,2347016
2022-02-05T08:00:00,115.5500,116.9000,114.4000,114.9300,1215762
2022-02-05T12:00:00,114.9400,117.2200,114.1400,115.9600,1464699
2022-02-05T16:00:00,115.9400,116.3300,110.7500,113.4300,2447270
2022-02-05T20:00:00,113.4300,115.7400,112.7800,113.6600,963712
2022-02-06T00:00:00,113.6600,115.7700,113.5900,114.3400,776513
2022-02-06T04:00:00,114.3400,114.8400,112.1000,114.2700,1039150
2022-02-06T08:00:00,114.2600,116.0600,113.5200,114.3500,954572
2022-02-06T12:00:00,114.3500,115.9400,111.1100,112.9900,1533089
2022-02-06T16:00:00,112.9800,114.5200,112.0200,112.8300,791846
2022-02-06T20:00:00,112.8300,115.5000,112.0000,115.1800,968914
2022-02-07T00:00:00,115.2000,119.5900,112.6200,119.1100,1873458
2022-02-07T04:00:00,119.1200,119.9800,116.8600,117.2000,1387415
2022-02-07T08:00:00,117.2000,117.8700,115.3700,117.4400,1150894
2022-02-07T12:00:00,117.4400,121.7300,116.4900,121.2600,2001444
2022-02-07T16:00:00,121.2300,121.8800,119.1300,119.9400,1680329
2022-02-07T20:00:00,119.9000,120.9100,116.4400,117.4600,1528992
2022-02-08T00:00:00,117.4800,118.9200,115.4000,117.4000,1231123
2022-02-08T04:00:00,117.3900,120.2300,116.7200,117.6300,1707059
2022-02-08T08:00:00,117.6400,117.8000,111.9100,114.3000,1938313
2022-02-08T12:00:00,114.2800,114.2800,110.1100,111.9700,1877191
2022-02-08T16:00:00,111.9600,112.6200,110.2600,110.7400,1408742
2022-02-08T20:00:00,110.7800,114.7000,109.5100,113.3700,1596385
2022-02-09T00:00:00,113.3600,115.0000,110.6800,111.1700,1199575
2022-02-09T04:00:00,111.1700,111.9000,109.2500,111.4500,851930
2022-02-09T08:00:00,111.4500,113.6700,110.3500,113.2000,997605
2022-02-09T12:00:00,113.1900,117.0000,112.6800,113.1300,1825351
2022-02-09T16:00:00,113.1300,115.6600,112.3600,115.0000,1087565
2022-02-09T20:00:00,115.0000,116.3500,113.5800,113.9000,1031406
2022-02-10T00:00:00,113.9000,114.0100,110.4000,110.9200,963557
2022-02-10T04:00:00,110.9200,112.4700,110.7000,112.3200,657841
2022-02-10T08:00:00,112.3100,114.8500,111.9900,113.6800,1179098
2022-02-10T12:00:00,113.6900,114.1200,105.5800,111.8300,3887216
2022-02-10T16:00:00,111.8300,113.0000,108.0500,108.8300,2274183
2022-02-10T20:00:00,108.8500,109.4000,105.5500,106.0900,1229838
2022-02-11T00:00:00,106.1000,106.5600,103.4600,104.6100,1419701
2022-02-11T04:00:00,104.6100,105.7700,103.1400,105.6700,833965
2022-02-11T08:00:00,105.6700,106.4200,104.3400,105.4500,932201
2022-02-11T12:00:00,105.4400,108.0900,104.9000,106.8000,1545171
2022-02-11T16:00:00,106.8000,107.0400,99.0100,99.6800,2783304
2022-02-11T20:00:00,99.6500,100.0600,95.0000,96.4400,2512000
2022-02-12T00:00:00,96.4500,98.4100,95.3200,96.8900,959030
2022-02-12T04:00:00,96.8700,97.5800,92.5200,93.7200,1418448
2022-02-12T08:00:00,93.7200,96.1800,93.5900,96.0500,1194515
2022-02-12T12:00:00,96.0400,96.1600,93.4500,94.9700,1167114
2022-02-12T16:00:00,94.9800,99.7400,94.5900,97.0800,1775645
2022-02-12T20:00:00,97.0800,98.2200,94.2200,95.8800,1397628
2022-02-13T00:00:00,95.8800,97.3200,95.0000,95.8900,723472
2022-02-13T04:00:00,95.9000,96.6300,95.1200,96.2600,527356
2022-02-13T08:00:00,96.2600,96.9300,95.2500,96.0700,674141
2022-02-13T12:00:00,96.0700,96.8800,95.3100,95.5400,753783
2022-02-13T16:00:00,95.5400,95.6000,91.2400,92.1800,1518520
2022-02-13T20:00:00,92.1800,94.0900,91.8600,92.8000,755915
2022-02-14T00:00:00,92.7900,93.6700,90.4900,93.4800,1273758
2022-02-14T04:00:00,93.4800,94.9000,92.6300,94.7200,982580
2022-02-14T08:00:00,94.7300,94.9100,91.7800,93.0700,1223600
2022-02-14T12:00:00,93.0700,97.9200,92.2500,96.5300,2526984
2022-02-14T16:00:00,96.5400,97.8700,93.2100,94.2300,1924857
2022-02-14T20:00:00,94.2300,97.1700,93.5200,96.3700,1175606
2022-02-15T00:00:00,96.3600,102.4700,96.3200,101.2500,1775827
2022-02-15T04:00:00,101.2700,102.2300,100.3100,101.8900,997821
2022-02-15T08:00:00,101.9100,103.7000,101.0700,102.3400,1758947
2022-02-15T12:00:00,102.3400,103.2000,100.5100,102.6900,1694132
2022-02-15T16:00:00,102.6900,103.1700,100.7600,101.5700,1231213
2022-02-15T20:00:00,101.5500,105.7700,100.9000,105.4400,1268346
2022-02-16T00:00:00,105.4600,105.5600,102.4100,102.7500,895445
2022-02-16T04:00:00,102.7500,104.4000,100.6800,104.1900,965417
2022-02-16T08:00:00,104.1800,104.3500,101.3600,102.4400,1004627
2022-02-16T12:00:00,102.4200,102.6700,98.1100,99.0700,2035941
2022-02-16T16:00:00,99.0700,103.5800,98.2100,103.1900,2086591
2022-02-16T20:00:00,103.1900,103.4900,101.4800,101.7800,1096230
2022-02-17T00:00:00,101.8100,102.7800,99.0600,99.1300,867055
2022-02-17T04:00:00,99.1200,100.9000,97.9100,100.8500,1030587
2022-02-17T08:00:00,100.8200,101.0500,97.5600,99.0100,1184878
2022-02-17T12:00:00,99.0100,99.6400,96.5200,97.3000,1693119
2022-02-17T16:00:00,97.2900,97.7400,92.8100,94.8600,2081108
2022-02-17T20:00:00,94.8600,94.8600,92.2500,93.4600,1364546
2022-02-18T00:00:00,93.4900,95.4500,92.6400,94.3100,960319
2022-02-18T04:00:00,94.3200,95.4600,93.7500,95.1300,549954
2022-02-18T08:00:00,95.1400,96.3300,93.5100,93.8800,973405
2022-02-18T12:00:00,93.8900,94.8200,90.0000,90.8900,2252321
2022-02-18T16:00:00,90.8900,91.9800,89.2400,90.9400,1731975
2022-02-18T20:00:00,90.9600,91.3600,89.2500,89.8200,782357
2022-02-19T00:00:00,89.8200,92.1500,89.6700,91.1500,659768
2022-02-19T04:00:00,91.1600,92.7000,90.9800,92.0500,566598
2022-02-19T08:00:00,92.0600,92.2800,88.5100,89.4200,1272223
2022-02-19T12:00:00,89.4300,91.1000,88.6200,90.9100,1249556
2022-02-19T16:00:00,90.9200,92.1400,89.6000,89.8700,1113308
2022-02-19T20:00:00,89.8700,91.7100,89.4600,91.2500,556067
2022-02-20T00:00:00,91.2500,91.4000,87.5700,88.3800,909193
2022-02-20T04:00:00,88.3800,88.6200,85.3900,87.2900,1703234
2022-02-20T08:00:00,87.3000,90.1000,85.6700,89.1400,2492773
2022-02-20T12:00:00,89.1600,90.9800,87.3700,89.3500,2418176
2022-02-20T16:00:00,89.3400,93.4000,89.1500,91.9700,2570663
2022-02-20T20:00:00,91.9500,93.9200,90.2000,90.6300,2757664
2022-02-21T00:00:00,90.6300,95.2400,90.4100,93.7900,2480752
2022-02-21T04:00:00,93.7900,95.8000,93.7100,95.3900,1365112
2022-02-21T08:00:00,95.3800,96.1300,88.1000,89.0700,3550499
2022-02-21T12:00:00,89.0800,92.8900,86.6400,89.5800,5444609
2022-02-21T16:00:00,89.5800,90.2700,86.1800,87.4100,3816009
2022-02-21T20:00:00,87.4100,88.2000,82.6100,82.8900,3201083
2022-02-22T00:00:00,82.8900,84.5400,80.9600,81.5800,2479240
2022-02-22T04:00:00,81.5700,83.7500,81.3000,82.0600,1987496
2022-02-22T08:00:00,82.0500,85.9700,81.7700,85.1000,2216641
2022-02-22T12:00:00,85.1100,87.6000,84.1200,85.7900,2416625
2022-02-22T16:00:00,85.8000,86.5000,83.7100,86.2100,2018709
2022-02-22T20:00:00,86.2100,87.1000,84.7100,86.3400,1086353
2022-02-23T00:00:00,86.3400,88.7000,86.0000,87.1600,1695384
2022-02-23T04:00:00,87.1500,89.9000,86.8800,89.0800,1540227
2022-02-23T08:00:00,89.0800,93.3500,88.6300,92.0100,2401864
2022-02-23T12:00:00,92.0100,93.3100,89.0500,89.7000,3101927
2022-02-23T16:00:00,89.7000,92.1300,87.5000,88.0800,2734379
2022-02-23T20:00:00,88.0700,88.2600,84.3000,84.5300,2172590
2022-02-24T00:00:00,84.5300,85.7500,75.8900,77.4800,3821192
2022-02-24T04:00:00,77.4700,84.3800,75.2500,82.1400,7603750
2022-02-24T08:00:00,82.1300,84.7000,79.2400,81.3700,4351414
2022-02-24T12:00:00,81.3700,86.2000,79.4300,84.8700,4528743
2022-02-24T16:00:00,84.8800,91.3400,83.2900,90.7600,4777545
2022-02-24T20:00:00,90.7600,95.2700,86.7000,89.3500,4596508
2022-02-25T00:00:00,89.3400,90.8000,87.5800,89.6100,1900664
2022-02-25T04:00:00,89.6100,89.8500,86.8000,88.7100,1524090
2022-02-25T08:00:00,88.7100,89.4300,86.8900,89.1800,2100404
2022-02-25T12:00:00,89.1800,92.1500,87.7500,90.9900,3949326
2022-02-25T16:00:00,90.9800,92.0200,88.7000,89.4900,2210911
2022-02-25T20:00:00,89.5000,95.0000,88.9200,92.6900,2564418
2022-02-26T00:00:00,92.6900,95.1500,92.0600,92.6700,1830480
2022-02-26T04:00:00,92.6800,93.5800,90.3500,91.9800,1019608
2022-02-26T08:00:00,91.9800,93.0000,90.0000,90.6000,1502819
2022-02-26T12:00:00,90.5900,92.0000,90.0600,91.1900,1085850
2022-02-26T16:00:00,91.1800,91.5800,89.1200,90.7100,1257308
2022-02-26T20:00:00,90.7100,92.5500,89.4900,90.2100,1255324
2022-02-27T00:00:00,90.2100,90.6500,86.0000,86.9300,1489966
2022-02-27T04:00:00,86.9200,89.1600,86.5000,88.7500,658258
2022-02-27T08:00:00,88.7500,90.9100,87.9800,90.7200,1115079
2022-02-27T12:00:00,90.7200,92.4200,88.1500,91.1600,2377349
2022-02-27T16:00:00,91.1700,91.2500,84.3500,84.8100,2265265
2022-02-27T20:00:00,84.8100,86.4900,84.0000,85.5800,1885127
2022-02-28T00:00:00,85.5700,88.0000,84.1000,86.5900,1573106
2022-02-28T04:00:00,86.6200,88.6500,84.6800,88.0800,1330388
2022-02-28T08:00:00,88.1000,91.1600,88.0400,90.7200,2364381
2022-02-28T12:00:00,90.7200,96.9300,88.7800,95.5400,5084742
2022-02-28T16:00:00,95.5400,97.2600,94.1800,96.1500,2742246
2022-02-28T20:00:00,96.1500,102.8900,95.7900,99.6200,3545321
2022-03-01T00:00:00,99.6200,101.0500,96.1300,97.2700,2505779
2022-03-01T04:00:00,97.2700,97.9600,95.0200,96.9100,1378652
2022-03-01T08:00:00,96.9400,98.5000,94.1400,97.7600,2394730
2022-03-01T12:00:00,97.7700,102.0200,96.6100,97.8600,4288014
2022-03-01T16:00:00,97.8600,99.0500,96.0300,97.6400,1614697
2022-03-01T20:00:00,97.6500,99.3200,96.7200,98.6100,1239583
2022-03-02T00:00:00,98.6100,105.1900,96.6800,104.2400,2809077
2022-03-02T04:00:00,104.2400,105.3500,101.1600,102.3600,2304257
2022-03-02T08:00:00,102.3800,106.4300,101.1300,104.5500,2879845
2022-03-02T12:00:00,104.5400,105.2500,100.1400,101.5500,4207979
2022-03-02T16:00:00,101.5500,103.3100,99.7700,101.0000,1793115
2022-03-02T20:00:00,100.9900,102.0000,99.8600,100.6900,1161896
2022-03-03T00:00:00,100.6800,101.7100,97.7000,98.3500,1554641
2022-03-03T04:00:00,98.3400,100.7500,97.7700,99.7500,1035787
2022-03-03T08:00:00,99.7500,101.2300,98.7100,99.6600,1414272
2022-03-03T12:00:00,99.6500,100.9400,95.0000,95.9100,2648548
2022-03-03T16:00:00,95.9200,96.2400,93.9900,94.9000,1756560
2022-03-03T20:00:00,94.9100,96.4200,94.0000,95.5800,1106134
2022-03-04T00:00:00,95.5700,95.9100,90.3900,91.4700,2412369
2022-03-04T04:00:00,91.4800,92.1900,90.7800,91.9400,877127
2022-03-04T08:00:00,91.9300,93.8800,90.4400,93.1100,1592636
2022-03-04T12:00:00,93.0900,93.7500,90.6000,91.2700,2297052
2022-03-04T16:00:00,91.2700,92.8500,88.2900,88.6700,1925888
2022-03-04T20:00:00,88.6700,89.3900,86.8700,88.2600,1426892
2022-03-05T00:00:00,88.2700,88.3800,85.8200,87.6200,1150982
2022-03-05T04:00:00,87.6300,89.1600,86.7500,88.7800,820069
2022-03-05T08:00:00,88.7800,89.1000,87.7100,88.6900,877700
2022-03-05T12:00:00,88.6900,89.8200,87.7400,89.0800,895000
2022-03-05T16:00:00,89.0900,91.2000,89.0700,90.1000,1306570
2022-03-05T20:00:00,90.0900,90.4500,89.0000,89.5900,530950
2022-03-06T00:00:00,89.5800,89.9300,87.3500,87.6400,666298
2022-03-06T04:00:00,87.6200,88.8700,86.5300,88.2900,787104
2022-03-06T08:00:00,88.2900,88.3700,85.5000,86.9400,1308771
2022-03-06T12:00:00,86.9500,88.2000,86.4100,87.2300,969537
2022-03-06T16:00:00,87.2300,88.2600,84.7500,85.3300,1264978
2022-03-06T20:00:00,85.3300,86.6600,84.0200,84.5300,1182511
2022-03-07T00:00:00,84.5300,84.7400,81.3300,82.2100,1812619
2022-03-07T04:00:00,82.2200,83.3200,81.0500,81.7700,1020193
2022-03-07T08:00:00,81.7800,83.2700,81.2100,83.0700,1153616
2022-03-07T12:00:00,83.0800,86.6800,83.0500,85.0100,2271022
2022-03-07T16:00:00,85.0100,86.0400,79.7700,80.2700,2290045
2022-03-07T20:00:00,80.2600,82.9600,79.8000,81.6200,1674339
2022-03-08T00:00:00,81.6100,84.6000,81.2300,83.4500,1142470
2022-03-08T04:00:00,83.4300,84.1600,82.4300,83.0000,1094886
2022-03-08T08:00:00,82.9900,84.9400,82.6400,83.8800,1313240
2022-03-08T12:00:00,83.8900,84.5400,81.6900,82.7300,1885955
2022-03-08T16:00:00,82.7400,85.0600,81.3000,82.8600,2705649
2022-03-08T20:00:00,82.8500,83.1400,81.3000,82.2500,920816
2022-03-09T00:00:00,82.2500,88.4600,81.8700,88.0800,2267578
2022-03-09T04:00:00,88.0900,89.5900,86.9000,89.1900,1814587
2022-03-09T08:00:00,89.2000,89.9200,87.8200,88.1800,1353238
2022-03-09T12:00:00,88.1700,89.2600,86.5100,88.9100,2508214
2022-03-09T16:00:00,88.9100,89.4600,86.0200,86.9000,1731419
2022-03-09T20:00:00,86.9100,88.8400,86.0400,88.0400,1001847
2022-03-10T00:00:00,88.0500,88.5800,85.2600,85.3100,1481219
2022-03-10T04:00:00,85.3100,85.5500,81.8800,82.6200,2006976
2022-03-10T08:00:00,82.6100,83.1400,81.8000,82.0400,1163684
2022-03-10T12:00:00,82.0200,83.9400,80.5600,81.8900,2497618
2022-03-10T16:00:00,81.8900,82.7700,81.6000,82.4000,1014455
2022-03-10T20:00:00,82.4000,83.9700,81.9000,82.8100,850159
2022-03-11T00:00:00,82.8200,83.1100,80.6700,81.9000,1166795
2022-03-11T04:00:00,81.9000,82.6000,80.1200,82.2200,1236169
2022-03-11T08:00:00,82.2200,83.8500,81.1200,83.2200,1557282
2022-03-11T12:00:00,83.2300,84.3300,81.2600,81.7300,2082497
2022-03-11T16:00:00,81.7400,81.7500,80.3300,80.5500,1467681
2022-03-11T20:00:00,80.5500,81.5800,80.0000,80.6400,1053434
2022-03-12T00:00:00,80.6400,82.7100,80.5100,81.7600,785347
2022-03-12T04:00:00,81.7500,82.4300,81.2400,81.6600,546661
2022-03-12T08:00:00,81.6600,81.7300,80.5300,81.0300,738005
2022-03-12T12:00:00,81.0300,82.3100,80.8300,81.6000,903712
2022-03-12T16:00:00,81.6100,82.3800,81.4700,81.6100,640704
2022-03-12T20:00:00,81.6200,82.1700,81.2200,81.3800,437965
2022-03-13T00:00:00,81.3700,82.6200,81.0000,82.5600,748935
2022-03-13T04:00:00,82.5700,83.3600,81.6400,81.7200,706640
2022-03-13T08:00:00,81.7100,81.8000,80.7500,81.0300,834394
2022-03-13T12:00:00,81.0200,81.6800,79.9300,81.1300,1543853
2022-03-13T16:00:00,81.1400,81.4300,80.2500,80.4400,611038
2022-03-13T20:00:00,80.4400,80.4400,77.5400,78.6900,2166328
2022-03-14T00:00:00,78.6800,79.9700,77.9300,79.4700,1115179
2022-03-14T04:00:00,79.4700,81.6600,79.4600,80.8600,1288071
2022-03-14T08:00:00,80.8600,82.2700,80.7500,80.8900,1176426
2022-03-14T12:00:00,80.8800,81.4400,80.1000,80.9500,1294446
2022-03-14T16:00:00,80.9300,81.0200,78.5000,79.9100,1637080
2022-03-14T20:00:00,79.9200,81.4800,79.1300,81.2000,1177374
2022-03-15T00:00:00,81.1800,81.5500,79.2600,79.6000,1169656
2022-03-15T04:00:00,79.5900,80.3800,78.7000,79.3200,748748
2022-03-15T08:00:00,79.3300,80.4000,78.9400,80.0700,845378
2022-03-15T12:00:00,80.0800,81.2500,79.5900,81.0300,1062953
2022-03-15T16:00:00,81.0300,86.0000,80.6700,84.5800,2581569
2022-03-15T20:00:00,84.5900,85.2800,82.6900,82.8300,1647434
2022-03-16T00:00:00,82.8300,86.4100,82.0500,82.3500,2514344
2022-03-16T04:00:00,82.3500,82.8900,81.4700,82.8200,1014113
2022-03-16T08:00:00,82.8100,84.6000,82.7000,84.2200,1427547
2022-03-16T12:00:00,84.2200,84.9700,82.7300,83.9300,1575489
2022-03-16T16:00:00,83.9400,86.1000,82.1400,85.7800,2539893
2022-03-16T20:00:00,85.7900,87.9700,85.5200,87.7300,1294252
2022-03-17T00:00:00,87.7300,89.2200,86.9100,87.9700,1334436
2022-03-17T04:00:00,87.9600,88.9500,86.7000,87.2300,1052031
2022-03-17T08:00:00,87.2300,87.8000,86.5400,87.6700,819414
2022-03-17T12:00:00,87.6700,90.7600,87.5200,89.3700,2360917
2022-03-17T16:00:00,89.3700,90.8300,88.6500,90.8300,1588678
2022-03-17T20:00:00,90.8200,91.0400,87.6300,87.8300,1300241
2022-03-18T00:00:00,87.8300,88.1300,85.6100,85.8900,1549584
2022-03-18T04:00:00,85.9000,87.1400,85.5200,85.7700,922215
2022-03-18T08:00:00,85.7700,86.6200,84.3500,84.9500,1187126
2022-03-18T12:00:00,84.9300,88.2700,84.6100,88.2500,1936041
2022-03-18T16:00:00,88.2600,92.3100,88.1400,91.1100,2914045
2022-03-18T20:00:00,91.1000,91.7000,88.8500,89.7700,1226743
2022-03-19T00:00:00,89.7700,92.4100,89.2700,90.2500,1248116
2022-03-19T04:00:00,90.2600,90.8300,89.2500,89.3700,672926
2022-03-19T08:00:00,89.3800,91.0000,89.2500,90.7500,737262
2022-03-19T12:00:00,90.7500,94.2700,90.4000,94.0300,2554270
2022-03-19T16:00:00,94.0300,94.5900,92.3100,92.6300,1681404
2022-03-19T20:00:00,92.6300,93.4200,91.1000,92.3100,1187749
2022-03-20T00:00:00,92.3200,92.5700,90.3400,90.7700,882935
2022-03-20T04:00:00,90.7900,91.5400,90.2800,90.9900,592609
2022-03-20T08:00:00,90.9900,91.6400,89.5200,89.9000,1037591
2022-03-20T12:00:00,89.9300,90.6500,88.8700,89.1400,1295598
2022-03-20T16:00:00,89.1500,89.8800,87.7700,89.5000,1256896
2022-03-20T20:00:00,89.4900,90.2900,88.2300,88.5800,820241
2022-03-21T00:00:00,88.5800,89.1600,86.6200,87.6900,1138471
2022-03-21T04:00:00,87.6800,89.7000,87.5200,89.6100,808576
2022-03-21T08:00:00,89.6100,91.1000,89.3300,89.7700,1427414
2022-03-21T12:00:00,89.7700,91.2300,88.5300,89.5300,1752069
2022-03-21T16:00:00,89.5200,89.6400,87.3900,88.7300,1226882
2022-03-21T20:00:00,88.7300,89.2100,88.1700,88.5500,538676
2022-03-22T00:00:00,88.5500,91.7500,87.9000,90.9800,1547016
2022-03-22T04:00:00,90.9900,92.4100,89.4600,90.2100,1409855
2022-03-22T08:00:00,90.2100,92.1800,89.9700,91.9700,1126544
2022-03-22T12:00:00,91.9800,93.9500,91.0000,92.5300,2112477
2022-03-22T16:00:00,92.5400,93.6000,91.3500,91.3600,1285852
2022-03-22T20:00:00,91.3500,92.4300,90.2200,90.4400,942892
2022-03-23T00:00:00,90.4400,91.2800,89.1200,90.0900,1197682
2022-03-23T04:00:00,90.0800,91.7900,89.6200,91.1000,871713
2022-03-23T08:00:00,91.1100,91.7800,90.5700,91.3200,989194
2022-03-23T12:00:00,91.3300,96.3500,90.9000,95.6500,3259221
2022-03-23T16:00:00,95.6500,96.1100,92.5200,92.7800,2121359
2022-03-23T20:00:00,92.7800,95.2000,92.5900,94.8300,1163170
2022-03-24T00:00:00,94.8300,95.9500,93.3500,94.6300,2024267
2022-03-24T04:00:00,94.6300,97.6000,94.5700,97.0700,1827344
2022-03-24T08:00:00,97.0700,101.8500,96.6400,100.0900,4222382
2022-03-24T12:00:00,100.0900,102.2000,98.2400,101.6100,4584155
2022-03-24T16:00:00,101.6200,103.7300,100.5900,102.8800,2760381
2022-03-24T20:00:00,102.8900,103.5100,101.5000,102.3300,1407263
2022-03-25T00:00:00,102.3200,104.8100,100.8200,103.4900,2353151
2022-03-25T04:00:00,103.4900,104.9000,102.6300,102.8900,1496856
2022-03-25T08:00:00,102.8900,104.4600,101.4600,104.2200,1871967
2022-03-25T12:00:00,104.2200,104.5000,99.6600,100.2800,2731742
2022-03-25T16:00:00,100.2800,100.8700,97.0600,98.4600,3271484
2022-03-25T20:00:00,98.4600,99.2100,97.7500,98.5500,834424
2022-03-26T00:00:00,98.5500,99.2400,97.5600,98.8700,908072
2022-03-26T04:00:00,98.8700,101.4700,98.5100,101.1900,1470796
2022-03-26T08:00:00,101.2000,101.4500,99.9000,100.3400,1001982
2022-03-26T12:00:00,100.3100,101.9700,99.6100,101.1900,1390148
2022-03-26T16:00:00,101.1900,103.3000,101.0500,102.6600,1960254
2022-03-26T20:00:00,102.6600,103.4000,101.1600,101.6800,1085423
2022-03-27T00:00:00,101.6800,103.0000,101.3000,101.7900,804424
2022-03-27T04:00:00,101.7900,102.4400,101.0000,102.1700,659516
2022-03-27T08:00:00,102.1900,102.4000,100.1400,100.4200,777321
2022-03-27T12:00:00,100.4200,101.5400,98.6800,101.3900,1538923
2022-03-27T16:00:00,101.3900,103.4400,100.8600,103.1500,1445530
2022-03-27T20:00:00,103.1600,107.4400,101.6300,106.9400,3225220
2022-03-28T00:00:00,106.9400,107.7100,105.1400,106.8200,1666554
2022-03-28T04:00:00,106.8200,111.9500,105.8500,108.8700,2789932
2022-03-28T08:00:00,108.8700,111.5900,107.5800,109.9900,1958687
2022-03-28T12:00:00,109.9900,113.9000,109.1500,109.8300,3290385
2022-03-28T16:00:00,109.8300,112.9800,108.7600,111.3500,2347139
2022-03-28T20:00:00,111.3500,113.0400,105.2900,105.7300,2607543
2022-03-29T00:00:00,105.7300,110.4300,105.4300,109.1100,1789187
2022-03-29T04:00:00,109.1200,111.6700,108.4800,109.8500,1619027
2022-03-29T08:00:00,109.8400,113.6700,109.7900,113.3500,2148000
2022-03-29T12:00:00,113.3600,115.6700,111.1200,111.6100,3563795
2022-03-29T16:00:00,111.6100,114.1200,108.8000,113.8800,3285306
2022-03-29T20:00:00,113.9100,113.9700,109.2000,111.5600,1876279
2022-03-30T00:00:00,111.5600,111.5900,107.0500,110.7700,1850706
2022-03-30T04:00:00,110.7600,112.9200,109.5400,112.3400,1790920
2022-03-30T08:00:00,112.3400,112.9600,110.7000,112.2100,1251433
2022-03-30T12:00:00,112.2100,125.3800,111.5600,122.6900,7200346
2022-03-30T16:00:00,122.7000,125.2600,119.5900,121.2600,3853572
2022-03-30T20:00:00,121.2700,121.5600,119.1100,120.8500,1523088
2022-03-31T00:00:00,120.8600,123.9800,119.9600,121.2900,1822799
2022-03-31T04:00:00,121.3000,123.6200,120.4100,123.2900,1211933
2022-03-31T08:00:00,123.2800,128.0700,122.4100,127.2500,2874715
2022-03-31T12:00:00,127.2400,129.6600,121.0000,125.3400,6286710
2022-03-31T16:00:00,125.3400,127.5900,121.7600,123.0100,4449887
2022-03-31T20:00:00,122.9800,125.6700,122.1900,122.8500,1678246
2022-04-01T00:00:00,122.8500,125.0300,117.4500,122.0000,3432608
2022-04-01T04:00:00,122.0000,126.5400,119.8300,126.4900,2399191
2022-04-01T08:00:00,126.4900,127.2200,124.0100,124.4300,1795684
2022-04-01T12:00:00,124.4300,133.7300,122.0700,132.7800,5375364
2022-04-01T16:00:00,132.7700,137.6200,132.1800,137.4000,2842652
2022-04-01T20:00:00,137.3900,138.4400,133.4300,134.5300,2162677
2022-04-02T00:00:00,134.5300,137.3100,133.0000,134.8100,2006097
2022-04-02T04:00:00,134.8400,136.3600,134.1200,135.8200,1022239
2022-04-02T08:00:00,135.8100,138.4800,135.0200,137.6500,1298743
2022-04-02T12:00:00,137.6600,143.5700,136.1000,138.0200,4650127
2022-04-02T16:00:00,138.0100,140.6200,134.2900,135.8500,2828857
2022-04-02T20:00:00,135.8600,137.5300,131.3100,132.4800,1815745
2022-04-03T00:00:00,132.4700,136.2000,130.5000,135.4400,2187825
2022-04-03T04:00:00,135.4500,139.5000,135.4500,137.6300,1545485
2022-04-03T08:00:00,137.6200,141.2100,136.2000,139.1500,1920838
2022-04-03T12:00:00,139.1200,140.0200,135.6100,136.0800,1860035
2022-04-03T16:00:00,136.0800,136.9700,134.0100,135.2500,1368771
2022-04-03T20:00:00,135.2800,139.4600,135.0200,136.8500,1670026
2022-04-04T00:00:00,136.8700,137.3900,134.0400,135.3200,1367339
2022-04-04T04:00:00,135.3100,138.3900,134.8000,137.0000,1047707
2022-04-04T08:00:00,137.0100,137.8800,133.1000,134.7900,1690903
2022-04-04T12:00:00,134.7900,135.5100,128.1900,129.3300,2775903
2022-04-04T16:00:00,129.3400,131.5200,125.6900,130.1000,2699395
2022-04-04T20:00:00,130.1000,133.0700,129.0000,132.0900,1600816
2022-04-05T00:00:00,132.1100,133.9700,129.6600,133.3400,1022121
2022-04-05T04:00:00,133.3500,134.2200,131.2100,133.3400,899410
2022-04-05T08:00:00,133.3400,134.8800,131.3900,134.5200,1101075
2022-04-05T12:00:00,134.5200,136.6800,129.1600,131.4500,2994068
2022-04-05T16:00:00,131.4500,133.6200,129.1700,131.1600,2188690
2022-04-05T20:00:00,131.1700,131.4800,126.0000,126.8400,1473579
2022-04-06T00:00:00,126.8400,127.0000,119.8600,123.6500,2794630
2022-04-06T04:00:00,123.6600,127.3700,122.9400,125.4200,1202271
2022-04-06T08:00:00,125.4800,125.8200,119.1900,121.5800,2192773
2022-04-06T12:00:00,121.5900,123.1500,114.3900,117.5900,4563106
2022-04-06T16:00:00,117.5900,119.9900,114.4900,118.7600,4373296
2022-04-06T20:00:00,118.7600,119.5600,112.0200,112.8700,2075152
2022-04-07T00:00:00,112.8600,114.8900,110.7800,113.7800,2214409
2022-04-07T04:00:00,113.7800,116.3900,113.0000,115.9300,1220509
2022-04-07T08:00:00,115.9200,117.6200,113.6500,117.3700,1869540
2022-04-07T12:00:00,117.3800,118.4900,111.6600,113.1600,2843795
2022-04-07T16:00:00,113.1600,118.5800,112.6600,117.6600,2136281
2022-04-07T20:00:00,117.6700,119.9500,116.6700,118.4100,1206164
2022-04-08T00:00:00,118.4100,122.3400,117.9400,122.0000,1695608
2022-04-08T04:00:00,122.0100,122.3000,116.5300,119.0500,1727723
2022-04-08T08:00:00,119.0400,120.1700,114.8100,115.2500,2224778
2022-04-08T12:00:00,115.2500,118.4400,112.7900,116.4300,3167677
2022-04-08T16:00:00,116.4300,116.8400,112.6200,113.5300,2372813
2022-04-08T20:00:00,113.5200,113.9600,108.0100,109.8300,2023087
2022-04-09T00:00:00,109.8200,111.7300,108.1800,109.4100,1527056
2022-04-09T04:00:00,109.4100,111.1100,108.9100,110.5600,837070
2022-04-09T08:00:00,110.5600,111.1300,108.8500,110.4400,696059
2022-04-09T12:00:00,110.4400,111.7500,109.2800,109.5800,1063875
2022-04-09T16:00:00,109.5800,111.5700,109.2000,109.7400,746633
2022-04-09T20:00:00,109.7300,113.6900,109.5000,112.8900,1031784
2022-04-10T00:00:00,112.8900,113.9500,111.2100,113.3300,818840
2022-04-10T04:00:00,113.3300,113.5400,111.3100,111.5400,878346
2022-04-10T08:00:00,111.5300,112.1800,109.6100,110.9900,1113660
2022-04-10T12:00:00,110.9900,112.6200,110.3900,112.3300,1016827
2022-04-10T16:00:00,112.3300,116.0000,111.8100,114.4900,1575452
2022-04-10T20:00:00,114.5000,115.2900,110.4300,111.0400,1892558
2022-04-11T00:00:00,111.0300,111.8600,108.2300,109.9300,1880207
2022-04-11T04:00:00,109.9400,111.2900,109.5100,111.0400,1122765
2022-04-11T08:00:00,111.0400,111.8600,103.3000,103.9200,3679413
2022-04-11T12:00:00,103.9400,104.7800,101.1300,101.3700,2671585
2022-04-11T16:00:00,101.3600,103.8000,100.3500,101.3300,2458517
2022-04-11T20:00:00,101.3200,102.5800,97.9800,99.6200,2980802
2022-04-12T00:00:00,99.6100,101.0700,98.2300,99.6600,1655261
2022-04-12T04:00:00,99.6600,103.2200,99.2100,102.9800,1593587
2022-04-12T08:00:00,102.9900,105.6300,102.1300,105.4800,1748665
2022-04-12T12:00:00,105.4800,109.2600,104.7200,105.9600,5252964
2022-04-12T16:00:00,105.9600,107.0600,100.2700,100.9600,3014121
2022-04-12T20:00:00,100.9600,103.5900,100.7100,103.1700,2027116
2022-04-13T00:00:00,103.1600,105.0800,101.8400,103.6100,1598755
2022-04-13T04:00:00,103.6000,104.7900,102.9000,103.9000,1210718
2022-04-13T08:00:00,103.9200,104.2700,100.9200,101.0200,1510813
2022-04-13T12:00:00,101.0100,105.9700,100.0200,105.0300,3977546
2022-04-13T16:00:00,105.0400,105.9300,103.6000,103.9200,1940734
2022-04-13T20:00:00,103.9200,105.4500,103.6400,104.8900,1179604
2022-04-14T00:00:00,104.9000,107.3100,104.4900,105.6000,1323870
2022-04-14T04:00:00,105.6000,107.7200,105.4800,106.3600,1368046
2022-04-14T08:00:00,106.3500,107.2600,103.0900,103.6200,1672601
2022-04-14T12:00:00,103.6200,105.7500,101.0600,101.2900,2949353
2022-04-14T16:00:00,101.2900,101.9500,98.7100,99.5300,2511319
2022-04-14T20:00:00,99.5200,101.2300,99.0100,100.7200,1027495
2022-04-15T00:00:00,100.7100,102.1200,99.5000,102.0100,1085315
2022-04-15T04:00:00,102.0100,102.4600,100.4300,101.7400,1268252
2022-04-15T08:00:00,101.7400,102.0600,100.7700,101.6800,836859
2022-04-15T12:00:00,101.6800,102.8900,99.7400,102.2500,1688460
2022-04-15T16:00:00,102.2600,102.7900,99.9300,100.3200,1235842
2022-04-15T20:00:00,100.3200,101.4000,100.2600,101.3300,636469
2022-04-16T00:00:00,101.3500,102.0100,100.8600,101.0200,612741
2022-04-16T04:00:00,101.0200,101.8600,100.9500,101.4100,415036
2022-04-16T08:00:00,101.4000,102.7900,101.0100,101.8400,902610
2022-04-16T12:00:00,101.8400,103.4600,100.6200,100.9100,1437264
2022-04-16T16:00:00,100.9000,102.6900,100.6700,101.9500,915878
2022-04-16T20:00:00,101.9500,102.8700,101.6800,102.0200,718214
2022-04-17T00:00:00,102.0100,102.3200,100.9200,101.4300,631160
2022-04-17T04:00:00,101.4200,102.2200,101.2800,101.8600,518646
2022-04-17T08:00:00,101.8500,102.4700,101.7600,102.3800,569321
2022-04-17T12:00:00,102.3900,105.2500,102.2800,105.0700,2261795
2022-04-17T16:00:00,105.0700,105.4500,102.6500,104.0400,2002205
2022-04-17T20:00:00,104.0300,104.2700,99.5200,100.0800,2075874
2022-04-18T00:00:00,100.0900,101.7000,99.8000,101.1100,1121830
2022-04-18T04:00:00,101.1100,101.2700,94.9000,96.3800,3362883
2022-04-18T08:00:00,96.3800,97.2400,94.6000,96.7400,1415107
2022-04-18T12:00:00,96.7500,99.1500,96.7200,98.6000,2545930
2022-04-18T16:00:00,98.6100,102.4400,97.0100,101.1100,3147727
2022-04-18T20:00:00,101.1100,102.6400,100.9500,102.3500,1184054
2022-04-19T00:00:00,102.3400,103.7700,101.1700,101.3700,1504256
2022-04-19T04:00:00,101.3700,102.5500,101.0100,101.8200,803494
2022-04-19T08:00:00,101.8300,103.5500,101.4300,102.2700,1348654
2022-04-19T12:00:00,102.2700,108.5600,102.2200,106.4600,3438965
2022-04-19T16:00:00,106.4400,107.1400,105.2700,106.8800,1465971
2022-04-19T20:00:00,106.8700,108.7700,105.7000,108.4500,1771340
2022-04-20T00:00:00,108.4500,109.5100,107.0000,108.2300,1569250
2022-04-20T04:00:00,108.2400,108.5700,106.6000,106.9600,1106837
2022-04-20T08:00:00,106.9600,110.9200,106.5400,110.3300,1891720
2022-04-20T12:00:00,110.3500,110.6500,104.7400,105.6700,3118371
2022-04-20T16:00:00,105.6600,106.6500,104.1700,105.9800,1699889
2022-04-20T20:00:00,105.9800,107.5500,104.9500,105.5200,1181293
2022-04-21T00:00:00,105.5100,107.1500,105.3100,107.0200,795690
2022-04-21T04:00:00,107.0200,107.6300,105.2200,106.8100,1004566
2022-04-21T08:00:00,106.8200,109.1000,105.6600,108.3600,1725581
2022-04-21T12:00:00,108.3700,109.9600,107.5800,107.7600,2582934
2022-04-21T16:00:00,107.7500,107.7600,104.2000,104.2600,2216872
2022-04-21T20:00:00,104.2600,104.3100,99.7600,101.6900,2569269
2022-04-22T00:00:00,101.7000,103.1000,101.3600,102.5100,1030269
2022-04-22T04:00:00,102.5100,103.5300,101.2600,102.5800,1151939
2022-04-22T08:00:00,102.5700,102.9400,100.0600,102.1600,1497549
2022-04-22T12:00:00,102.1500,102.7600,99.2800,99.6400,2573879
2022-04-22T16:00:00,99.6400,101.9600,99.1700,100.9000,1628733
2022-04-22T20:00:00,100.8900,101.7100,99.8500,100.5000,721616
2022-04-23T00:00:00,100.5200,101.0300,99.2300,99.8200,880003
2022-04-23T04:00:00,99.8200,101.2400,98.2500,101.1500,1117655
2022-04-23T08:00:00,101.1500,102.0000,100.6100,101.4800,895133
2022-04-23T12:00:00,101.4800,102.5000,100.7000,102.0800,1062462
2022-04-23T16:00:00,102.0800,102.8700,101.3500,102.0100,906893
2022-04-23T20:00:00,102.0100,102.4300,100.1400,100.6100,757018
2022-04-24T00:00:00,100.6000,101.5900,100.1600,101.2200,657407
2022-04-24T04:00:00,101.2100,101.9800,101.1100,101.7600,482160
2022-04-24T08:00:00,101.7700,102.2400,100.7700,101.0800,659122
2022-04-24T12:00:00,101.0800,101.5100,99.7900,100.0700,1507246
2022-04-24T16:00:00,100.0700,101.2800,98.5000,100.4400,1578519
2022-04-24T20:00:00,100.4400,100.6700,98.9000,99.1300,867888
2022-04-25T00:00:00,99.1500,99.3500,96.0700,97.9700,2176327
2022-04-25T04:00:00,97.9700,98.2600,94.1000,95.0900,2037811
2022-04-25T08:00:00,95.0800,96.9000,94.3800,96.6800,1878416
2022-04-25T12:00:00,96.6900,98.1900,95.7700,96.8800,2438268
2022-04-25T16:00:00,96.8800,100.7200,96.7300,100.5900,2380534
2022-04-25T20:00:00,100.5900,101.5900,99.7500,100.9400,1080844
2022-04-26T00:00:00,100.9500,102.0000,100.1800,100.9500,816187
2022-04-26T04:00:00,100.9600,101.4900,100.0900,100.8000,828681
2022-04-26T08:00:00,100.8000,101.5900,99.6200,100.4400,901054
2022-04-26T12:00:00,100.4400,101.0700,96.3400,96.5000,2760110
2022-04-26T16:00:00,96.5000,97.7100,95.5300,96.4900,2722520
2022-04-26T20:00:00,96.4900,97.4700,94.5000,95.6500,1855259
2022-04-27T00:00:00,95.6600,97.1600,94.8200,96.7500,1048597
2022-04-27T04:00:00,96.7400,99.4900,96.5400,99.4500,1089333
2022-04-27T08:00:00,99.4500,100.1000,98.0100,99.1800,1965281
2022-04-27T12:00:00,99.1800,100.7200,96.7700,98.1400,3060125
2022-04-27T16:00:00,98.1400,98.9800,96.7000,97.3600,1341797
2022-04-27T20:00:00,97.3600,98.8800,97.1400,98.3000,795020
2022-04-28T00:00:00,98.3000,99.8900,97.9200,99.1000,976167
2022-04-28T04:00:00,99.1100,100.0000,98.5100,99.4100,832067
2022-04-28T08:00:00,99.4100,100.5400,98.9700,99.8100,1238489
2022-04-28T12:00:00,99.8100,100.0300,96.2300,97.3900,2956754
2022-04-28T16:00:00,97.3800,100.2000,96.7700,98.7200,1866133
2022-04-28T20:00:00,98.7300,99.1200,97.2200,98.1800,979783
2022-04-29T00:00:00,98.1800,98.6600,96.8700,97.1900,858713
2022-04-29T04:00:00,97.1900,98.0200,96.6900,97.7600,711189
2022-04-29T08:00:00,97.7700,97.9700,95.0300,95.5900,1386539
2022-04-29T12:00:00,95.5900,97.0600,95.1500,96.1200,1486071
2022-04-29T16:00:00,96.1100,96.3300,92.2600,92.8600,2167357
2022-04-29T20:00:00,92.8700,94.4500,92.5500,93.9400,926863
2022-04-30T00:00:00,93.9400,94.9500,93.6500,94.0700,679864
2022-04-30T04:00:00,94.0700,94.9400,93.6500,93.9800,526046
2022-04-30T08:00:00,93.9800,94.5200,93.5000,93.8400,651932
2022-04-30T12:00:00,93.8500,94.1700,91.3500,92.2000,1445920
2022-04-30T16:00:00,92.2100,92.5500,90.2100,91.5300,1263982
2022-04-30T20:00:00,91.5200,91.5200,81.6700,84.5000,4007870
2022-05-01T00:00:00,84.5100,88.3600,84.0000,87.9500,2799362
2022-05-01T04:00:00,87.9500,89.8300,87.0300,88.8600,1426750
2022-05-01T08:00:00,88.8600,89.9000,87.6700,88.1900,973515
2022-05-01T12:00:00,88.1900,90.3500,87.0100,89.9800,1669399
2022-05-01T16:00:00,90.0000,93.1600,87.0200,87.9400,2277707
2022-05-01T20:00:00,87.9300,90.4300,87.7000,89.6100,1336665
2022-05-02T00:00:00,89.6100,90.8500,88.5800,89.3000,1090871
2022-05-02T04:00:00,89.3000,90.7500,89.0000,89.7300,903232
2022-05-02T08:00:00,89.7500,89.9700,86.2100,86.7400,1537735
2022-05-02T12:00:00,86.7400,88.9100,86.1700,87.6600,2603729
2022-05-02T16:00:00,87.6700,87.9300,85.0200,87.2400,1861635
2022-05-02T20:00:00,87.2400,88.5000,86.2400,87.4400,845571
2022-05-03T00:00:00,87.4400,88.6400,86.6700,88.6100,863710
2022-05-03T04:00:00,88.6100,88.7900,87.8000,88.3200,611797
2022-05-03T08:00:00,88.2900,88.7100,87.1500,88.4500,771416
2022-05-03T12:00:00,88.4500,88.5600,86.6600,87.1600,1129354
2022-05-03T16:00:00,87.1600,87.4200,84.7600,85.4000,1384631
2022-05-03T20:00:00,85.4000,86.5800,84.5800,85.8100,988035
2022-05-04T00:00:00,85.8200,86.7800,85.4200,86.0900,678861
2022-05-04T04:00:00,86.1000,87.4800,85.4300,87.2700,892260
2022-05-04T08:00:00,87.2700,88.6900,87.0000,88.4000,1267783
2022-05-04T12:00:00,88.4000,88.7000,86.2400,87.1500,1715658
2022-05-04T16:00:00,87.1500,92.1800,86.4500,91.5700,3808960
2022-05-04T20:00:00,91.5900,93.1000,91.2900,92.7000,1023072
2022-05-05T00:00:00,92.7000,95.2200,92.6200,94.3100,1436018
2022-05-05T04:00:00,94.2900,94.5400,92.7400,93.1300,1004754
2022-05-05T08:00:00,93.1200,93.3500,91.9900,92.2700,927427
2022-05-05T12:00:00,92.2800,92.9500,84.1200,84.9100,4343636
2022-05-05T16:00:00,84.8900,86.2300,81.0500,83.6800,4387804
2022-05-05T20:00:00,83.6800,85.3100,82.9800,84.4800,1680746
2022-05-06T00:00:00,84.4700,84.7800,82.5200,82.8200,1109192
2022-05-06T04:00:00,82.8200,83.4300,80.8400,82.3700,1955561
2022-05-06T08:00:00,82.3600,83.6200,80.3000,81.1800,2183275
2022-05-06T12:00:00,81.1800,83.1800,79.7900,81.7600,4115642
2022-05-06T16:00:00,81.7500,82.4400,80.9700,81.9400,1605218
2022-05-06T20:00:00,81.9400,82.3700,81.2500,81.6300,757484
2022-05-07T00:00:00,81.6400,81.9500,80.3000,80.4400,805957
2022-05-07T04:00:00,80.4500,80.9300,79.0200,80.4200,1314277
2022-05-07T08:00:00,80.4200,82.0200,80.2100,81.7400,1113461
2022-05-07T12:00:00,81.7500,82.2900,80.8200,82.0500,1190220
2022-05-07T16:00:00,82.0400,82.1800,81.1200,81.3900,771158
2022-05-07T20:00:00,81.4000,81.4000,77.0000,78.8000,2555404
2022-05-08T00:00:00,78.8000,79.3600,75.8000,76.8800,2712942
2022-05-08T04:00:00,76.8800,78.6000,76.8800,77.8100,1305152
2022-05-08T08:00:00,77.8000,79.3600,77.7200,79.0700,1082309
2022-05-08T12:00:00,79.0700,79.3200,76.6800,77.1200,2075040
2022-05-08T16:00:00,77.1100,78.0800,73.5800,76.3000,3402878
2022-05-08T20:00:00,76.3000,76.5100,74.6000,75.3400,1280559
2022-05-09T00:00:00,75.3400,77.1900,73.6700,75.2200,2305582
2022-05-09T04:00:00,75.2300,76.0400,73.2300,73.8800,1577338
2022-05-09T08:00:00,73.8700,75.2600,70.5000,72.1900,3483040
2022-05-09T12:00:00,72.1900,73.1900,69.1100,69.7900,4739431
2022-05-09T16:00:00,69.8000,70.3200,62.7700,65.0800,9459788
2022-05-09T20:00:00,65.0700,68.4200,61.6100,62.0800,6119537
2022-05-10T00:00:00,62.0700,66.6800,60.0000,64.4400,8074405
2022-05-10T04:00:00,64.4300,72.9900,64.0300,68.8700,5923417
2022-05-10T08:00:00,68.8700,72.0500,68.3400,71.5300,3404352
2022-05-10T12:00:00,71.5200,73.9900,67.1600,69.4300,5877385
2022-05-10T16:00:00,69.4200,71.0600,67.0500,67.4100,3336170
2022-05-10T20:00:00,67.4100,67.6900,63.1200,66.8300,5180034
2022-05-11T00:00:00,66.8300,68.3000,64.9500,66.1700,2817222
2022-05-11T04:00:00,66.1600,68.4400,60.5800,62.5500,4934968
2022-05-11T08:00:00,62.5700,66.3500,60.9400,61.3600,5627833
2022-05-11T12:00:00,61.3500,63.8700,47.1800,55.5400,16723453
2022-05-11T16:00:00,55.5300,56.7500,46.8500,47.8100,7868190
2022-05-11T20:00:00,47.8000,51.0000,43.0600,50.8400,10331823
2022-05-12T00:00:00,50.8500,54.3300,45.0100,45.1100,9086356
2022-05-12T04:00:00,45.1100,46.7800,37.1000,44.6400,15003609
2022-05-12T08:00:00,44.6500,47.9200,41.4200,43.9100,10777591
2022-05-12T12:00:00,43.9000,49.3600,42.6400,44.6300,10662021
2022-05-12T16:00:00,44.6200,48.0000,43.2800,44.6100,6379709
2022-05-12T20:00:00,44.6100,45.6900,41.4800,44.6300,4781769
2022-05-13T00:00:00,44.6400,52.1300,43.8100,50.3600,6560858
2022-05-13T04:00:00,50.3600,54.0000,48.8100,49.0400,6616787
2022-05-13T08:00:00,49.0300,53.2500,49.0100,53.1400,5082588
2022-05-13T12:00:00,53.1600,56.3700,51.8500,53.0700,6709745
2022-05-13T16:00:00,53.0700,54.2000,49.6200,51.4500,5441599
2022-05-13T20:00:00,51.4600,51.8700,48.2000,48.8800,2532078
2022-05-14T00:00:00,48.8800,53.9400,48.5200,51.6900,2965696
2022-05-14T04:00:00,51.6800,53.3400,50.4900,50.7200,2483917
2022-05-14T08:00:00,50.7100,51.5600,47.3500,48.0200,3380549
2022-05-14T12:00:00,48.0300,49.1700,46.0500,46.4300,3495575
2022-05-14T16:00:00,46.4200,50.7800,45.7500,49.3300,4938671
2022-05-14T20:00:00,49.3300,52.9700,49.2700,52.4000,2956832
2022-05-15T00:00:00,52.4000,52.6800,49.5700,50.1700,2149816
2022-05-15T04:00:00,50.1800,52.5900,49.8100,51.4200,1945516
2022-05-15T08:00:00,51.4200,53.6400,50.7500,53.4100,2395188
2022-05-15T12:00:00,53.4100,54.7800,52.1600,52.8400,3334305
2022-05-15T16:00:00,52.8400,55.6500,52.6300,55.2300,3506015
2022-05-15T20:00:00,55.2300,59.2900,54.9600,58.8000,4490286
2022-05-16T00:00:00,58.8000,58.8000,55.2600,56.0500,2932513
2022-05-16T04:00:00,56.0600,56.4100,53.1000,53.7800,3464787
2022-05-16T08:00:00,53.7600,55.1900,52.5100,53.7800,3670515
2022-05-16T12:00:00,53.7900,55.5300,51.8000,53.2200,5233541
2022-05-16T16:00:00,53.2200,55.4500,52.1700,53.9800,3689495
2022-05-16T20:00:00,53.9700,55.7900,53.1100,53.7700,3149155
2022-05-17T00:00:00,53.7800,56.1400,53.6400,55.7200,2489670
2022-05-17T04:00:00,55.7100,57.6500,55.0600,55.7700,2502484
2022-05-17T08:00:00,55.7700,57.0800,55.3700,55.6200,2109513
2022-05-17T12:00:00,55.6100,58.2000,54.2500,55.1300,5272962
2022-05-17T16:00:00,55.1300,56.0800,53.0000,55.1600,4883759
2022-05-17T20:00:00,55.1500,57.6300,54.9500,57.0000,2679049
2022-05-18T00:00:00,57.0100,57.8300,54.8300,55.0500,2709774
2022-05-18T04:00:00,55.0400,56.2200,54.7300,55.4100,1890717
2022-05-18T08:00:00,55.4200,55.5400,53.7400,54.1700,2005856
2022-05-18T12:00:00,54.1800,54.3000,49.6300,50.3700,5810785
2022-05-18T16:00:00,50.3700,51.9800,49.7900,51.6800,4190768
2022-05-18T20:00:00,51.6800,51.7100,49.3400,49.9200,2740861
2022-05-19T00:00:00,49.9100,50.9600,48.0700,50.5700,3398490
2022-05-19T04:00:00,50.5800,52.2800,50.1300,51.0500,2621348
2022-05-19T08:00:00,51.0400,51.5300,48.2000,51.1900,4961605
2022-05-19T12:00:00,51.1900,54.0600,50.2600,53.1900,7867446
2022-05-19T16:00:00,53.1900,53.5700,51.5400,51.5700,3233412
2022-05-19T20:00:00,51.5800,52.6400,50.6600,52.1800,2579898
2022-05-20T00:00:00,52.1800,53.5500,51.4000,51.4600,2851791
2022-05-20T04:00:00,51.4500,52.3600,50.5500,52.0700,3596256
2022-05-20T08:00:00,52.0500,53.6200,51.7700,53.1400,4066240
2022-05-20T12:00:00,53.1400,53.2200,49.2500,49.3900,6625303
2022-05-20T16:00:00,49.3900,50.2800,47.7600,50.1300,5618126
2022-05-20T20:00:00,50.1200,50.7400,49.2900,49.4100,2526037
2022-05-21T00:00:00,49.4000,50.2200,48.3600,50.1200,2351627
2022-05-21T04:00:00,50.1200,50.3800,49.4000,49.9700,2135333
2022-05-21T08:00:00,49.9700,50.1700,48.9200,49.4100,1966600
2022-05-21T12:00:00,49.4100,50.8300,48.9500,50.6600,2331581
2022-05-21T16:00:00,50.6600,51.2000,49.9100,50.1900,2289657
2022-05-21T20:00:00,50.1900,50.6500,49.4000,50.2700,1239134
2022-05-22T00:00:00,50.2700,50.7300,49.9000,50.1300,965492
2022-05-22T04:00:00,50.1200,50.5300,49.6400,50.2500,1348803
2022-05-22T08:00:00,50.2500,51.9300,50.1500,51.4600,3070967
2022-05-22T12:00:00,51.4700,52.8800,51.3000,51.8000,3292478
2022-05-22T16:00:00,51.8000,52.2300,51.0700,51.3900,1710263
2022-05-22T20:00:00,51.4000,53.1600,51.2700,52.4400,2341435
2022-05-23T00:00:00,52.4400,53.1800,51.7700,52.2000,1473042
2022-05-23T04:00:00,52.2000,54.3700,51.8800,53.5300,2646958
2022-05-23T08:00:00,53.5400,54.6600,52.9000,53.9700,2817286
2022-05-23T12:00:00,53.9800,54.6500,52.1800,53.8400,4540794
2022-05-23T16:00:00,53.8400,54.3900,50.0000,50.0600,4604832
2022-05-23T20:00:00,50.0500,51.0400,48.5600,49.1400,3821493
2022-05-24T00:00:00,49.1300,49.9500,48.8400,49.8600,1851123
2022-05-24T04:00:00,49.8600,50.3000,49.3400,49.8100,1805027
2022-05-24T08:00:00,49.8000,49.9500,48.6100,49.4900,2346770
2022-05-24T12:00:00,49.4900,50.5900,47.0400,50.0200,5919185
2022-05-24T16:00:00,50.0300,50.8300,48.5000,49.0700,3921414
2022-05-24T20:00:00,49.0600,50.1100,48.7000,49.6600,1819169
2022-05-25T00:00:00,49.6500,50.5400,48.9800,50.3100,2616825
2022-05-25T04:00:00,50.3100,50.3300,48.5300,48.8100,2323448
2022-05-25T08:00:00,48.8100,49.3700,47.5300,47.6600,2824519
2022-05-25T12:00:00,47.6500,48.8600,47.5300,48.2200,3603414
2022-05-25T16:00:00,48.2200,49.1300,47.7800,48.2800,2940876
2022-05-25T20:00:00,48.2800,48.8800,47.8300,47.9500,1609393
2022-05-26T00:00:00,47.9500,48.6500,47.8100,48.1500,1730561
2022-05-26T04:00:00,48.1700,48.3000,45.5500,46.3700,4235749
2022-05-26T08:00:00,46.3800,46.4800,43.0700,43.7000,5041497
2022-05-26T12:00:00,43.6900,45.8800,41.5600,45.0700,11368926
2022-05-26T16:00:00,45.0800,46.6600,43.8600,44.0300,6072627
2022-05-26T20:00:00,44.0300,44.8200,43.2600,43.4100,3495328
2022-05-27T00:00:00,43.4100,43.9200,41.1600,42.6500,6394566
2022-05-27T04:00:00,42.6500,42.9000,39.9100,41.0000,7343548
2022-05-27T08:00:00,41.0100,42.2600,40.5100,41.5600,5561213
2022-05-27T12:00:00,41.5600,43.6000,41.2500,42.1100,7881745
2022-05-27T16:00:00,42.1100,42.3600,40.4000,41.8400,7595318
2022-05-27T20:00:00,41.8500,42.5900,40.5000,41.1500,2809027
2022-05-28T00:00:00,41.1500,42.4600,40.3000,41.3000,3964771
2022-05-28T04:00:00,41.3100,42.1800,41.0500,41.6900,2604483
2022-05-28T08:00:00,41.6900,41.9800,41.0800,41.5800,2528554
2022-05-28T12:00:00,41.5700,43.5100,41.4400,42.9400,3966181
2022-05-28T16:00:00,42.9500,44.7400,42.5400,44.3800,3072612
2022-05-28T20:00:00,44.3800,45.1000,43.6900,44.2200,2180702
2022-05-29T00:00:00,44.2200,44.4000,42.1200,42.3300,4062906
2022-05-29T04:00:00,42.3300,42.6300,41.7700,42.4100,2165128
2022-05-29T08:00:00,42.4100,44.1800,42.2800,44.0500,4343732
2022-05-29T12:00:00,44.0600,45.6600,44.0400,44.6900,5051067
2022-05-29T16:00:00,44.6800,45.3200,44.0500,44.2500,2553887
2022-05-29T20:00:00,44.2400,45.1400,44.1500,44.9500,2363972
2022-05-30T00:00:00,44.9500,46.7400,44.2400,45.9200,4964163
2022-05-30T04:00:00,45.9200,47.3900,45.5100,47.0500,4112561
2022-05-30T08:00:00,47.0400,47.2300,45.8300,46.0600,3051401
2022-05-30T12:00:00,46.0600,46.6500,44.9200,45.8300,4154390
2022-05-30T16:00:00,45.8200,46.3400,45.3700,45.6400,2368656
2022-05-30T20:00:00,45.6400,48.5800,45.4300,47.2100,5650933
2022-05-31T00:00:00,47.2100,48.2300,46.1900,47.6800,3714223
2022-05-31T04:00:00,47.6700,47.8300,45.9000,46.3500,3246946
2022-05-31T08:00:00,46.3600,46.9200,45.9500,46.5800,2622442
2022-05-31T12:00:00,46.5800,46.7700,44.5200,46.3200,6066674
2022-05-31T16:00:00,46.3100,46.7900,45.1600,45.5100,3226059
2022-05-31T20:00:00,45.5100,46.2000,45.3600,45.7600,2004496
2022-06-01T00:00:00,45.7500,46.1200,44.6400,44.7500,2387973
2022-06-01T04:00:00,44.7500,45.2100,44.3000,44.5600,2250534
2022-06-01T08:00:00,44.5700,45.2900,44.1900,44.5800,2040101
2022-06-01T12:00:00,44.5800,45.6600,42.8200,42.9100,5818533
2022-06-01T16:00:00,42.9100,43.1100,40.7400,41.2900,7426723
2022-06-01T20:00:00,41.2900,41.3800,39.4900,40.0900,5895840
2022-06-02T00:00:00,40.0900,40.2500,38.6700,38.8200,5988064
2022-06-02T04:00:00,38.8200,40.0900,38.1000,39.6500,5554474
2022-06-02T08:00:00,39.6500,41.2400,39.4400,41.0100,4878244
2022-06-02T12:00:00,41.0000,41.2400,39.5900,40.6900,8760232
2022-06-02T16:00:00,40.6900,41.0400,39.8900,40.4300,3677008
2022-06-02T20:00:00,40.4200,41.7000,40.3600,40.8400,3354194
2022-06-03T00:00:00,40.8400,41.5200,40.4000,41.1200,2897272
2022-06-03T04:00:00,41.1300,41.2000,40.2000,40.3100,2388532
2022-06-03T08:00:00,40.3000,40.4400,37.9100,38.2300,7830029
2022-06-03T12:00:00,38.2300,38.7700,37.5500,38.0300,6587817
2022-06-03T16:00:00,38.0200,38.5800,37.7300,38.1600,4335846
2022-06-03T20:00:00,38.1600,38.9500,37.8700,38.2400,3100775
2022-06-04T00:00:00,38.2500,38.3600,35.6500,36.2600,6572747
2022-06-04T04:00:00,36.2600,37.4700,36.1800,37.3000,3760810
2022-06-04T08:00:00,37.3100,37.9100,36.8000,36.9700,3821814
2022-06-04T12:00:00,36.9700,38.2700,36.5100,37.7300,5951444
2022-06-04T16:00:00,37.7300,38.2000,37.3100,37.4700,3616525
2022-06-04T20:00:00,37.4800,39.5500,37.4000,38.9900,3893742
2022-06-05T00:00:00,38.9900,39.4600,37.8100,38.2900,3355456
2022-06-05T04:00:00,38.2800,39.3200,37.9100,38.8100,3722641
2022-06-05T08:00:00,38.8000,39.9800,38.7100,39.4300,5738292
2022-06-05T12:00:00,39.4400,39.8400,38.7200,39.7800,4661834
2022-06-05T16:00:00,39.7800,40.2200,39.1800,39.6200,4292484
2022-06-05T20:00:00,39.6300,40.0900,38.3800,38.5100,4564062
2022-06-06T00:00:00,38.5000,41.9400,38.3100,41.7500,8832333
2022-06-06T04:00:00,41.7400,44.0000,41.4800,43.0100,6751297
2022-06-06T08:00:00,43.0100,44.9900,42.9200,43.9100,6614933
2022-06-06T12:00:00,43.9200,44.1300,42.2900,42.8000,9511386
2022-06-06T16:00:00,42.8100,42.8500,41.5000,42.2100,7188223
2022-06-06T20:00:00,42.2100,43.2300,41.0500,42.3500,5820829
2022-06-07T00:00:00,42.3600,42.7700,38.6600,39.5200,16077640
2022-06-07T04:00:00,39.5200,39.6600,38.8100,39.3000,4055826
2022-06-07T08:00:00,39.3000,39.6400,37.0600,38.0400,6831271
2022-06-07T12:00:00,38.0300,39.6400,37.6300,39.1200,8649363
2022-06-07T16:00:00,39.1100,41.1700,38.6000,40.4300,7189259
2022-06-07T20:00:00,40.4200,41.3500,38.3700,39.2800,8946051
2022-06-08T00:00:00,39.2900,40.9400,38.2600,38.6100,7735173
2022-06-08T04:00:00,38.6200,39.5300,38.2400,39.2300,4375991
2022-06-08T08:00:00,39.2300,39.7400,38.9400,39.2800,2995251
2022-06-08T12:00:00,39.2800,40.1500,38.7000,39.6900,5305995
2022-06-08T16:00:00,39.6900,39.8500,38.3800,38.7600,3292835
2022-06-08T20:00:00,38.7500,39.3900,38.6400,38.8000,2219094
2022-06-09T00:00:00,38.8100,39.2200,38.4000,39.1100,2370837
2022-06-09T04:00:00,39.1200,39.5400,38.8500,39.5300,1782824
2022-06-09T08:00:00,39.5300,41.9600,39.2700,41.1800,7612478
2022-06-09T12:00:00,41.1900,41.4100,39.7900,40.3300,6506959
2022-06-09T16:00:00,40.3300,41.4000,39.5000,39.6400,4756855
2022-06-09T20:00:00,39.6300,40.1500,39.4000,39.9500,2875235
2022-06-10T00:00:00,39.9400,40.9000,38.9600,40.2600,4261508
2022-06-10T04:00:00,40.2700,40.8300,40.0300,40.3100,2153523
2022-06-10T08:00:00,40.3000,40.6800,38.8800,39.2800,4314309
2022-06-10T12:00:00,39.2800,39.6900,37.4100,37.9400,8971886
2022-06-10T16:00:00,37.9400,38.0600,36.8300,37.2300,5657287
2022-06-10T20:00:00,37.2400,38.0800,36.7300,37.1200,2706695
2022-06-11T00:00:00,37.1300,37.7000,36.9500,37.5200,1944724
2022-06-11T04:00:00,37.5100,37.9100,37.0900,37.6700,2129390
2022-06-11T08:00:00,37.6800,37.7300,35.0700,35.4400,6952227
2022-06-11T12:00:00,35.4400,35.7500,33.1300,33.7400,11334800
2022-06-11T16:00:00,33.7400,34.7400,33.3100,34.0900,6916818
2022-06-11T20:00:00,34.1000,34.6700,33.5800,33.9100,3305899
2022-06-12T00:00:00,33.9200,34.3000,31.3400,32.2600,9073936
2022-06-12T04:00:00,32.2600,33.1800,31.0400,33.1400,8403420
2022-06-12T08:00:00,33.1400,33.8500,32.2500,32.7000,6320587
2022-06-12T12:00:00,32.7000,34.5000,31.3600,33.9800,10472383
2022-06-12T16:00:00,33.9800,34.2900,32.2800,32.5800,5600486
2022-06-12T20:00:00,32.5700,32.8000,30.5300,30.5600,5800009
2022-06-13T00:00:00,30.5600,31.0900,27.5800,28.8200,18366871
2022-06-13T04:00:00,28.8200,29.6700,27.1800,27.5300,14372455
2022-06-13T08:00:00,27.5300,28.5000,26.0000,26.8000,22218035
2022-06-13T12:00:00,26.8000,28.2800,26.0700,27.8900,21905825
2022-06-13T16:00:00,27.8900,29.5000,27.4000,28.3100,14084180
2022-06-13T20:00:00,28.3100,29.8600,26.9600,28.5800,11254666
2022-06-14T00:00:00,28.5800,29.2000,25.8100,28.9100,17561986
2022-06-14T04:00:00,28.9000,32.2100,28.0400,30.9900,18437822
2022-06-14T08:00:00,31.0000,31.1000,28.6300,29.0600,9788029
2022-06-14T12:00:00,29.0600,31.4000,28.3400,31.0100,14320397
2022-06-14T16:00:00,31.0000,31.1800,29.0300,29.4100,8896327
2022-06-14T20:00:00,29.4200,30.1400,27.9700,29.5600,7555089
2022-06-15T00:00:00,29.5700,30.2900,28.6000,28.7900,6651689
2022-06-15T04:00:00,28.7800,28.8100,27.3200,27.6300,10339716
2022-06-15T08:00:00,27.6300,29.2900,26.7500,28.8800,13986575
2022-06-15T12:00:00,28.9000,30.0100,28.6000,29.4800,12749528
2022-06-15T16:00:00,29.4900,32.9500,28.0800,31.4500,24175946
2022-06-15T20:00:00,31.4600,34.8700,31.0100,34.7200,10902632
2022-06-16T00:00:00,34.7200,36.2600,33.7000,33.7800,8934704
2022-06-16T04:00:00,33.7800,34.2400,32.4200,32.5900,7413901
2022-06-16T08:00:00,32.5900,32.9900,30.7000,31.2600,11203709
2022-06-16T12:00:00,31.2500,32.5000,30.0200,31.2900,15729786
2022-06-16T16:00:00,31.2900,32.6400,30.3300,30.8300,12584275
2022-06-16T20:00:00,30.8300,31.5600,29.5200,30.1000,8171375
2022-06-17T00:00:00,30.0900,31.3300,29.2100,29.9900,9091916
2022-06-17T04:00:00,30.0000,31.9300,29.9100,31.5600,6906677
2022-06-17T08:00:00,31.5700,32.1100,30.9400,31.5500,6414960
2022-06-17T12:00:00,31.5500,32.0500,30.7900,31.1900,9677402
2022-06-17T16:00:00,31.1900,32.1000,30.9300,31.1300,6306728
2022-06-17T20:00:00,31.1300,31.7300,30.5100,30.7000,3536358
2022-06-18T00:00:00,30.7100,31.2800,29.7300,30.0700,4619974
2022-06-18T04:00:00,30.0700,30.3900,28.0900,28.4500,8288013
2022-06-18T08:00:00,28.4500,30.6600,27.7700,29.9700,11934306
2022-06-18T12:00:00,29.9700,30.4400,29.5000,29.7800,6679057
2022-06-18T16:00:00,29.7900,30.6300,28.0500,28.0800,10721734
2022-06-18T20:00:00,28.0800,32.0000,27.0900,31.9800,19320081
2022-06-19T00:00:00,31.9800,32.3900,29.7200,30.1700,10394343
2022-06-19T04:00:00,30.1800,30.6100,28.7500,29.1700,8698273
2022-06-19T08:00:00,29.1800,33.0800,28.6700,32.4000,14199865
2022-06-19T12:00:00,32.3900,33.6500,31.4900,33.4500,11298106
2022-06-19T16:00:00,33.4600,34.3000,31.9500,33.1900,10194103
2022-06-19T20:00:00,33.1900,35.4300,33.0200,34.1600,9387320
2022-06-20T00:00:00,34.1700,34.5800,31.7700,32.2500,8539908
2022-06-20T04:00:00,32.2400,32.8100,31.7000,32.3200,5580815
2022-06-20T08:00:00,32.3100,36.9000,32.1400,36.3000,15115380
2022-06-20T12:00:00,36.3100,36.7000,34.5000,35.2500,12898380
2022-06-20T16:00:00,35.2500,35.2800,33.9100,34.4400,8477543
2022-06-20T20:00:00,34.4400,35.7700,33.7500,35.2200,6583740
2022-06-21T00:00:00,35.2300,35.9100,34.1800,35.1900,7605411
2022-06-21T04:00:00,35.1900,37.6900,34.7300,36.8200,11687328
2022-06-21T08:00:00,36.8100,38.5100,36.6900,37.1400,10482672
2022-06-21T12:00:00,37.1400,39.2500,36.9000,37.9100,12217097
2022-06-21T16:00:00,37.9100,38.5900,36.4900,36.5600,7579782
2022-06-21T20:00:00,36.5700,36.8200,35.5800,36.3900,5666971
2022-06-22T00:00:00,36.3900,36.7000,34.5000,34.6700,5776754
2022-06-22T04:00:00,34.6700,35.2900,33.7100,33.8400,6637412
2022-06-22T08:00:00,33.8400,36.1500,33.6200,35.4700,7531065
2022-06-22T12:00:00,35.4600,36.8600,34.5200,34.7400,12121194
2022-06-22T16:00:00,34.7300,35.3300,33.9300,34.3500,8431839
2022-06-22T20:00:00,34.3500,35.1000,33.8100,34.1100,5701151
2022-06-23T00:00:00,34.1100,35.8800,33.8800,35.0900,5642579
2022-06-23T04:00:00,35.0900,36.6500,34.9700,35.9300,5550456
2022-06-23T08:00:00,35.9300,37.4900,35.7000,36.9000,8067500
2022-06-23T12:00:00,36.9000,37.7800,36.0800,37.2000,10037694
2022-06-23T16:00:00,37.2000,38.5300,36.2300,37.5500,11873570
2022-06-23T20:00:00,37.5400,38.6900,37.2000,38.1500,6294683
2022-06-24T00:00:00,38.1400,39.6000,37.6400,38.9100,6993595
2022-06-24T04:00:00,38.9000,39.2800,37.7200,38.2900,4706295
2022-06-24T08:00:00,38.3100,40.4700,38.0400,40.2700,7183832
2022-06-24T12:00:00,40.2800,41.3800,39.7300,40.0700,10144646
2022-06-24T16:00:00,40.0700,41.1400,39.4100,41.1400,5500887
2022-06-24T20:00:00,41.1500,42.9100,40.8400,41.8900,7691923
2022-06-25T00:00:00,41.8900,42.4300,40.6300,41.3800,6331371
2022-06-25T04:00:00,41.3800,42.3800,40.9400,42.1200,4293531
2022-06-25T08:00:00,42.1300,42.6100,41.7200,41.8300,4022016
2022-06-25T12:00:00,41.8300,42.0500,39.7200,39.8500,7489076
2022-06-25T16:00:00,39.8500,40.9300,39.7300,40.3500,3860630
2022-06-25T20:00:00,40.3400,42.6000,40.0500,42.2100,5105976
2022-06-26T00:00:00,42.2000,42.4900,40.7100,41.3800,4021697
2022-06-26T04:00:00,41.3800,41.8100,40.7400,41.2800,3569214
2022-06-26T08:00:00,41.2800,42.2000,40.5400,42.0500,4687265
2022-06-26T12:00:00,42.0600,42.4700,39.9500,40.5900,6284212
2022-06-26T16:00:00,40.5800,40.9300,39.5600,40.6400,4371102
2022-06-26T20:00:00,40.6500,41.4000,39.1000,39.3600,5446168
2022-06-27T00:00:00,39.3600,40.2900,38.8500,40.1100,4759773
2022-06-27T04:00:00,40.1100,40.8500,39.6000,40.5900,3828800
2022-06-27T08:00:00,40.6000,41.2800,40.2500,40.3000,3566634
2022-06-27T12:00:00,40.3100,40.4500,38.2300,38.7300,8181322
2022-06-27T16:00:00,38.7400,39.1500,37.8000,38.3100,5676856
2022-06-27T20:00:00,38.3100,39.1400,38.2700,38.5000,3474353
2022-06-28T00:00:00,38.5000,38.9500,36.9400,37.7100,5146207
2022-06-28T04:00:00,37.7100,38.7000,37.5300,38.5900,3106927
2022-06-28T08:00:00,38.5800,39.7000,38.4300,39.2100,6018203
2022-06-28T12:00:00,39.2000,39.8800,37.0000,37.0500,9035969
2022-06-28T16:00:00,37.0400,37.1800,35.6000,35.9100,8696141
2022-06-28T20:00:00,35.9100,36.7100,35.0500,35.3200,5779774
2022-06-29T00:00:00,35.3100,36.1000,35.0100,35.4200,4753230
2022-06-29T04:00:00,35.4300,35.6900,34.4100,35.3100,5873735
2022-06-29T08:00:00,35.3100,35.7400,34.2000,34.9300,6133545
2022-06-29T12:00:00,34.9300,35.1300,33.5900,34.6500,10152635
2022-06-29T16:00:00,34.6400,34.6800,33.0900,34.4700,7544356
2022-06-29T20:00:00,34.4700,35.1100,33.5000,34.0200,6180754
2022-06-30T00:00:00,34.0200,34.1900,32.5000,32.9800,5469942
2022-06-30T04:00:00,32.9900,33.2100,31.5200,31.8800,6731893
2022-06-30T08:00:00,31.8800,32.1200,31.1600,31.6700,7803840
2022-06-30T12:00:00,31.6600,32.3100,30.7900,32.0800,9964418
2022-06-30T16:00:00,32.0800,32.8500,31.5000,32.0100,6988436
2022-06-30T20:00:00,32.0100,33.9500,31.3900,33.7300,7826343
2022-07-01T00:00:00,33.7300,35.3900,33.4200,33.6200,11866859
2022-07-01T04:00:00,33.6300,33.7500,32.3100,33.1000,8871241
2022-07-01T08:00:00,33.1000,33.5600,31.7900,32.3300,7123794
2022-07-01T12:00:00,32.3200,33.2100,32.0000,32.3000,7582513
2022-07-01T16:00:00,32.3000,33.4600,32.2200,33.2300,4954918
2022-07-01T20:00:00,33.2200,33.9500,32.6300,32.8300,4566604
2022-07-02T00:00:00,32.8300,33.4400,32.0500,32.1400,5225585
2022-07-02T04:00:00,32.1400,32.8700,32.0800,32.3900,2608192
2022-07-02T08:00:00,32.4000,32.7800,31.8300,32.7500,3527502
2022-07-02T12:00:00,32.7500,33.3800,32.5600,32.8500,4996580
2022-07-02T16:00:00,32.8500,33.4900,32.6700,33.1100,3550572
2022-07-02T20:00:00,33.1000,34.1500,32.8700,33.3400,3269753
2022-07-03T00:00:00,33.3500,33.6100,32.6700,33.0500,2495123
2022-07-03T04:00:00,33.0500,33.7100,32.3100,32.8400,4995214
2022-07-03T08:00:00,32.8400,33.1200,32.4600,32.8900,2338889
2022-07-03T12:00:00,32.8900,33.0000,32.1200,32.3100,2985659
2022-07-03T16:00:00,32.3100,33.5800,32.2600,33.4200,3082713
2022-07-03T20:00:00,33.4300,33.6800,33.0800,33.3700,3209119
2022-07-04T00:00:00,33.3700,33.8800,32.6000,32.6200,3744868
2022-07-04T04:00:00,32.6100,33.0700,32.4100,32.7600,2158987
2022-07-04T08:00:00,32.7500,34.4100,32.7100,34.4000,5293897
2022-07-04T12:00:00,34.4000,34.9400,33.7500,34.2700,7096268
2022-07-04T16:00:00,34.2700,35.1400,34.0900,34.8500,4604583
2022-07-04T20:00:00,34.8400,36.9500,34.7000,36.7100,6776925
2022-07-05T00:00:00,36.7100,36.9700,35.1500,35.8300,5670693
2022-07-05T04:00:00,35.8200,36.3000,35.5600,35.8900,3727984
2022-07-05T08:00:00,35.9000,35.9100,33.7900,33.9600,7079065
2022-07-05T12:00:00,33.9600,34.0900,33.0600,33.8300,7709893
2022-07-05T16:00:00,33.8300,36.0700,33.5900,35.6900,7267309
2022-07-05T20:00:00,35.6900,36.3800,35.1400,35.3700,6522988
2022-07-06T00:00:00,35.3700,36.0400,34.7700,35.5200,5599779
2022-07-06T04:00:00,35.5200,36.4300,35.2600,35.9300,6042124
2022-07-06T08:00:00,35.9300,36.6600,35.5700,35.6000,5497759
2022-07-06T12:00:00,35.6000,36.4900,35.3000,35.7300,6905641
2022-07-06T16:00:00,35.7300,36.7600,35.6500,36.2500,7276017
2022-07-06T20:00:00,36.2400,37.6500,35.8900,37.0100,4991063
2022-07-07T00:00:00,37.0200,37.3900,36.7000,37.0800,3519073
2022-07-07T04:00:00,37.0900,37.1100,36.3600,36.7900,3046621
2022-07-07T08:00:00,36.7900,37.4200,36.6200,37.2400,3195762
2022-07-07T12:00:00,37.2400,38.6000,36.7200,38.2700,8260575
2022-07-07T16:00:00,38.2600,39.2600,38.0400,38.9800,7007286
2022-07-07T20:00:00,38.9900,39.0400,38.1200,38.4400,3432473
2022-07-08T00:00:00,38.4400,39.7000,38.0300,38.6100,5388753
2022-07-08T04:00:00,38.6100,38.7800,37.1600,37.4900,4782553
2022-07-08T08:00:00,37.4900,37.6200,36.5600,37.1700,5601493
2022-07-08T12:00:00,37.1800,38.7700,36.4200,38.5400,10310679
2022-07-08T16:00:00,38.5500,39.3400,37.9100,38.9300,7068759
2022-07-08T20:00:00,38.9300,39.1600,37.9500,38.1000,3287755
2022-07-09T00:00:00,38.1000,38.8100,37.7600,38.3200,3809856
2022-07-09T04:00:00,38.3200,38.8800,38.2000,38.5900,2753446
2022-07-09T08:00:00,38.5900,38.8500,38.0100,38.1700,2526576
2022-07-09T12:00:00,38.1700,38.3400,37.7400,38.0200,3078275
2022-07-09T16:00:00,38.0200,38.9900,37.9400,38.3700,3072694
2022-07-09T20:00:00,38.3800,38.4900,37.9200,38.0200,1783166
2022-07-10T00:00:00,38.0200,38.1200,37.0300,37.3600,3216640
2022-07-10T04:00:00,37.3600,37.5300,37.1500,37.2800,1912709
2022-07-10T08:00:00,37.2700,37.3700,36.6100,36.9200,2659477
2022-07-10T12:00:00,36.9200,37.1200,36.2400,36.6600,4027979
2022-07-10T16:00:00,36.6600,37.2900,36.3600,37.2900,2855345
2022-07-10T20:00:00,37.2900,37.4100,36.5000,36.7000,2701431
2022-07-11T00:00:00,36.6900,36.7200,35.3300,35.7900,4064265
2022-07-11T04:00:00,35.7900,35.8300,34.7500,35.1600,3084090
2022-07-11T08:00:00,35.1600,35.6600,35.0100,35.1400,2976662
2022-07-11T12:00:00,35.1300,35.8000,34.5900,35.1500,5856619
2022-07-11T16:00:00,35.1500,35.6500,35.0200,35.3400,2788342
2022-07-11T20:00:00,35.3500,35.4300,33.2200,33.3900,5783025
2022-07-12T00:00:00,33.3800,33.9800,33.2200,33.5900,3251955
2022-07-12T04:00:00,33.6000,34.1100,33.2300,33.4700,3239470
2022-07-12T08:00:00,33.4700,34.1900,33.1100,33.9100,4589187
2022-07-12T12:00:00,33.9000,34.6000,33.7200,34.2000,6318233
2022-07-12T16:00:00,34.2000,34.4800,32.6800,32.9100,5870219
2022-07-12T20:00:00,32.9100,33.2900,32.5600,32.6500,3174791
2022-07-13T00:00:00,32.6500,33.2200,32.3300,33.0300,2877983
2022-07-13T04:00:00,33.0200,33.7300,32.9300,33.6800,3152393
2022-07-13T08:00:00,33.6700,34.1600,33.6100,33.9300,3809174
2022-07-13T12:00:00,33.9300,34.5100,31.7000,33.1800,14593484
2022-07-13T16:00:00,33.1800,34.1400,32.9400,33.6300,4671233
2022-07-13T20:00:00,33.6300,35.0800,33.4500,34.9300,4212670
2022-07-14T00:00:00,34.9200,35.3100,34.5100,34.5700,3360392
2022-07-14T04:00:00,34.5700,34.7300,34.1700,34.3300,2554249
2022-07-14T08:00:00,34.3200,34.4800,33.5200,33.7800,3568334
2022-07-14T12:00:00,33.7800,35.2000,33.5900,35.1400,5940778
2022-07-14T16:00:00,35.1400,37.1200,34.8100,36.3400,8039455
2022-07-14T20:00:00,36.3400,37.3100,36.3300,37.1200,3234779
2022-07-15T00:00:00,37.1100,37.8800,36.5400,37.3400,3623089
2022-07-15T04:00:00,37.3300,37.5300,36.5100,37.4500,3289788
2022-07-15T08:00:00,37.4400,38.4600,37.4300,37.7000,4464572
2022-07-15T12:00:00,37.7000,38.5600,37.3400,37.6600,5484474
2022-07-15T16:00:00,37.6700,38.8700,37.0300,38.8000,5281090
2022-07-15T20:00:00,38.8100,39.0900,37.2100,37.3500,3968571
2022-07-16T00:00:00,37.3500,37.5100,36.7000,37.2000,2740379
2022-07-16T04:00:00,37.2000,37.2400,36.3300,36.4200,2437221
2022-07-16T08:00:00,36.4200,36.9000,36.3700,36.7400,1616260
2022-07-16T12:00:00,36.7400,38.0000,36.6000,37.9200,3712742
2022-07-16T16:00:00,37.9200,40.4100,37.8600,39.4200,9992712
2022-07-16T20:00:00,39.4100,39.9200,38.8300,39.5700,3433461
2022-07-17T00:00:00,39.5700,40.5000,39.2500,39.8600,3734318
2022-07-17T04:00:00,39.8700,41.0900,39.8400,40.3300,4414995
2022-07-17T08:00:00,40.3300,40.5500,39.2600,39.7600,3481347
2022-07-17T12:00:00,39.7700,39.8800,39.0100,39.2600,3672755
2022-07-17T16:00:00,39.2600,39.8000,38.2600,38.9900,4794529
2022-07-17T20:00:00,38.9900,39.5400,38.4600,38.5800,2521877
2022-07-18T00:00:00,38.5800,40.8800,38.5300,40.5400,4515292
2022-07-18T04:00:00,40.5400,42.4800,40.2600,42.1200,6248164
2022-07-18T08:00:00,42.1200,42.7200,41.3000,41.6300,5471476
2022-07-18T12:00:00,41.6200,42.5600,41.2100,42.2900,5076010
2022-07-18T16:00:00,42.2800,42.4400,39.6600,40.0400,6565899
2022-07-18T20:00:00,40.0400,44.1000,39.7700,43.5300,5273144
2022-07-19T00:00:00,43.5300,46.2000,42.8100,43.0000,9570181
2022-07-19T04:00:00,43.0000,44.1400,42.5400,43.4800,4784264
2022-07-19T08:00:00,43.4700,45.9000,43.2100,45.5300,6481669
2022-07-19T12:00:00,45.5400,47.4000,45.2100,46.5400,10545890
2022-07-19T16:00:00,46.5300,47.2500,45.3700,45.4100,6361491
2022-07-19T20:00:00,45.4200,46.1000,44.5900,44.8600,4095332
2022-07-20T00:00:00,44.8500,45.7900,44.1000,45.4600,4460856
2022-07-20T04:00:00,45.4600,46.0800,44.2900,44.4000,3643794
2022-07-20T08:00:00,44.3900,45.6400,43.7300,45.3200,5618151
2022-07-20T12:00:00,45.3200,46.3200,44.8400,45.3200,6532561
2022-07-20T16:00:00,45.3300,45.4600,43.1200,43.2000,6483327
2022-07-20T20:00:00,43.2100,43.5500,41.2100,42.0200,7500056
2022-07-21T00:00:00,42.0200,42.4800,39.8700,40.0300,6390997
2022-07-21T04:00:00,40.0300,41.4700,39.6100,41.0300,5156905
2022-07-21T08:00:00,41.0300,41.8700,40.6000,41.7400,5409756
2022-07-21T12:00:00,41.7200,42.4300,40.8300,41.8500,7616029
2022-07-21T16:00:00,41.8500,43.9000,41.8400,43.8000,6816550
2022-07-21T20:00:00,43.7900,44.0600,42.5400,43.1100,4104243
2022-07-22T00:00:00,43.1100,43.5200,42.2500,42.6600,2892512
2022-07-22T04:00:00,42.6600,43.4500,42.0800,43.0500,3275809
2022-07-22T08:00:00,43.0500,44.3400,42.8300,44.1300,4495928
2022-07-22T12:00:00,44.1300,44.1900,41.5000,41.6700,6892465
2022-07-22T16:00:00,41.6700,41.9000,40.0100,40.1900,5817985
2022-07-22T20:00:00,40.1900,41.0700,40.1200,40.4900,3236473
2022-07-23T00:00:00,40.4900,41.4800,40.0700,41.0700,2524715
2022-07-23T04:00:00,41.0600,41.9100,40.9900,41.3200,2506426
2022-07-23T08:00:00,41.3200,41.4900,39.5300,39.5900,4412952
2022-07-23T12:00:00,39.5800,40.4800,39.3600,40.1600,3783662
2022-07-23T16:00:00,40.1600,40.3700,38.5900,39.3400,5289945
2022-07-23T20:00:00,39.3400,40.2000,39.1400,39.9500,2608477
2022-07-24T00:00:00,39.9500,40.4400,39.4400,39.5800,2387420
2022-07-24T04:00:00,39.5800,41.1800,39.4700,40.7100,3443026
2022-07-24T08:00:00,40.7000,41.3800,40.1900,40.8600,3121936
2022-07-24T12:00:00,40.8700,41.3200,40.0600,41.1900,3326080
2022-07-24T16:00:00,41.1900,41.2700,40.5700,40.8100,2335217
2022-07-24T20:00:00,40.8000,42.0800,40.7000,40.9100,4131779
2022-07-25T00:00:00,40.9100,41.0900,37.7100,38.0600,5896595
2022-07-25T04:00:00,38.0500,38.7300,37.7600,38.5400,3028182
2022-07-25T08:00:00,38.5400,39.2700,38.3100,38.8600,3124498
2022-07-25T12:00:00,38.8600,39.3500,38.2400,38.4600,4472506
2022-07-25T16:00:00,38.4700,38.9700,37.3000,37.9200,4489646
2022-07-25T20:00:00,37.9300,38.9400,36.5300,36.6400,5550555
2022-07-26T00:00:00,36.6300,36.8200,35.4600,36.1900,5702130
2022-07-26T04:00:00,36.2000,36.4800,35.4400,35.6200,3028378
2022-07-26T08:00:00,35.6200,36.2100,35.2400,35.7900,3125514
2022-07-26T12:00:00,35.7900,36.2700,34.8700,34.9900,6161440
2022-07-26T16:00:00,34.9900,35.5800,34.6400,35.0000,4047300
2022-07-26T20:00:00,34.9900,36.3300,34.7600,36.2200,4509434
2022-07-27T00:00:00,36.2200,36.3500,35.6400,35.7600,2578767
2022-07-27T04:00:00,35.7700,37.1900,35.7400,36.8000,3375283
2022-07-27T08:00:00,36.8100,37.0400,36.2800,36.3700,2449715
2022-07-27T12:00:00,36.3800,37.4400,36.1600,37.1400,3839892
2022-07-27T16:00:00,37.1400,40.2800,36.3800,39.3700,11814667
2022-07-27T20:00:00,39.3800,40.5600,39.2600,40.2100,4485505
2022-07-28T00:00:00,40.2000,40.4700,39.0100,39.7000,3838932
2022-07-28T04:00:00,39.7100,39.9900,39.2300,39.3200,2657625
2022-07-28T08:00:00,39.3200,40.8200,39.2500,40.4900,3676771
2022-07-28T12:00:00,40.5000,42.1400,39.1900,41.8900,11290675
2022-07-28T16:00:00,41.9000,42.9600,41.7400,42.1300,5514606
2022-07-28T20:00:00,42.1300,44.1600,42.1000,42.9000,5116665
2022-07-29T00:00:00,42.9100,43.5300,42.3900,43.4600,3699766
2022-07-29T04:00:00,43.4600,44.4200,42.7200,43.0400,3557228
2022-07-29T08:00:00,43.0400,43.2900,41.3500,41.9100,4955953
2022-07-29T12:00:00,41.9000,43.4400,41.0900,42.6300,6880315
2022-07-29T16:00:00,42.6300,42.6700,41.2200,41.8000,5267915
2022-07-29T20:00:00,41.7900,43.0700,41.5100,41.9000,3215855
2022-07-30T00:00:00,41.9000,42.4900,41.4100,41.8700,3927008
2022-07-30T04:00:00,41.8800,42.4900,41.4200,42.3500,2129686
2022-07-30T08:00:00,42.3600,43.0700,41.8100,42.3900,3135024
2022-07-30T12:00:00,42.3800,46.2900,42.1700,46.2700,7374976
2022-07-30T16:00:00,46.2700,46.6400,44.8100,45.0700,4983148
2022-07-30T20:00:00,45.0800,45.4600,43.4000,43.8300,3628589
2022-07-31T00:00:00,43.8400,44.2000,42.9500,43.2300,2925628
2022-07-31T04:00:00,43.2300,44.4400,43.2100,43.8300,2808879
2022-07-31T08:00:00,43.8300,44.7600,43.2600,44.3900,3337901
2022-07-31T12:00:00,44.3900,44.6100,43.5800,44.1200,2409655
2022-07-31T16:00:00,44.1200,45.1800,42.8200,43.7300,4705321
2022-07-31T20:00:00,43.7300,43.8900,42.1800,42.3200,2778607
2022-08-01T00:00:00,42.3100,43.2300,42.0500,42.9800,1991008
2022-08-01T04:00:00,42.9900,43.1200,42.2500,42.9300,2151196
2022-08-01T08:00:00,42.9400,43.1200,41.6300,42.2100,3633681
2022-08-01T12:00:00,42.2000,42.9700,41.3000,42.4400,5566830
2022-08-01T16:00:00,42.4400,42.5300,40.5200,41.0800,4755611
2022-08-01T20:00:00,41.0800,41.8600,40.7500,41.6100,2181822
2022-08-02T00:00:00,41.6200,42.0900,39.9300,40.2100,3756377
2022-08-02T04:00:00,40.2200,40.6300,39.8900,40.5100,2435291
2022-08-02T08:00:00,40.5000,40.7900,39.7700,40.5300,2940351
2022-08-02T12:00:00,40.5200,41.6600,39.8700,41.4500,6332326
2022-08-02T16:00:00,41.4500,42.4300,40.9000,41.1300,4152985
2022-08-02T20:00:00,41.1400,41.4800,39.4200,39.7300,3337698
2022-08-03T00:00:00,39.7300,40.0800,37.3900,38.5200,16425786
2022-08-03T04:00:00,38.5200,39.3900,38.1500,38.3100,7544440
2022-08-03T08:00:00,38.3200,39.9500,38.3200,39.6300,6405282
2022-08-03T12:00:00,39.6200,41.0000,39.5300,40.1300,9023130
2022-08-03T16:00:00,40.1300,40.7300,39.7500,40.0700,3591042
2022-08-03T20:00:00,40.0700,40.2600,38.1600,38.5200,5409089
2022-08-04T00:00:00,38.5200,39.6600,38.3800,39.3600,4319320
2022-08-04T04:00:00,39.3600,39.7300,38.5100,39.1700,3553388
2022-08-04T08:00:00,39.1700,39.3000,38.5200,38.5800,2965273
2022-08-04T12:00:00,38.5900,39.8300,38.3000,38.8400,6366309
2022-08-04T16:00:00,38.8500,38.9800,37.9000,38.3500,4335239
2022-08-04T20:00:00,38.3600,39.0100,38.1300,38.8100,2178108
2022-08-05T00:00:00,38.8100,40.1500,38.6500,40.0900,3287279
2022-08-05T04:00:00,40.1000,40.5700,39.6600,40.0400,2897089
2022-08-05T08:00:00,40.0500,41.0600,39.8300,40.9800,3065860
2022-08-05T12:00:00,40.9800,41.3200,39.5900,39.9800,6385568
2022-08-05T16:00:00,39.9800,40.1400,39.3900,39.9000,2870531
2022-08-05T20:00:00,39.9100,40.7600,39.7200,40.5500,2719766
2022-08-06T00:00:00,40.5500,40.7200,40.1300,40.5000,1791138
2022-08-06T04:00:00,40.5000,40.6600,40.2300,40.4000,1372773
2022-08-06T08:00:00,40.4000,40.8800,40.2600,40.2800,1976860
2022-08-06T12:00:00,40.2800,40.5500,40.1500,40.4300,1324795
2022-08-06T16:00:00,40.4300,40.9000,39.8300,40.7900,2882758
2022-08-06T20:00:00,40.7900,40.8900,39.9000,40.0400,1969713
2022-08-07T00:00:00,40.0300,40.2400,39.1500,39.7500,2308931
2022-08-07T04:00:00,39.7500,40.2000,39.6900,39.9700,1319764
2022-08-07T08:00:00,39.9700,40.1500,39.6600,40.1200,1614983
2022-08-07T12:00:00,40.1100,40.6200,40.0400,40.3200,1985554
2022-08-07T16:00:00,40.3200,40.7900,40.2200,40.5500,1640162
2022-08-07T20:00:00,40.5400,41.5900,40.4400,40.5900,3090389
2022-08-08T00:00:00,40.6000,42.1100,40.5300,41.9100,2818115
2022-08-08T04:00:00,41.9100,42.8000,41.8300,42.6700,3212828
2022-08-08T08:00:00,42.6700,43.4100,42.3900,43.3800,3868472
2022-08-08T12:00:00,43.3700,43.7200,42.3700,42.5000,5196932
2022-08-08T16:00:00,42.4900,42.5500,42.0000,42.4800,2882353
2022-08-08T20:00:00,42.4800,43.1400,41.7700,42.1500,3422841
2022-08-09T00:00:00,42.1400,42.4500,41.5000,42.4200,2419055
2022-08-09T04:00:00,42.4100,42.7600,42.2000,42.5300,2599800
2022-08-09T08:00:00,42.5400,42.5700,40.6500,40.8400,5367218
2022-08-09T12:00:00,40.8500,41.4300,39.6800,40.1000,5099972
2022-08-09T16:00:00,40.1000,40.4600,39.8800,40.0600,2422682
2022-08-09T20:00:00,40.0500,40.7000,40.0300,40.3000,1789757
2022-08-10T00:00:00,40.3000,40.3200,39.1300,39.2600,4252184
2022-08-10T04:00:00,39.2700,39.7900,39.1100,39.6600,2095185
2022-08-10T08:00:00,39.6700,40.1700,39.6300,40.0100,2359792
2022-08-10T12:00:00,40.0000,42.4400,39.8000,42.0500,9342075
2022-08-10T16:00:00,42.0600,42.4500,41.1900,41.3000,4165874
2022-08-10T20:00:00,41.3100,42.8500,41.3000,42.4500,3221084
2022-08-11T00:00:00,42.4500,44.0600,42.3200,43.8200,5725551
2022-08-11T04:00:00,43.8200,45.0900,43.8100,44.5300,6310625
2022-08-11T08:00:00,44.5200,44.6300,43.6400,44.0600,3937437
2022-08-11T12:00:00,44.0600,45.3200,43.3400,43.4600,8748926
2022-08-11T16:00:00,43.4600,43.9900,42.8400,43.3800,4140289
2022-08-11T20:00:00,43.3700,43.5000,42.3600,42.7500,2858526
2022-08-12T00:00:00,42.7500,43.6500,42.1900,43.4000,3480130
2022-08-12T04:00:00,43.3900,43.6400,42.7900,43.1300,2274856
2022-08-12T08:00:00,43.1200,43.7800,42.1000,42.2900,4275813
2022-08-12T12:00:00,42.3000,43.2600,42.2800,43.1600,3939282
2022-08-12T16:00:00,43.1700,44.8200,42.9300,44.6400,3932628
2022-08-12T20:00:00,44.6400,45.4900,44.2800,45.4600,4601768
2022-08-13T00:00:00,45.4500,47.7800,45.2300,47.4000,9488020
2022-08-13T04:00:00,47.4000,48.3800,46.9100,47.1700,6996525
2022-08-13T08:00:00,47.1600,47.7500,46.3600,46.7300,5229268
2022-08-13T12:00:00,46.7200,47.1700,46.0200,46.2300,4167323
2022-08-13T16:00:00,46.2300,46.7600,46.0500,46.3000,3336380
2022-08-13T20:00:00,46.2900,47.4400,46.1600,46.5700,3108250
2022-08-14T00:00:00,46.5800,47.6800,46.0400,46.7200,4158596
2022-08-14T04:00:00,46.7100,48.0500,46.5000,47.7100,4251223
2022-08-14T08:00:00,47.7100,47.7500,46.5700,46.6700,3863640
2022-08-14T12:00:00,46.6700,46.7100,45.7200,46.0200,3655762
2022-08-14T16:00:00,46.0200,46.0700,44.4300,45.0800,5629015
2022-08-14T20:00:00,45.0700,45.8200,44.7200,44.8600,3258094
2022-08-15T00:00:00,44.8500,47.2400,44.3400,46.4600,5852425
2022-08-15T04:00:00,46.4500,46.6500,43.5000,43.8000,5970941
2022-08-15T08:00:00,43.8000,44.4200,43.1900,43.7700,3821497
2022-08-15T12:00:00,43.7800,44.5600,43.2500,44.4900,4338131
2022-08-15T16:00:00,44.4800,44.7300,43.6100,43.7900,2889537
2022-08-15T20:00:00,43.7900,44.1300,42.7100,43.7000,3530144
2022-08-16T00:00:00,43.6900,44.1800,42.5000,43.6400,4689451
2022-08-16T04:00:00,43.6400,43.7700,42.7500,43.3100,2650382
2022-08-16T08:00:00,43.3000,44.3000,43.1000,43.9500,3323780
2022-08-16T12:00:00,43.9500,44.2200,42.6000,43.3800,5612523
2022-08-16T16:00:00,43.3800,43.5800,42.5200,43.1000,4329218
2022-08-16T20:00:00,43.1100,43.4900,42.8000,43.0600,2023418
2022-08-17T00:00:00,43.0500,44.0700,42.9300,43.9800,3527335
2022-08-17T04:00:00,43.9800,44.7400,43.0000,43.1200,4396446
2022-08-17T08:00:00,43.1200,43.4300,42.5700,42.7400,3234600
2022-08-17T12:00:00,42.7500,42.7900,40.7200,41.0800,8332281
2022-08-17T16:00:00,41.0700,41.8700,40.6200,40.7200,5440231
2022-08-17T20:00:00,40.7300,41.1100,40.1300,40.5100,3927374
2022-08-18T00:00:00,40.5200,41.0200,40.0000,40.8000,3489727
2022-08-18T04:00:00,40.8000,41.0400,40.5200,40.9000,2096713
2022-08-18T08:00:00,40.9000,41.4100,40.6600,41.2900,3036470
2022-08-18T12:00:00,41.3000,41.6300,40.6500,41.1400,4634535
2022-08-18T16:00:00,41.1300,41.2500,40.3500,40.7600,3512219
2022-08-18T20:00:00,40.7600,41.2300,39.2500,39.4800,4829954
2022-08-19T00:00:00,39.4800,39.5600,37.8000,38.2700,6887153
2022-08-19T04:00:00,38.2700,38.4000,34.3800,36.6200,8086741
2022-08-19T08:00:00,36.6200,36.6400,35.5000,36.3300,6282862
2022-08-19T12:00:00,36.3300,37.2000,36.0100,36.9100,5595303
2022-08-19T16:00:00,36.9100,37.7600,36.6900,37.1300,5931316
2022-08-19T20:00:00,37.1200,37.2500,35.5800,35.7900,6306372
2022-08-20T00:00:00,35.7900,36.8500,35.7400,36.5800,4420604
2022-08-20T04:00:00,36.5800,37.2300,36.4200,36.9900,3880714
2022-08-20T08:00:00,37.0000,37.0900,36.3300,36.5700,2622799
2022-08-20T12:00:00,36.5600,36.9600,36.1800,36.4800,3195818
2022-08-20T16:00:00,36.4800,36.5800,34.3400,34.4200,6604554
2022-08-20T20:00:00,34.4300,35.3600,34.1500,35.2500,5310323
2022-08-21T00:00:00,35.2500,35.6600,34.9900,35.1000,2492098
2022-08-21T04:00:00,35.1000,35.4700,34.2600,35.4400,3845449
2022-08-21T08:00:00,35.4300,36.2600,35.3600,36.1600,4495161
2022-08-21T12:00:00,36.1500,36.2700,35.5500,35.9900,2703162
2022-08-21T16:00:00,35.9900,36.5400,35.8100,36.3100,2548992
2022-08-21T20:00:00,36.3100,37.0400,35.9000,36.4500,4843207
2022-08-22T00:00:00,36.4500,36.5400,36.0100,36.0800,2882414
2022-08-22T04:00:00,36.0800,36.3100,34.7900,34.8900,4297891
2022-08-22T08:00:00,34.8900,34.9300,33.7000,34.6300,6406193
2022-08-22T12:00:00,34.6300,34.8500,33.8800,34.7800,6266232
2022-08-22T16:00:00,34.7800,35.0200,33.9700,34.5800,3288413
2022-08-22T20:00:00,34.5900,35.5500,34.4400,35.3900,3560229
2022-08-23T00:00:00,35.3900,35.5500,35.0800,35.2000,2717412
2022-08-23T04:00:00,35.2100,35.4100,34.2200,34.9400,3565279
2022-08-23T08:00:00,34.9500,35.7300,34.8100,35.6600,3653619
2022-08-23T12:00:00,35.6600,36.0900,35.1600,35.6900,4726439
2022-08-23T16:00:00,35.6900,35.7900,35.1600,35.4000,2655026
2022-08-23T20:00:00,35.4000,35.8900,35.2900,35.6600,2097103
2022-08-24T00:00:00,35.6600,35.7100,34.2700,34.5800,4036469
2022-08-24T04:00:00,34.5800,35.3200,34.4600,34.8700,3026402
2022-08-24T08:00:00,34.8700,35.4400,34.8600,35.3700,2351733
2022-08-24T12:00:00,35.3600,36.0800,35.1400,36.0200,3961655
2022-08-24T16:00:00,36.0300,36.3900,35.6600,35.8100,3365184
2022-08-24T20:00:00,35.8100,36.0600,34.8300,34.8500,2730148
2022-08-25T00:00:00,34.8500,35.6500,34.8400,35.2000,2881622
2022-08-25T04:00:00,35.2100,36.2600,35.1700,36.2300,3003753
2022-08-25T08:00:00,36.2400,36.3500,35.9300,36.2900,2464733
2022-08-25T12:00:00,36.2900,36.5100,35.2700,35.7100,4518629
2022-08-25T16:00:00,35.7000,35.8400,35.3800,35.7700,2126129
2022-08-25T20:00:00,35.7600,35.9600,35.0200,35.2200,2597306
2022-08-26T00:00:00,35.2300,35.2400,34.4400,35.0700,2765300
2022-08-26T04:00:00,35.0700,35.2000,34.3600,34.6600,3289234
2022-08-26T08:00:00,34.6700,34.7600,33.7500,34.2100,3291971
2022-08-26T12:00:00,34.2200,35.7700,32.9500,33.2500,12531362
2022-08-26T16:00:00,33.2500,33.3500,32.5000,32.8800,4649725
2022-08-26T20:00:00,32.8900,33.1200,31.3100,31.6800,5663111
2022-08-27T00:00:00,31.6800,32.0100,31.4800,31.8400,2928186
2022-08-27T04:00:00,31.8400,32.2100,31.1000,32.1900,3671082
2022-08-27T08:00:00,32.1900,32.2200,31.7500,31.9600,2383152
2022-08-27T12:00:00,31.9700,32.0200,31.0100,31.3300,4096687
2022-08-27T16:00:00,31.3400,31.4200,30.8200,31.2900,3468348
2022-08-27T20:00:00,31.3000,31.6400,31.0000,31.5000,2117564
2022-08-28T00:00:00,31.4900,31.7800,31.1400,31.3800,1903381
2022-08-28T04:00:00,31.3700,31.8400,31.2300,31.7600,1790229
2022-08-28T08:00:00,31.7500,32.0200,31.4800,31.7400,2496170
2022-08-28T12:00:00,31.7500,31.8900,31.1700,31.8200,2791183
2022-08-28T16:00:00,31.8200,32.1800,31.6300,31.6600,2440288
2022-08-28T20:00:00,31.6700,31.8700,30.1400,30.3800,4066936
2022-08-29T00:00:00,30.3800,30.9500,29.9000,30.6600,4124368
2022-08-29T04:00:00,30.6600,30.7700,30.0800,30.5600,2512579
2022-08-29T08:00:00,30.5600,30.7600,30.3000,30.6800,2658077
2022-08-29T12:00:00,30.6700,32.2900,30.6200,31.7800,7949668
2022-08-29T16:00:00,31.7700,31.9400,31.4000,31.5200,3174107
2022-08-29T20:00:00,31.5100,32.6200,31.4600,32.3900,3205347
2022-08-30T00:00:00,32.4000,32.5000,31.8300,32.2900,3093484
2022-08-30T04:00:00,32.3000,33.0400,32.2800,32.7100,3233767
2022-08-30T08:00:00,32.7200,33.1700,32.5700,32.7300,2509210
2022-08-30T12:00:00,32.7200,32.8500,30.8900,31.1800,6798785
2022-08-30T16:00:00,31.1800,32.0000,30.6100,31.5300,5539271
2022-08-30T20:00:00,31.5300,32.1100,31.2700,31.4700,2944254
2022-08-31T00:00:00,31.4600,32.6400,31.4300,32.4400,4103312
2022-08-31T04:00:00,32.4400,32.8800,32.1600,32.2800,2817873
2022-08-31T08:00:00,32.2800,32.8000,31.9200,32.5500,3787702
2022-08-31T12:00:00,32.5600,32.9500,31.5400,31.9000,5817488
2022-08-31T16:00:00,31.8900,32.3400,31.4100,32.0900,3579531
2022-08-31T20:00:00,32.0900,32.4900,31.1600,31.4600,2569072
2022-09-01T00:00:00,31.4700,31.7500,30.9400,31.2000,3196484
2022-09-01T04:00:00,31.2000,31.5300,30.8000,31.0500,2259614
2022-09-01T08:00:00,31.0500,31.5700,30.8200,31.4400,2538901
2022-09-01T12:00:00,31.4400,31.4800,30.3700,30.7500,4947419
2022-09-01T16:00:00,30.7500,31.0800,30.4400,31.0500,3253585
2022-09-01T20:00:00,31.0600,31.7800,30.9800,31.5900,2382929
2022-09-02T00:00:00,31.5900,31.8100,31.0800,31.5600,2250707
2022-09-02T04:00:00,31.5600,31.9500,31.4100,31.6100,1906779
2022-09-02T08:00:00,31.6000,31.6900,31.2400,31.5600,1880671
2022-09-02T12:00:00,31.5600,32.3700,31.4300,32.2500,5498894
2022-09-02T16:00:00,32.2500,32.3300,30.7200,31.0400,5181054
2022-09-02T20:00:00,31.0300,31.2600,30.8600,31.2100,1556868
2022-09-03T00:00:00,31.2000,31.2500,30.8300,30.9200,1619179
2022-09-03T04:00:00,30.9300,31.2500,30.7700,31.0100,1549311
2022-09-03T08:00:00,31.0000,31.1900,30.8600,31.0100,1390303
2022-09-03T12:00:00,31.0100,31.2600,30.9800,31.1100,1417641
2022-09-03T16:00:00,31.1100,31.1900,30.7800,30.9600,1570197
2022-09-03T20:00:00,30.9700,31.2100,30.8900,31.1000,1032507
2022-09-04T00:00:00,31.1000,31.7100,31.0500,31.4100,1940680
2022-09-04T04:00:00,31.4000,31.5300,31.0600,31.0800,1535716
2022-09-04T08:00:00,31.0800,31.8600,31.0000,31.8500,2229369
2022-09-04T12:00:00,31.8500,32.0100,31.4300,31.7900,2441581
2022-09-04T16:00:00,31.7800,31.9200,31.6200,31.7100,1523552
2022-09-04T20:00:00,31.7200,32.2200,31.7100,32.1500,1883267
2022-09-05T00:00:00,32.1400,32.5000,32.0300,32.0900,1888278
2022-09-05T04:00:00,32.1000,32.1800,31.4400,31.6700,2557948
2022-09-05T08:00:00,31.6700,31.7300,31.1200,31.2600,2490054
2022-09-05T12:00:00,31.2500,31.9100,31.1500,31.8300,2775730
2022-09-05T16:00:00,31.8400,32.0100,31.6700,31.7000,2138605
2022-09-05T20:00:00,31.7100,32.4400,31.7000,32.1500,2494938
2022-09-06T00:00:00,32.1500,33.5800,32.1400,32.7100,6352795
2022-09-06T04:00:00,32.7200,33.2300,32.5100,32.9600,2861379
2022-09-06T08:00:00,32.9600,33.3200,32.7300,33.2200,2364052
2022-09-06T12:00:00,33.2200,33.8800,32.4000,33.7700,6539415
2022-09-06T16:00:00,33.7600,33.8300,30.7100,31.0000,10041005
2022-09-06T20:00:00,31.0100,31.3100,30.3900,30.8700,3973708
2022-09-07T00:00:00,30.8700,31.1700,30.2700,30.8600,3838990
2022-09-07T04:00:00,30.8500,31.1600,30.6700,31.0700,2285382
2022-09-07T08:00:00,31.0700,31.3000,30.9100,31.1500,1894140
2022-09-07T12:00:00,31.1400,31.5700,30.8200,31.4500,3934755
2022-09-07T16:00:00,31.4600,32.3500,31.3800,31.9400,3920463
2022-09-07T20:00:00,31.9400,32.9500,31.9300,32.6800,4325271
2022-09-08T00:00:00,32.6900,32.8300,32.2300,32.4300,2073917
2022-09-08T04:00:00,32.4300,32.7600,31.9900,32.3600,2459808
2022-09-08T08:00:00,32.3500,33.4000,32.3100,32.8900,3311198
2022-09-08T12:00:00,32.8900,33.9800,32.1400,33.3800,8205225
2022-09-08T16:00:00,33.3800,33.4700,32.8600,33.4500,3908507
2022-09-08T20:00:00,33.4600,33.8000,33.3200,33.6000,2333950
2022-09-09T00:00:00,33.5900,34.8300,33.5700,34.7200,4015811
2022-09-09T04:00:00,34.7200,35.5700,34.6300,35.3600,5337462
2022-09-09T08:00:00,35.3700,35.9600,35.1100,35.3600,4570037
2022-09-09T12:00:00,35.3500,35.9300,34.8000,34.9500,4619258
2022-09-09T16:00:00,34.9500,35.1700,34.4100,34.7800,3346674
2022-09-09T20:00:00,34.7700,35.1900,34.2300,34.6600,2497463
2022-09-10T00:00:00,34.6600,35.0000,34.2800,34.6900,2270680
2022-09-10T04:00:00,34.6900,35.1600,34.2400,34.3400,2743922
2022-09-10T08:00:00,34.3400,34.8400,34.3200,34.7300,2146807
2022-09-10T12:00:00,34.7300,34.9400,34.2700,34.4700,2344987
2022-09-10T16:00:00,34.4800,35.0000,34.2700,34.8900,2256645
2022-09-10T20:00:00,34.8900,35.4000,34.5900,35.0300,2229987
2022-09-11T00:00:00,35.0200,35.2900,34.6900,34.7400,1808668
2022-09-11T04:00:00,34.7400,34.9200,34.0200,34.5900,2220444
2022-09-11T08:00:00,34.6000,34.8200,34.4200,34.7400,1382069
2022-09-11T12:00:00,34.7400,35.2200,34.5000,35.2200,2014970
2022-09-11T16:00:00,35.2200,36.0200,35.1300,35.2600,3594041
2022-09-11T20:00:00,35.2500,35.5400,34.2500,34.9700,3048626
2022-09-12T00:00:00,34.9700,36.3300,34.3700,34.8900,4832912
2022-09-12T04:00:00,34.8900,35.4900,34.5500,35.4500,2469808
2022-09-12T08:00:00,35.4500,38.1500,35.2900,37.6900,13650354
2022-09-12T12:00:00,37.7000,38.4400,36.8400,37.1300,7764633
2022-09-12T16:00:00,37.1400,37.8500,36.7800,37.6200,4403210
2022-09-12T20:00:00,37.6200,37.7900,37.1500,37.4300,2543276
2022-09-13T00:00:00,37.4200,38.9100,36.6800,38.7500,6006181
2022-09-13T04:00:00,38.7500,38.9300,38.1200,38.5100,5142904
2022-09-13T08:00:00,38.5200,38.8800,38.1200,38.4400,4248146
2022-09-13T12:00:00,38.4300,38.8500,34.3400,34.7200,14766036
2022-09-13T16:00:00,34.7100,35.2700,33.2600,34.0500,6383945
2022-09-13T20:00:00,34.0600,34.3200,32.9000,32.9600,3819827
2022-09-14T00:00:00,32.9600,33.7900,32.6300,33.5800,3507484
2022-09-14T04:00:00,33.5800,33.8900,32.7700,33.1500,2959019
2022-09-14T08:00:00,33.1500,33.6400,32.9000,33.2200,3356129
2022-09-14T12:00:00,33.2200,33.7000,32.9100,33.5000,4827971
2022-09-14T16:00:00,33.5000,33.6000,32.6800,33.4700,3323900
2022-09-14T20:00:00,33.4600,34.3300,33.2400,34.0900,2532874
2022-09-15T00:00:00,34.0900,34.1100,32.8500,33.0500,3082134
2022-09-15T04:00:00,33.0500,34.8300,32.7400,34.6900,6532310
2022-09-15T08:00:00,34.6900,34.8000,33.6600,33.9000,3576303
2022-09-15T12:00:00,33.8900,34.0400,32.3600,32.9800,6702368
2022-09-15T16:00:00,32.9800,33.6600,32.8100,33.3900,2868429
2022-09-15T20:00:00,33.4000,33.7800,32.7500,33.0500,2416209
2022-09-16T00:00:00,33.0600,33.2400,32.4700,32.8400,2943446
2022-09-16T04:00:00,32.8400,33.1000,32.7700,32.8200,1498211
2022-09-16T08:00:00,32.8100,33.1300,32.3200,33.0500,2415382
2022-09-16T12:00:00,33.0600,33.1000,31.8100,32.2600,5151545
2022-09-16T16:00:00,32.2600,32.2700,31.4800,32.0800,3761815
2022-09-16T20:00:00,32.0800,32.3800,32.0300,32.2400,1338474
2022-09-17T00:00:00,32.2400,32.9500,32.2100,32.6600,2081642
2022-09-17T04:00:00,32.6700,33.0600,32.5100,32.8200,1415150
2022-09-17T08:00:00,32.8300,32.9700,32.6000,32.6100,1284558
2022-09-17T12:00:00,32.6100,33.3000,32.5000,33.2800,2061236
2022-09-17T16:00:00,33.2800,33.6000,33.0700,33.2400,1982959
2022-09-17T20:00:00,33.2500,33.8800,33.1500,33.6600,1529230
2022-09-18T00:00:00,33.6700,33.8600,33.2000,33.4000,1788522
2022-09-18T04:00:00,33.4000,33.8500,33.3600,33.8000,1201566
2022-09-18T08:00:00,33.8100,33.9800,32.9400,33.3100,2821394
2022-09-18T12:00:00,33.3100,33.4700,32.7200,32.8800,2601098
2022-09-18T16:00:00,32.8800,32.9900,32.0400,32.4000,3836355
2022-09-18T20:00:00,32.3900,32.4300,30.7800,31.0700,4144716
2022-09-19T00:00:00,31.0700,31.7500,30.4400,30.8700,3693831
2022-09-19T04:00:00,30.8800,31.6300,30.8300,31.0800,3497337
2022-09-19T08:00:00,31.0900,31.4500,30.5800,31.2300,2681196
2022-09-19T12:00:00,31.2300,32.5000,31.1500,31.8900,5133615
2022-09-19T16:00:00,31.9000,32.9600,31.6500,32.8000,3505567
2022-09-19T20:00:00,32.8000,33.0800,32.5400,32.6200,2405326
2022-09-20T00:00:00,32.6200,32.8700,31.9100,32.4200,2388761
2022-09-20T04:00:00,32.4100,32.7200,32.0800,32.3200,2518905
2022-09-20T08:00:00,32.3100,32.5200,31.8700,32.1700,2559169
2022-09-20T12:00:00,32.1700,32.5500,31.5500,32.4800,4937987
2022-09-20T16:00:00,32.4900,32.5100,31.4200,31.8200,3886732
2022-09-20T20:00:00,31.8200,31.9800,31.2600,31.4000,1954222
2022-09-21T00:00:00,31.4100,31.9800,31.2900,31.8200,1901486
2022-09-21T04:00:00,31.8200,32.0200,31.3900,31.7300,2245250
2022-09-21T08:00:00,31.7300,32.0900,31.4000,32.0200,2312011
2022-09-21T12:00:00,32.0300,32.3400,31.1900,31.4800,3818697
2022-09-21T16:00:00,31.4700,33.4800,30.1200,31.5200,12691269
2022-09-21T20:00:00,31.5200,31.6600,29.9800,30.6300,5581968
2022-09-22T00:00:00,30.6200,31.1200,30.5600,31.0000,2885056
2022-09-22T04:00:00,30.9900,31.7600,30.9900,31.7300,2308095
2022-09-22T08:00:00,31.7200,32.4300,31.6800,32.3400,4017904
2022-09-22T12:00:00,32.3500,32.4800,31.5800,31.8900,4282289
2022-09-22T16:00:00,31.8900,32.8600,31.5300,32.4500,3865734
2022-09-22T20:00:00,32.4400,32.7600,32.0600,32.4100,2489528
2022-09-23T00:00:00,32.4100,33.2300,32.1400,32.9900,3425844
2022-09-23T04:00:00,33.0000,33.2900,32.5100,32.5700,2640518
2022-09-23T08:00:00,32.5700,32.6700,31.5100,31.7200,3988852
2022-09-23T12:00:00,31.7300,32.2600,31.1700,31.5700,5113306
2022-09-23T16:00:00,31.5600,31.9400,31.2100,31.9100,3290260
2022-09-23T20:00:00,31.9100,33.9500,31.9000,33.6600,5874415
2022-09-24T00:00:00,33.6600,34.4700,33.3900,33.9800,4199057
2022-09-24T04:00:00,33.9700,34.0200,33.4800,33.7200,2622191
2022-09-24T08:00:00,33.7200,34.7800,33.5400,34.4700,4603491
2022-09-24T12:00:00,34.4700,34.5800,33.5500,33.7200,4228136
2022-09-24T16:00:00,33.7200,34.1700,33.2500,34.0400,3444399
2022-09-24T20:00:00,34.0500,34.0800,33.1100,33.3600,3027368
2022-09-25T00:00:00,33.3700,33.6900,33.3300,33.6900,1639760
2022-09-25T04:00:00,33.6800,34.0500,33.6000,33.9300,2255612
2022-09-25T08:00:00,33.9300,33.9700,33.4300,33.6200,2111238
2022-09-25T12:00:00,33.6200,33.7900,32.8000,33.2000,3355915
2022-09-25T16:00:00,33.2000,33.3500,32.5500,32.7000,3199719
2022-09-25T20:00:00,32.7000,32.7100,31.8200,32.3100,2912682
2022-09-26T00:00:00,32.3100,32.7000,32.0200,32.5000,2959251
2022-09-26T04:00:00,32.5000,32.6000,31.8400,32.4400,3532423
2022-09-26T08:00:00,32.4500,33.3000,32.1000,32.5200,4878731
2022-09-26T12:00:00,32.5300,33.4100,32.2500,33.0900,5126136
2022-09-26T16:00:00,33.0900,33.9300,32.6700,33.7200,4209301
2022-09-26T20:00:00,33.7200,33.9300,33.2900,33.8600,2413501
2022-09-27T00:00:00,33.8600,34.9600,33.7000,34.7200,4831455
2022-09-27T04:00:00,34.7100,35.0400,34.4600,34.5000,3157508
2022-09-27T08:00:00,34.5100,34.9700,34.3200,34.6400,2598131
2022-09-27T12:00:00,34.6300,35.4000,34.2800,34.3700,5841506
2022-09-27T16:00:00,34.3600,34.5600,32.0500,32.5900,9345874
2022-09-27T20:00:00,32.5900,32.9200,32.3200,32.6600,2336463
2022-09-28T00:00:00,32.6600,32.9200,31.6200,32.3200,4215245
2022-09-28T04:00:00,32.3200,32.5700,31.8500,32.3100,3119743
2022-09-28T08:00:00,32.3100,32.8400,31.8200,32.4700,5336934
2022-09-28T12:00:00,32.4700,33.1400,32.3500,33.1000,5153337
2022-09-28T16:00:00,33.1000,33.7300,32.7600,33.5600,4308935
2022-09-28T20:00:00,33.5700,33.7900,33.1000,33.2200,2377795
2022-09-29T00:00:00,33.2200,33.9100,32.9400,33.7100,3029915
2022-09-29T04:00:00,33.7200,33.9500,33.1100,33.3300,2866296
2022-09-29T08:00:00,33.3400,33.9200,33.1900,33.7400,2831482
2022-09-29T12:00:00,33.7400,34.2000,32.6200,34.1000,8107578
2022-09-29T16:00:00,34.0900,34.4100,33.4000,33.8000,5989554
2022-09-29T20:00:00,33.8000,34.1100,33.6000,33.9200,2510076
2022-09-30T00:00:00,33.9200,34.3200,33.7100,34.0700,3520525
2022-09-30T04:00:00,34.0700,34.3300,33.8500,34.2000,1725549
2022-09-30T08:00:00,34.2000,34.6200,33.8700,33.9600,3029128
2022-09-30T12:00:00,33.9500,35.1900,33.0000,34.6500,9455762
2022-09-30T16:00:00,34.6600,34.8200,33.6300,33.7100,4962684
2022-09-30T20:00:00,33.7100,33.8700,32.6000,33.2200,4632683
2022-10-01T00:00:00,33.2200,33.2200,32.6800,33.0700,2284578
2022-10-01T04:00:00,33.0600,33.0700,32.7400,33.0000,2262924
2022-10-01T08:00:00,32.9900,33.1500,32.7800,33.0100,2277200
2022-10-01T12:00:00,33.0000,33.0900,32.7900,32.9700,1934678
2022-10-01T16:00:00,32.9600,32.9800,32.3100,32.6100,3312283
2022-10-01T20:00:00,32.6100,32.6700,32.3700,32.4200,1329763
2022-10-02T00:00:00,32.4200,32.9400,32.3900,32.8200,1571842
2022-10-02T04:00:00,32.8100,32.9900,32.7200,32.8000,1337796
2022-10-02T08:00:00,32.8000,32.8700,32.0500,32.5200,2570402
2022-10-02T12:00:00,32.5200,32.5900,32.1900,32.3900,1867113
2022-10-02T16:00:00,32.3900,32.8400,32.3400,32.7000,2099614
2022-10-02T20:00:00,32.7100,32.7500,31.8400,32.0400,2938074
2022-10-03T00:00:00,32.0400,32.4900,31.6900,32.3100,2285639
2022-10-03T04:00:00,32.3000,32.4500,31.9700,32.2500,2073702
2022-10-03T08:00:00,32.2500,32.5100,32.1100,32.5000,1567732
2022-10-03T12:00:00,32.5000,33.1200,32.4000,32.8200,4579924
2022-10-03T16:00:00,32.8200,33.2100,32.6600,32.9300,3414110
2022-10-03T20:00:00,32.9300,33.2400,32.6900,32.8900,2317239
2022-10-04T00:00:00,32.8800,33.1500,32.8200,33.0900,1653559
2022-10-04T04:00:00,33.0900,33.7800,32.9400,33.7100,3238425
2022-10-04T08:00:00,33.7000,33.8700,33.3800,33.6400,2329561
2022-10-04T12:00:00,33.6500,34.3700,33.5300,34.1600,3907318
2022-10-04T16:00:00,34.1600,34.2300,33.7700,34.0800,3084077
2022-10-04T20:00:00,34.0700,34.3800,33.8900,34.0800,1920990
2022-10-05T00:00:00,34.0700,34.3600,33.8700,34.0500,2100655
2022-10-05T04:00:00,34.0600,34.3100,33.9000,34.1100,1766043
2022-10-05T08:00:00,34.1000,34.1200,33.4100,33.5100,3173285
2022-10-05T12:00:00,33.5100,33.6700,33.1500,33.6600,3718597
2022-10-05T16:00:00,33.6500,34.2800,33.5900,33.8500,3330389
2022-10-05T20:00:00,33.8400,34.1300,33.6500,34.0200,1776994
2022-10-06T00:00:00,34.0100,34.4800,34.0000,34.3100,2616931
2022-10-06T04:00:00,34.3100,34.4500,33.8600,34.0300,1984376
2022-10-06T08:00:00,34.0300,34.1500,33.8100,34.1100,1573485
2022-10-06T12:00:00,34.1200,34.2800,33.5500,33.8200,4092920
2022-10-06T16:00:00,33.8200,34.0200,33.5700,33.6300,2281726
2022-10-06T20:00:00,33.6300,33.7800,33.1800,33.3300,1908408
2022-10-07T00:00:00,33.3300,33.7400,33.2900,33.6000,1109208
2022-10-07T04:00:00,33.6000,33.7300,33.1100,33.3100,1617968
2022-10-07T08:00:00,33.3100,33.4500,33.1200,33.3300,1547105
2022-10-07T12:00:00,33.3300,33.3700,32.3800,32.8700,5120333
2022-10-07T16:00:00,32.8700,33.0400,32.6000,32.9400,2119453
2022-10-07T20:00:00,32.9500,33.1400,32.8100,32.9600,1020428
2022-10-08T00:00:00,32.9600,33.0600,32.7500,32.8100,752017
2022-10-08T04:00:00,32.8200,33.0000,32.7100,32.9700,581155
2022-10-08T08:00:00,32.9800,32.9900,32.8100,32.9400,581876
2022-10-08T12:00:00,32.9300,32.9700,32.6500,32.7900,869468
2022-10-08T16:00:00,32.8000,32.9500,32.6400,32.7000,885274
2022-10-08T20:00:00,32.6900,32.7800,32.3100,32.5600,1384698
2022-10-09T00:00:00,32.5600,32.6200,32.4200,32.5000,609894
2022-10-09T04:00:00,32.4900,32.7500,32.4500,32.6800,695944
2022-10-09T08:00:00,32.6900,32.9400,32.5700,32.8200,1138194
2022-10-09T12:00:00,32.8200,33.1100,32.7800,33.0700,1272257
2022-10-09T16:00:00,33.0800,33.1000,32.8000,32.9400,946171
2022-10-09T20:00:00,32.9400,32.9700,32.5700,32.9000,1451103
2022-10-10T00:00:00,32.9000,33.4700,32.8200,33.0300,1818326
2022-10-10T04:00:00,33.0200,33.1000,32.7500,32.8900,1159402
2022-10-10T08:00:00,32.8800,32.9100,32.3500,32.6900,2525913
2022-10-10T12:00:00,32.6900,32.8900,32.4000,32.5700,2753557
2022-10-10T16:00:00,32.5800,32.6400,32.2400,32.4600,2819797
2022-10-10T20:00:00,32.4500,32.5700,31.8200,31.9300,1753322
2022-10-11T00:00:00,31.9300,31.9300,31.0300,31.3600,2864769
2022-10-11T04:00:00,31.3700,31.6000,31.2700,31.5300,1120172
2022-10-11T08:00:00,31.5300,31.6300,31.2400,31.5300,1328312
2022-10-11T12:00:00,31.5300,31.7100,31.0500,31.5400,3132614
2022-10-11T16:00:00,31.5500,31.8500,31.1200,31.1500,2470043
2022-10-11T20:00:00,31.1400,31.3700,30.3600,30.7800,3023046
2022-10-12T00:00:00,30.7700,31.1000,30.6600,30.9100,1627926
2022-10-12T04:00:00,30.9200,31.4000,30.9100,31.2300,1615361
2022-10-12T08:00:00,31.2400,31.5300,31.1300,31.2300,1228017
2022-10-12T12:00:00,31.2400,31.3500,30.9000,31.2600,2479454
2022-10-12T16:00:00,31.2600,31.2800,30.8100,31.1000,1843030
2022-10-12T20:00:00,31.1000,31.2700,31.0700,31.1400,633354
2022-10-13T00:00:00,31.1500,31.1900,30.4800,30.7400,1550680
2022-10-13T04:00:00,30.7400,30.7500,29.2100,29.6900,5633346
2022-10-13T08:00:00,29.6900,29.9200,28.1900,28.7800,6310390
2022-10-13T12:00:00,28.7900,29.9200,27.1200,29.6400,10080812
2022-10-13T16:00:00,29.6400,30.9000,29.5600,30.5600,4597458
2022-10-13T20:00:00,30.5600,30.8800,30.4600,30.4700,1785763
2022-10-14T00:00:00,30.4600,31.8700,30.3500,31.6300,3544333
2022-10-14T04:00:00,31.6300,31.9600,31.2000,31.3300,2258935
2022-10-14T08:00:00,31.3200,31.5000,31.1400,31.2100,2083919
2022-10-14T12:00:00,31.2000,31.7900,30.7900,30.8100,5047166
2022-10-14T16:00:00,30.8000,30.8900,29.9500,30.1900,3589718
2022-10-14T20:00:00,30.1900,30.2800,29.6100,29.9700,1746712
2022-10-15T00:00:00,29.9600,30.1900,29.8500,30.0700,1239639
2022-10-15T04:00:00,30.0700,30.1700,29.8300,30.0300,963954
2022-10-15T08:00:00,30.0200,30.0300,29.5300,29.9700,1982436
2022-10-15T12:00:00,29.9700,30.0800,29.7000,29.8900,1578751
2022-10-15T16:00:00,29.9000,30.0600,29.7300,29.8300,909618
2022-10-15T20:00:00,29.8300,29.8400,29.3900,29.5800,1372859
2022-10-16T00:00:00,29.5700,29.9200,29.5400,29.7600,863353
2022-10-16T04:00:00,29.7700,29.8900,29.6500,29.7400,693710
2022-10-16T08:00:00,29.7400,30.0300,29.7400,29.9200,1096199
2022-10-16T12:00:00,29.9200,30.0200,29.8000,29.9400,906870
2022-10-16T16:00:00,29.9400,30.3900,29.8000,30.3800,1461012
2022-10-16T20:00:00,30.3700,30.5100,29.8500,30.1400,2257525
2022-10-17T00:00:00,30.1400,30.2500,29.8200,29.9900,1255303
2022-10-17T04:00:00,30.0000,30.3700,29.9300,30.2900,1398504
2022-10-17T08:00:00,30.3000,30.7600,30.1600,30.5100,2143955
2022-10-17T12:00:00,30.5200,31.1900,30.4100,30.9100,3973807
2022-10-17T16:00:00,30.9100,30.9900,30.5500,30.7900,1912719
2022-10-17T20:00:00,30.7800,31.2800,30.7600,31.1800,1654088
2022-10-18T00:00:00,31.1800,31.4700,30.8900,31.0900,1987577
2022-10-18T04:00:00,31.0900,31.2400,30.9100,31.1200,1690824
2022-10-18T08:00:00,31.1200,31.1300,30.3700,30.8200,2550406
2022-10-18T12:00:00,30.8100,31.0100,30.1000,30.3000,4458062
2022-10-18T16:00:00,30.3000,30.4900,29.6900,30.0600,4046217
2022-10-18T20:00:00,30.0600,30.4600,30.0100,30.1300,1744077
2022-10-19T00:00:00,30.1300,30.2500,29.8600,30.0300,1473267
2022-10-19T04:00:00,30.0200,30.0600,29.7300,30.0400,1719492
2022-10-19T08:00:00,30.0300,30.1700,29.7500,29.9200,1688054
2022-10-19T12:00:00,29.9100,30.0000,29.5200,29.9700,3228984
2022-10-19T16:00:00,29.9700,29.9900,29.5000,29.7400,2209709
2022-10-19T20:00:00,29.7400,29.8300,28.5500,28.8400,3392167
2022-10-20T00:00:00,28.8400,28.9900,28.3900,28.8900,2729548
2022-10-20T04:00:00,28.8900,29.3600,28.8700,29.2400,2656166
2022-10-20T08:00:00,29.2400,29.4500,29.1500,29.3200,1656501
2022-10-20T12:00:00,29.3100,29.4200,28.9500,29.1300,3415076
2022-10-20T16:00:00,29.1300,29.1300,28.0300,28.2500,5154712
2022-10-20T20:00:00,28.2600,28.4100,27.9300,28.0000,2705939
2022-10-21T00:00:00,28.0000,28.2200,27.4700,28.1200,3541547
2022-10-21T04:00:00,28.1100,28.2100,27.8100,27.9000,1996218
2022-10-21T08:00:00,27.8900,27.9300,27.2000,27.4700,4535599
2022-10-21T12:00:00,27.4700,27.7000,26.8200,27.5700,9676362
2022-10-21T16:00:00,27.5700,28.2500,27.5500,28.1600,4708078
2022-10-21T20:00:00,28.1600,28.2500,27.8500,28.0800,1525085
2022-10-22T00:00:00,28.0900,28.1600,27.6200,27.7900,1555461
2022-10-22T04:00:00,27.7900,27.8800,27.4500,27.7400,1578686
2022-10-22T08:00:00,27.7400,28.0000,27.7000,27.9600,1561393
2022-10-22T12:00:00,27.9500,28.2100,27.8100,27.9800,2246129
2022-10-22T16:00:00,27.9800,28.0600,27.6000,27.8100,1841868
2022-10-22T20:00:00,27.8000,28.1900,27.7300,27.9800,1445696
2022-10-23T00:00:00,27.9800,28.5700,27.8900,28.3500,2200744
2022-10-23T04:00:00,28.3500,28.5400,28.1900,28.4000,1596031
2022-10-23T08:00:00,28.3900,28.5000,27.9000,27.9400,2202832
2022-10-23T12:00:00,27.9500,28.1400,27.6800,27.9200,2309488
2022-10-23T16:00:00,27.9300,29.0300,27.8900,28.7900,4825347
2022-10-23T20:00:00,28.8000,29.5300,28.7200,29.2500,3617263
2022-10-24T00:00:00,29.2600,29.5100,28.5400,28.6000,2998052
2022-10-24T04:00:00,28.6000,28.7700,28.3500,28.5200,2685650
2022-10-24T08:00:00,28.5100,29.1800,28.4500,29.1100,2569073
2022-10-24T12:00:00,29.1100,29.1600,28.1400,28.4300,6175766
2022-10-24T16:00:00,28.4300,28.5800,28.1400,28.4000,2786174
2022-10-24T20:00:00,28.3900,28.5600,28.2000,28.2800,1460754
2022-10-25T00:00:00,28.2800,28.5200,28.0500,28.4600,1732833
2022-10-25T04:00:00,28.4500,28.6000,28.3200,28.4200,1475968
2022-10-25T08:00:00,28.4200,28.4400,28.0300,28.2000,2052025
2022-10-25T12:00:00,28.2100,29.7800,28.0800,29.7000,8004404
2022-10-25T16:00:00,29.7000,32.2900,29.6900,31.5000,20519398
2022-10-25T20:00:00,31.5000,31.5800,30.7000,30.8500,5711214
2022-10-26T00:00:00,30.8500,31.3700,30.7900,31.0900,3689887
2022-10-26T04:00:00,31.1000,31.5500,30.9600,31.3200,3032194
2022-10-26T08:00:00,31.3200,31.9100,31.0900,31.2400,5011780
2022-10-26T12:00:00,31.2400,32.1900,30.5900,31.4000,9436810
2022-10-26T16:00:00,31.4000,31.6500,30.9300,31.2600,4679586
2022-10-26T20:00:00,31.2600,31.5900,30.9800,31.2700,3144026
2022-10-27T00:00:00,31.2700,31.6200,31.0300,31.4300,2872339
2022-10-27T04:00:00,31.4400,32.3500,31.3700,31.6200,5029574
2022-10-27T08:00:00,31.6200,31.8400,31.1700,31.3500,3229823
2022-10-27T12:00:00,31.3500,32.0600,31.1500,31.2800,7420711
2022-10-27T16:00:00,31.2800,31.6000,31.0800,31.4100,2651676
2022-10-27T20:00:00,31.4100,31.4900,30.4400,30.5700,6187847
2022-10-28T00:00:00,30.5700,30.8500,30.3500,30.6600,2648314
2022-10-28T04:00:00,30.6600,30.7100,30.0800,30.2100,2399465
2022-10-28T08:00:00,30.2100,30.6300,30.1800,30.4100,2282742
2022-10-28T12:00:00,30.4000,31.2900,30.0600,31.0600,5532106
2022-10-28T16:00:00,31.0600,32.2900,31.0200,31.9900,6687281
2022-10-28T20:00:00,31.9900,32.5400,31.9600,32.0600,3618536
2022-10-29T00:00:00,32.0500,32.9900,31.8400,32.8800,3098131
2022-10-29T04:00:00,32.8700,33.3000,32.5200,33.2700,3070999
2022-10-29T08:00:00,33.2700,33.8500,32.8500,32.9700,5322966
2022-10-29T12:00:00,32.9700,33.3900,32.7100,33.1400,3679913
2022-10-29T16:00:00,33.1400,33.7400,32.7400,32.9100,4573748
2022-10-29T20:00:00,32.9100,33.1300,32.5600,32.8600,1781287
2022-10-30T00:00:00,32.8500,33.2600,32.7000,33.0000,1361697
2022-10-30T04:00:00,33.0100,33.5400,32.7200,33.3900,2111794
2022-10-30T08:00:00,33.4000,33.5400,32.3500,32.6600,3223013
2022-10-30T12:00:00,32.6600,32.7100,32.1000,32.2000,2106005
2022-10-30T16:00:00,32.2000,32.4800,31.9800,32.3300,1521316
2022-10-30T20:00:00,32.3200,33.1400,31.9000,32.9100,3190332
2022-10-31T00:00:00,32.9200,33.3800,32.4000,32.8000,3178490
2022-10-31T04:00:00,32.7900,33.4800,32.7900,33.4100,2782749
2022-10-31T08:00:00,33.4100,34.3900,33.1200,34.0200,5513955
2022-10-31T12:00:00,34.0200,34.1500,32.6000,32.9700,6776273
2022-10-31T16:00:00,32.9700,33.2100,32.5100,32.5200,2673132
2022-10-31T20:00:00,32.5300,32.7500,32.1700,32.5400,2175609
2022-11-01T00:00:00,32.5300,32.9900,32.4800,32.5900,1709937
2022-11-01T04:00:00,32.5900,33.2100,32.5200,33.0000,1801904
2022-11-01T08:00:00,32.9900,33.3800,32.8000,32.8700,2697490
2022-11-01T12:00:00,32.8800,33.1300,32.2400,32.4500,3308085
2022-11-01T16:00:00,32.4400,32.5700,32.1300,32.1900,1950139
2022-11-01T20:00:00,32.2000,32.4100,32.1300,32.1800,1093430
2022-11-02T00:00:00,32.1800,32.3600,31.8800,32.2400,1977110
2022-11-02T04:00:00,32.2400,32.4100,31.4900,31.6800,1998549
2022-11-02T08:00:00,31.6900,31.9400,31.0700,31.2900,2699875
2022-11-02T12:00:00,31.2900,31.5500,31.1000,31.3100,2008467
2022-11-02T16:00:00,31.3200,32.9200,30.7700,30.8800,12029398
2022-11-02T20:00:00,30.8700,31.0000,30.2000,30.7900,3853404
2022-11-03T00:00:00,30.7800,31.7900,30.5800,31.6300,3110701
2022-11-03T04:00:00,31.6300,32.2300,31.6100,31.6300,2847266
2022-11-03T08:00:00,31.6200,32.0400,31.1000,31.2500,3003167
2022-11-03T12:00:00,31.2500,31.5600,30.8400,31.1800,4358535
2022-11-03T16:00:00,31.1700,31.4300,31.1300,31.2800,1801273
2022-11-03T20:00:00,31.2800,31.4200,30.5800,30.8300,2018552
2022-11-04T00:00:00,30.8200,31.9300,30.6300,31.9200,2778198
2022-11-04T04:00:00,31.9200,32.5700,31.6600,32.3800,3181445
2022-11-04T08:00:00,32.3700,32.7800,32.1300,32.2900,2748395
2022-11-04T12:00:00,32.3000,34.0100,31.8300,33.0700,10061444
2022-11-04T16:00:00,33.0700,33.5200,32.6800,33.4900,4775787
2022-11-04T20:00:00,33.4900,34.2000,33.3600,33.7200,2606160
2022-11-05T00:00:00,33.7300,35.0400,33.6400,34.6900,4848774
2022-11-05T04:00:00,34.6800,35.5700,34.5000,35.2100,3207206
2022-11-05T08:00:00,35.2100,35.5500,34.7900,35.4000,3295243
2022-11-05T12:00:00,35.4000,38.1100,34.3700,37.2000,13994383
2022-11-05T16:00:00,37.2100,38.7900,35.7300,37.0500,19364599
2022-11-05T20:00:00,37.0500,37.3300,36.4200,36.8900,5379047
2022-11-06T00:00:00,36.8900,37.0700,35.6000,36.0000,4921027
2022-11-06T04:00:00,36.0000,36.2300,35.5000,36.1400,3354019
2022-11-06T08:00:00,36.1500,36.3900,35.5500,35.7500,4040994
2022-11-06T12:00:00,35.7600,36.0000,35.0000,35.0300,5481152
2022-11-06T16:00:00,35.0300,35.4000,33.6900,34.1700,9374732
2022-11-06T20:00:00,34.1700,34.1700,32.2600,32.6000,8089072
2022-11-07T00:00:00,32.6100,33.1100,32.1000,32.4300,6692299
2022-11-07T04:00:00,32.4400,32.5500,30.6000,30.7500,10909418
2022-11-07T08:00:00,30.7500,31.9300,30.6400,31.6100,9640145
2022-11-07T12:00:00,31.6100,32.8600,30.8400,32.8000,15142004
2022-11-07T16:00:00,32.8000,32.8800,31.8400,32.3500,10056783
2022-11-07T20:00:00,32.3600,32.4500,28.0000,29.5900,18227465
2022-11-08T00:00:00,29.5800,29.6700,25.5200,26.4300,26086317
2022-11-08T04:00:00,26.4300,28.6100,24.6100,27.9200,46813378
2022-11-08T08:00:00,27.9200,29.1200,27.7300,27.9600,17995816
2022-11-08T12:00:00,27.9700,28.4800,26.5800,27.7000,24724337
2022-11-08T16:00:00,27.7000,31.8900,18.4000,22.7300,97298413
2022-11-08T20:00:00,22.7400,24.6800,21.6000,23.8200,29604092
2022-11-09T00:00:00,23.8200,23.8200,20.2400,21.2200,22406410
2022-11-09T04:00:00,21.2100,21.2900,18.0500,18.2200,43780725
2022-11-09T08:00:00,18.2200,18.2400,13.3500,17.4400,161808137
2022-11-09T12:00:00,17.4400,18.3500,12.3500,12.9000,123661977
2022-11-09T16:00:00,12.9200,14.3400,9.6700,11.7420,158096988
2022-11-09T20:00:00,11.7460,12.1570,9.4230,11.7000,80905554
2022-11-10T00:00:00,11.6900,14.6900,10.6100,14.0870,67458339
2022-11-10T04:00:00,14.0870,15.6900,13.1840,14.7180,51385691
2022-11-10T08:00:00,14.7180,14.7720,11.7000,14.0010,84068662
2022-11-10T12:00:00,14.0020,18.6600,13.5000,17.4590,85705919
2022-11-10T16:00:00,17.4600,18.7870,16.0690,17.1030,43370944
2022-11-10T20:00:00,17.1040,18.5400,16.5400,17.6150,21932890
2022-11-11T00:00:00,17.6120,18.1640,15.7550,16.3390,22880013
2022-11-11T04:00:00,16.3390,17.7000,16.0720,17.1570,18325824
2022-11-11T08:00:00,17.1580,18.3180,16.9600,18.0850,17997877
2022-11-11T12:00:00,18.0800,18.3000,14.0000,16.4420,45853552
2022-11-11T16:00:00,16.4420,16.6460,15.8000,16.2030,17317097
2022-11-11T20:00:00,16.2030,16.4880,15.2750,16.4260,13376505
2022-11-12T00:00:00,16.4260,16.5050,15.6710,15.7850,7497374
2022-11-12T04:00:00,15.7840,15.9720,14.5100,15.4860,16695735
2022-11-12T08:00:00,15.4850,15.6850,15.0290,15.2790,9206262
2022-11-12T12:00:00,15.2790,15.5000,14.7200,14.7920,8740786
2022-11-12T16:00:00,14.7920,15.2650,14.7000,15.1350,5948819
2022-11-12T20:00:00,15.1360,15.1470,14.4400,14.5600,5336131
2022-11-13T00:00:00,14.5590,14.7380,14.0000,14.5260,9756738
2022-11-13T04:00:00,14.5250,14.6430,13.4000,13.9390,10631584
2022-11-13T08:00:00,13.9390,13.9790,13.3010,13.7530,10469208
2022-11-13T12:00:00,13.7540,14.4370,13.5760,14.0440,10891636
2022-11-13T16:00:00,14.0440,14.1850,13.6190,13.9800,6908677
2022-11-13T20:00:00,13.9800,14.0000,12.8060,13.1260,9647066
2022-11-14T00:00:00,13.1250,13.2440,12.0000,12.9800,19038284
2022-11-14T04:00:00,12.9750,15.3600,12.4460,14.5170,28173023
2022-11-14T08:00:00,14.5160,14.9940,14.1500,14.1980,13332411
2022-11-14T12:00:00,14.1990,15.0000,13.4600,13.7050,20257690
2022-11-14T16:00:00,13.7060,14.2500,13.2000,13.7430,13006143
2022-11-14T20:00:00,13.7430,14.2300,13.6000,13.9990,8726553
2022-11-15T00:00:00,13.9980,14.4500,13.8110,14.1820,9344834
2022-11-15T04:00:00,14.1830,14.6600,13.9000,14.4710,7452963
2022-11-15T08:00:00,14.4710,14.9080,14.4340,14.5250,9182944
2022-11-15T12:00:00,14.5270,15.1200,14.0100,14.3160,16231785
2022-11-15T16:00:00,14.3140,14.6040,14.0000,14.3180,8546845
2022-11-15T20:00:00,14.3180,14.4200,14.1280,14.3030,3715602
2022-11-16T00:00:00,14.3040,14.5990,14.0600,14.4970,4818849
2022-11-16T04:00:00,14.4960,14.5650,14.2620,14.3170,3277551
2022-11-16T08:00:00,14.3180,14.6010,14.0260,14.1340,7437321
2022-11-16T12:00:00,14.1350,14.1680,13.6440,13.7510,8955021
2022-11-16T16:00:00,13.7540,14.2150,13.6240,14.1180,4852663
2022-11-16T20:00:00,14.1170,14.4100,14.0860,14.2570,3595731
2022-11-17T00:00:00,14.2590,14.5000,14.1790,14.2480,3882091
2022-11-17T04:00:00,14.2470,14.4200,14.0380,14.2570,3939054
2022-11-17T08:00:00,14.2580,14.3290,14.0700,14.2100,2984203
2022-11-17T12:00:00,14.2100,14.2200,12.8320,13.5310,39074032
2022-11-17T16:00:00,13.5310,13.7400,13.3060,13.4400,9145527
2022-11-17T20:00:00,13.4370,13.7800,13.3950,13.6200,4727553
2022-11-18T00:00:00,13.6230,13.8830,13.5140,13.7010,6980324
2022-11-18T04:00:00,13.7010,13.7400,13.5400,13.5970,4154098
2022-11-18T08:00:00,13.5960,13.7100,13.4490,13.5370,3925663
2022-11-18T12:00:00,13.5360,13.6300,13.2210,13.3540,6191300
2022-11-18T16:00:00,13.3530,13.3880,12.9670,13.1450,7194890
2022-11-18T20:00:00,13.1460,13.2900,13.1060,13.2570,3497202
2022-11-19T00:00:00,13.2570,13.2600,12.6010,12.8510,5503389
2022-11-19T04:00:00,12.8510,12.9990,12.6760,12.8560,4768266
2022-11-19T08:00:00,12.8560,13.0000,12.7680,12.8380,3549753
2022-11-19T12:00:00,12.8390,12.8740,12.5640,12.7150,6228002
2022-11-19T16:00:00,12.7150,12.8810,12.6410,12.7800,3561463
2022-11-19T20:00:00,12.7790,12.9870,12.7430,12.8370,3176866
2022-11-20T00:00:00,12.8360,12.9250,12.6780,12.9150,3558960
2022-11-20T04:00:00,12.9150,13.5850,12.9080,13.0480,7065744
2022-11-20T08:00:00,13.0480,13.0730,12.5160,12.5360,5090550
2022-11-20T12:00:00,12.5360,13.1200,12.4500,12.9730,8964592
2022-11-20T16:00:00,12.9720,13.0010,12.6530,12.7610,3016982
2022-11-20T20:00:00,12.7600,12.7860,12.0850,12.2510,7201552
2022-11-21T00:00:00,12.2520,12.2770,11.5310,11.7410,9926972
2022-11-21T04:00:00,11.7390,11.9910,11.6330,11.7090,5670908
2022-11-21T08:00:00,11.7110,11.8880,11.5170,11.7950,8220005
2022-11-21T12:00:00,11.7950,12.1400,11.6950,11.9110,7054863
2022-11-21T16:00:00,11.9130,12.0730,11.2530,11.4090,9884653
2022-11-21T20:00:00,11.4100,11.9990,11.3970,11.8250,8682917
2022-11-22T00:00:00,11.8270,12.0620,11.5570,11.5950,5025235
2022-11-22T04:00:00,11.5950,11.6830,11.2910,11.5000,4342741
2022-11-22T08:00:00,11.4990,11.5010,10.9300,10.9950,6891173
2022-11-22T12:00:00,10.9960,12.0800,10.9010,12.0540,16231677
2022-11-22T16:00:00,12.0540,12.1710,11.6530,11.8240,6465238
2022-11-22T20:00:00,11.8240,12.5000,11.8230,12.4270,6247640
2022-11-23T00:00:00,12.4290,13.4250,12.4000,13.0690,12297310
2022-11-23T04:00:00,13.0690,13.2600,12.8060,13.1120,6804478
2022-11-23T08:00:00,13.1150,13.4600,12.9200,13.3020,7846082
2022-11-23T12:00:00,13.3030,13.3420,12.6860,13.0520,9224665
2022-11-23T16:00:00,13.0530,14.7230,12.9600,14.0100,15082202
2022-11-23T20:00:00,14.0090,14.4820,13.8030,14.3310,10705355
2022-11-24T00:00:00,14.3310,14.9480,13.9630,14.5710,11559062
2022-11-24T04:00:00,14.5710,14.5940,14.1550,14.3870,6665438
2022-11-24T08:00:00,14.3870,14.4410,13.8260,14.0480,7770631
2022-11-24T12:00:00,14.0480,14.5080,13.9500,14.4030,10770816
2022-11-24T16:00:00,14.4040,14.7480,14.3000,14.4200,8654766
2022-11-24T20:00:00,14.4190,14.6680,14.2600,14.5910,4809480
2022-11-25T00:00:00,14.5910,14.5990,13.9410,14.1820,7277197
2022-11-25T04:00:00,14.1820,14.2370,13.8900,14.2180,4313658
2022-11-25T08:00:00,14.2180,14.4850,13.9730,14.2980,4868766
2022-11-25T12:00:00,14.2980,14.4240,14.0200,14.1330,4722947
2022-11-25T16:00:00,14.1340,14.2200,13.9260,14.2070,3533654
2022-11-25T20:00:00,14.2070,14.2990,14.0000,14.0150,2436144
2022-11-26T00:00:00,14.0140,14.5950,13.9700,14.3570,4711283
2022-11-26T04:00:00,14.3570,14.4940,14.2160,14.4670,2464047
2022-11-26T08:00:00,14.4680,14.9640,14.3270,14.7320,6187429
2022-11-26T12:00:00,14.7320,14.7430,14.3400,14.4110,4628610
2022-11-26T16:00:00,14.4100,14.4350,14.0410,14.2070,3781921
2022-11-26T20:00:00,14.2070,14.2130,13.9260,14.1330,2786729
2022-11-27T00:00:00,14.1350,14.2870,14.0280,14.2460,1912707
2022-11-27T04:00:00,14.2450,14.4280,14.2130,14.3080,2852203
2022-11-27T08:00:00,14.3080,14.3630,14.1980,14.3290,2403515
2022-11-27T12:00:00,14.3300,14.4220,14.1440,14.4020,2930253
2022-11-27T16:00:00,14.4030,14.4200,14.1870,14.2950,1848532
2022-11-27T20:00:00,14.2920,14.4200,14.0200,14.0990,2927709
2022-11-28T00:00:00,14.0970,14.1480,12.7430,13.0510,14974695
2022-11-28T04:00:00,13.0540,13.3940,13.0110,13.3850,6435047
2022-11-28T08:00:00,13.3880,13.4780,13.1940,13.3900,4963887
2022-11-28T12:00:00,13.3890,13.5190,13.0850,13.2440,7383644
2022-11-28T16:00:00,13.2450,13.8070,12.9930,13.3490,9450378
2022-11-28T20:00:00,13.3490,13.4160,13.2640,13.3130,2092316
2022-11-29T00:00:00,13.3130,13.5630,13.1150,13.4630,3900732
2022-11-29T04:00:00,13.4630,13.8920,13.4430,13.7160,4545723
2022-11-29T08:00:00,13.7150,13.9500,13.5820,13.6220,3739795
2022-11-29T12:00:00,13.6240,13.6590,13.3080,13.4260,4178445
2022-11-29T16:00:00,13.4280,13.4400,13.2560,13.3970,3092454
2022-11-29T20:00:00,13.3950,13.4590,13.2710,13.3360,2188553
2022-11-30T00:00:00,13.3360,13.9090,13.3100,13.4700,7069756
2022-11-30T04:00:00,13.4660,13.7220,13.4500,13.6880,3157346
2022-11-30T08:00:00,13.6890,13.8090,13.6020,13.6950,2511749
2022-11-30T12:00:00,13.6950,13.7150,13.4580,13.5180,3123643
2022-11-30T16:00:00,13.5170,13.8380,13.1720,13.6140,5972109
2022-11-30T20:00:00,13.6170,14.3000,13.5810,14.1620,4527154
2022-12-01T00:00:00,14.1630,14.1800,13.7860,13.9090,3310439
2022-12-01T04:00:00,13.9100,13.9890,13.7900,13.7960,2034881
2022-12-01T08:00:00,13.7980,13.9180,13.7300,13.8190,1878730
2022-12-01T12:00:00,13.8190,13.9340,13.4400,13.6160,5430362
2022-12-01T16:00:00,13.6180,13.6270,13.4730,13.4980,1908680
2022-12-01T20:00:00,13.4980,13.5640,13.3720,13.4890,2019468
2022-12-02T00:00:00,13.4890,13.6510,13.2800,13.4070,3022313
2022-12-02T04:00:00,13.4070,13.5370,13.2910,13.4960,1881235
2022-12-02T08:00:00,13.4950,13.6740,13.4580,13.5950,3048123
2022-12-02T12:00:00,13.5950,13.8340,13.3490,13.5230,5651891
2022-12-02T16:00:00,13.5230,13.6930,13.4410,13.6770,1985910
2022-12-02T20:00:00,13.6780,13.7830,13.6570,13.7030,1609350
2022-12-03T00:00:00,13.7040,13.7670,13.5500,13.6240,1905079
2022-12-03T04:00:00,13.6230,13.6790,13.4980,13.5440,1624428
2022-12-03T08:00:00,13.5440,13.5840,13.4280,13.4790,1655964
2022-12-03T12:00:00,13.4800,13.5830,13.4690,13.5650,1026882
2022-12-03T16:00:00,13.5640,13.6170,13.4700,13.5160,1206421
2022-12-03T20:00:00,13.5160,13.5190,13.2000,13.2890,1983095
2022-12-04T00:00:00,13.2900,13.5270,13.2580,13.4150,1297556
2022-12-04T04:00:00,13.4160,13.5110,13.4110,13.4460,840099
2022-12-04T08:00:00,13.4450,13.4710,13.3330,13.3670,943412
2022-12-04T12:00:00,13.3660,13.5000,13.3440,13.4780,1527685
2022-12-04T16:00:00,13.4790,13.5650,13.4360,13.5370,1347557
2022-12-04T20:00:00,13.5350,13.7490,13.5260,13.7000,1891649
2022-12-05T00:00:00,13.7000,14.1600,13.6560,13.8980,4906487
2022-12-05T04:00:00,13.8990,14.0210,13.8340,13.9280,2091444
2022-12-05T08:00:00,13.9300,14.0920,13.9200,13.9790,2002510
2022-12-05T12:00:00,13.9800,13.9920,13.6530,13.7480,2511236
2022-12-05T16:00:00,13.7480,14.0000,13.5780,13.6760,3729073
2022-12-05T20:00:00,13.6740,14.0010,13.6410,13.8100,2671523
2022-12-06T00:00:00,13.8100,14.2910,13.8080,14.1550,2928278
2022-12-06T04:00:00,14.1540,14.3730,14.0100,14.1380,3152853
2022-12-06T08:00:00,14.1370,14.1820,13.8740,14.0050,2198424
2022-12-06T12:00:00,14.0050,14.1130,13.8920,13.9790,2881157
2022-12-06T16:00:00,13.9800,14.1000,13.9230,14.0090,2577248
2022-12-06T20:00:00,14.0090,14.3000,13.9980,14.2810,2164270
2022-12-07T00:00:00,14.2790,14.3340,14.0300,14.0360,1814668
2022-12-07T04:00:00,14.0360,14.0690,13.5570,13.6160,3310388
2022-12-07T08:00:00,13.6150,13.7270,13.3800,13.6120,3214074
2022-12-07T12:00:00,13.6130,13.7260,13.5840,13.6790,2024901
2022-12-07T16:00:00,13.6780,13.7260,13.5210,13.5700,1280599
2022-12-07T20:00:00,13.5680,13.6120,13.4500,13.4870,1448698
2022-12-08T00:00:00,13.4870,13.5290,13.3260,13.4380,2267310
2022-12-08T04:00:00,13.4390,13.5390,13.2580,13.4890,1958190
2022-12-08T08:00:00,13.4880,13.5620,13.3580,13.4870,1691880
2022-12-08T12:00:00,13.4880,13.6220,13.4270,13.5560,1937258
2022-12-08T16:00:00,13.5570,13.7640,13.5310,13.7280,1822413
2022-12-08T20:00:00,13.7280,13.7610,13.6100,13.6700,1260907
2022-12-09T00:00:00,13.6710,13.7870,13.6080,13.7370,1484685
2022-12-09T04:00:00,13.7360,13.7410,13.6360,13.6930,794954
2022-12-09T08:00:00,13.6940,14.0190,13.6340,13.8520,4181024
2022-12-09T12:00:00,13.8520,13.9120,13.6630,13.8610,3751545
2022-12-09T16:00:00,13.8610,13.8740,13.5430,13.6080,2763592
2022-12-09T20:00:00,13.6080,13.6230,13.5000,13.5790,1100206
2022-12-10T00:00:00,13.5790,13.6470,13.5360,13.6140,696891
2022-12-10T04:00:00,13.6150,13.7310,13.6100,13.6170,841781
2022-12-10T08:00:00,13.6160,13.6350,13.5500,13.5810,862611
2022-12-10T12:00:00,13.5810,13.6520,13.5480,13.6290,871807
2022-12-10T16:00:00,13.6290,13.6940,13.5920,13.6410,725922
2022-12-10T20:00:00,13.6400,13.6850,13.5320,13.5600,637750
2022-12-11T00:00:00,13.5590,13.6380,13.5200,13.6370,604139
2022-12-11T04:00:00,13.6370,13.6590,13.6040,13.6360,436290
2022-12-11T08:00:00,13.6360,13.6450,13.5980,13.6200,377311
2022-12-11T12:00:00,13.6210,13.7550,13.6010,13.6580,1478358
2022-12-11T16:00:00,13.6570,13.7850,13.6310,13.7180,1151969
2022-12-11T20:00:00,13.7190,13.7230,13.3700,13.4060,2127446
2022-12-12T00:00:00,13.4070,13.4880,12.7530,12.9490,4114023
2022-12-12T04:00:00,12.9500,13.0200,12.9160,12.9720,1196983
2022-12-12T08:00:00,12.9730,13.2120,12.9420,13.1550,1303353
2022-12-12T12:00:00,13.1560,13.1860,13.0000,13.1010,2655743
2022-12-12T16:00:00,13.1000,13.2470,13.0890,13.2350,1845590
2022-12-12T20:00:00,13.2340,13.3780,13.1950,13.3040,1718675
2022-12-13T00:00:00,13.3080,13.3880,13.0580,13.0720,1378662
2022-12-13T04:00:00,13.0720,13.1700,12.7530,12.9580,2891574
2022-12-13T08:00:00,12.9570,13.3540,12.9130,13.3430,2970599
2022-12-13T12:00:00,13.3430,14.1490,13.1710,13.7310,11047752
2022-12-13T16:00:00,13.7310,13.8390,13.5720,13.7950,3385096
2022-12-13T20:00:00,13.7940,13.9070,13.7220,13.8940,1876218
2022-12-14T00:00:00,13.8940,13.9930,13.8270,13.9540,1786458
2022-12-14T04:00:00,13.9540,14.0490,13.8090,13.9110,1525140
2022-12-14T08:00:00,13.9100,14.0260,13.9040,13.9810,1867315
2022-12-14T12:00:00,13.9820,14.5400,13.9600,14.4800,5260518
2022-12-14T16:00:00,14.4790,14.9600,14.1100,14.2960,12820081
2022-12-14T20:00:00,14.2950,14.4690,14.0610,14.1200,3559784
2022-12-15T00:00:00,14.1200,14.5150,13.8700,14.3680,4609693
2022-12-15T04:00:00,14.3680,14.3900,14.1250,14.1320,2607215
2022-12-15T08:00:00,14.1350,14.1890,14.0170,14.1030,2270688
2022-12-15T12:00:00,14.1030,14.1580,13.8770,13.9990,4340984
2022-12-15T16:00:00,13.9990,14.1270,13.8700,14.0970,2331104
2022-12-15T20:00:00,14.0980,14.1990,13.9220,14.0440,2209230
2022-12-16T00:00:00,14.0430,14.1690,13.8800,14.0390,1844161
2022-12-16T04:00:00,14.0390,14.1040,13.9100,14.0790,1541526
2022-12-16T08:00:00,14.0790,14.0970,13.3300,13.4950,6415775
2022-12-16T12:00:00,13.4950,13.4950,12.9300,13.0020,6432146
2022-12-16T16:00:00,13.0020,13.1020,12.6180,13.0070,7454665
2022-12-16T20:00:00,13.0060,13.0980,11.9650,12.2390,6498465
2022-12-17T00:00:00,12.2390,12.3710,11.8950,12.2430,4011387
2022-12-17T04:00:00,12.2420,12.5600,12.1680,12.4360,2604715
2022-12-17T08:00:00,12.4350,12.4990,12.2400,12.2930,2939834
2022-12-17T12:00:00,12.2940,12.3590,12.2030,12.3040,1540517
2022-12-17T16:00:00,12.3050,12.3300,12.1300,12.2510,1874088
2022-12-17T20:00:00,12.2520,12.5320,12.2280,12.4890,1417738
2022-12-18T00:00:00,12.4890,12.5310,12.3570,12.4820,927985
2022-12-18T04:00:00,12.4830,12.5900,12.4010,12.4150,1424909
2022-12-18T08:00:00,12.4150,12.4600,12.2500,12.3830,1416627
2022-12-18T12:00:00,12.3820,12.4350,12.2830,12.3080,675012
2022-12-18T16:00:00,12.3070,12.5300,12.2880,12.4320,1280296
2022-12-18T20:00:00,12.4330,12.5990,12.3310,12.3690,1198608
2022-12-19T00:00:00,12.3700,12.5730,12.1400,12.2210,2294157
2022-12-19T04:00:00,12.2200,12.3220,12.1600,12.2150,1683361
2022-12-19T08:00:00,12.2160,12.3560,12.1950,12.2730,1579127
2022-12-19T12:00:00,12.2730,12.3250,12.1220,12.1660,3007142
2022-12-19T16:00:00,12.1650,12.2230,11.9030,12.0030,4817333
2022-12-19T20:00:00,12.0040,12.1380,11.6510,11.9300,3092014
2022-12-20T00:00:00,11.9300,12.3130,11.8180,12.1820,3438649
2022-12-20T04:00:00,12.1830,12.4500,12.1730,12.3360,1827332
2022-12-20T08:00:00,12.3350,12.4350,12.2990,12.3610,1303753
2022-12-20T12:00:00,12.3610,12.4750,12.1830,12.3310,3051225
2022-12-20T16:00:00,12.3320,12.3440,12.1110,12.2330,1718608
2022-12-20T20:00:00,12.2330,12.3190,12.1940,12.2470,1109179
2022-12-21T00:00:00,12.2480,12.2740,12.0450,12.0680,1624369
2022-12-21T04:00:00,12.0680,12.0970,11.9110,12.0130,1665433
2022-12-21T08:00:00,12.0130,12.1450,11.9600,12.0950,1464212
2022-12-21T12:00:00,12.0940,12.1130,11.9200,12.0550,2215623
2022-12-21T16:00:00,12.0550,12.0570,11.9210,11.9450,1071093
2022-12-21T20:00:00,11.9440,12.2130,11.8790,12.1270,2172187
2022-12-22T00:00:00,12.1270,12.1760,12.0670,12.1120,945126
2022-12-22T04:00:00,12.1120,12.1380,11.9610,12.0500,1121028
2022-12-22T08:00:00,12.0500,12.1640,12.0250,12.1080,1188139
2022-12-22T12:00:00,12.1080,12.1500,11.7090,11.7580,3478791
2022-12-22T16:00:00,11.7570,11.8690,11.6770,11.8370,1939078
2022-12-22T20:00:00,11.8390,12.0890,11.6680,11.8140,3463745
2022-12-23T00:00:00,11.8150,12.1060,11.7080,12.0140,3172290
2022-12-23T04:00:00,12.0140,12.0350,11.8300,11.8820,1594856
2022-12-23T08:00:00,11.8820,11.9680,11.7860,11.8750,1398588
2022-12-23T12:00:00,11.8740,11.9670,11.7340,11.8360,2924855
2022-12-23T16:00:00,11.8360,11.8710,11.7900,11.8430,1005977
2022-12-23T20:00:00,11.8440,11.8730,11.7370,11.7720,934931
2022-12-24T00:00:00,11.7720,11.7800,11.6960,11.7790,897274
2022-12-24T04:00:00,11.7800,11.7820,11.0300,11.3320,8539541
2022-12-24T08:00:00,11.3310,11.3320,11.1480,11.2960,3375704
2022-12-24T12:00:00,11.2960,11.3860,11.2460,11.3520,2131589
2022-12-24T16:00:00,11.3530,11.5690,11.3010,11.5360,2977394
2022-12-24T20:00:00,11.5360,11.5950,11.3380,11.4230,2223095
2022-12-25T00:00:00,11.4230,11.4830,11.3780,11.4480,1090036
2022-12-25T04:00:00,11.4480,11.5450,11.3820,11.4680,1611472
2022-12-25T08:00:00,11.4680,11.4930,11.3580,11.3910,2490970
2022-12-25T12:00:00,11.3910,11.4360,11.2240,11.3410,2550577
2022-12-25T16:00:00,11.3410,11.3890,11.2620,11.3880,1391075
2022-12-25T20:00:00,11.3890,11.4480,11.3160,11.3730,1069161
2022-12-26T00:00:00,11.3720,11.4880,11.2380,11.4120,1992865
2022-12-26T04:00:00,11.4130,11.4360,11.2560,11.3030,1672636
2022-12-26T08:00:00,11.3050,11.3650,11.2610,11.3390,1769167
2022-12-26T12:00:00,11.3410,11.3740,11.0640,11.1690,2614753
2022-12-26T16:00:00,11.1700,11.2320,11.0500,11.1740,2249023
2022-12-26T20:00:00,11.1730,11.3440,11.1580,11.3250,2009831
2022-12-27T00:00:00,11.3250,11.4350,11.2560,11.2790,2201487
2022-12-27T04:00:00,11.2800,11.2950,11.1850,11.2210,1331149
2022-12-27T08:00:00,11.2210,11.2410,11.0960,11.1300,2356342
2022-12-27T12:00:00,11.1310,11.1630,10.7000,10.7510,9660265
2022-12-27T16:00:00,10.7500,11.0270,10.7060,11.0090,7547613
2022-12-27T20:00:00,11.0100,11.1700,10.9630,11.0870,2486352
2022-12-28T00:00:00,11.0870,11.1280,10.6640,10.7690,4976257
2022-12-28T04:00:00,10.7690,10.7880,9.6000,10.1330,17550463
2022-12-28T08:00:00,10.1320,10.1870,9.8200,9.9990,7710652
2022-12-28T12:00:00,9.9980,10.4000,9.8630,9.9400,13921482
2022-12-28T16:00:00,9.9410,10.0900,9.7560,9.7730,6217157
2022-12-28T20:00:00,9.7720,9.9050,9.3700,9.7490,9299737
2022-12-29T00:00:00,9.7490,9.8700,9.5160,9.7610,7748765
2022-12-29T04:00:00,9.7610,9.7880,9.5500,9.6120,5858914
2022-12-29T08:00:00,9.6110,9.6400,9.2440,9.4490,13493204
2022-12-29T12:00:00,9.4480,9.5170,9.3060,9.3760,11932917
2022-12-29T16:00:00,9.3760,9.4400,8.6680,8.7780,23277490
2022-12-29T20:00:00,8.7770,10.8900,7.7770,9.6140,86450090
2022-12-30T00:00:00,9.6140,10.3000,9.3660,9.4910,48086547
2022-12-30T04:00:00,9.4910,9.7250,9.0500,9.1080,25331488
2022-12-30T08:00:00,9.1090,9.2460,8.9700,9.0900,16736733
2022-12-30T12:00:00,9.0880,10.0650,9.0800,9.5640,36346715
2022-12-30T16:00:00,9.5640,10.0920,9.4720,9.8140,22477045
2022-12-30T20:00:00,9.8150,10.0260,9.6780,9.8770,16995570
2022-12-31T00:00:00,9.8750,10.0500,9.7180,9.7210,11354070
2022-12-31T04:00:00,9.7200,9.8490,9.6400,9.8200,6716900
2022-12-31T08:00:00,9.8200,9.9140,9.7170,9.8410,9014947
2022-12-31T12:00:00,9.8410,10.2000,9.8410,10.1300,14305548
2022-12-31T16:00:00,10.1300,10.1690,9.9060,10.0470,8609643
2022-12-31T20:00:00,10.0470,10.1130,9.8500,9.9680,6130708
2023-01-01T00:00:00,9.9680,10.0740,9.8940,9.9570,6257394
2023-01-01T04:00:00,9.9570,9.9780,9.6780,9.7820,6980165
2023-01-01T08:00:00,9.7820,9.9750,9.6930,9.9150,6620756
2023-01-01T12:00:00,9.9160,9.9550,9.7810,9.8480,5560360
2023-01-01T16:00:00,9.8490,10.0400,9.8210,9.9450,5321564
2023-01-01T20:00:00,9.9450,10.0480,9.9260,9.9770,3249086
2023-01-02T00:00:00,9.9770,10.0080,9.7960,9.9770,4806347
2023-01-02T04:00:00,9.9770,12.0670,9.9270,11.0830,25770360
2023-01-02T08:00:00,11.0840,11.3600,10.8320,11.0070,22513470
2023-01-02T12:00:00,11.0080,11.2340,10.9980,11.1080,12477363
2023-01-02T16:00:00,11.1070,11.5000,11.0700,11.2440,6595546
2023-01-02T20:00:00,11.2440,11.4060,11.1720,11.2590,7292118
2023-01-03T00:00:00,11.2590,11.3240,11.0000,11.1990,8853691
2023-01-03T04:00:00,11.2000,11.9390,11.1890,11.8810,24310975
2023-01-03T08:00:00,11.8810,11.9800,11.6680,11.8100,13421336
2023-01-03T12:00:00,11.8100,12.8890,11.7500,12.8190,51413308
2023-01-03T16:00:00,12.8190,13.8790,12.6410,12.8960,53919105
2023-01-03T20:00:00,12.8960,13.4820,12.8950,13.3260,20495002
2023-01-04T00:00:00,13.3260,14.0000,13.1750,13.4350,38505138
2023-01-04T04:00:00,13.4360,14.2000,13.2100,14.1090,31930693
2023-01-04T08:00:00,14.1090,14.1110,13.5250,13.6290,23924013
2023-01-04T12:00:00,13.6290,13.7230,13.1500,13.3520,25136297
2023-01-04T16:00:00,13.3520,13.6320,13.0440,13.1770,21334734
2023-01-04T20:00:00,13.1780,13.5850,12.8130,13.4050,16850560
2023-01-05T00:00:00,13.4040,13.4200,13.0310,13.2090,10712623
2023-01-05T04:00:00,13.2080,13.4820,13.1170,13.2370,9553716
2023-01-05T08:00:00,13.2370,13.3100,12.9270,13.2550,11955360
2023-01-05T12:00:00,13.2550,13.3950,13.0270,13.2910,12219410
2023-01-05T16:00:00,13.2910,13.4700,13.0480,13.3880,8893668
2023-01-05T20:00:00,13.3880,13.7810,13.3300,13.4180,16089278
2023-01-06T00:00:00,13.4170,13.5590,13.1330,13.1860,10655060
2023-01-06T04:00:00,13.1870,13.2400,13.0100,13.1090,8667043
2023-01-06T08:00:00,13.1090,13.2320,12.8330,12.9840,11166632
2023-01-06T12:00:00,12.9840,13.1890,12.6440,13.1730,18717317
2023-01-06T16:00:00,13.1730,13.4190,13.0450,13.3530,10810047
2023-01-06T20:00:00,13.3550,13.5850,13.1490,13.4830,6933349
2023-01-07T00:00:00,13.4840,13.4900,13.2630,13.3150,4757674
2023-01-07T04:00:00,13.3150,13.3250,13.1920,13.2880,3156052
2023-01-07T08:00:00,13.2880,13.3150,13.1200,13.1370,3641897
2023-01-07T12:00:00,13.1380,13.2730,13.1250,13.2570,3540194
2023-01-07T16:00:00,13.2560,13.2670,13.1640,13.2120,1754587
2023-01-07T20:00:00,13.2120,13.2390,13.0100,13.0870,2828988
2023-01-08T00:00:00,13.0860,13.3990,12.8340,13.3610,11582790
2023-01-08T04:00:00,13.3600,13.4280,13.2480,13.3170,3588362
2023-01-08T08:00:00,13.3170,13.7800,13.2600,13.4960,10537867
2023-01-08T12:00:00,13.4970,13.9340,13.4230,13.8600,11462118
2023-01-08T16:00:00,13.8590,13.8900,13.4450,13.5290,9241252
2023-01-08T20:00:00,13.5280,15.4890,13.5090,14.4650,15710288
2023-01-09T00:00:00,14.4640,16.7800,14.2560,16.0480,40931532
2023-01-09T04:00:00,16.0490,16.5440,15.9240,16.3480,18050532
2023-01-09T08:00:00,16.3480,16.8360,16.0850,16.3620,15550219
2023-01-09T12:00:00,16.3610,17.5000,16.0000,17.1300,26329652
2023-01-09T16:00:00,17.1290,17.3640,16.2320,16.2880,18959005
2023-01-09T20:00:00,16.2880,16.6840,16.0130,16.2530,12408940
2023-01-10T00:00:00,16.2530,16.5860,15.5670,15.9690,14201882
2023-01-10T04:00:00,15.9680,16.3000,15.8630,15.8930,12585526
2023-01-10T08:00:00,15.8930,16.3520,15.8190,16.0210,10124547
2023-01-10T12:00:00,16.0200,16.4890,15.8050,16.2310,15568674
2023-01-10T16:00:00,16.2320,16.4640,16.0200,16.3810,7265116
2023-01-10T20:00:00,16.3800,16.7180,16.1270,16.1910,7949261
2023-01-11T00:00:00,16.1910,16.3230,15.8550,16.0060,7962013
2023-01-11T04:00:00,16.0050,16.1500,15.8130,16.0940,6956243
2023-01-11T08:00:00,16.0940,16.1280,15.9360,16.0240,3559129
2023-01-11T12:00:00,16.0240,16.0240,15.3020,15.4130,11973161
2023-01-11T16:00:00,15.4130,16.1270,15.2700,15.9990,10531235
2023-01-11T20:00:00,16.0000,16.5970,15.7320,16.3550,10245223
2023-01-12T00:00:00,16.3540,17.0000,16.1270,16.4180,13057302
2023-01-12T04:00:00,16.4180,16.4940,16.1510,16.2350,4584295
2023-01-12T08:00:00,16.2360,16.2390,15.8920,16.0650,5636867
2023-01-12T12:00:00,16.0640,16.4980,15.4000,15.9480,22144312
2023-01-12T16:00:00,15.9470,16.7900,15.8880,16.5330,15129609
2023-01-12T20:00:00,16.5340,16.7000,16.2930,16.5840,8299100
2023-01-13T00:00:00,16.5840,16.8400,16.2370,16.6980,6062326
2023-01-13T04:00:00,16.6970,17.3400,16.6890,16.8900,13603245
2023-01-13T08:00:00,16.8890,17.0970,16.5200,16.6460,9136016
2023-01-13T12:00:00,16.6460,16.8500,16.4390,16.7890,7812135
2023-01-13T16:00:00,16.7880,17.2200,16.4880,17.1770,8494044
2023-01-13T20:00:00,17.1760,18.6580,17.0170,18.2890,21325901
2023-01-14T00:00:00,18.2890,22.8790,18.1910,21.9640,44476162
2023-01-14T04:00:00,21.9630,24.8000,21.8000,23.5770,34380856
2023-01-14T08:00:00,23.5770,23.9400,21.3250,22.3950,34314636
2023-01-14T12:00:00,22.3960,23.6800,21.7300,22.3370,23663811
2023-01-14T16:00:00,22.3350,23.4300,22.1420,23.0730,17881495
2023-01-14T20:00:00,23.0740,24.8480,22.4700,24.2830,16226028
2023-01-15T00:00:00,24.2840,25.2000,22.5000,23.0900,22196743
2023-01-15T04:00:00,23.0870,23.2000,22.1400,22.6570,9316790
2023-01-15T08:00:00,22.6570,23.1210,22.0000,22.9040,12704886
2023-01-15T12:00:00,22.9050,23.9070,22.7180,23.6960,16460215
2023-01-15T16:00:00,23.6960,23.8110,22.9400,23.3900,13062458
2023-01-15T20:00:00,23.3890,23.4370,22.4730,22.9030,7350622
2023-01-16T00:00:00,22.9030,24.2800,22.4500,23.2390,12710657
2023-01-16T04:00:00,23.2400,25.1800,23.0310,24.2760,15918875
2023-01-16T08:00:00,24.2790,24.2890,22.8750,23.4000,15217866
2023-01-16T12:00:00,23.4000,23.5550,22.2300,23.0810,15098202
2023-01-16T16:00:00,23.0810,23.8600,22.8610,23.5620,11688205
2023-01-16T20:00:00,23.5630,24.3000,23.3030,23.6010,9231997
2023-01-17T00:00:00,23.6000,23.8570,22.7700,23.1920,10219127
2023-01-17T04:00:00,23.1920,23.8300,23.1330,23.4270,8259615
2023-01-17T08:00:00,23.4270,24.0000,23.3690,23.7580,7292357
2023-01-17T12:00:00,23.7590,23.9700,23.1100,23.2670,13272148
2023-01-17T16:00:00,23.2680,23.5760,23.0280,23.4410,6813498
2023-01-17T20:00:00,23.4410,23.7000,22.6600,22.8550,7648201
2023-01-18T00:00:00,22.8580,23.3390,22.6130,23.0540,9059564
2023-01-18T04:00:00,23.0520,23.3270,22.8500,22.9890,4240737
2023-01-18T08:00:00,22.9890,22.9940,22.0800,22.5330,8830435
2023-01-18T12:00:00,22.5330,23.6740,20.6450,21.7810,19083020
2023-01-18T16:00:00,21.7810,22.3000,20.3100,21.7810,31846115
2023-01-18T20:00:00,21.7820,21.8790,20.7000,20.8040,13073495
2023-01-19T00:00:00,20.8040,21.5360,20.7800,21.3500,8489632
2023-01-19T04:00:00,21.3470,21.7880,21.2640,21.3060,5449376
2023-01-19T08:00:00,21.3080,21.5130,20.7920,20.9390,6768279
2023-01-19T12:00:00,20.9370,21.1860,20.4000,21.0530,13694996
2023-01-19T16:00:00,21.0520,21.7430,20.8470,21.6380,9636025
2023-01-19T20:00:00,21.6390,21.8790,21.3020,21.4080,5971851
2023-01-20T00:00:00,21.4080,21.6280,21.0200,21.3340,6195337
2023-01-20T04:00:00,21.3340,21.4140,20.9130,21.0700,5314494
2023-01-20T08:00:00,21.0700,21.2490,20.9550,21.1320,4020593
2023-01-20T12:00:00,21.1320,21.5500,21.0730,21.4200,7236762
2023-01-20T16:00:00,21.4190,23.4000,21.4000,23.2750,18089876
2023-01-20T20:00:00,23.2760,25.8750,23.2670,25.5130,28045553
2023-01-21T00:00:00,25.5130,25.9000,24.2640,24.8630,14785080
2023-01-21T04:00:00,24.8620,25.7480,24.7220,25.5450,9011686
2023-01-21T08:00:00,25.5440,26.6870,24.2670,25.1940,21200542
2023-01-21T12:00:00,25.1940,25.6400,25.0400,25.2270,10860157
2023-01-21T16:00:00,25.2300,26.1170,25.1120,25.6350,11085185
2023-01-21T20:00:00,25.6340,25.7000,24.5000,24.5640,7275774
2023-01-22T00:00:00,24.5640,25.3290,24.3940,25.0020,7973237
2023-01-22T04:00:00,25.0030,25.4700,24.9330,25.1350,4983471
2023-01-22T08:00:00,25.1360,25.3360,24.7670,24.9050,5507847
2023-01-22T12:00:00,24.9050,25.4400,24.6360,24.9610,8791666
2023-01-22T16:00:00,24.9620,25.2850,24.6990,24.9160,5702417
2023-01-22T20:00:00,24.9160,24.9360,23.5000,24.1950,10878829
2023-01-23T00:00:00,24.1960,24.9430,24.0600,24.5340,6535656
2023-01-23T04:00:00,24.5340,24.8100,24.3250,24.4890,3692932
2023-01-23T08:00:00,24.4860,24.8360,24.1420,24.6370,5001479
2023-01-23T12:00:00,24.6360,24.7220,23.7000,24.1750,12034559
2023-01-23T16:00:00,24.1750,24.7800,23.9620,24.1830,7716784
2023-01-23T20:00:00,24.1830,24.5500,24.0350,24.3470,3248404
2023-01-24T00:00:00,24.3460,25.3000,24.0560,25.0140,7357006
2023-01-24T04:00:00,25.0140,25.0350,24.6500,24.7910,3302975
2023-01-24T08:00:00,24.7910,24.9620,24.2710,24.4690,5447461
2023-01-24T12:00:00,24.4740,24.5900,23.8620,24.4890,6925399
2023-01-24T16:00:00,24.4900,24.5490,24.0600,24.4680,4129339
2023-01-24T20:00:00,24.4680,24.5150,22.1100,22.7700,12998487
2023-01-25T00:00:00,22.7700,22.9880,22.1870,22.9160,7620777
2023-01-25T04:00:00,22.9170,23.4070,22.8510,23.2520,4741723
2023-01-25T08:00:00,23.2530,23.3890,22.9600,23.1270,4866238
2023-01-25T12:00:00,23.1280,24.5730,22.6900,23.3150,17847424
2023-01-25T16:00:00,23.3140,23.8000,23.2090,23.7310,6336616
2023-01-25T20:00:00,23.7300,25.4520,23.7100,24.5340,15545103
2023-01-26T00:00:00,24.5350,25.2510,24.4290,24.8030,6021714
2023-01-26T04:00:00,24.8030,24.9630,24.2500,24.3530,5079745
2023-01-26T08:00:00,24.3520,24.5930,24.0880,24.3290,4135232
2023-01-26T12:00:00,24.3280,25.1630,24.0700,24.2530,11422538
2023-01-26T16:00:00,24.2510,24.7420,23.7000,24.4680,6987897
2023-01-26T20:00:00,24.4690,24.6280,24.2050,24.3450,3300812
2023-01-27T00:00:00,24.3450,24.5400,23.2420,23.7260,5838528
2023-01-27T04:00:00,23.7250,24.0470,23.6630,24.0210,2733735
2023-01-27T08:00:00,24.0230,24.0380,23.5640,23.7000,3209803
2023-01-27T12:00:00,23.7000,24.2190,23.3100,23.8270,8218489
2023-01-27T16:00:00,23.8260,24.6090,23.8080,24.4910,5382139
2023-01-27T20:00:00,24.4920,24.9940,24.0270,24.4410,6336370
2023-01-28T00:00:00,24.4410,24.9060,24.2940,24.5190,4516002
2023-01-28T04:00:00,24.5200,25.3000,24.1810,24.3670,5112477
2023-01-28T08:00:00,24.3660,24.4860,24.1950,24.3230,2794891
2023-01-28T12:00:00,24.3230,24.3300,23.7000,24.1630,6376383
2023-01-28T16:00:00,24.1630,24.2250,23.9190,24.1270,2401624
2023-01-28T20:00:00,24.1270,24.1410,23.7500,24.0020,2454824
2023-01-29T00:00:00,24.0020,24.7040,23.7100,24.1330,6291485
2023-01-29T04:00:00,24.1340,24.1860,24.0150,24.1450,1572843
2023-01-29T08:00:00,24.1450,24.5520,24.0620,24.3610,3296651
2023-01-29T12:00:00,24.3620,24.8150,24.2070,24.7020,5665002
2023-01-29T16:00:00,24.7020,26.6290,24.4620,26.3460,22347197
2023-01-29T20:00:00,26.3470,26.8690,25.9550,26.0900,9410896
2023-01-30T00:00:00,26.0900,26.3340,25.2350,25.4700,7525616
2023-01-30T04:00:00,25.4700,25.6320,25.2610,25.3940,4294958
2023-01-30T08:00:00,25.3950,25.5540,23.7420,24.0110,14048343
2023-01-30T12:00:00,24.0110,24.7440,23.8410,24.3880,8976743
2023-01-30T16:00:00,24.3850,24.6480,22.9100,23.5970,10119602
2023-01-30T20:00:00,23.5950,23.9890,23.3230,23.9570,5029760
2023-01-31T00:00:00,23.9570,24.2880,23.6470,24.0080,5122209
2023-01-31T04:00:00,24.0080,24.1400,23.6490,24.1180,3980132
2023-01-31T08:00:00,24.1180,24.1500,23.4810,23.7500,4471435
2023-01-31T12:00:00,23.7490,24.3680,23.6290,24.0900,7426627
2023-01-31T16:00:00,24.0900,24.4940,24.0040,24.1890,4520688
2023-01-31T20:00:00,24.1910,24.2500,23.5750,23.9130,5312922
2023-02-01T00:00:00,23.9120,24.0330,23.6520,23.8650,2977916
2023-02-01T04:00:00,23.8650,24.0200,23.4000,23.5500,3657117
2023-02-01T08:00:00,23.5500,23.6320,23.1450,23.5410,4310073
2023-02-01T12:00:00,23.5410,23.6790,22.7000,22.8140,7372401
2023-02-01T16:00:00,22.8130,24.4500,22.4500,24.2160,15060877
2023-02-01T20:00:00,24.2180,25.2480,24.1000,25.0110,13450142
2023-02-02T00:00:00,25.0140,25.7980,24.9550,25.3080,8572415
2023-02-02T04:00:00,25.3080,25.4400,24.7560,24.8670,4250416
2023-02-02T08:00:00,24.8690,25.0980,24.8180,25.0140,2966561
2023-02-02T12:00:00,25.0150,25.2850,24.5900,25.0250,8554262
2023-02-02T16:00:00,25.0250,26.1730,24.8630,25.0640,11396353
2023-02-02T20:00:00,25.0650,25.2790,24.0050,24.3150,8010117
2023-02-03T00:00:00,24.3200,24.5000,24.0000,24.3210,4546704
2023-02-03T04:00:00,24.3210,24.5300,24.2320,24.3070,2927212
2023-02-03T08:00:00,24.3090,24.5200,24.0800,24.4780,3321357
2023-02-03T12:00:00,24.4770,25.0720,23.9700,24.8460,10525026
2023-02-03T16:00:00,24.8460,25.0380,24.3540,24.3740,5431757
2023-02-03T20:00:00,24.3740,24.8150,24.2260,24.6830,3065344
2023-02-04T00:00:00,24.6830,24.8200,24.4180,24.4590,2041969
2023-02-04T04:00:00,24.4590,24.5280,24.2790,24.4980,1690193
2023-02-04T08:00:00,24.4990,24.5950,24.4050,24.5770,1616417
2023-02-04T12:00:00,24.5780,24.9430,24.5320,24.7050,3256831
2023-02-04T16:00:00,24.7070,24.8090,24.5060,24.6550,2624433
2023-02-04T20:00:00,24.6550,24.7510,24.1440,24.3180,2585589
2023-02-05T00:00:00,24.3180,24.4190,24.0210,24.2820,3032657
2023-02-05T04:00:00,24.2810,24.4600,24.2250,24.3350,1563968
2023-02-05T08:00:00,24.3370,24.4400,24.1300,24.1870,1928222
2023-02-05T12:00:00,24.1870,24.2200,23.1530,23.6180,8727731
2023-02-05T16:00:00,23.6170,23.6900,23.1700,23.3470,5562036
2023-02-05T20:00:00,23.3460,23.6620,23.0000,23.4640,3960485
2023-02-06T00:00:00,23.4650,23.7170,23.2270,23.3710,2389143
2023-02-06T04:00:00,23.3710,23.4550,22.8200,23.3450,3515947
2023-02-06T08:00:00,23.3450,23.3980,23.0400,23.3210,2584352
2023-02-06T12:00:00,23.3210,23.5070,22.8010,23.4770,6181605
2023-02-06T16:00:00,23.4760,23.6000,23.1430,23.3650,4773444
2023-02-06T20:00:00,23.3640,23.3640,22.4710,22.6350,4981090
2023-02-07T00:00:00,22.6370,23.1570,22.5260,23.0600,3187008
2023-02-07T04:00:00,23.0610,23.3460,23.0240,23.1950,2278421
2023-02-07T08:00:00,23.1960,23.4480,23.0800,23.3330,3037136
2023-02-07T12:00:00,23.3320,23.4160,22.9210,23.0100,3664314
2023-02-07T16:00:00,23.0100,23.8500,22.5500,23.2600,11326717
2023-02-07T20:00:00,23.2600,23.9530,23.1310,23.8170,4871253
2023-02-08T00:00:00,23.8170,24.2400,23.7840,23.8800,3870494
2023-02-08T04:00:00,23.8800,23.9700,23.5690,23.7580,2268638
2023-02-08T08:00:00,23.7580,23.7740,23.5200,23.7260,2282072
2023-02-08T12:00:00,23.7240,23.9620,23.2670,23.2850,6829044
2023-02-08T16:00:00,23.2850,23.4660,22.7810,23.0830,8048320
2023-02-08T20:00:00,23.0820,23.2650,22.8570,23.2100,2833771
2023-02-09T00:00:00,23.2090,23.3450,21.8350,22.3300,8436777
2023-02-09T04:00:00,22.3300,22.8880,22.1640,22.7540,4203085
2023-02-09T08:00:00,22.7530,22.9850,22.7160,22.7880,3429764
2023-02-09T12:00:00,22.7870,22.9700,22.5600,22.6460,5636375
2023-02-09T16:00:00,22.6470,22.6960,21.4220,21.8000,9722610
2023-02-09T20:00:00,21.7990,21.7990,19.9900,20.4820,12445193
2023-02-10T00:00:00,20.4820,20.8820,20.2650,20.7750,6131192
2023-02-10T04:00:00,20.7740,21.0750,20.4950,21.0720,5038302
2023-02-10T08:00:00,21.0710,21.1710,20.6000,20.6830,4815886
2023-02-10T12:00:00,20.6840,20.9890,20.4060,20.7060,7573207
2023-02-10T16:00:00,20.7050,20.9900,20.5020,20.8740,5485076
2023-02-10T20:00:00,20.8740,20.8980,19.6600,20.0880,8228599
2023-02-11T00:00:00,20.0870,20.4810,20.0780,20.3910,3090191
2023-02-11T04:00:00,20.3910,20.4070,20.2000,20.3250,1789301
2023-02-11T08:00:00,20.3250,20.3720,20.2130,20.3080,1557463
2023-02-11T12:00:00,20.3060,20.5990,20.2610,20.4960,3273044
2023-02-11T16:00:00,20.4950,20.5000,20.2400,20.3650,2102371
2023-02-11T20:00:00,20.3660,20.8880,20.3120,20.7820,2688245
2023-02-12T00:00:00,20.7830,20.7980,20.6040,20.6430,1526761
2023-02-12T04:00:00,20.6440,20.9990,20.6150,20.8200,1850872
2023-02-12T08:00:00,20.8190,21.0650,20.8090,21.0330,2693433
2023-02-12T12:00:00,21.0340,21.5870,20.7530,21.4090,5931997
2023-02-12T16:00:00,21.4100,22.5290,21.3590,22.0270,8146446
2023-02-12T20:00:00,22.0260,22.1940,21.0800,21.4830,7944772
2023-02-13T00:00:00,21.4840,21.5950,20.4480,20.9030,8323413
2023-02-13T04:00:00,20.9020,21.3120,20.8410,21.1590,4125387
2023-02-13T08:00:00,21.1590,21.1780,20.0300,20.4470,9423179
2023-02-13T12:00:00,20.4470,20.6960,20.3460,20.3530,5560155
2023-02-13T16:00:00,20.3540,20.5220,19.7200,20.4190,9225561
2023-02-13T20:00:00,20.4190,20.8400,20.2120,20.7480,4089155
2023-02-14T00:00:00,20.7480,21.0790,20.6390,20.8060,4127925
2023-02-14T04:00:00,20.8070,21.0800,20.7450,21.0330,2763538
2023-02-14T08:00:00,21.0330,21.6020,20.7500,21.3410,7044859
2023-02-14T12:00:00,21.3410,22.3730,20.8660,21.8880,20815541
2023-02-14T16:00:00,21.8890,22.0670,21.6240,22.0100,8694166
2023-02-14T20:00:00,22.0090,22.0500,21.5220,21.8360,4102983
2023-02-15T00:00:00,21.8360,21.9240,21.4430,21.5990,3224745
2023-02-15T04:00:00,21.5980,21.6710,21.4620,21.5170,2288352
2023-02-15T08:00:00,21.5180,22.2150,21.4480,22.0970,4594194
2023-02-15T12:00:00,22.0970,22.7450,22.0950,22.4110,9278176
2023-02-15T16:00:00,22.4110,23.0180,22.2540,22.9910,6859528
2023-02-15T20:00:00,22.9920,23.9960,22.9170,23.8620,10476896
2023-02-16T00:00:00,23.8620,24.1400,23.5500,23.8140,5716762
2023-02-16T04:00:00,23.8140,23.9970,23.5500,23.7280,3619041
2023-02-16T08:00:00,23.7270,23.9250,23.4940,23.5840,3062821
2023-02-16T12:00:00,23.5840,23.8800,23.0740,23.8600,8716084
2023-02-16T16:00:00,23.8600,24.1600,23.3590,23.6000,7992066
2023-02-16T20:00:00,23.5990,23.6190,22.2030,22.2570,9460919
2023-02-17T00:00:00,22.2570,22.7990,22.0240,22.6760,4211649
2023-02-17T04:00:00,22.6770,22.8180,22.5170,22.5380,2770403
2023-02-17T08:00:00,22.5380,22.7260,22.4610,22.5960,2623396
2023-02-17T12:00:00,22.5950,22.9860,22.4350,22.7860,6488861
2023-02-17T16:00:00,22.7830,23.4960,22.5750,23.4680,5730556
2023-02-17T20:00:00,23.4690,23.5580,22.7140,23.1460,5224712
2023-02-18T00:00:00,23.1470,23.6440,23.1440,23.3610,2631094
2023-02-18T04:00:00,23.3600,23.4990,23.1250,23.2320,1653869
2023-02-18T08:00:00,23.2320,23.2780,22.9310,23.0590,2469562
2023-02-18T12:00:00,23.0600,23.5690,23.0050,23.4280,2989646
2023-02-18T16:00:00,23.4290,23.9420,23.4060,23.4940,4369752
2023-02-18T20:00:00,23.4940,23.6900,23.2680,23.4640,2277440
2023-02-19T00:00:00,23.4640,23.6080,23.2070,23.3090,1895918
2023-02-19T04:00:00,23.3100,24.0300,23.2720,23.5440,3947990
2023-02-19T08:00:00,23.5440,23.7260,23.4690,23.6960,2480607
2023-02-19T12:00:00,23.6960,25.3270,23.6960,25.3000,11326291
2023-02-19T16:00:00,25.3000,25.4060,24.0000,24.6580,12401253
2023-02-19T20:00:00,24.6600,25.6800,24.0360,24.8530,10144825
2023-02-20T00:00:00,24.8510,26.3580,24.1000,26.1780,14235984
2023-02-20T04:00:00,26.1790,27.1500,25.8670,26.5060,14869260
2023-02-20T08:00:00,26.5050,26.7050,26.0510,26.3980,9111692
2023-02-20T12:00:00,26.3980,26.7360,26.1380,26.5630,8052774
2023-02-20T16:00:00,26.5630,26.6010,25.5550,26.3500,8670080
2023-02-20T20:00:00,26.3500,26.3920,25.9170,26.2910,4040270
2023-02-21T00:00:00,26.2900,26.6480,25.7950,26.1470,6841970
2023-02-21T04:00:00,26.1480,26.3340,25.7280,26.0430,4161790
2023-02-21T08:00:00,26.0430,26.2730,24.8990,25.0760,9911816
2023-02-21T12:00:00,25.0750,25.3970,24.7550,25.0650,6954462
2023-02-21T16:00:00,25.0660,25.5250,24.7040,25.2660,6380963
2023-02-21T20:00:00,25.2660,25.4950,24.5000,24.9830,5382800
2023-02-22T00:00:00,24.9830,25.2660,23.8200,24.4500,7797841
2023-02-22T04:00:00,24.4500,24.4880,23.4090,23.8100,6813652
2023-02-22T08:00:00,23.8100,23.8270,23.2000,23.5590,7107036
2023-02-22T12:00:00,23.5600,23.8000,23.2400,23.6550,7332623
2023-02-22T16:00:00,23.6530,24.1500,23.4000,23.7780,6900451
2023-02-22T20:00:00,23.7760,24.3360,23.4540,24.1450,4020923
2023-02-23T00:00:00,24.1440,24.6850,23.9500,24.4440,4760259
2023-02-23T04:00:00,24.4440,24.5660,24.2260,24.4770,2775324
2023-02-23T08:00:00,24.4780,24.6300,23.5900,23.7450,5271750
2023-02-23T12:00:00,23.7450,24.3830,23.5970,23.8650,6497571
2023-02-23T16:00:00,23.8640,24.0670,23.5940,24.0230,3802632
2023-02-23T20:00:00,24.0230,24.2080,23.6690,23.9090,2429408
2023-02-24T00:00:00,23.9090,24.1230,23.6740,23.7770,2819384
2023-02-24T04:00:00,23.7770,24.0980,23.7330,23.9730,2411351
2023-02-24T08:00:00,23.9730,24.0720,23.5000,23.7700,3240040
2023-02-24T12:00:00,23.7710,24.0200,22.8730,23.0350,7535871
2023-02-24T16:00:00,23.0350,23.0500,22.4830,23.0340,7610151
2023-02-24T20:00:00,23.0340,23.3420,22.4360,23.0600,3845132
2023-02-25T00:00:00,23.0580,23.3270,22.9170,22.9430,2243865
2023-02-25T04:00:00,22.9430,23.1710,22.8080,22.9500,2105761
2023-02-25T08:00:00,22.9490,23.0440,22.6080,22.7770,2967854
2023-02-25T12:00:00,22.7760,22.8020,21.9920,22.3310,5576754
2023-02-25T16:00:00,22.3300,22.4990,21.6030,21.8970,5293108
2023-02-25T20:00:00,21.8970,22.4870,21.4000,22.3590,5492301
2023-02-26T00:00:00,22.3600,22.7280,22.2010,22.6430,2517379
2023-02-26T04:00:00,22.6440,22.8340,22.4830,22.7910,1706531
2023-02-26T08:00:00,22.7900,22.9600,22.6120,22.8340,2325083
2023-02-26T12:00:00,22.8340,22.9610,22.5350,22.9220,3030579
2023-02-26T16:00:00,22.9220,23.3880,22.6720,23.3480,3878385
2023-02-26T20:00:00,23.3500,23.5200,22.9500,23.2380,3767111
2023-02-27T00:00:00,23.2380,23.2610,22.9650,23.0190,2223939
2023-02-27T04:00:00,23.0170,23.0380,22.7510,22.8730,2566525
2023-02-27T08:00:00,22.8730,22.9580,22.6120,22.7680,2691623
2023-02-27T12:00:00,22.7680,23.4000,22.6500,23.0500,6620233
2023-02-27T16:00:00,23.0490,23.1320,22.3090,22.5200,5089595
2023-02-27T20:00:00,22.5200,22.7890,22.3380,22.6650,2543900
2023-02-28T00:00:00,22.6650,22.7400,22.4100,22.6100,1959874
2023-02-28T04:00:00,22.6110,22.6120,22.0570,22.0790,2610011
2023-02-28T08:00:00,22.0800,22.3130,22.0380,22.1840,2366343
2023-02-28T12:00:00,22.1850,22.5960,22.1840,22.5290,3857321
2023-02-28T16:00:00,22.5280,22.6960,22.1520,22.1920,2993453
2023-02-28T20:00:00,22.1910,22.2430,21.7330,21.8750,4299844
2023-03-01T00:00:00,21.8770,22.3960,21.6390,22.3150,3289809
2023-03-01T04:00:00,22.3150,22.6700,22.2860,22.5790,2842760
2023-03-01T08:00:00,22.5800,22.9040,22.5240,22.6800,2899827
2023-03-01T12:00:00,22.6800,22.8570,22.5170,22.6590,3631334
2023-03-01T16:00:00,22.6590,22.6640,22.1010,22.1490,3104049
2023-03-01T20:00:00,22.1490,22.5420,22.1060,22.4990,2397464
2023-03-02T00:00:00,22.5020,22.6560,21.8850,22.0390,3115227
2023-03-02T04:00:00,22.0380,22.1720,21.8370,21.9720,1846141
2023-03-02T08:00:00,21.9710,22.0990,21.8840,22.0660,2023375
2023-03-02T12:00:00,22.0660,22.0850,21.6540,21.8210,4414537
2023-03-02T16:00:00,21.8190,22.1480,21.6890,22.0730,2694072
2023-03-02T20:00:00,22.0710,22.1450,21.9070,21.9910,1854247
2023-03-03T00:00:00,21.9910,22.0030,20.2910,20.8500,8586735
2023-03-03T04:00:00,20.8490,21.2370,20.8030,21.0490,2858168
2023-03-03T08:00:00,21.0480,21.2180,21.0470,21.1330,2049517
2023-03-03T12:00:00,21.1330,21.4410,20.9850,21.2560,4635621
2023-03-03T16:00:00,21.2550,21.4510,21.1500,21.4210,2590107
2023-03-03T20:00:00,21.4230,21.5330,21.1540,21.4040,2347478
2023-03-04T00:00:00,21.4050,21.6200,21.2870,21.3180,1761131
2023-03-04T04:00:00,21.3170,21.3640,21.0080,21.1630,1746069
2023-03-04T08:00:00,21.1630,21.2440,21.0660,21.1520,1178456
2023-03-04T12:00:00,21.1520,21.1870,20.9150,20.9480,1634829
2023-03-04T16:00:00,20.9500,21.0360,20.5650,20.6740,2193360
2023-03-04T20:00:00,20.6750,20.9920,20.1750,20.9770,4513585
2023-03-05T00:00:00,20.9760,21.7270,20.9170,21.3250,5850316
2023-03-05T04:00:00,21.3250,21.4380,21.2090,21.2950,1445299
2023-03-05T08:00:00,21.2950,21.3710,21.1310,21.1910,1604218
2023-03-05T12:00:00,21.1900,21.3490,21.1440,21.2620,2358144
2023-03-05T16:00:00,21.2610,21.3160,21.0000,21.0930,1802934
2023-03-05T20:00:00,21.0920,21.3340,20.8210,20.9600,2674369
2023-03-06T00:00:00,20.9600,21.0800,20.6500,20.9100,3258951
2023-03-06T04:00:00,20.9090,20.9480,20.5750,20.7430,1984417
2023-03-06T08:00:00,20.7430,20.7760,20.6000,20.6810,1811217
2023-03-06T12:00:00,20.6810,21.0820,20.5260,21.0440,3540215
2023-03-06T16:00:00,21.0440,21.1800,20.7350,20.7500,3185114
2023-03-06T20:00:00,20.7520,20.7600,20.4360,20.6220,2853747
2023-03-07T00:00:00,20.6210,20.9580,20.4240,20.7860,2679183
2023-03-07T04:00:00,20.7860,20.8460,20.6670,20.6950,1327577
2023-03-07T08:00:00,20.6960,20.7280,20.2510,20.3000,2934433
2023-03-07T12:00:00,20.3020,20.6400,19.8660,20.4100,8258841
2023-03-07T16:00:00,20.4110,20.4990,19.9200,20.0010,4849976
2023-03-07T20:00:00,20.0010,20.2770,19.6820,20.2330,4590334
2023-03-08T00:00:00,20.2330,20.3850,19.7810,19.9890,3129673
2023-03-08T04:00:00,19.9890,20.0510,19.1140,19.1810,5748407
2023-03-08T08:00:00,19.1800,19.5250,19.1410,19.3230,3564976
2023-03-08T12:00:00,19.3220,19.3770,18.6150,19.2120,11723561
2023-03-08T16:00:00,19.2120,19.3960,18.4560,18.6580,7594704
2023-03-08T20:00:00,18.6570,18.9500,18.1000,18.4130,8918489
2023-03-09T00:00:00,18.4120,18.6640,18.3490,18.5770,3871706
2023-03-09T04:00:00,18.5760,18.7730,18.4590,18.4850,3010880
2023-03-09T08:00:00,18.4840,18.6090,18.2240,18.5350,5101986
2023-03-09T12:00:00,18.5350,18.6770,18.1310,18.3490,8410464
2023-03-09T16:00:00,18.3500,18.3930,17.4540,17.7180,13156020
2023-03-09T20:00:00,17.7190,17.7330,16.6280,17.3180,14958370
2023-03-10T00:00:00,17.3170,17.3410,16.7700,17.1460,7613444
2023-03-10T04:00:00,17.1460,17.1830,16.5860,16.9770,6851064
2023-03-10T08:00:00,16.9770,17.0190,15.9930,16.6850,13044766
2023-03-10T12:00:00,16.6850,17.9190,16.5880,17.6480,20781670
2023-03-10T16:00:00,17.6470,17.9590,17.4100,17.7630,10192344
2023-03-10T20:00:00,17.7640,18.3440,17.4360,18.1500,7915820
2023-03-11T00:00:00,18.1510,18.8590,18.0190,18.1700,8837873
2023-03-11T04:00:00,18.1670,18.2610,16.9510,17.0530,9306581
2023-03-11T08:00:00,17.0540,17.7500,16.9270,17.3900,9249913
2023-03-11T12:00:00,17.3900,17.5190,17.0540,17.1310,5248641
2023-03-11T16:00:00,17.1320,17.9400,16.9700,17.9200,7261878
2023-03-11T20:00:00,17.9200,18.2000,17.8250,18.0610,5434307
2023-03-12T00:00:00,18.0590,18.1280,17.7730,17.9190,3274179
2023-03-12T04:00:00,17.9200,18.0850,17.7000,17.8290,2730340
2023-03-12T08:00:00,17.8300,18.2770,17.7860,18.1150,3585993
2023-03-12T12:00:00,18.1140,18.1320,17.7200,17.8270,4772408
2023-03-12T16:00:00,17.8270,18.8370,17.7590,18.3790,10132207
2023-03-12T20:00:00,18.3810,20.7000,18.3710,20.1930,14056338
2023-03-13T00:00:00,20.1930,20.5890,19.4510,19.5420,7690835
2023-03-13T04:00:00,19.5420,19.8350,19.5140,19.7260,3687533
2023-03-13T08:00:00,19.7260,19.7750,18.9000,19.2160,7220170
2023-03-13T12:00:00,19.2140,21.4180,18.8720,20.7170,19713620
2023-03-13T16:00:00,20.7170,20.9800,20.3210,20.5210,7410439
2023-03-13T20:00:00,20.5200,20.6340,20.1500,20.3990,3416303
2023-03-14T00:00:00,20.4030,20.4970,20.1460,20.4190,3858689
2023-03-14T04:00:00,20.4190,20.6780,19.9290,20.0060,4280929
2023-03-14T08:00:00,20.0060,20.2290,19.7580,20.1180,4705598
2023-03-14T12:00:00,20.1170,22.1520,20.0280,21.9240,18025622
2023-03-14T16:00:00,21.9230,22.0390,20.2800,20.9210,11545400
2023-03-14T20:00:00,20.9210,21.0530,20.2450,20.8700,6538578
2023-03-15T00:00:00,20.8690,21.2380,20.6010,21.0570,4466509
2023-03-15T04:00:00,21.0580,21.4730,20.9820,21.2360,4117076
2023-03-15T08:00:00,21.2340,21.2520,20.1790,20.5880,6517122
2023-03-15T12:00:00,20.5880,21.1730,19.0200,19.2370,14434631
2023-03-15T16:00:00,19.2370,19.4360,18.6330,19.0890,12146211
2023-03-15T20:00:00,19.0920,19.4730,18.9930,19.2400,4042051
2023-03-16T00:00:00,19.2390,19.4710,18.8690,19.3130,4155020
2023-03-16T04:00:00,19.3120,19.6170,19.0470,19.4960,4263821
2023-03-16T08:00:00,19.4950,19.8500,19.2500,19.6430,4895101
2023-03-16T12:00:00,19.6450,19.7100,19.0180,19.5720,6836698
2023-03-16T16:00:00,19.5740,19.9100,19.2650,19.7590,4770659
2023-03-16T20:00:00,19.7600,19.7680,19.2510,19.6620,3131659
2023-03-17T00:00:00,19.6620,20.2630,19.4050,19.9820,5029536
2023-03-17T04:00:00,19.9840,20.2590,19.8720,19.9920,3689382
2023-03-17T08:00:00,19.9920,20.7200,19.9120,20.6610,5093634
2023-03-17T12:00:00,20.6640,20.6760,19.8000,20.0250,6820411
2023-03-17T16:00:00,20.0250,20.6200,19.8950,20.5210,4591953
2023-03-17T20:00:00,20.5240,21.6960,20.2970,21.5980,8618345
2023-03-18T00:00:00,21.5980,23.0000,21.2660,22.6640,10591610
2023-03-18T04:00:00,22.6660,22.8790,22.1450,22.1970,3827729
2023-03-18T08:00:00,22.1960,22.5280,21.8020,22.5030,4458913
2023-03-18T12:00:00,22.5040,22.5340,21.4400,21.8400,6623015
2023-03-18T16:00:00,21.8410,22.4320,21.2300,21.9470,6326629
2023-03-18T20:00:00,21.9470,22.1910,21.0540,21.2130,4248851
2023-03-19T00:00:00,21.2120,21.8640,21.2090,21.8250,3041632
2023-03-19T04:00:00,21.8220,21.9300,21.3080,21.5610,2699590
2023-03-19T08:00:00,21.5620,21.7800,21.2330,21.7010,4111198
2023-03-19T12:00:00,21.7010,22.1340,21.4860,22.0000,4671413
2023-03-19T16:00:00,22.0010,22.4390,21.9710,22.1870,5738379
2023-03-19T20:00:00,22.1850,22.2990,21.6900,21.8640,5053901
2023-03-20T00:00:00,21.8640,23.0000,21.5870,21.7080,10138028
2023-03-20T04:00:00,21.7080,23.1860,21.3340,23.1060,9610646
2023-03-20T08:00:00,23.1050,23.6000,22.9090,23.3140,10327166
2023-03-20T12:00:00,23.3140,23.9100,22.9230,23.1560,11178416
2023-03-20T16:00:00,23.1570,23.4400,21.8200,22.1260,12719962
2023-03-20T20:00:00,22.1260,22.7800,22.0030,22.1210,5628962
2023-03-21T00:00:00,22.1210,22.7510,21.9960,22.4350,5829001
2023-03-21T04:00:00,22.4340,22.6370,21.6870,21.9200,4897111
2023-03-21T08:00:00,21.9200,22.5200,21.5160,22.4340,7257237
2023-03-21T12:00:00,22.4330,23.3330,22.3420,22.9090,9729825
2023-03-21T16:00:00,22.9090,23.2000,22.1070,22.5200,7135473
2023-03-21T20:00:00,22.5210,22.6670,22.2240,22.5260,3759526
2023-03-22T00:00:00,22.5230,22.5300,22.0010,22.3020,3174805
2023-03-22T04:00:00,22.2980,22.5490,22.2090,22.3070,2617917
2023-03-22T08:00:00,22.3080,22.7040,22.0950,22.4730,4466828
2023-03-22T12:00:00,22.4730,23.0940,22.3100,22.6240,5636181
2023-03-22T16:00:00,22.6250,22.9690,20.9180,21.0890,13499059
2023-03-22T20:00:00,21.0890,21.8370,20.9520,21.4040,6102326
2023-03-23T00:00:00,21.4030,21.5870,21.0800,21.2590,2849182
2023-03-23T04:00:00,21.2590,21.7230,21.1790,21.6910,2356528
2023-03-23T08:00:00,21.6900,21.7910,21.5580,21.7440,2583644
2023-03-23T12:00:00,21.7450,22.7450,21.3650,22.3920,7394329
2023-03-23T16:00:00,22.3920,22.7500,21.6950,22.0790,6800706
2023-03-23T20:00:00,22.0810,22.2460,21.8820,22.1570,2268501
2023-03-24T00:00:00,22.1580,22.2680,22.0080,22.0780,1552685
2023-03-24T04:00:00,22.0760,22.1350,21.8710,21.9850,1829185
2023-03-24T08:00:00,21.9830,22.0180,21.0010,21.4020,4421896
2023-03-24T12:00:00,21.3930,21.7510,20.9600,21.1810,5351791
2023-03-24T16:00:00,21.1800,21.3090,20.2600,20.7420,6529302
2023-03-24T20:00:00,20.7430,20.7910,20.3220,20.6490,3124306
2023-03-25T00:00:00,20.6490,20.8980,20.6060,20.7120,1609463
2023-03-25T04:00:00,20.7130,20.7980,20.4880,20.5980,1215344
2023-03-25T08:00:00,20.5980,20.6970,20.3900,20.6480,1719521
2023-03-25T12:00:00,20.6490,20.9660,20.5490,20.8580,2825495
2023-03-25T16:00:00,20.8590,20.9080,20.0740,20.1330,3197033
2023-03-25T20:00:00,20.1320,20.4430,20.1020,20.3940,1754363
2023-03-26T00:00:00,20.3950,20.7500,20.2700,20.6690,1652893
2023-03-26T04:00:00,20.6690,20.8730,20.6190,20.7610,1235711
2023-03-26T08:00:00,20.7610,20.9580,20.6880,20.8290,1943846
2023-03-26T12:00:00,20.8290,21.1270,20.7290,20.8020,2843750
2023-03-26T16:00:00,20.8020,21.0000,20.6350,20.9110,1769009
2023-03-26T20:00:00,20.9110,21.0900,20.7430,20.9310,1522137
2023-03-27T00:00:00,20.9290,20.9780,20.5500,20.6990,1883676
2023-03-27T04:00:00,20.6980,20.7330,20.3580,20.4350,2076367
2023-03-27T08:00:00,20.4360,20.6500,20.3350,20.6060,1957013
2023-03-27T12:00:00,20.6070,20.7070,19.2970,19.7650,6974865
2023-03-27T16:00:00,19.7650,19.9500,19.5790,19.6750,3678201
2023-03-27T20:00:00,19.6760,19.9390,19.5660,19.8870,2036635
2023-03-28T00:00:00,19.8870,19.9950,19.5950,19.7120,2157171
2023-03-28T04:00:00,19.7110,20.0690,19.7000,19.8700,2118921
2023-03-28T08:00:00,19.8690,20.1820,19.6000,20.0860,3009966
2023-03-28T12:00:00,20.0860,20.3890,19.8170,20.2310,4297393
2023-03-28T16:00:00,20.2300,20.8980,20.0210,20.6900,4753364
2023-03-28T20:00:00,20.6900,20.7380,20.2000,20.4390,2839498
2023-03-29T00:00:00,20.4400,20.8550,20.4120,20.6460,2163503
2023-03-29T04:00:00,20.6470,21.2870,20.6170,21.2020,3599698
2023-03-29T08:00:00,21.2020,21.5500,21.1010,21.2050,3417934
2023-03-29T12:00:00,21.2060,21.3430,20.9390,21.2260,3798993
2023-03-29T16:00:00,21.2260,21.2390,20.9390,21.1700,2195362
2023-03-29T20:00:00,21.1710,21.3210,20.8940,21.0860,2008248
2023-03-30T00:00:00,21.0870,21.6610,20.5000,21.0430,5914169
2023-03-30T04:00:00,21.0420,21.2150,20.8390,21.0070,2369318
2023-03-30T08:00:00,21.0080,21.0450,20.5000,20.6660,3245081
2023-03-30T12:00:00,20.6660,20.6960,20.3940,20.5210,3758436
2023-03-30T16:00:00,20.5210,20.5210,20.1290,20.4800,3771309
2023-03-30T20:00:00,20.4800,20.7080,20.3610,20.5430,1826492
2023-03-31T00:00:00,20.5420,20.7400,20.4250,20.5130,1991805
2023-03-31T04:00:00,20.5130,20.6120,20.0100,20.2880,2553768
2023-03-31T08:00:00,20.2890,20.4140,20.2070,20.3100,1845363
2023-03-31T12:00:00,20.3110,20.9850,20.2060,20.8580,4601785
2023-03-31T16:00:00,20.8570,21.0080,20.6800,20.9730,2536977
2023-03-31T20:00:00,20.9730,21.4860,20.8210,21.1610,2458680
2023-04-01T00:00:00,21.1600,21.3440,20.9070,21.0170,1945365
2023-04-01T04:00:00,21.0170,21.2720,20.8260,21.0070,1621252
2023-04-01T08:00:00,21.0080,21.1110,20.9160,21.0160,1308661
2023-04-01T12:00:00,21.0150,21.0900,20.8500,20.9520,1535379
2023-04-01T16:00:00,20.9540,21.0380,20.7300,20.9360,1681613
2023-04-01T20:00:00,20.9350,21.2240,20.9320,21.0790,1335628
2023-04-02T00:00:00,21.0790,21.1460,20.8680,21.0180,1031515
2023-04-02T04:00:00,21.0170,21.3060,20.9120,21.1700,1229103
2023-04-02T08:00:00,21.1710,21.2000,20.9580,20.9860,1105867
2023-04-02T12:00:00,20.9860,20.9960,20.4000,20.5700,3115645
2023-04-02T16:00:00,20.5710,20.6620,20.2010,20.3350,2189971
2023-04-02T20:00:00,20.3350,20.5700,20.2580,20.5090,1449075
2023-04-03T00:00:00,20.5090,20.5650,19.9370,20.0260,2588361
2023-04-03T04:00:00,20.0260,20.2580,19.9770,20.2540,1416632
2023-04-03T08:00:00,20.2540,20.5770,20.2380,20.3940,2677842
2023-04-03T12:00:00,20.3930,20.5990,20.0570,20.3060,2584610
2023-04-03T16:00:00,20.3060,20.9490,20.1340,20.8910,4310268
2023-04-03T20:00:00,20.8910,20.9890,20.0400,20.4440,4444032
2023-04-04T00:00:00,20.4450,20.5670,20.2730,20.4060,1296754
2023-04-04T04:00:00,20.4050,20.6330,20.3110,20.5150,1383610
2023-04-04T08:00:00,20.5170,21.0060,20.4550,20.9670,2858893
2023-04-04T12:00:00,20.9670,21.2690,20.6640,20.8510,3857345
2023-04-04T16:00:00,20.8500,21.0070,20.7430,20.9410,1628779
2023-04-04T20:00:00,20.9410,21.0840,20.8080,20.9050,1325474
2023-04-05T00:00:00,20.9040,21.3400,20.8200,21.1310,2688163
2023-04-05T04:00:00,21.1290,21.3000,21.1050,21.1870,1303441
2023-04-05T08:00:00,21.1880,21.2750,21.0680,21.1820,1175321
2023-04-05T12:00:00,21.1830,21.2470,20.5320,20.7930,4832375
2023-04-05T16:00:00,20.7940,20.9730,20.6250,20.9060,2124143
2023-04-05T20:00:00,20.9070,21.0440,20.8050,20.9570,1124058
2023-04-06T00:00:00,20.9570,20.9870,20.5080,20.8160,1857784
2023-04-06T04:00:00,20.8160,20.8250,20.6100,20.6280,997674
2023-04-06T08:00:00,20.6270,20.7470,20.3450,20.6790,2071602
2023-04-06T12:00:00,20.6790,20.8120,20.4450,20.7280,2160861
2023-04-06T16:00:00,20.7280,20.8600,20.6010,20.7050,1280668
2023-04-06T20:00:00,20.7050,20.7780,20.5110,20.6080,1106323
2023-04-07T00:00:00,20.6090,20.7710,20.3710,20.5460,1472203
2023-04-07T04:00:00,20.5450,20.5540,20.2180,20.2710,1585647
2023-04-07T08:00:00,20.2720,20.4300,20.1950,20.3100,1233625
2023-04-07T12:00:00,20.3100,20.6460,20.2630,20.5260,1652899
2023-04-07T16:00:00,20.5270,20.5620,20.4100,20.4800,769151
2023-04-07T20:00:00,20.4800,20.5220,20.3240,20.4330,777637
2023-04-08T00:00:00,20.4340,20.4850,20.2500,20.4720,923285
2023-04-08T04:00:00,20.4720,20.7260,20.4270,20.6010,1208342
2023-04-08T08:00:00,20.6000,20.6380,20.5190,20.5620,604156
2023-04-08T12:00:00,20.5610,20.5680,20.3070,20.4410,953935
2023-04-08T16:00:00,20.4400,20.4440,20.0500,20.1860,1696654
2023-04-08T20:00:00,20.1870,20.2260,19.8210,20.0250,1591875
2023-04-09T00:00:00,20.0240,20.2360,20.0050,20.0990,988711
2023-04-09T04:00:00,20.0980,20.2480,19.8470,20.0000,1282523
2023-04-09T08:00:00,19.9990,20.1900,19.9340,20.1800,855561
2023-04-09T12:00:00,20.1820,20.3200,20.0000,20.1120,1229986
2023-04-09T16:00:00,20.1120,20.4250,20.0540,20.2740,1634168
2023-04-09T20:00:00,20.2750,20.4390,20.1890,20.2780,1303184
2023-04-10T00:00:00,20.2770,20.3400,20.1100,20.2570,1007325
2023-04-10T04:00:00,20.2570,20.3420,20.1640,20.2390,605580
2023-04-10T08:00:00,20.2390,20.3730,20.2100,20.2760,811697
2023-04-10T12:00:00,20.2760,20.2950,20.0630,20.2100,1529605
2023-04-10T16:00:00,20.2110,20.7130,20.1610,20.6780,3113844
2023-04-10T20:00:00,20.6790,20.9500,20.5270,20.8930,2417108
2023-04-11T00:00:00,20.8920,21.2990,20.8190,21.2630,3163363
2023-04-11T04:00:00,21.2640,22.6880,21.2060,22.4680,12432111
2023-04-11T08:00:00,22.4680,22.6160,22.2070,22.2330,6595419
2023-04-11T12:00:00,22.2330,23.4910,22.1290,23.3060,17113553
2023-04-11T16:00:00,23.3060,23.7000,23.0250,23.4330,14667491
2023-04-11T20:00:00,23.4360,23.4920,22.8010,22.9990,8575863
2023-04-12T00:00:00,22.9990,23.5570,22.3110,22.5570,17501291
2023-04-12T04:00:00,22.5560,24.1000,22.5020,23.6830,16427397
2023-04-12T08:00:00,23.6830,23.9020,23.2680,23.4830,11290747
2023-04-12T12:00:00,23.4830,24.4920,23.2390,23.5920,25724545
2023-04-12T16:00:00,23.5910,24.3940,23.5220,23.8810,14903981
2023-04-12T20:00:00,23.8820,24.1700,23.6000,23.7980,6170423
2023-04-13T00:00:00,23.7980,24.1210,23.6350,23.9890,7454819
2023-04-13T04:00:00,23.9900,24.2900,23.8500,24.1090,6535091
2023-04-13T08:00:00,24.1090,24.6000,23.8970,24.3090,10411617
2023-04-13T12:00:00,24.3100,25.2900,24.2480,24.6120,14231741
2023-04-13T16:00:00,24.6110,24.8940,24.3740,24.7420,5349623
2023-04-13T20:00:00,24.7420,24.7890,24.3000,24.4240,3685615
2023-04-14T00:00:00,24.4230,25.3690,24.2000,25.0920,10824656
2023-04-14T04:00:00,25.0920,25.5000,24.8530,24.9140,7439961
2023-04-14T08:00:00,24.9150,25.1370,24.8100,25.0230,3848348
2023-04-14T12:00:00,25.0230,25.1000,23.8010,23.8450,10351031
2023-04-14T16:00:00,23.8450,24.7500,23.7250,24.5400,6788390
2023-04-14T20:00:00,24.5390,25.0000,24.4290,24.7210,3762709
2023-04-15T00:00:00,24.7200,24.8090,24.1510,24.2640,3189705
2023-04-15T04:00:00,24.2670,24.5160,24.0100,24.4130,2449592
2023-04-15T08:00:00,24.4130,24.5310,24.2200,24.3700,2308075
2023-04-15T12:00:00,24.3700,24.5300,24.1560,24.3510,2795202
2023-04-15T16:00:00,24.3500,24.4270,23.8470,24.0530,3466295
2023-04-15T20:00:00,24.0530,24.1590,23.8110,24.0570,2113761
2023-04-16T00:00:00,24.0570,24.5140,23.8240,24.3430,3345546
2023-04-16T04:00:00,24.3430,24.4700,24.2010,24.2600,1722417
2023-04-16T08:00:00,24.2600,24.3590,23.9640,24.0720,2080061
2023-04-16T12:00:00,24.0720,24.3840,24.0000,24.3260,2279938
2023-04-16T16:00:00,24.3260,24.8570,24.2100,24.5490,3562591
2023-04-16T20:00:00,24.5500,25.5380,24.3270,25.3520,8346791
2023-04-17T00:00:00,25.3520,26.0670,24.8000,25.8320,11044345
2023-04-17T04:00:00,25.8320,26.0000,25.1010,25.1450,5298929
2023-04-17T08:00:00,25.1450,25.3900,24.6810,24.9260,5571040
2023-04-17T12:00:00,24.9250,25.4800,24.3030,24.5430,10023796
2023-04-17T16:00:00,24.5430,24.9080,24.3530,24.7450,3792408
2023-04-17T20:00:00,24.7450,24.7980,24.4600,24.5900,1977245
2023-04-18T00:00:00,24.5900,24.6850,24.0000,24.4350,3795832
2023-04-18T04:00:00,24.4340,25.1670,24.3550,25.0970,4235019
2023-04-18T08:00:00,25.0990,25.4600,24.8660,25.3650,4476264
2023-04-18T12:00:00,25.3630,25.4140,24.8250,24.9440,4853388
2023-04-18T16:00:00,24.9430,25.0210,24.4280,24.6840,4048856
2023-04-18T20:00:00,24.6840,24.9270,24.5830,24.8290,2229218
2023-04-19T00:00:00,24.8290,24.9950,24.5340,24.6240,2038455
2023-04-19T04:00:00,24.6230,24.7850,24.2520,24.3580,3322487
2023-04-19T08:00:00,24.3580,24.3590,21.5170,23.1980,15683529
2023-04-19T12:00:00,23.1970,23.5500,22.9110,23.3250,5438177
2023-04-19T16:00:00,23.3260,23.4900,22.7940,22.9830,4594923
2023-04-19T20:00:00,22.9820,23.1590,22.1040,22.6550,5269033
2023-04-20T00:00:00,22.6540,23.0940,22.3550,22.8520,3780968
2023-04-20T04:00:00,22.8530,23.0670,22.5550,22.6070,3726485
2023-04-20T08:00:00,22.6060,22.8730,22.2100,22.3310,4133444
2023-04-20T12:00:00,22.3320,23.1800,22.0430,22.1140,7555913
2023-04-20T16:00:00,22.1160,22.4200,21.6000,21.7710,9135233
2023-04-20T20:00:00,21.7700,22.2900,21.6800,22.1840,2866776
2023-04-21T00:00:00,22.1850,22.4000,21.9680,22.2980,2683430
2023-04-21T04:00:00,22.2990,22.3460,21.8110,22.2530,3560482
2023-04-21T08:00:00,22.2530,22.3820,21.9170,22.0190,3262325
2023-04-21T12:00:00,22.0180,22.3000,21.7690,21.8660,4478892
2023-04-21T16:00:00,21.8660,21.9370,20.8090,21.2000,7384434
2023-04-21T20:00:00,21.1990,21.4200,20.9660,21.2470,3301903
2023-04-22T00:00:00,21.2460,21.3910,21.0330,21.3720,1719894
2023-04-22T04:00:00,21.3710,21.4890,21.2110,21.2700,1334065
2023-04-22T08:00:00,21.2700,21.3830,21.2000,21.3550,1168555
2023-04-22T12:00:00,21.3550,21.7210,21.3490,21.7200,2611891
2023-04-22T16:00:00,21.7210,21.9280,21.6080,21.7530,2780808
2023-04-22T20:00:00,21.7520,21.9900,21.6730,21.7820,1640413
2023-04-23T00:00:00,21.7830,21.7950,21.4200,21.7070,1946935
2023-04-23T04:00:00,21.7080,22.1450,21.6700,22.0690,2423441
2023-04-23T08:00:00,22.0720,22.2000,21.9100,22.1280,2884762
2023-04-23T12:00:00,22.1290,22.2450,21.4560,21.6410,4057111
2023-04-23T16:00:00,21.6400,21.6830,20.9000,21.1780,4950295
2023-04-23T20:00:00,21.1780,21.5480,21.0750,21.4610,2059139
2023-04-24T00:00:00,21.4610,22.0000,21.2500,21.7110,3537049
2023-04-24T04:00:00,21.7120,21.7740,21.1500,21.2810,2975283
2023-04-24T08:00:00,21.2810,21.7290,21.1190,21.7260,3320370
2023-04-24T12:00:00,21.7250,21.9790,21.2830,21.3430,4440695
2023-04-24T16:00:00,21.3440,21.5490,20.9740,21.3190,4176253
2023-04-24T20:00:00,21.3190,21.4650,21.2500,21.3730,1710869
2023-04-25T00:00:00,21.3770,21.4570,20.8000,20.8730,2994545
2023-04-25T04:00:00,20.8730,21.1440,20.8260,20.8790,2248575
2023-04-25T08:00:00,20.8780,21.0490,20.7140,20.9980,3520482
2023-04-25T12:00:00,20.9990,21.1630,20.7260,20.8610,4173884
2023-04-25T16:00:00,20.8610,21.2820,20.7540,21.1540,3826716
2023-04-25T20:00:00,21.1560,21.9590,21.1470,21.9240,4855943
2023-04-26T00:00:00,21.9230,22.0630,21.7220,21.7990,2271097
2023-04-26T04:00:00,21.7990,22.1780,21.7950,21.9140,2243414
2023-04-26T08:00:00,21.9150,22.6250,21.9090,22.4470,5093509
2023-04-26T12:00:00,22.4460,22.9770,22.4400,22.6690,6357500
2023-04-26T16:00:00,22.6700,22.8300,20.6870,21.0690,9059327
2023-04-26T20:00:00,21.0690,21.5160,20.2910,21.2560,9281386
2023-04-27T00:00:00,21.2560,22.0820,21.1550,21.6140,6355401
2023-04-27T04:00:00,21.6130,21.9930,21.5000,21.6600,2904797
2023-04-27T08:00:00,21.6590,21.7640,21.5110,21.6350,2453137
2023-04-27T12:00:00,21.6350,22.4450,21.2850,22.2400,6972700
2023-04-27T16:00:00,22.2410,22.5410,22.0140,22.3150,4674555
2023-04-27T20:00:00,22.3170,22.4860,22.0990,22.3260,3003613
2023-04-28T00:00:00,22.3250,22.6720,22.1820,22.3040,2707222
2023-04-28T04:00:00,22.3040,22.6600,22.2940,22.6010,2175217
2023-04-28T08:00:00,22.6010,22.8660,22.3270,22.4790,4028527
2023-04-28T12:00:00,22.4780,22.7430,22.1350,22.3720,5604548
2023-04-28T16:00:00,22.3720,23.4500,22.3650,23.2960,11556353
2023-04-28T20:00:00,23.2990,23.4980,23.1140,23.3310,3942612
2023-04-29T00:00:00,23.3300,23.4770,23.1880,23.2920,2754990
2023-04-29T04:00:00,23.2920,23.3970,23.1100,23.2560,1956045
2023-04-29T08:00:00,23.2570,23.3460,23.1640,23.2800,2436617
2023-04-29T12:00:00,23.2790,23.9010,23.2230,23.3440,6805737
2023-04-29T16:00:00,23.3440,23.3850,22.8300,23.2860,3602696
2023-04-29T20:00:00,23.2860,23.2910,22.9180,23.1750,2614729
2023-04-30T00:00:00,23.1750,23.1980,22.9610,23.1390,1701024
2023-04-30T04:00:00,23.1400,23.4760,23.0620,23.4120,2463816
2023-04-30T08:00:00,23.4130,23.7330,23.4090,23.4880,4091487
2023-04-30T12:00:00,23.4890,24.0000,23.3250,23.6650,5248241
2023-04-30T16:00:00,23.6670,23.8670,23.0210,23.1750,4885706
2023-04-30T20:00:00,23.1730,23.2230,22.6500,22.7290,3869367
2023-05-01T00:00:00,22.7280,22.8800,21.7400,22.1770,6405998
2023-05-01T04:00:00,22.1770,22.3630,21.9940,22.3130,2765823
2023-05-01T08:00:00,22.3120,22.3420,22.1370,22.2040,1989493
2023-05-01T12:00:00,22.2020,22.3020,21.7210,21.8720,5273341
2023-05-01T16:00:00,21.8730,21.9810,21.5060,21.7360,5285167
2023-05-01T20:00:00,21.7350,22.0640,21.5890,21.9390,2599581
2023-05-02T00:00:00,21.9390,22.0150,21.7260,21.8600,1833310
2023-05-02T04:00:00,21.8600,22.0000,21.7340,21.8910,1361526
2023-05-02T08:00:00,21.8900,21.9900,21.7800,21.9760,1905190
2023-05-02T12:00:00,21.9760,22.2920,21.7500,22.1780,5631251
2023-05-02T16:00:00,22.1760,22.3700,22.0860,22.2800,2517849
2023-05-02T20:00:00,22.2820,22.3300,22.1500,22.2440,1779097
2023-05-03T00:00:00,22.2430,22.2610,21.7430,21.8750,2862087
2023-05-03T04:00:00,21.8750,21.9970,21.5800,21.7360,3005389
2023-05-03T08:00:00,21.7350,21.8340,21.3260,21.3930,3153899
2023-05-03T12:00:00,21.3920,21.4830,21.2200,21.3180,5487145
2023-05-03T16:00:00,21.3180,21.7000,21.2530,21.3940,6697627
2023-05-03T20:00:00,21.3920,22.2970,21.3780,22.2270,5433398
2023-05-04T00:00:00,22.2270,22.4730,22.1280,22.2220,3757745
2023-05-04T04:00:00,22.2220,22.3380,22.0970,22.1080,2449260
2023-05-04T08:00:00,22.1080,22.4510,22.0800,22.2390,2906514
2023-05-04T12:00:00,22.2380,22.3180,21.7530,21.7960,5380844
2023-05-04T16:00:00,21.7970,21.9120,21.6100,21.7470,3394445
2023-05-04T20:00:00,21.7470,21.7870,21.6160,21.7260,1776446
2023-05-05T00:00:00,21.7260,22.1110,21.6600,21.8870,3468981
2023-05-05T04:00:00,21.8870,21.9970,21.6350,21.7760,2437688
2023-05-05T08:00:00,21.7760,22.0400,21.7610,22.0090,2058289
2023-05-05T12:00:00,22.0100,22.4810,21.5000,22.3090,7222022
2023-05-05T16:00:00,22.3080,22.9400,22.3080,22.8610,7824612
2023-05-05T20:00:00,22.8610,23.0730,22.7630,22.8130,3327235
2023-05-06T00:00:00,22.8130,23.2330,22.6310,22.7190,4801606
2023-05-06T04:00:00,22.7180,22.7950,22.5400,22.6290,2556618
2023-05-06T08:00:00,22.6300,22.6670,22.4200,22.6510,3117748
2023-05-06T12:00:00,22.6530,22.6800,21.5100,21.7630,8150489
2023-05-06T16:00:00,21.7630,22.1640,21.7190,21.9710,2972864
2023-05-06T20:00:00,21.9680,22.0110,21.8110,21.9080,1347988
2023-05-07T00:00:00,21.9090,22.0220,21.7000,21.8630,2192168
2023-05-07T04:00:00,21.8640,22.0630,21.8610,22.0420,1258393
2023-05-07T08:00:00,22.0430,22.2420,21.9230,22.0870,2287477
2023-05-07T12:00:00,22.0870,22.5470,22.0870,22.4460,3525008
2023-05-07T16:00:00,22.4460,22.7780,22.3750,22.4310,5060908
2023-05-07T20:00:00,22.4310,22.5500,21.6430,21.6590,4671039
2023-05-08T00:00:00,21.6590,21.8160,20.6000,21.2910,7353457
2023-05-08T04:00:00,21.2910,21.4220,20.8670,21.2110,3912874
2023-05-08T08:00:00,21.2110,21.3090,21.0280,21.2530,3947440
2023-05-08T12:00:00,21.2530,21.3860,21.0630,21.1440,4673133
2023-05-08T16:00:00,21.1450,21.1840,19.8380,20.3820,9264926
2023-05-08T20:00:00,20.3810,20.7370,20.3010,20.6150,3017550
2023-05-09T00:00:00,20.6160,20.7890,20.5000,20.6190,2325594
2023-05-09T04:00:00,20.6190,20.7060,20.4030,20.6720,2333570
2023-05-09T08:00:00,20.6730,20.8050,20.5040,20.7970,2474003
2023-05-09T12:00:00,20.7980,20.9810,20.4670,20.5380,4500256
2023-05-09T16:00:00,20.5390,20.8360,20.3990,20.6080,3601146
2023-05-09T20:00:00,20.6080,20.7220,20.4170,20.6480,1936524
2023-05-10T00:00:00,20.6490,20.8750,20.5960,20.6880,2124790
2023-05-10T04:00:00,20.6860,20.8100,20.5250,20.5390,1925885
2023-05-10T08:00:00,20.5390,20.7480,20.4700,20.7300,2161317
2023-05-10T12:00:00,20.7320,21.2940,20.6350,21.0740,7311993
2023-05-10T16:00:00,21.0740,21.1800,19.6260,20.9600,9129762
2023-05-10T20:00:00,20.9610,21.2840,20.7490,20.9090,4113157
2023-05-11T00:00:00,20.9090,20.9220,20.5110,20.5370,3017474
2023-05-11T04:00:00,20.5370,20.6850,20.5180,20.5820,2041369
2023-05-11T08:00:00,20.5810,20.6360,20.3000,20.4900,2703289
2023-05-11T12:00:00,20.4920,20.7800,19.8680,20.1510,7257843
2023-05-11T16:00:00,20.1510,20.1840,19.6500,19.9950,5802882
2023-05-11T20:00:00,19.9980,20.3130,19.9550,20.1630,2495101
2023-05-12T00:00:00,20.1640,20.2710,19.8160,19.9810,3175078
2023-05-12T04:00:00,19.9810,20.2080,19.7900,20.0820,3483725
2023-05-12T08:00:00,20.0830,20.3490,20.0440,20.2690,2459436
2023-05-12T12:00:00,20.2690,20.9310,20.2590,20.2820,4923659
2023-05-12T16:00:00,20.2830,20.5600,19.8900,20.4810,4722281
2023-05-12T20:00:00,20.4810,20.9380,20.4070,20.8980,3800213
2023-05-13T00:00:00,20.8980,21.1840,20.7920,21.1430,2940894
2023-05-13T04:00:00,21.1430,21.2340,20.9770,21.2050,2391333
2023-05-13T08:00:00,21.2050,21.2900,21.0230,21.0680,2044574
2023-05-13T12:00:00,21.0680,21.1300,20.7590,20.8580,2512708
2023-05-13T16:00:00,20.8560,21.1300,20.7790,20.9300,2432025
2023-05-13T20:00:00,20.9300,21.0100,20.8250,20.8320,1282835
2023-05-14T00:00:00,20.8320,20.9840,20.6110,20.9390,2791884
2023-05-14T04:00:00,20.9380,21.1790,20.9050,21.0820,1838978
2023-05-14T08:00:00,21.0850,21.1110,20.9370,20.9580,1209969
2023-05-14T12:00:00,20.9590,21.2900,20.8430,21.1710,2813563
2023-05-14T16:00:00,21.1710,21.1900,20.8510,20.9100,1788090
2023-05-14T20:00:00,20.9100,20.9780,20.8070,20.9170,1276658
2023-05-15T00:00:00,20.9150,21.2880,20.5890,21.2180,4525237
2023-05-15T04:00:00,21.2180,21.4970,21.0900,21.3800,3526158
2023-05-15T08:00:00,21.3800,21.5180,21.2550,21.2760,2277266
2023-05-15T12:00:00,21.2760,21.4460,21.1730,21.3700,2908023
2023-05-15T16:00:00,21.3710,21.4850,21.0950,21.1570,2833303
2023-05-15T20:00:00,21.1570,21.1590,20.9120,20.9710,2108700
2023-05-16T00:00:00,20.9710,21.1210,20.6470,20.8620,3079652
2023-05-16T04:00:00,20.8630,21.0600,20.7490,21.0330,1640441
2023-05-16T08:00:00,21.0320,21.1000,20.7960,20.8690,1825878
2023-05-16T12:00:00,20.8690,20.8910,20.6290,20.7730,3030261
2023-05-16T16:00:00,20.7740,20.8200,20.4540,20.4910,2633182
2023-05-16T20:00:00,20.4910,20.7320,20.4270,20.6690,2822412
2023-05-17T00:00:00,20.6690,21.0700,20.5730,20.9540,2951172
2023-05-17T04:00:00,20.9540,20.9950,20.5310,20.5570,2421081
2023-05-17T08:00:00,20.5570,20.6780,20.4510,20.5150,2752230
2023-05-17T12:00:00,20.5140,20.7250,20.4120,20.5820,3178227
2023-05-17T16:00:00,20.5820,21.1370,20.5320,21.0240,4946060
2023-05-17T20:00:00,21.0240,21.2000,20.9310,21.0470,2774626
2023-05-18T00:00:00,21.0480,21.0850,20.8660,21.0320,1901817
2023-05-18T04:00:00,21.0320,21.0450,20.7430,20.9180,2221204
2023-05-18T08:00:00,20.9170,20.9490,20.7360,20.8230,1918413
2023-05-18T12:00:00,20.8230,20.8310,20.4500,20.5120,3901397
2023-05-18T16:00:00,20.5120,20.5910,20.0530,20.3290,4812088
2023-05-18T20:00:00,20.3290,20.5110,20.2700,20.3290,1850377
2023-05-19T00:00:00,20.3290,20.4100,20.2710,20.3280,1307665
2023-05-19T04:00:00,20.3290,20.4650,20.2940,20.4220,1211000
2023-05-19T08:00:00,20.4230,20.5140,20.3620,20.4450,1199790
2023-05-19T12:00:00,20.4460,20.5860,20.2020,20.4030,3150308
2023-05-19T16:00:00,20.4030,20.5000,20.3080,20.3650,1643671
2023-05-19T20:00:00,20.3640,20.3930,20.3170,20.3430,807847
2023-05-20T00:00:00,20.3430,20.3580,20.1340,20.2700,1330881
2023-05-20T04:00:00,20.2700,20.2800,20.0580,20.1600,1322375
2023-05-20T08:00:00,20.1590,20.2420,20.1560,20.2060,836410
2023-05-20T12:00:00,20.2060,20.3110,20.1680,20.2680,903234
2023-05-20T16:00:00,20.2680,20.3460,20.1890,20.2800,1423436
2023-05-20T20:00:00,20.2810,20.3030,20.2050,20.2640,794787
2023-05-21T00:00:00,20.2650,20.3890,20.2140,20.2350,1139402
2023-05-21T04:00:00,20.2350,20.2900,20.2210,20.2800,589803
2023-05-21T08:00:00,20.2800,20.3300,20.0800,20.1370,1566329
2023-05-21T12:00:00,20.1360,20.1840,19.8000,19.9190,3339340
2023-05-21T16:00:00,19.9190,19.9950,19.8150,19.9750,2069978
2023-05-21T20:00:00,19.9760,20.0530,19.3000,19.6050,3892388
2023-05-22T00:00:00,19.6040,19.6670,19.2660,19.5280,2828159
2023-05-22T04:00:00,19.5280,19.7800,19.5160,19.6830,2075454
2023-05-22T08:00:00,19.6830,19.9150,19.6810,19.8650,2598007
2023-05-22T12:00:00,19.8650,20.0260,19.5610,19.6600,4029483
2023-05-22T16:00:00,19.6600,19.7580,19.5690,19.6820,2025691
2023-05-22T20:00:00,19.6830,19.7400,19.5010,19.5140,1650024
2023-05-23T00:00:00,19.5140,20.1700,19.4020,20.0380,4500449
2023-05-23T04:00:00,20.0380,20.0990,19.7100,19.8360,2861393
2023-05-23T08:00:00,19.8360,19.9270,19.7340,19.9150,1856980
2023-05-23T12:00:00,19.9160,20.0570,19.8000,19.9960,3299978
2023-05-23T16:00:00,19.9960,20.1450,19.8710,20.0230,3299213
2023-05-23T20:00:00,20.0240,20.1140,19.9710,20.0240,1644434
2023-05-24T00:00:00,20.0240,20.0680,19.4290,19.5450,4333581
2023-05-24T04:00:00,19.5460,19.5880,19.3600,19.4100,3698048
2023-05-24T08:00:00,19.4100,19.5520,19.3010,19.4130,2817320
2023-05-24T12:00:00,19.4120,19.4760,18.5300,19.1590,8689177
2023-05-24T16:00:00,19.1600,19.2880,19.0300,19.1860,3487847
2023-05-24T20:00:00,19.1850,19.3630,19.1380,19.2010,2152129
2023-05-25T00:00:00,19.2020,19.3920,18.7550,19.3570,3738988
2023-05-25T04:00:00,19.3570,19.4690,19.2600,19.2650,2089647
2023-05-25T08:00:00,19.2660,19.4160,19.2310,19.3790,1667973
2023-05-25T12:00:00,19.3790,19.6150,19.1780,19.2290,3256177
2023-05-25T16:00:00,19.2290,19.4290,19.1890,19.3130,2199920
2023-05-25T20:00:00,19.3130,19.3320,19.2030,19.2430,1110856
2023-05-26T00:00:00,19.2440,19.3610,19.1650,19.2810,1570946
2023-05-26T04:00:00,19.2820,19.3100,19.0750,19.3010,1896364
2023-05-26T08:00:00,19.3010,19.3500,19.2430,19.2920,1496359
2023-05-26T12:00:00,19.2940,19.5520,19.2050,19.4200,3081293
2023-05-26T16:00:00,19.4200,19.4840,19.2890,19.4590,1771894
2023-05-26T20:00:00,19.4590,19.4890,19.3420,19.3490,902817
2023-05-27T00:00:00,19.3500,19.4920,19.3240,19.4700,865856
2023-05-27T04:00:00,19.4710,19.6470,19.4370,19.5240,1421251
2023-05-27T08:00:00,19.5250,19.5390,19.4300,19.4760,990070
2023-05-27T12:00:00,19.4760,19.6080,19.4000,19.6040,1734563
2023-05-27T16:00:00,19.6050,19.6700,19.5100,19.6610,1678259
2023-05-27T20:00:00,19.6610,20.5350,19.6550,20.4150,6776106
2023-05-28T00:00:00,20.4150,20.8000,20.2790,20.4730,5190832
2023-05-28T04:00:00,20.4740,20.5450,20.4090,20.4790,1807481
2023-05-28T08:00:00,20.4800,20.6710,20.3900,20.5150,2514289
2023-05-28T12:00:00,20.5150,20.6730,20.4130,20.5010,2071507
2023-05-28T16:00:00,20.5010,20.9860,20.4610,20.7600,4076489
2023-05-28T20:00:00,20.7600,21.1870,20.7130,20.7970,4268806
2023-05-29T00:00:00,20.7980,20.9710,20.6160,20.7010,2844710
2023-05-29T04:00:00,20.7010,20.7720,20.5380,20.7290,2003804
2023-05-29T08:00:00,20.7290,20.7790,20.6020,20.7430,1384766
2023-05-29T12:00:00,20.7420,20.7810,20.4200,20.4810,2695106
2023-05-29T16:00:00,20.4810,20.5840,20.2650,20.4960,3952126
2023-05-29T20:00:00,20.4950,20.6900,20.4300,20.5750,1457078
2023-05-30T00:00:00,20.5750,21.1690,20.4550,20.8620,4203308
2023-05-30T04:00:00,20.8620,20.9160,20.6550,20.7380,2083483
2023-05-30T08:00:00,20.7380,21.3800,20.7380,21.2750,3856448
2023-05-30T12:00:00,21.2750,21.3780,20.8800,20.9570,5504460
2023-05-30T16:00:00,20.9560,21.3900,20.7920,21.3480,4308188
2023-05-30T20:00:00,21.3480,21.3900,21.1200,21.2440,1957075
2023-05-31T00:00:00,21.2450,21.3290,20.9410,21.0900,2043659
2023-05-31T04:00:00,21.0910,21.1320,20.4920,20.7090,4341341
2023-05-31T08:00:00,20.7110,20.8000,20.5190,20.6130,2267623
2023-05-31T12:00:00,20.6120,20.7010,20.3200,20.4730,3114667
2023-05-31T16:00:00,20.4740,20.7280,20.4450,20.6320,1756286
2023-05-31T20:00:00,20.6330,20.8300,20.6140,20.8090,1329729
2023-06-01T00:00:00,20.8100,20.9710,20.4110,20.6900,3062363
2023-06-01T04:00:00,20.6920,20.7380,20.5440,20.6110,1632299
2023-06-01T08:00:00,20.6110,20.7290,20.5810,20.7080,1318473
2023-06-01T12:00:00,20.7080,20.8950,20.6120,20.6860,2522363
2023-06-01T16:00:00,20.6870,20.8620,20.5000,20.6720,2687611
2023-06-01T20:00:00,20.6720,20.7160,20.3920,20.4860,1394640
2023-06-02T00:00:00,20.4860,20.7760,20.2890,20.7560,2228165
2023-06-02T04:00:00,20.7560,21.1370,20.7050,20.9880,2636865
2023-06-02T08:00:00,20.9870,21.2900,20.9840,21.2460,2271737
2023-06-02T12:00:00,21.2450,21.2870,20.9470,21.1860,3529561
2023-06-02T16:00:00,21.1850,21.3780,21.0630,21.2970,2032313
2023-06-02T20:00:00,21.2970,21.3590,21.1780,21.2470,1316728
2023-06-03T00:00:00,21.2460,21.3010,21.0670,21.1200,1035835
2023-06-03T04:00:00,21.1210,21.1810,21.0240,21.1720,1156993
2023-06-03T08:00:00,21.1720,21.2320,21.0810,21.1660,1098649
2023-06-03T12:00:00,21.1650,21.2460,21.0800,21.2380,1224329
2023-06-03T16:00:00,21.2390,21.3400,21.0260,21.0530,1770925
2023-06-03T20:00:00,21.0520,21.1860,20.9500,21.1830,995252
2023-06-04T00:00:00,21.1840,21.3080,21.0260,21.2540,1039754
2023-06-04T04:00:00,21.2540,21.8400,21.2150,21.6070,3250543
2023-06-04T08:00:00,21.6090,21.7240,21.4730,21.6940,1703342
2023-06-04T12:00:00,21.6940,22.1490,21.6750,22.0400,4590048
2023-06-04T16:00:00,22.0400,22.2970,21.8950,22.1860,3542092
2023-06-04T20:00:00,22.1870,22.2870,21.7700,21.8140,3269794
2023-06-05T00:00:00,21.8140,22.0470,21.5020,21.5310,3994402
2023-06-05T04:00:00,21.5310,21.6900,21.4040,21.6490,2931473
2023-06-05T08:00:00,21.6490,21.6820,21.4960,21.5930,1932910
2023-06-05T12:00:00,21.5930,21.5940,19.8500,19.9400,8304020
2023-06-05T16:00:00,19.9400,20.6140,19.1140,20.0170,12043829
2023-06-05T20:00:00,20.0170,20.1170,19.6530,19.9970,2435084
2023-06-06T00:00:00,19.9970,20.0200,19.6940,19.9800,1765016
2023-06-06T04:00:00,19.9820,20.1050,19.9010,20.0850,1776336
2023-06-06T08:00:00,20.0860,20.1120,19.8170,19.8740,1774138
2023-06-06T12:00:00,19.8750,20.1300,19.2290,19.9350,10121461
2023-06-06T16:00:00,19.9340,20.6540,19.9010,20.5690,5826287
2023-06-06T20:00:00,20.5730,20.6980,20.2210,20.3790,3188196
2023-06-07T00:00:00,20.3800,20.5230,20.0010,20.1450,2945438
2023-06-07T04:00:00,20.1440,20.2370,19.9550,19.9980,1512225
2023-06-07T08:00:00,19.9990,20.0920,19.5500,19.9370,3738086
2023-06-07T12:00:00,19.9380,19.9580,19.2100,19.3070,5946470
2023-06-07T16:00:00,19.3080,19.3080,18.5800,18.9630,7703938
2023-06-07T20:00:00,18.9640,18.9790,18.4990,18.6270,4071868
2023-06-08T00:00:00,18.6270,18.8700,18.2120,18.4580,3765564
2023-06-08T04:00:00,18.4570,18.7600,18.3760,18.6380,3361663
2023-06-08T08:00:00,18.6380,18.8130,18.5370,18.7660,2828344
2023-06-08T12:00:00,18.7670,18.9920,18.7000,18.8960,4442873
2023-06-08T16:00:00,18.8960,18.9110,18.5460,18.8470,2685836
2023-06-08T20:00:00,18.8460,19.1120,18.8060,18.8730,2317838
2023-06-09T00:00:00,18.8730,18.9100,18.5780,18.7550,2672788
2023-06-09T04:00:00,18.7540,18.7990,18.4580,18.5810,2376311
2023-06-09T08:00:00,18.5800,19.3780,18.5400,19.2580,4956689
2023-06-09T12:00:00,19.2580,19.3200,18.4700,18.6680,6855816
2023-06-09T16:00:00,18.6680,18.6690,17.1930,17.3820,14133484
2023-06-09T20:00:00,17.3830,17.7440,17.0950,17.3840,9572468
2023-06-10T00:00:00,17.3850,17.4180,15.9280,16.2800,18507576
2023-06-10T04:00:00,16.2790,16.4640,12.6000,14.3930,54682941
2023-06-10T08:00:00,14.3930,15.0860,14.2120,14.8950,17938818
2023-06-10T12:00:00,14.8940,14.9060,14.4000,14.7680,14133551
2023-06-10T16:00:00,14.7660,15.8640,14.5000,15.3140,24119724
2023-06-10T20:00:00,15.3140,15.8700,15.1770,15.6050,9328755
2023-06-11T00:00:00,15.6060,15.7770,15.3510,15.5470,6557323
2023-06-11T04:00:00,15.5470,15.7220,15.2490,15.3810,7056720
2023-06-11T08:00:00,15.3810,15.7040,15.2800,15.5180,7034725
2023-06-11T12:00:00,15.5170,15.6750,15.1010,15.2110,7453586
2023-06-11T16:00:00,15.2120,16.1800,15.1250,15.9770,11769272
2023-06-11T20:00:00,15.9770,16.1500,15.3480,15.5340,7735125
2023-06-12T00:00:00,15.5350,15.5940,14.9000,15.0860,9379674
2023-06-12T04:00:00,15.0870,15.3000,14.9760,15.0740,5679084
2023-06-12T08:00:00,15.0740,15.7030,15.0070,15.4010,8635198
2023-06-12T12:00:00,15.4020,15.4700,15.1250,15.1990,6274679
2023-06-12T16:00:00,15.1990,15.3210,14.7080,14.9500,10857811
2023-06-12T20:00:00,14.9490,15.3950,14.8920,15.1830,5869088
2023-06-13T00:00:00,15.1830,15.5230,14.9940,15.3310,6221065
2023-06-13T04:00:00,15.3300,15.5080,15.1150,15.4120,4436121
2023-06-13T08:00:00,15.4130,15.6910,15.3390,15.6280,7620495
2023-06-13T12:00:00,15.6290,16.0000,14.7510,14.7900,16220541
2023-06-13T16:00:00,14.7900,15.1650,14.7630,14.9560,6815239
2023-06-13T20:00:00,14.9560,15.0780,14.8500,15.0250,3872666
2023-06-14T00:00:00,15.0260,15.2900,14.9000,15.2270,4317319
2023-06-14T04:00:00,15.2270,15.2570,14.9900,15.0430,3811451
2023-06-14T08:00:00,15.0440,15.2400,15.0250,15.1950,3164269
2023-06-14T12:00:00,15.1950,15.2870,14.9800,15.0920,4606779
2023-06-14T16:00:00,15.0920,15.3720,14.8800,15.0770,9956070
2023-06-14T20:00:00,15.0780,15.1240,13.9700,14.4760,13135590
2023-06-15T00:00:00,14.4760,15.0890,14.3970,14.9150,5665469
2023-06-15T04:00:00,14.9150,14.9280,14.6190,14.8100,6220249
2023-06-15T08:00:00,14.8110,14.9140,14.4290,14.6580,7303014
2023-06-15T12:00:00,14.6580,14.8070,14.3460,14.4710,7484047
2023-06-15T16:00:00,14.4720,14.8120,14.1610,14.7520,10447937
2023-06-15T20:00:00,14.7520,15.0690,14.5870,14.7660,6189397
2023-06-16T00:00:00,14.7670,14.8640,14.6200,14.7880,2734947
2023-06-16T04:00:00,14.7890,14.9790,14.7710,14.8460,2761316
2023-06-16T08:00:00,14.8470,14.9430,14.5100,14.5610,4641214
2023-06-16T12:00:00,14.5600,15.0940,14.3150,15.0010,8838557
2023-06-16T16:00:00,15.0010,15.4750,14.8820,15.2700,8916375
2023-06-16T20:00:00,15.2710,15.4320,15.2140,15.3060,3195367
2023-06-17T00:00:00,15.3070,15.4200,15.1540,15.4160,2807174
2023-06-17T04:00:00,15.4170,16.2110,15.3540,15.8470,8654087
2023-06-17T08:00:00,15.8470,15.9360,15.7050,15.7610,3535066
2023-06-17T12:00:00,15.7620,15.9120,15.5450,15.6470,4244075
2023-06-17T16:00:00,15.6470,15.7850,15.6080,15.6460,2610706
2023-06-17T20:00:00,15.6450,15.7580,15.5770,15.6330,1845656
2023-06-18T00:00:00,15.6330,15.6530,15.4050,15.5770,2635494
2023-06-18T04:00:00,15.5760,15.6940,15.4660,15.5760,2572737
2023-06-18T08:00:00,15.5760,15.7400,15.4910,15.7130,2337558
2023-06-18T12:00:00,15.7130,15.7870,15.6020,15.7060,2419844
2023-06-18T16:00:00,15.7060,15.8420,15.6710,15.8040,1885112
2023-06-18T20:00:00,15.8040,15.8300,15.2500,15.4300,5204765
2023-06-19T00:00:00,15.4290,15.5810,15.3200,15.4840,2302426
2023-06-19T04:00:00,15.4840,15.5350,15.3890,15.4640,1879742
2023-06-19T08:00:00,15.4660,15.5630,15.4000,15.5520,1850471
2023-06-19T12:00:00,15.5510,15.6970,15.4420,15.5540,3891913
2023-06-19T16:00:00,15.5550,15.9890,15.4190,15.8490,8490297
2023-06-19T20:00:00,15.8490,16.1540,15.7810,16.1000,4278382
2023-06-20T00:00:00,16.1000,16.3160,16.0000,16.0210,5118271
2023-06-20T04:00:00,16.0200,16.1200,15.9030,15.9680,2454121
2023-06-20T08:00:00,15.9680,15.9750,15.7800,15.9150,2548530
2023-06-20T12:00:00,15.9150,16.0900,15.7150,15.9390,5538526
2023-06-20T16:00:00,15.9390,16.4970,15.8400,16.3450,9781154
2023-06-20T20:00:00,16.3440,16.6820,16.2640,16.6320,4876897
2023-06-21T00:00:00,16.6320,17.2210,16.5510,16.7550,7053044
2023-06-21T04:00:00,16.7550,16.9570,16.7020,16.8160,4147496
2023-06-21T08:00:00,16.8170,16.8800,16.6200,16.7760,3903055
2023-06-21T12:00:00,16.7750,17.0890,16.5110,16.8830,7028772
2023-06-21T16:00:00,16.8830,17.3070,16.8020,17.1220,8624089
2023-06-21T20:00:00,17.1240,17.3950,16.9540,17.2200,4524340
2023-06-22T00:00:00,17.2210,17.7370,17.1550,17.5250,4635445
2023-06-22T04:00:00,17.5240,17.5500,17.1300,17.3650,3545415
2023-06-22T08:00:00,17.3650,17.3930,16.5380,16.8440,6529193
2023-06-22T12:00:00,16.8440,17.1660,16.6210,16.8870,5914552
2023-06-22T16:00:00,16.8880,17.1030,16.7880,16.9290,3926797
2023-06-22T20:00:00,16.9290,16.9480,16.5600,16.6200,2897628
2023-06-23T00:00:00,16.6190,16.7900,16.5040,16.7760,2810558
2023-06-23T04:00:00,16.7770,16.8580,16.6740,16.7660,2160399
2023-06-23T08:00:00,16.7660,16.8330,16.5270,16.5850,3525300
2023-06-23T12:00:00,16.5840,17.0510,16.1290,16.9610,9850184
2023-06-23T16:00:00,16.9610,17.2900,16.8320,17.1130,9009858
2023-06-23T20:00:00,17.1130,17.5260,16.9050,17.1290,5993815
2023-06-24T00:00:00,17.1290,17.5350,17.0330,17.3600,5223593
2023-06-24T04:00:00,17.3600,17.4170,17.0050,17.0640,2693199
2023-06-24T08:00:00,17.0600,17.3160,17.0550,17.2000,2310579
2023-06-24T12:00:00,17.2010,17.3880,16.4000,16.6140,6157290
2023-06-24T16:00:00,16.6120,16.7850,16.3760,16.6770,4405161
2023-06-24T20:00:00,16.6760,16.6870,16.3200,16.6340,2507746
2023-06-25T00:00:00,16.6330,16.9850,16.5550,16.9740,2745772
2023-06-25T04:00:00,16.9760,17.3600,16.9180,17.2600,4595824
2023-06-25T08:00:00,17.2620,17.3760,16.9960,17.2390,3912880
2023-06-25T12:00:00,17.2380,17.2920,16.7500,17.1040,5154083
2023-06-25T16:00:00,17.1030,17.2740,16.8740,16.9780,4153850
2023-06-25T20:00:00,16.9790,17.0990,16.7810,16.9470,2360435
2023-06-26T00:00:00,16.9490,16.9570,16.5140,16.7420,4129542
2023-06-26T04:00:00,16.7410,17.0540,16.5970,16.9200,3195271
2023-06-26T08:00:00,16.9190,16.9700,16.7070,16.9180,3151315
2023-06-26T12:00:00,16.9180,17.1150,16.7250,16.8130,4473619
2023-06-26T16:00:00,16.8120,16.8120,16.0720,16.2990,7049885
2023-06-26T20:00:00,16.2990,16.3220,15.8880,16.2640,4130990
2023-06-27T00:00:00,16.2650,16.4880,16.1210,16.4820,3161718
2023-06-27T04:00:00,16.4820,16.7330,16.3400,16.7330,3169735
2023-06-27T08:00:00,16.7320,16.7700,16.5000,16.6820,3359419
2023-06-27T12:00:00,16.6810,16.8300,16.3210,16.3920,5171175
2023-06-27T16:00:00,16.3920,16.8150,16.3320,16.7160,3530295
2023-06-27T20:00:00,16.7160,16.9380,16.4820,16.6210,4174581
2023-06-28T00:00:00,16.6240,16.6490,16.1120,16.3930,5806684
2023-06-28T04:00:00,16.3930,16.3930,15.7440,15.9560,5754011
2023-06-28T08:00:00,15.9550,16.2200,15.8990,16.1980,2924096
2023-06-28T12:00:00,16.1970,16.5230,16.0740,16.3190,6083770
2023-06-28T16:00:00,16.3190,16.3980,15.4730,15.8930,6475846
2023-06-28T20:00:00,15.8930,16.0900,15.7650,15.9670,3349862
2023-06-29T00:00:00,15.9680,16.1940,15.8570,16.0290,2861603
2023-06-29T04:00:00,16.0290,16.3460,15.9930,16.2490,2910538
2023-06-29T08:00:00,16.2500,18.2830,16.2340,18.0440,25842010
2023-06-29T12:00:00,18.0450,18.2320,17.2500,17.6640,19738844
2023-06-29T16:00:00,17.6630,17.8050,17.5100,17.7250,8947591
2023-06-29T20:00:00,17.7200,18.0680,17.4260,17.9880,8216860
2023-06-30T00:00:00,17.9880,19.0850,17.8500,18.9510,21908987
2023-06-30T04:00:00,18.9500,19.0610,18.4030,18.7820,12197600
2023-06-30T08:00:00,18.7810,19.0190,18.5720,18.8650,8746394
2023-06-30T12:00:00,18.8650,19.6000,16.9910,18.2700,26301207
2023-06-30T16:00:00,18.2700,20.0380,18.1520,19.0910,19675213
2023-06-30T20:00:00,19.0900,19.3480,18.8230,18.8580,5205974
2023-07-01T00:00:00,18.8580,19.0080,18.1550,18.3060,7494772
2023-07-01T04:00:00,18.3070,18.4670,17.9000,18.4300,7403708
2023-07-01T08:00:00,18.4310,18.4980,18.1860,18.3280,4749766
2023-07-01T12:00:00,18.3280,18.5550,18.2410,18.4220,4240507
2023-07-01T16:00:00,18.4220,18.4790,18.2480,18.3190,2663769
2023-07-01T20:00:00,18.3200,18.7290,18.3190,18.6770,2118619
2023-07-02T00:00:00,18.6760,18.9140,18.4340,18.7640,7602011
2023-07-02T04:00:00,18.7640,19.4910,18.5450,19.2090,9421458
2023-07-02T08:00:00,19.2080,19.4040,18.9970,19.0330,6013938
2023-07-02T12:00:00,19.0340,19.4000,18.8500,19.2820,8745724
2023-07-02T16:00:00,19.2820,19.4940,19.0680,19.3600,6716607
2023-07-02T20:00:00,19.3600,19.7500,19.2240,19.4530,5507871
2023-07-03T00:00:00,19.4540,19.6580,19.1660,19.5700,4107296
2023-07-03T04:00:00,19.5710,19.5760,19.2140,19.4290,3281752
2023-07-03T08:00:00,19.4290,19.4990,19.3000,19.4650,3290725
2023-07-03T12:00:00,19.4660,19.4960,18.9310,19.2800,7543544
2023-07-03T16:00:00,19.2820,19.3470,19.0110,19.2740,4472614
2023-07-03T20:00:00,19.2750,19.3120,18.8500,19.2510,4060683
2023-07-04T00:00:00,19.2520,19.4980,19.2110,19.2850,3880931
2023-07-04T04:00:00,19.2860,19.3100,19.0500,19.0910,2881735
2023-07-04T08:00:00,19.0900,19.2520,19.0610,19.2390,2625908
2023-07-04T12:00:00,19.2400,19.9500,19.2040,19.8510,8744274
2023-07-04T16:00:00,19.8510,19.8630,19.2570,19.4980,7419061
2023-07-04T20:00:00,19.4980,19.5760,19.0870,19.1300,3185731
2023-07-05T00:00:00,19.1300,19.2950,19.0960,19.2840,2293589
2023-07-05T04:00:00,19.2840,19.3750,19.1880,19.3090,2093864
2023-07-05T08:00:00,19.3100,19.3220,18.1510,18.6950,7475477
2023-07-05T12:00:00,18.6950,18.8910,18.4300,18.5750,5803724
2023-07-05T16:00:00,18.5750,18.8770,18.5010,18.5900,3376562
2023-07-05T20:00:00,18.5900,19.0240,18.5280,18.9810,2457781
2023-07-06T00:00:00,18.9820,19.7500,18.9360,19.4540,9020959
2023-07-06T04:00:00,19.4550,19.7400,19.3280,19.5860,5376305
2023-07-06T08:00:00,19.5850,20.3500,19.5360,19.8900,12791561
2023-07-06T12:00:00,19.8880,19.9120,18.8030,19.6890,18437269
2023-07-06T16:00:00,19.6890,20.9500,19.4880,20.8850,20928931
2023-07-06T20:00:00,20.8840,20.9800,19.5500,19.5920,15094383
2023-07-07T00:00:00,19.5920,20.5320,19.4050,20.1970,12602542
2023-07-07T04:00:00,20.1960,20.2870,19.2850,19.4360,10585261
2023-07-07T08:00:00,19.4360,20.3590,19.2590,20.1490,12554396
2023-07-07T12:00:00,20.1500,21.7400,20.1500,21.2130,32488245
2023-07-07T16:00:00,21.2140,21.5390,21.0200,21.4180,15803328
2023-07-07T20:00:00,21.4170,21.9820,21.1150,21.4840,9100890
2023-07-08T00:00:00,21.4850,21.9990,21.4060,21.6810,11119883
2023-07-08T04:00:00,21.6820,22.2340,21.3150,21.9710,10674846
2023-07-08T08:00:00,21.9720,22.4680,21.8000,21.9290,19738763
2023-07-08T12:00:00,21.9290,21.9920,21.3620,21.5180,11635615
2023-07-08T16:00:00,21.5180,22.0000,21.3790,21.6160,10969631
2023-07-08T20:00:00,21.6170,21.9900,21.4000,21.8070,5761259
2023-07-09T00:00:00,21.8070,22.3920,21.5130,21.6630,10387202
2023-07-09T04:00:00,21.6630,21.8720,21.3750,21.5460,5855693
2023-07-09T08:00:00,21.5460,21.8940,21.4800,21.5960,5917487
2023-07-09T12:00:00,21.5960,21.8390,21.0830,21.2500,10226547
2023-07-09T16:00:00,21.2500,21.3930,21.1600,21.2830,4035117
2023-07-09T20:00:00,21.2840,21.4670,21.0000,21.3140,5068367
2023-07-10T00:00:00,21.3150,21.3620,20.7630,21.2440,9124232
2023-07-10T04:00:00,21.2450,21.2700,20.5420,20.7230,6259232
2023-07-10T08:00:00,20.7240,20.8730,20.4340,20.7810,8089943
2023-07-10T12:00:00,20.7810,21.3000,20.6560,21.1380,8472737
2023-07-10T16:00:00,21.1380,21.6190,20.9070,21.5680,8196998
2023-07-10T20:00:00,21.5680,21.7880,21.0620,21.2860,10620106
2023-07-11T00:00:00,21.2860,21.7930,21.1870,21.7250,6919653
2023-07-11T04:00:00,21.7260,22.2800,21.6860,22.1000,9490862
2023-07-11T08:00:00,22.1000,22.1460,21.8240,22.0330,6822538
2023-07-11T12:00:00,22.0310,22.3800,21.8590,22.1380,14691577
2023-07-11T16:00:00,22.1390,22.1880,21.8830,21.9630,6164216
2023-07-11T20:00:00,21.9640,22.0980,21.7180,22.0500,4508118
2023-07-12T00:00:00,22.0490,22.2720,21.8880,21.9030,5307391
2023-07-12T04:00:00,21.9030,22.1500,21.8430,22.0130,4244327
2023-07-12T08:00:00,22.0120,22.1740,21.9270,22.1110,3851505
2023-07-12T12:00:00,22.1110,23.0590,21.9700,22.4030,19518327
2023-07-12T16:00:00,22.4030,22.4560,21.7380,21.8400,9229233
2023-07-12T20:00:00,21.8400,22.1280,21.7560,21.9280,4596036
2023-07-13T00:00:00,21.9280,22.0160,21.5370,21.6480,6048645
2023-07-13T04:00:00,21.6490,21.9400,21.3490,21.7510,6883093
2023-07-13T08:00:00,21.7500,22.5010,21.7110,22.4060,8561156
2023-07-13T12:00:00,22.4070,25.7670,22.0340,24.0940,26405299
2023-07-13T16:00:00,24.0940,26.8870,24.0930,26.2140,40172861
2023-07-13T20:00:00,26.2130,26.2340,25.3650,26.0180,10369197
2023-07-14T00:00:00,26.0180,33.5790,25.6160,28.5710,37078777
2023-07-14T04:00:00,28.5710,28.9440,28.2550,28.7400,11171026
2023-07-14T08:00:00,28.7380,29.8000,27.6540,28.0770,17757070
2023-07-14T12:00:00,28.0770,28.3690,27.3860,28.1910,11881359
2023-07-14T16:00:00,28.1910,28.2700,25.5250,26.0790,22978288
2023-07-14T20:00:00,26.0780,26.9080,25.2200,26.6710,12404066
2023-07-15T00:00:00,26.6700,27.9700,26.4240,27.1550,14886333
2023-07-15T04:00:00,27.1550,28.9370,27.1120,28.7170,13087000
2023-07-15T08:00:00,28.7170,29.1110,28.4460,28.9320,12238110
2023-07-15T12:00:00,28.9300,29.0430,27.2580,27.5610,13457597
2023-07-15T16:00:00,27.5600,28.2000,27.0400,27.8860,11579015
2023-07-15T20:00:00,27.8860,27.8970,27.2050,27.4590,6082057
2023-07-16T00:00:00,27.4600,27.9440,26.3790,27.0180,11972525
2023-07-16T04:00:00,27.0190,27.9420,27.0140,27.6980,6059381
2023-07-16T08:00:00,27.6970,28.3410,27.6430,28.0620,7689684
2023-07-16T12:00:00,28.0660,28.7080,27.9000,28.0990,8957912
2023-07-16T16:00:00,28.0970,28.1340,27.3000,27.3600,6452481
2023-07-16T20:00:00,27.3590,27.7700,27.0600,27.4040,5887738
2023-07-17T00:00:00,27.4030,28.4370,27.2170,28.0120,8451195
2023-07-17T04:00:00,28.0120,28.4880,27.3740,27.6340,6611058
2023-07-17T08:00:00,27.6340,27.6360,26.5000,27.1250,11133183
2023-07-17T12:00:00,27.1250,27.3860,26.3920,27.0090,10318470
2023-07-17T16:00:00,27.0090,27.2590,25.5000,26.1670,15345908
2023-07-17T20:00:00,26.1680,26.9790,26.1430,26.7900,7683818
2023-07-18T00:00:00,26.7900,27.0980,26.4280,26.5550,5136064
2023-07-18T04:00:00,26.5560,26.6150,25.6560,25.7160,6938052
2023-07-18T08:00:00,25.7150,26.1250,24.8200,25.0180,13696624
2023-07-18T12:00:00,25.0190,25.7000,24.7510,25.5120,13140203
2023-07-18T16:00:00,25.5120,25.7900,24.8000,25.2920,9847564
2023-07-18T20:00:00,25.2910,25.5720,25.0250,25.5440,4412441
2023-07-19T00:00:00,25.5430,26.5890,25.3400,26.3960,8119412
2023-07-19T04:00:00,26.3970,26.5200,26.0610,26.1990,5360304
2023-07-19T08:00:00,26.1990,26.4990,25.6700,26.4730,6936810
2023-07-19T12:00:00,26.4730,26.7330,25.8200,26.3460,10648150
2023-07-19T16:00:00,26.3460,26.9030,26.1730,26.7560,9129223
2023-07-19T20:00:00,26.7570,26.9840,26.2360,26.2980,6067089
2023-07-20T00:00:00,26.3000,26.8070,26.1220,26.4840,4442812
2023-07-20T04:00:00,26.4830,26.9420,26.2880,26.8540,5064682
2023-07-20T08:00:00,26.8540,27.3860,26.7910,27.1430,7073514
2023-07-20T12:00:00,27.1430,27.2340,25.5600,25.6730,11836802
2023-07-20T16:00:00,25.6730,25.7580,25.1730,25.3910,7938902
2023-07-20T20:00:00,25.3920,25.6630,25.0000,25.3650,4868167
2023-07-21T00:00:00,25.3650,25.6180,25.0650,25.4710,4926029
2023-07-21T04:00:00,25.4710,25.4900,25.1000,25.1680,3932958
2023-07-21T08:00:00,25.1680,25.4720,25.0290,25.2680,4744626
2023-07-21T12:00:00,25.2690,25.5980,25.2330,25.2920,6765656
2023-07-21T16:00:00,25.2930,25.9960,25.1580,25.7820,7607389
2023-07-21T20:00:00,25.7830,25.8940,25.4360,25.4930,3651719
2023-07-22T00:00:00,25.4940,25.9650,25.4370,25.8310,3369367
2023-07-22T04:00:00,25.8300,25.8570,25.5720,25.7630,2465593
2023-07-22T08:00:00,25.7620,25.8860,25.3710,25.5940,3561883
2023-07-22T12:00:00,25.5940,25.7500,25.4920,25.6790,2557752
2023-07-22T16:00:00,25.6800,25.7320,25.1860,25.2860,3649726
2023-07-22T20:00:00,25.2850,25.3720,23.9500,24.5120,6799456
2023-07-23T00:00:00,24.5120,24.7950,24.1280,24.6970,4448562
2023-07-23T04:00:00,24.6970,24.8960,24.6140,24.6770,2985251
2023-07-23T08:00:00,24.6790,24.8440,24.6160,24.6540,2228408
2023-07-23T12:00:00,24.6530,24.7030,24.5040,24.6740,2380341
2023-07-23T16:00:00,24.6740,25.2490,24.6700,24.8910,5535155
2023-07-23T20:00:00,24.8910,24.9920,24.5110,24.7520,2951298
2023-07-24T00:00:00,24.7520,24.8320,24.2100,24.3290,3864319
2023-07-24T04:00:00,24.3300,24.6790,24.0470,24.5690,3502882
2023-07-24T08:00:00,24.5690,24.6260,22.7600,23.6170,9028132
2023-07-24T12:00:00,23.6160,23.6690,22.8140,23.2060,8879254
2023-07-24T16:00:00,23.2040,23.5000,23.0490,23.2920,4940664
2023-07-24T20:00:00,23.2910,23.5950,23.2260,23.3540,2919919
2023-07-25T00:00:00,23.3530,23.5150,23.1250,23.3640,3036510
2023-07-25T04:00:00,23.3640,23.3790,22.9440,23.0850,3178372
2023-07-25T08:00:00,23.0840,23.3900,23.0170,23.1670,3512210
2023-07-25T12:00:00,23.1660,23.5800,22.7000,23.1930,8768101
2023-07-25T16:00:00,23.1920,23.4600,23.0630,23.1560,4136052
2023-07-25T20:00:00,23.1550,23.3520,23.1040,23.2640,2227915
2023-07-26T00:00:00,23.2640,23.6870,23.1580,23.4990,4829362
2023-07-26T04:00:00,23.4990,23.6190,23.3500,23.4610,2934862
2023-07-26T08:00:00,23.4600,23.9700,23.4280,23.8120,5581654
2023-07-26T12:00:00,23.8110,24.9850,23.7960,24.8930,13843022
2023-07-26T16:00:00,24.8930,25.7220,24.4950,25.3600,17377480
2023-07-26T20:00:00,25.3590,25.5880,25.0500,25.1630,7506068
2023-07-27T00:00:00,25.1640,25.5000,24.6500,24.9140,8117862
2023-07-27T04:00:00,24.9130,25.3400,24.9130,25.0000,4710994
2023-07-27T08:00:00,24.9950,25.4810,24.9120,25.3780,5851123
2023-07-27T12:00:00,25.3780,25.6540,25.0250,25.1420,10280873
2023-07-27T16:00:00,25.1450,25.3270,24.7000,24.9380,7555079
2023-07-27T20:00:00,24.9390,25.2370,24.7480,25.0800,3646112
2023-07-28T00:00:00,25.0790,25.3950,24.8030,24.9200,3733182
2023-07-28T04:00:00,24.9200,25.0130,24.5410,24.6170,3990162
2023-07-28T08:00:00,24.6150,24.8330,24.5180,24.6300,3369337
2023-07-28T12:00:00,24.6300,25.5550,24.6250,25.2170,8374406
2023-07-28T16:00:00,25.2180,25.4110,24.8240,25.0320,5462002
2023-07-28T20:00:00,25.0310,25.1160,24.7890,24.7980,2332745
2023-07-29T00:00:00,24.7990,25.2080,24.7240,25.1270,3065350
2023-07-29T04:00:00,25.1270,25.2460,25.0240,25.0620,2189787
2023-07-29T08:00:00,25.0620,25.1710,24.9200,24.9550,2976124
2023-07-29T12:00:00,24.9550,25.1950,24.9000,25.0640,2763042
2023-07-29T16:00:00,25.0650,25.3450,25.0190,25.2040,3268072
2023-07-29T20:00:00,25.2050,25.3780,25.1250,25.1590,1942855
2023-07-30T00:00:00,25.1590,25.2000,25.0110,25.0220,1894624
2023-07-30T04:00:00,25.0220,25.1140,24.8110,24.9170,2369953
2023-07-30T08:00:00,24.9170,25.0490,24.8160,24.9670,2526623
2023-07-30T12:00:00,24.9670,25.0950,24.7060,24.8800,4425229
2023-07-30T16:00:00,24.8800,25.0000,23.6910,24.2390,5683968
2023-07-30T20:00:00,24.2390,24.3230,23.3960,24.2360,6178075
2023-07-31T00:00:00,24.2360,24.7690,24.1010,24.6300,4419675
2023-07-31T04:00:00,24.6310,24.6760,24.3560,24.4850,2893877
2023-07-31T08:00:00,24.4840,24.5830,24.3200,24.4560,2485312
2023-07-31T12:00:00,24.4560,24.6750,23.8910,23.9240,6334553
2023-07-31T16:00:00,23.9230,24.1500,23.5000,23.6650,5248190
2023-07-31T20:00:00,23.6640,23.9240,23.5440,23.7160,4315862
2023-08-01T00:00:00,23.7170,23.9790,22.6000,23.3900,7758010
2023-08-01T04:00:00,23.3910,23.6430,23.2570,23.4680,3499967
2023-08-01T08:00:00,23.4670,23.6230,23.2890,23.3310,3135628
2023-08-01T12:00:00,23.3320,23.4700,22.7380,23.2600,6611965
2023-08-01T16:00:00,23.2610,23.7910,23.1680,23.6050,5311125
2023-08-01T20:00:00,23.6050,24.0700,23.4540,24.0450,3860069
2023-08-02T00:00:00,24.0450,24.2760,23.6340,23.6560,6072485
2023-08-02T04:00:00,23.6560,23.8030,23.5670,23.6240,2987608
2023-08-02T08:00:00,23.6230,23.7000,23.4020,23.6700,3441284
2023-08-02T12:00:00,23.6700,23.7100,23.0900,23.2440,6783958
2023-08-02T16:00:00,23.2450,23.3220,22.7430,23.1670,6912076
2023-08-02T20:00:00,23.1670,23.3150,23.0010,23.1350,2527257
2023-08-03T00:00:00,23.1350,23.3860,23.0570,23.2410,2897299
2023-08-03T04:00:00,23.2410,23.2760,22.4400,22.6980,6081213
2023-08-03T08:00:00,22.6980,22.8380,22.4020,22.7330,5311854
2023-08-03T12:00:00,22.7330,23.1000,22.5920,22.7880,5962271
2023-08-03T16:00:00,22.7880,23.0640,22.6850,22.8750,4409900
2023-08-03T20:00:00,22.8740,23.1000,22.4430,22.6340,4591023
2023-08-04T00:00:00,22.6340,22.7760,22.4580,22.7360,4470396
2023-08-04T04:00:00,22.7350,23.0130,22.6400,22.9620,4247037
2023-08-04T08:00:00,22.9600,23.0610,22.8200,22.9020,3047434
2023-08-04T12:00:00,22.9010,23.5500,22.8490,23.3460,9047290
2023-08-04T16:00:00,23.3460,23.4580,22.7500,22.9330,6927815
2023-08-04T20:00:00,22.9330,23.0300,22.4320,22.7920,5189270
2023-08-05T00:00:00,22.7910,22.8240,22.4600,22.7170,3846106
2023-08-05T04:00:00,22.7170,22.8600,22.5460,22.7550,2177920
2023-08-05T08:00:00,22.7550,22.9340,22.7000,22.7770,2034898
2023-08-05T12:00:00,22.7780,22.8000,22.4710,22.5840,4074551
2023-08-05T16:00:00,22.5830,22.6800,22.1700,22.5840,4536316
2023-08-05T20:00:00,22.5830,22.6920,22.4730,22.6410,1658395
2023-08-06T00:00:00,22.6420,22.9000,22.5700,22.8280,2592937
2023-08-06T04:00:00,22.8280,23.1200,22.8170,23.0060,3608445
2023-08-06T08:00:00,23.0060,23.4700,22.9750,23.2060,5165950
2023-08-06T12:00:00,23.2050,23.2570,22.8440,23.0180,3460682
2023-08-06T16:00:00,23.0170,23.2790,22.9100,23.2020,2953066
2023-08-06T20:00:00,23.2020,23.3920,23.0450,23.1820,3165896
2023-08-07T00:00:00,23.1830,23.6710,23.0150,23.2880,4857220
2023-08-07T04:00:00,23.2890,23.4130,22.9630,23.1440,3012654
2023-08-07T08:00:00,23.1450,23.1540,23.0100,23.0910,2329255
2023-08-07T12:00:00,23.0920,23.1610,22.6350,22.7540,6288142
2023-08-07T16:00:00,22.7540,23.0690,22.2500,22.9590,7912436
2023-08-07T20:00:00,22.9600,23.1120,22.9060,23.1080,2008198
2023-08-08T00:00:00,23.1070,23.2230,23.0070,23.1410,2484060
2023-08-08T04:00:00,23.1410,23.3810,23.0880,23.2280,3478304
2023-08-08T08:00:00,23.2280,23.3780,23.1510,23.3750,2903469
2023-08-08T12:00:00,23.3740,23.9000,23.1750,23.7190,8903995
2023-08-08T16:00:00,23.7200,24.7870,23.6980,24.5710,13245435
2023-08-08T20:00:00,24.5710,24.6480,24.0440,24.2050,7202768
2023-08-09T00:00:00,24.2050,24.4760,24.1360,24.2960,3781285
2023-08-09T04:00:00,24.2960,24.6150,24.2480,24.5550,3732539
2023-08-09T08:00:00,24.5540,24.9900,24.5180,24.8470,6708556
2023-08-09T12:00:00,24.8470,24.9780,24.4100,24.5510,9414423
2023-08-09T16:00:00,24.5520,24.6080,24.2220,24.2960,4740520
2023-08-09T20:00:00,24.2980,24.4750,24.0920,24.3750,3199947
2023-08-10T00:00:00,24.3740,24.5360,24.2010,24.2340,2876079
2023-08-10T04:00:00,24.2350,24.3850,24.1210,24.3170,2707653
2023-08-10T08:00:00,24.3160,24.4960,24.2350,24.3960,2756328
2023-08-10T12:00:00,24.3970,24.8850,24.3520,24.5490,8221552
2023-08-10T16:00:00,24.5480,24.6240,24.3500,24.5850,3311570
2023-08-10T20:00:00,24.5830,24.7350,24.5410,24.6140,2584737
2023-08-11T00:00:00,24.6150,24.9320,24.6130,24.6800,4004659
2023-08-11T04:00:00,24.6790,24.8400,24.4620,24.4900,2805276
2023-08-11T08:00:00,24.4890,24.5710,24.3760,24.5290,2728521
2023-08-11T12:00:00,24.5290,24.8680,24.3870,24.5410,5647359
2023-08-11T16:00:00,24.5450,24.6600,24.3400,24.4490,3282141
2023-08-11T20:00:00,24.4490,24.6370,24.3700,24.6130,2338545
2023-08-12T00:00:00,24.6130,24.7600,24.3830,24.4650,2453519
2023-08-12T04:00:00,24.4650,24.5600,24.4130,24.5340,1718544
2023-08-12T08:00:00,24.5340,24.5550,24.4400,24.5470,1283772
2023-08-12T12:00:00,24.5480,24.7030,24.4910,24.6550,2124964
2023-08-12T16:00:00,24.6560,24.8390,24.6180,24.7280,2968614
2023-08-12T20:00:00,24.7280,25.3000,24.7030,24.9020,3761103
2023-08-13T00:00:00,24.9030,24.9440,24.6710,24.8810,2302198
2023-08-13T04:00:00,24.8810,24.8940,24.6320,24.7590,1640810
2023-08-13T08:00:00,24.7590,24.8640,24.6600,24.6940,1761473
2023-08-13T12:00:00,24.6930,24.7630,24.4510,24.5800,3293421
2023-08-13T16:00:00,24.5800,24.6860,24.3680,24.6450,3167229
2023-08-13T20:00:00,24.6450,24.6680,24.2070,24.2160,3128206
2023-08-14T00:00:00,24.2170,24.4230,24.0440,24.3840,4228392
2023-08-14T04:00:00,24.3850,24.5080,24.3640,24.4070,1698227
2023-08-14T08:00:00,24.4070,24.5800,24.3970,24.4980,2137606
2023-08-14T12:00:00,24.4980,24.8800,24.3070,24.8030,4470667
2023-08-14T16:00:00,24.8030,25.2900,24.5160,24.8170,8837868
2023-08-14T20:00:00,24.8170,25.2220,24.7510,25.1750,3793555
2023-08-15T00:00:00,25.1760,25.5000,24.8740,24.9820,5107346
2023-08-15T04:00:00,24.9820,25.0570,24.7060,24.8720,3600222
2023-08-15T08:00:00,24.8720,25.0440,24.7220,24.8260,3899710
2023-08-15T12:00:00,24.8260,24.9880,24.6200,24.7110,5038039
2023-08-15T16:00:00,24.7120,24.8320,23.4770,24.0370,8813569
2023-08-15T20:00:00,24.0360,24.1560,23.7220,23.8890,4510827
2023-08-16T00:00:00,23.8880,24.0120,23.6090,23.6730,3647424
2023-08-16T04:00:00,23.6760,23.7670,23.3360,23.4380,4696715
2023-08-16T08:00:00,23.4390,23.5750,23.2000,23.4960,4254203
2023-08-16T12:00:00,23.4960,23.4980,22.9040,23.0700,8217318
2023-08-16T16:00:00,23.0690,23.6210,22.8490,23.3280,7017400
2023-08-16T20:00:00,23.3280,23.3970,22.3000,22.8110,8945936
2023-08-17T00:00:00,22.8120,23.4260,22.4110,23.3030,6757488
2023-08-17T04:00:00,23.3020,23.3860,23.1940,23.2500,2523418
2023-08-17T08:00:00,23.2500,23.2980,22.9740,23.0840,3034484
2023-08-17T12:00:00,23.0840,23.4260,22.4680,22.8510,10227773
2023-08-17T16:00:00,22.8520,23.3180,22.6000,23.0780,7021069
2023-08-17T20:00:00,23.0790,23.1100,19.6300,21.6610,21619484
2023-08-18T00:00:00,21.6640,22.0270,21.2910,21.5420,6219884
2023-08-18T04:00:00,21.5420,22.1880,21.3800,22.0770,5248520
2023-08-18T08:00:00,22.0760,22.1680,21.7910,22.0040,3804915
2023-08-18T12:00:00,22.0050,22.0460,21.5580,21.6010,5306345
2023-08-18T16:00:00,21.6020,21.7450,20.8110,21.2760,10172759
2023-08-18T20:00:00,21.2760,21.4990,21.2200,21.3360,3621070
2023-08-19T00:00:00,21.3350,21.6540,21.2760,21.4160,2914397
2023-08-19T04:00:00,21.4150,21.8410,21.3560,21.8060,2966720
2023-08-19T08:00:00,21.8050,21.8730,21.5750,21.6300,2512726
2023-08-19T12:00:00,21.6300,21.9890,21.6140,21.9600,3167681
2023-08-19T16:00:00,21.9540,22.1700,21.7750,21.8710,4117685
2023-08-19T20:00:00,21.8660,21.9000,21.6950,21.8800,1873693
2023-08-20T00:00:00,21.8800,21.9500,21.7250,21.8010,1675077
2023-08-20T04:00:00,21.8000,21.8100,21.5500,21.7360,1887702
2023-08-20T08:00:00,21.7360,22.0160,21.6350,21.9540,2540735
2023-08-20T12:00:00,21.9540,21.9660,21.6550,21.7870,2765293
2023-08-20T16:00:00,21.7860,21.8700,21.5120,21.7840,2400677
2023-08-20T20:00:00,21.7840,21.9460,21.7040,21.7600,1795595
2023-08-21T00:00:00,21.7620,21.7670,21.3200,21.3910,3278557
2023-08-21T04:00:00,21.3920,21.6930,21.2670,21.3330,2977828
2023-08-21T08:00:00,21.3320,21.3520,20.9040,21.2250,5346197
2023-08-21T12:00:00,21.2240,21.4040,20.2000,20.7080,8902977
2023-08-21T16:00:00,20.7070,21.3790,20.6480,21.2780,5339728
2023-08-21T20:00:00,21.2780,21.4070,21.1790,21.1870,2507540
2023-08-22T00:00:00,21.1860,21.2630,21.0190,21.0950,1648758
2023-08-22T04:00:00,21.0950,21.1760,20.9500,21.1610,2545355
2023-08-22T08:00:00,21.1620,21.1960,20.9160,20.9260,2252985
2023-08-22T12:00:00,20.9250,21.0620,20.5400,20.6830,5822520
2023-08-22T16:00:00,20.6820,20.7180,19.9640,20.0480,11984235
2023-08-22T20:00:00,20.0480,20.6900,19.2000,20.5720,9196300
2023-08-23T00:00:00,20.5710,20.7550,20.4520,20.5770,3568682
2023-08-23T04:00:00,20.5770,20.8880,20.4720,20.7420,3686788
2023-08-23T08:00:00,20.7410,20.9240,20.6030,20.6210,2915694
2023-08-23T12:00:00,20.6210,21.0000,20.2830,20.9010,6354169
2023-08-23T16:00:00,20.9010,21.6750,20.8820,21.4810,9348145
2023-08-23T20:00:00,21.4800,21.8210,21.2450,21.7170,4944602
2023-08-24T00:00:00,21.7180,21.7980,21.5810,21.7460,2447165
2023-08-24T04:00:00,21.7450,21.9990,21.6560,21.7270,3555583
2023-08-24T08:00:00,21.7270,21.9000,21.6110,21.7680,2779938
2023-08-24T12:00:00,21.7680,21.7730,21.0010,21.0360,8663736
2023-08-24T16:00:00,21.0360,21.2020,20.6680,20.9140,6074158
2023-08-24T20:00:00,20.9140,21.0770,20.6520,21.0390,3372333
2023-08-25T00:00:00,21.0390,21.0430,20.4500,20.7210,3786214
2023-08-25T04:00:00,20.7220,20.7520,20.4070,20.5490,3382798
2023-08-25T08:00:00,20.5500,20.7550,20.5360,20.6630,2373075
2023-08-25T12:00:00,20.6640,20.8890,20.2290,20.3320,9173706
2023-08-25T16:00:00,20.3320,20.4530,20.0770,20.2290,5249789
2023-08-25T20:00:00,20.2290,20.4180,20.1770,20.4090,2212216
2023-08-26T00:00:00,20.4080,20.4150,20.2000,20.3860,1698674
2023-08-26T04:00:00,20.3850,20.4340,20.1860,20.3030,1962335
2023-08-26T08:00:00,20.3020,20.3400,20.2250,20.2840,1671469
2023-08-26T12:00:00,20.2840,20.3840,20.1730,20.3620,1989931
2023-08-26T16:00:00,20.3610,20.3780,20.1820,20.3320,2074199
2023-08-26T20:00:00,20.3320,20.3620,20.2220,20.2720,882437
2023-08-27T00:00:00,20.2730,20.3780,20.2320,20.2760,1407347
2023-08-27T04:00:00,20.2770,20.4200,20.2710,20.3690,1291068
2023-08-27T08:00:00,20.3680,20.7200,20.3550,20.5700,3815852
2023-08-27T12:00:00,20.5690,20.9160,20.5400,20.7410,3494857
2023-08-27T16:00:00,20.7410,20.7890,20.5350,20.7640,2766335
2023-08-27T20:00:00,20.7640,20.8260,20.6110,20.7790,1532517
2023-08-28T00:00:00,20.7780,20.7780,20.4160,20.4710,2967561
2023-08-28T04:00:00,20.4700,20.4940,20.1900,20.3790,3111719
2023-08-28T08:00:00,20.3800,20.3880,20.0050,20.3550,3454814
2023-08-28T12:00:00,20.3540,20.7850,20.3300,20.5290,6107258
2023-08-28T16:00:00,20.5280,20.6830,20.3510,20.4640,3411764
2023-08-28T20:00:00,20.4640,20.6350,20.3550,20.5490,2009512
2023-08-29T00:00:00,20.5490,20.7590,20.4200,20.4840,2385743
2023-08-29T04:00:00,20.4840,20.5160,20.2070,20.2520,2880293
2023-08-29T08:00:00,20.2510,20.3280,20.1020,20.1380,3375002
2023-08-29T12:00:00,20.1370,22.0630,20.1000,21.3240,19255113
2023-08-29T16:00:00,21.3220,21.9680,21.1810,21.5720,8760749
2023-08-29T20:00:00,21.5720,21.9580,21.5710,21.7720,4693523
2023-08-30T00:00:00,21.7720,21.9880,21.4540,21.6250,3840456
2023-08-30T04:00:00,21.6250,21.7380,21.5330,21.6300,2155675
2023-08-30T08:00:00,21.6300,21.7050,21.3570,21.4080,2970041
2023-08-30T12:00:00,21.4070,21.5140,20.6510,20.8260,9262697
2023-08-30T16:00:00,20.8270,20.8470,20.5780,20.6690,4273142
2023-08-30T20:00:00,20.6700,20.8800,20.6520,20.8070,1839140
2023-08-31T00:00:00,20.8070,20.8080,20.5980,20.6380,1912360
2023-08-31T04:00:00,20.6380,20.8270,20.6200,20.7580,1850676
2023-08-31T08:00:00,20.7580,21.0920,20.6590,20.8770,3410735
2023-08-31T12:00:00,20.8770,20.8840,20.1500,20.3190,6708818
2023-08-31T16:00:00,20.3180,20.3250,19.3560,19.8180,11455039
2023-08-31T20:00:00,19.8170,19.8360,19.4110,19.7200,4365100
2023-09-01T00:00:00,19.7210,19.9160,19.6810,19.8690,2194183
2023-09-01T04:00:00,19.8680,19.9250,19.7590,19.7930,2860830
2023-09-01T08:00:00,19.7920,19.9010,19.7170,19.8320,1932251
2023-09-01T12:00:00,19.8330,19.9240,19.2320,19.3890,7231722
2023-09-01T16:00:00,19.3890,19.5500,19.0090,19.2740,8546937
2023-09-01T20:00:00,19.2750,19.5140,19.2000,19.3150,2774524
2023-09-02T00:00:00,19.3160,19.5840,19.2960,19.5560,2180556
2023-09-02T04:00:00,19.5560,19.6470,19.4320,19.5580,2020379
2023-09-02T08:00:00,19.5590,19.6560,19.4800,19.5580,2011700
2023-09-02T12:00:00,19.5590,19.7000,19.3520,19.5460,3147707
2023-09-02T16:00:00,19.5450,19.5910,19.1140,19.3890,3469097
2023-09-02T20:00:00,19.3890,19.5420,19.3540,19.4800,1489671
2023-09-03T00:00:00,19.4810,19.6500,19.4430,19.6200,1499006
2023-09-03T04:00:00,19.6200,19.6320,19.4550,19.5160,1194236
2023-09-03T08:00:00,19.5170,19.5300,19.3140,19.4130,1631736
2023-09-03T12:00:00,19.4140,19.5570,19.2720,19.3210,2332948
2023-09-03T16:00:00,19.3220,19.5690,19.2100,19.4750,2352119
2023-09-03T20:00:00,19.4740,19.6270,19.4130,19.5550,1790689
2023-09-04T00:00:00,19.5540,20.0350,19.5360,19.7350,3928351
2023-09-04T04:00:00,19.7360,19.8500,19.5920,19.7640,2544832
2023-09-04T08:00:00,19.7640,19.8760,19.5720,19.5760,2464517
2023-09-04T12:00:00,19.5760,19.6380,19.2140,19.3980,5326887
2023-09-04T16:00:00,19.3980,19.5370,19.3200,19.4210,2177859
2023-09-04T20:00:00,19.4220,19.5240,19.1380,19.5140,2838999
2023-09-05T00:00:00,19.5140,19.5550,19.0180,19.2110,3814101
2023-09-05T04:00:00,19.2110,19.4650,19.2010,19.3950,2776746
2023-09-05T08:00:00,19.3950,19.6220,19.2440,19.5370,4504690
2023-09-05T12:00:00,19.5370,20.6000,19.4810,20.3830,16529668
2023-09-05T16:00:00,20.3840,20.5700,20.1570,20.2300,6259526
2023-09-05T20:00:00,20.2290,20.3480,20.0560,20.2570,3265802
2023-09-06T00:00:00,20.2570,20.3800,20.0730,20.1360,3719218
2023-09-06T04:00:00,20.1350,20.1540,19.6610,19.7190,5286089
2023-09-06T08:00:00,19.7180,19.8620,19.6930,19.7410,3158043
2023-09-06T12:00:00,19.7400,19.8200,19.1000,19.3770,8804745
2023-09-06T16:00:00,19.3770,19.9100,19.1050,19.4660,9192821
2023-09-06T20:00:00,19.4660,19.6560,19.4620,19.6200,2182094
2023-09-07T00:00:00,19.6190,19.7960,19.5550,19.7500,3242634
2023-09-07T04:00:00,19.7510,19.8140,19.5320,19.5400,2961926
2023-09-07T08:00:00,19.5410,19.5870,19.3500,19.3930,2877691
2023-09-07T12:00:00,19.3930,19.6270,19.3120,19.5120,4097005
2023-09-07T16:00:00,19.5120,19.7470,19.5100,19.6510,3927143
2023-09-07T20:00:00,19.6500,19.9920,19.6020,19.9000,5380675
2023-09-08T00:00:00,19.9010,20.2800,19.8190,20.0040,3974634
2023-09-08T04:00:00,20.0040,20.0720,19.8120,19.9000,3150947
2023-09-08T08:00:00,19.8990,19.9050,19.3410,19.5300,6192634
2023-09-08T12:00:00,19.5310,19.6920,19.4860,19.5220,3069795
2023-09-08T16:00:00,19.5210,19.5720,19.3690,19.5580,2595622
2023-09-08T20:00:00,19.5570,19.6400,19.4660,19.5960,1298540
2023-09-09T00:00:00,19.5970,19.5990,19.4520,19.5150,1118610
2023-09-09T04:00:00,19.5150,19.5710,19.4480,19.4570,1377615
2023-09-09T08:00:00,19.4560,19.5640,19.4360,19.5510,1359846
2023-09-09T12:00:00,19.5520,19.5730,19.4550,19.5090,1649881
2023-09-09T16:00:00,19.5080,19.5570,19.3520,19.4300,1830717
2023-09-09T20:00:00,19.4310,19.5220,19.4070,19.4250,989675
2023-09-10T00:00:00,19.4250,19.4260,19.1740,19.1920,3344870
2023-09-10T04:00:00,19.1920,19.1920,17.7660,18.5160,14958480
2023-09-10T08:00:00,18.5150,18.5150,18.2150,18.3180,5161070
2023-09-10T12:00:00,18.3170,18.4460,17.7330,18.1850,10663283
2023-09-10T16:00:00,18.1850,18.2570,17.8000,18.1680,9951569
2023-09-10T20:00:00,18.1670,18.5990,18.1160,18.2190,7773831
2023-09-11T00:00:00,18.2200,18.4440,17.9540,18.3300,7295201
2023-09-11T04:00:00,18.3300,18.4170,18.1370,18.1900,4864206
2023-09-11T08:00:00,18.1910,18.2140,17.3200,17.6480,14915179
2023-09-11T12:00:00,17.6480,18.0080,17.3330,17.8270,19785655
2023-09-11T16:00:00,17.8270,17.9900,17.4040,17.5010,8538478
2023-09-11T20:00:00,17.5010,17.7500,17.4050,17.7150,5317521
2023-09-12T00:00:00,17.7160,18.5310,17.5540,18.1760,12067257
2023-09-12T04:00:00,18.1750,18.2840,17.8500,17.9660,8026157
2023-09-12T08:00:00,17.9660,18.8400,17.9170,18.3000,11395636
2023-09-12T12:00:00,18.2990,18.3940,17.9000,17.9890,12376616
2023-09-12T16:00:00,17.9900,18.3100,17.6780,17.9240,10603126
2023-09-12T20:00:00,17.9240,18.0450,17.8520,17.9040,3104299
2023-09-13T00:00:00,17.9030,18.1660,17.7660,17.8230,4627925
2023-09-13T04:00:00,17.8240,18.5990,17.6760,17.8840,9940237
2023-09-13T08:00:00,17.8830,18.2800,17.8500,18.1730,8234282
2023-09-13T12:00:00,18.1730,18.5440,17.9340,18.3400,12061143
2023-09-13T16:00:00,18.3400,18.5300,17.8590,18.3370,17745389
2023-09-13T20:00:00,18.3370,18.4980,18.2360,18.3890,4612761
2023-09-14T00:00:00,18.3900,19.3350,18.3720,18.9210,15359630
2023-09-14T04:00:00,18.9210,18.9300,18.5960,18.7750,5965765
2023-09-14T08:00:00,18.7740,18.8960,18.5150,18.8310,6625994
2023-09-14T12:00:00,18.8310,19.1840,18.7280,18.9660,10705757
2023-09-14T16:00:00,18.9660,19.1240,18.8480,19.0370,6901833
2023-09-14T20:00:00,19.0380,19.0900,18.7630,18.8350,3511662
2023-09-15T00:00:00,18.8350,19.2000,18.7040,19.1300,4231079
2023-09-15T04:00:00,19.1310,19.2830,19.0120,19.0750,4181440
2023-09-15T08:00:00,19.0750,19.2400,18.9780,18.9970,4267988
2023-09-15T12:00:00,18.9970,19.0500,18.7140,18.8770,5722137
2023-09-15T16:00:00,18.8770,18.9120,18.5430,18.7180,4674642
2023-09-15T20:00:00,18.7170,19.4950,18.6620,19.1360,6648310
2023-09-16T00:00:00,19.1370,19.4590,19.0370,19.2000,5175705
2023-09-16T04:00:00,19.2000,19.3670,19.0500,19.0930,3385391
2023-09-16T08:00:00,19.0920,19.2620,19.0160,19.1400,2972094
2023-09-16T12:00:00,19.1390,19.1820,18.8460,18.9510,3759236
2023-09-16T16:00:00,18.9510,19.1260,18.9100,18.9440,2299602
2023-09-16T20:00:00,18.9450,19.1400,18.9340,19.1120,1693821
2023-09-17T00:00:00,19.1110,19.1260,18.7120,19.0180,3898459
2023-09-17T04:00:00,19.0170,19.0500,18.8810,18.8950,1886720
2023-09-17T08:00:00,18.8950,19.0950,18.8600,19.0160,2020661
2023-09-17T12:00:00,19.0170,19.0670,18.9420,18.9680,1597530
2023-09-17T16:00:00,18.9660,18.9830,18.7270,18.8760,3154926
2023-09-17T20:00:00,18.8760,18.8790,18.6000,18.7980,3167225
2023-09-18T00:00:00,18.7990,19.2840,18.5600,19.1950,6540266
2023-09-18T04:00:00,19.1950,19.3000,18.9830,19.1120,4948501
2023-09-18T08:00:00,19.1110,19.7490,19.0750,19.5790,8574092
2023-09-18T12:00:00,19.5790,20.1500,19.5130,19.9400,9864858
2023-09-18T16:00:00,19.9400,20.0450,19.4940,19.7670,9684280
2023-09-18T20:00:00,19.7670,19.8900,19.5820,19.6280,3148007
2023-09-19T00:00:00,19.6270,19.9770,19.5530,19.9560,3459096
2023-09-19T04:00:00,19.9570,19.9700,19.7300,19.7870,2631168
2023-09-19T08:00:00,19.7870,20.4440,19.7580,20.2070,8520672
2023-09-19T12:00:00,20.2080,20.2170,19.7940,20.1230,7506692
2023-09-19T16:00:00,20.1220,20.1520,19.8140,19.9170,5182983
2023-09-19T20:00:00,19.9180,20.0800,19.8250,20.0190,2345178
2023-09-20T00:00:00,20.0180,20.2380,19.8340,19.9000,3304698
2023-09-20T04:00:00,19.8990,19.9630,19.7760,19.9440,2978220
2023-09-20T08:00:00,19.9440,20.1580,19.8500,20.0470,4815927
2023-09-20T12:00:00,20.0480,20.3800,19.8730,20.1890,7011868
2023-09-20T16:00:00,20.1890,20.5470,19.8480,20.1040,9090993
2023-09-20T20:00:00,20.1030,20.4500,20.0800,20.2780,3603549
2023-09-21T00:00:00,20.2770,20.2880,19.9070,20.1750,3231590
2023-09-21T04:00:00,20.1740,20.1800,19.7400,19.9010,3902268
2023-09-21T08:00:00,19.9010,19.9500,19.4760,19.5880,6852391
2023-09-21T12:00:00,19.5880,19.6510,19.2730,19.5990,7267246
2023-09-21T16:00:00,19.5980,19.6990,19.5200,19.6140,2765049
2023-09-21T20:00:00,19.6150,19.6240,19.4100,19.4420,2377939
2023-09-22T00:00:00,19.4430,19.6740,19.2100,19.6550,4184659
2023-09-22T04:00:00,19.6560,19.7240,19.5300,19.6290,2551095
2023-09-22T08:00:00,19.6290,19.8040,19.5820,19.6740,2976466
2023-09-22T12:00:00,19.6740,19.7000,19.4440,19.4530,3308077
2023-09-22T16:00:00,19.4520,19.4960,19.2890,19.3480,4308581
2023-09-22T20:00:00,19.3480,19.4800,19.1300,19.4170,3023225
2023-09-23T00:00:00,19.4160,19.5760,19.2740,19.3710,2507886
2023-09-23T04:00:00,19.3700,19.5300,19.3070,19.5110,1548587
2023-09-23T08:00:00,19.5100,19.5270,19.4280,19.5080,1414601
2023-09-23T12:00:00,19.5090,19.5180,19.2900,19.3090,2074605
2023-09-23T16:00:00,19.3090,19.4800,19.2800,19.4580,1849876
2023-09-23T20:00:00,19.4580,19.4770,19.3730,19.4720,1264590
2023-09-24T00:00:00,19.4720,19.6500,19.4450,19.5600,2285111
2023-09-24T04:00:00,19.5600,19.6370,19.4800,19.6110,1374011
2023-09-24T08:00:00,19.6110,19.6710,19.5250,19.5900,1412671
2023-09-24T12:00:00,19.5900,19.6400,19.4240,19.5100,2229499
2023-09-24T16:00:00,19.5090,19.6490,19.4160,19.4530,3376008
2023-09-24T20:00:00,19.4520,19.5200,19.1700,19.3510,2986834
2023-09-25T00:00:00,19.3500,19.6000,19.0580,19.4690,4437434
2023-09-25T04:00:00,19.4700,19.5410,19.3260,19.4790,2151047
2023-09-25T08:00:00,19.4780,19.5750,19.3850,19.5310,2547752
2023-09-25T12:00:00,19.5320,19.6660,19.4340,19.5590,4155898
2023-09-25T16:00:00,19.5600,19.7300,19.4550,19.5080,3672636
2023-09-25T20:00:00,19.5100,19.5640,19.3430,19.3810,1611236
2023-09-26T00:00:00,19.3800,19.5210,19.2760,19.4360,2574219
2023-09-26T04:00:00,19.4360,19.4690,19.2900,19.3180,2867426
2023-09-26T08:00:00,19.3180,19.4270,19.2280,19.3760,2696126
2023-09-26T12:00:00,19.3770,19.3960,19.1160,19.1580,3690307
2023-09-26T16:00:00,19.1570,19.2930,19.1120,19.2280,2241187
2023-09-26T20:00:00,19.2270,19.2580,18.8120,19.0160,3531375
2023-09-27T00:00:00,19.0160,19.1270,18.9220,19.0220,2203226
2023-09-27T04:00:00,19.0210,19.0390,18.8850,18.9390,1717604
2023-09-27T08:00:00,18.9380,19.4740,18.8530,19.3920,6800866
2023-09-27T12:00:00,19.3920,19.4500,18.7550,18.9340,7666699
2023-09-27T16:00:00,18.9330,19.0180,18.7160,18.9660,3355188
2023-09-27T20:00:00,18.9660,19.1490,18.8630,19.1200,1897909
2023-09-28T00:00:00,19.1200,19.4290,19.0850,19.1970,3593924
2023-09-28T04:00:00,19.1970,19.2750,19.1620,19.2190,1741162
2023-09-28T08:00:00,19.2180,19.3190,19.1040,19.1590,2570325
2023-09-28T12:00:00,19.1590,19.6220,19.1380,19.5940,5422843
2023-09-28T16:00:00,19.5960,19.7170,19.4150,19.7000,4669051
2023-09-28T20:00:00,19.7010,19.9820,19.5620,19.9480,3510653
2023-09-29T00:00:00,19.9480,20.3250,19.8310,20.1960,5390972
2023-09-29T04:00:00,20.1950,20.3500,20.0420,20.2650,3874097
2023-09-29T08:00:00,20.2660,20.2960,20.0260,20.0710,3050643
2023-09-29T12:00:00,20.0710,20.4570,20.0040,20.3220,6760924
2023-09-29T16:00:00,20.3220,20.3400,20.0660,20.2340,2801265
2023-09-29T20:00:00,20.2340,20.3450,20.1900,20.2600,1670659
2023-09-30T00:00:00,20.2590,20.4390,20.1850,20.2110,1729799
2023-09-30T04:00:00,20.2110,20.3400,20.0550,20.3040,1868063
2023-09-30T08:00:00,20.3050,20.3820,20.2400,20.2710,2029436
2023-09-30T12:00:00,20.2700,21.6470,20.2650,21.4150,16733620
2023-09-30T16:00:00,21.4140,21.7970,21.2440,21.3840,8773229
2023-09-30T20:00:00,21.3840,21.4440,21.2200,21.3480,2385297
2023-10-01T00:00:00,21.3470,21.4190,21.1180,21.1940,3149407
2023-10-01T04:00:00,21.1950,21.3970,21.1480,21.3500,2406776
2023-10-01T08:00:00,21.3500,24.4000,21.3380,22.9550,19336319
2023-10-01T12:00:00,22.9530,23.4280,22.8130,23.0840,10783991
2023-10-01T16:00:00,23.0840,23.0880,22.4310,22.7140,7506621
2023-10-01T20:00:00,22.7130,24.5060,22.5710,23.8730,16084833
2023-10-02T00:00:00,23.8730,24.3330,23.5640,24.0840,8474692
2023-10-02T04:00:00,24.0840,24.8300,23.9280,24.3220,10862909
2023-10-02T08:00:00,24.3220,24.5120,23.7500,23.8250,9255471
2023-10-02T12:00:00,23.8230,24.4730,23.5680,24.0470,15106852
2023-10-02T16:00:00,24.0460,24.2940,22.8260,23.8200,15372738
2023-10-02T20:00:00,23.8150,23.8240,22.8810,23.3660,8386035
2023-10-03T00:00:00,23.3660,23.7560,23.2900,23.6450,4731348
2023-10-03T04:00:00,23.6450,24.2490,23.4700,23.8100,7182767
2023-10-03T08:00:00,23.8100,24.4580,23.7600,23.9080,10867848
2023-10-03T12:00:00,23.9080,24.7770,23.7370,23.9780,20073370
2023-10-03T16:00:00,23.9780,24.3230,23.4160,23.5140,10186835
2023-10-03T20:00:00,23.5150,23.7420,23.1650,23.5940,7968514
2023-10-04T00:00:00,23.5950,23.6450,22.7670,23.0950,12467935
2023-10-04T04:00:00,23.0940,23.2340,22.7590,23.1510,5759994
2023-10-04T08:00:00,23.1510,23.8500,23.0910,23.5680,8274316
2023-10-04T12:00:00,23.5670,23.6350,22.6270,22.6840,10792426
2023-10-04T16:00:00,22.6860,23.2780,22.5430,22.9120,9566025
2023-10-04T20:00:00,22.9130,23.2990,22.8440,23.1060,3158442
2023-10-05T00:00:00,23.1060,23.7500,23.0260,23.2180,6579331
2023-10-05T04:00:00,23.2170,23.4700,22.8260,22.9950,4952116
2023-10-05T08:00:00,22.9960,23.3450,22.8790,23.2070,4705616
2023-10-05T12:00:00,23.2070,23.5930,22.5520,22.7900,12631392
2023-10-05T16:00:00,22.7890,23.0400,22.4830,22.7820,9479232
2023-10-05T20:00:00,22.7780,22.8600,22.5970,22.6820,3354835
2023-10-06T00:00:00,22.6810,23.3460,22.6480,23.1690,5151646
2023-10-06T04:00:00,23.1700,23.4450,22.9320,23.3160,5341569
2023-10-06T08:00:00,23.3150,23.5620,23.0710,23.1690,7027295
2023-10-06T12:00:00,23.1700,23.6640,22.6660,23.4870,13173041
2023-10-06T16:00:00,23.4870,23.7490,23.3150,23.4150,6648901
2023-10-06T20:00:00,23.4150,23.7800,23.2900,23.3910,4061960
2023-10-07T00:00:00,23.3910,23.7300,23.3230,23.6630,3902187
2023-10-07T04:00:00,23.6630,24.2080,23.4520,23.5050,6708383
2023-10-07T08:00:00,23.5060,23.8130,23.3420,23.4670,5306278
2023-10-07T12:00:00,23.4670,23.5680,23.2800,23.3340,4026732
2023-10-07T16:00:00,23.3340,23.4380,23.0640,23.1170,3581071
2023-10-07T20:00:00,23.1170,23.3390,23.0970,23.2790,1716727
2023-10-08T00:00:00,23.2790,23.6420,23.1500,23.5120,3592053
2023-10-08T04:00:00,23.5130,23.5390,23.1760,23.3180,2980142
2023-10-08T08:00:00,23.3170,23.5200,23.1310,23.2150,4076864
2023-10-08T12:00:00,23.2150,23.4850,23.0460,23.4720,4482347
2023-10-08T16:00:00,23.4720,23.5500,23.2480,23.3130,3553439
2023-10-08T20:00:00,23.3120,23.4730,23.1510,23.2040,2381327
2023-10-09T00:00:00,23.2040,23.3140,23.0660,23.2380,3432075
2023-10-09T04:00:00,23.2380,23.3640,22.8350,22.9720,3861915
2023-10-09T08:00:00,22.9730,22.9980,21.8200,22.1650,11339085
2023-10-09T12:00:00,22.1650,22.3740,22.0630,22.1870,5095573
2023-10-09T16:00:00,22.1870,22.4190,21.5000,22.1850,10779930
2023-10-09T20:00:00,22.1860,22.2370,21.9710,22.0770,2484071
2023-10-10T00:00:00,22.0780,22.2450,21.8710,22.1330,3741120
2023-10-10T04:00:00,22.1340,22.3860,22.0290,22.3040,2482284
2023-10-10T08:00:00,22.3050,22.4370,22.0970,22.1170,4109848
2023-10-10T12:00:00,22.1170,22.4770,21.9110,21.9700,7331203
2023-10-10T16:00:00,21.9700,22.0630,21.6760,22.0140,6040935
2023-10-10T20:00:00,22.0130,22.1930,21.7820,22.1070,2710663
2023-10-11T00:00:00,22.1060,22.2800,21.7050,21.9620,5475976
2023-10-11T04:00:00,21.9620,22.3500,21.9380,21.9960,4733797
2023-10-11T08:00:00,21.9980,22.4000,21.9790,22.1300,5040649
2023-10-11T12:00:00,22.1300,22.3220,21.8000,21.9800,6704981
2023-10-11T16:00:00,21.9810,22.0220,21.6120,21.8920,6300515
2023-10-11T20:00:00,21.8930,22.0200,21.7300,21.9980,2566377
2023-10-12T00:00:00,21.9980,22.0450,21.4640,21.6950,4405201
2023-10-12T04:00:00,21.6950,21.8330,21.6290,21.6390,2569238
2023-10-12T08:00:00,21.6380,21.6520,21.0800,21.4910,7773967
2023-10-12T12:00:00,21.4910,21.5220,21.2240,21.2700,5108646
2023-10-12T16:00:00,21.2710,21.3570,20.8200,21.2000,7307629
2023-10-12T20:00:00,21.1980,21.3380,21.1150,21.2740,2248713
2023-10-13T00:00:00,21.2740,21.4650,21.1100,21.1200,2563561
2023-10-13T04:00:00,21.1200,21.4520,21.1030,21.3770,2412488
2023-10-13T08:00:00,21.3770,21.5750,21.2900,21.4650,3201147
2023-10-13T12:00:00,21.4650,21.6000,21.3370,21.4080,4408317
2023-10-13T16:00:00,21.4070,21.5940,21.4000,21.5630,2442804
2023-10-13T20:00:00,21.5620,22.1960,21.5480,21.8290,8685348
2023-10-14T00:00:00,21.8280,22.0570,21.7800,22.0140,2920050
2023-10-14T04:00:00,22.0150,22.1160,21.9200,22.0460,2889211
2023-10-14T08:00:00,22.0470,22.3680,21.8960,21.9660,4378445
2023-10-14T12:00:00,21.9650,22.0880,21.8330,22.0690,2784729
2023-10-14T16:00:00,22.0680,22.0850,21.9600,22.0330,1503645
2023-10-14T20:00:00,22.0300,22.0310,21.9110,21.9830,1246662
2023-10-15T00:00:00,21.9820,22.1710,21.8120,21.9230,2540143
2023-10-15T04:00:00,21.9230,21.9580,21.8540,21.9260,1341022
2023-10-15T08:00:00,21.9270,22.0100,21.8020,21.8570,2450368
2023-10-15T12:00:00,21.8570,21.9280,21.6400,21.7200,3353095
2023-10-15T16:00:00,21.7200,21.9760,21.6900,21.9000,2535928
2023-10-15T20:00:00,21.9010,22.1000,21.8090,21.9180,3389912
2023-10-16T00:00:00,21.9180,22.2200,21.8760,22.0930,2929665
2023-10-16T04:00:00,22.0920,22.8440,22.0880,22.8080,7805058
2023-10-16T08:00:00,22.8090,23.1550,22.6200,23.1310,6417030
2023-10-16T12:00:00,23.1320,25.0480,22.8920,23.1500,25954877
2023-10-16T16:00:00,23.1510,24.1260,23.1320,23.8500,8468179
2023-10-16T20:00:00,23.8510,24.1980,23.6350,23.9390,6311208
2023-10-17T00:00:00,23.9390,24.3370,23.7560,23.9890,6476765
2023-10-17T04:00:00,23.9890,24.2200,23.7300,24.0710,6302082
2023-10-17T08:00:00,24.0710,24.5660,24.0260,24.0700,9971293
2023-10-17T12:00:00,24.0710,24.1770,23.3800,23.8840,11359343
2023-10-17T16:00:00,23.8840,24.3890,23.7090,24.1620,7378135
2023-10-17T20:00:00,24.1630,24.2440,23.8820,23.9300,3130616
2023-10-18T00:00:00,23.9300,24.0970,23.7800,24.0300,4188912
2023-10-18T04:00:00,24.0310,24.4330,23.8630,23.8850,6389106
2023-10-18T08:00:00,23.8850,24.1400,23.7620,23.7940,4362765
2023-10-18T12:00:00,23.7950,23.9100,23.6050,23.6770,5066298
2023-10-18T16:00:00,23.6780,23.7830,23.5520,23.6870,3837088
2023-10-18T20:00:00,23.6870,23.7270,23.3450,23.4080,4525994
2023-10-19T00:00:00,23.4080,23.5600,23.0680,23.4400,4417814
2023-10-19T04:00:00,23.4390,23.8790,23.4290,23.8310,3928097
2023-10-19T08:00:00,23.8320,24.2910,23.6750,24.2590,6773430
2023-10-19T12:00:00,24.2590,24.8780,24.0520,24.7490,11975426
2023-10-19T16:00:00,24.7480,25.9630,24.6510,25.1370,17112570
2023-10-19T20:00:00,25.1380,25.2380,24.7100,24.9100,5388438
2023-10-20T00:00:00,24.9090,25.7010,24.7120,25.6440,9138713
2023-10-20T04:00:00,25.6430,26.4900,25.5520,26.2200,13408513
2023-10-20T08:00:00,26.2200,27.5200,26.2040,26.8760,21438197
2023-10-20T12:00:00,26.8730,27.1330,26.5400,26.8730,11672842
2023-10-20T16:00:00,26.8730,27.0380,26.2830,26.8740,9014052
2023-10-20T20:00:00,26.8740,27.3550,26.7040,27.0100,5079888
2023-10-21T00:00:00,27.0100,27.1140,26.6280,26.8010,5013880
2023-10-21T04:00:00,26.8010,28.7330,26.6430,28.0490,11351825
2023-10-21T08:00:00,28.0490,30,27.8190,29.5130,17332394
2023-10-21T12:00:00,29.5130,29.6610,28.6000,29.0150,13833598
2023-10-21T16:00:00,29.0140,29.9200,28.8550,29.4720,12249437
2023-10-21T20:00:00,29.4730,30.3680,29.1960,29.3120,12324332
2023-10-22T00:00:00,29.3120,29.9390,29.1400,29.7080,7276325
2023-10-22T04:00:00,29.7080,29.9950,27.9100,28.7950,11621911
2023-10-22T08:00:00,28.7940,29.0470,28.0510,28.3260,9144763
2023-10-22T12:00:00,28.3260,28.8750,28.2780,28.4180,6314751
2023-10-22T16:00:00,28.4180,29.1600,28.3820,28.6790,4736241
2023-10-22T20:00:00,28.6800,29.3500,28.6550,29.0310,5319951
2023-10-23T00:00:00,29.0300,30.7510,28.7200,30.6480,16850282
2023-10-23T04:00:00,30.6480,31.3740,29.8350,30.1040,15935168
2023-10-23T08:00:00,30.1030,30.3360,29.3100,29.6900,10287665
2023-10-23T12:00:00,29.6910,29.8640,28.7750,28.9660,11634816
2023-10-23T16:00:00,28.9660,29.9970,28.8580,29.8910,13381673
2023-10-23T20:00:00,29.8910,32.9290,29.7200,31.9020,23938335
2023-10-24T00:00:00,31.9020,32.5850,31.2550,31.3800,17731739
2023-10-24T04:00:00,31.3800,31.7800,30.6300,31.2370,8844639
2023-10-24T08:00:00,31.2370,31.9860,31.1580,31.8330,7256143
2023-10-24T12:00:00,31.8340,32.6220,30.3900,30.8940,19681194
2023-10-24T16:00:00,30.8940,31.2050,30.0130,30.4960,11270956
2023-10-24T20:00:00,30.4950,30.7890,29.4540,30.1570,10527060
2023-10-25T00:00:00,30.1570,32.2350,29.9720,31.0380,10855593
2023-10-25T04:00:00,31.0380,31.8720,30.6320,30.9520,6571257
2023-10-25T08:00:00,30.9530,32.3010,30.7590,32.2020,9260352
2023-10-25T12:00:00,32.2000,33.9600,32.1920,33.3780,18708068
2023-10-25T16:00:00,33.3780,33.5670,32.2990,32.7690,11497582
2023-10-25T20:00:00,32.7700,33.0760,31.8430,32.4460,6151682
2023-10-26T00:00:00,32.4450,32.8060,31.7010,32.7570,6482275
2023-10-26T04:00:00,32.7570,33.2880,32.0020,32.8370,6248994
2023-10-26T08:00:00,32.8370,32.9880,31.5670,31.8200,8865100
2023-10-26T12:00:00,31.8210,32.3930,30.8850,31.2970,10644790
2023-10-26T16:00:00,31.2970,31.7090,30.7120,31.5470,7076232
2023-10-26T20:00:00,31.5490,33.2500,31.4630,32.7700,7376460
2023-10-27T00:00:00,32.7710,32.8670,31.8140,32.3900,6453083
2023-10-27T04:00:00,32.3910,32.9060,32.1210,32.3590,4846401
2023-10-27T08:00:00,32.3590,33.1350,32.1620,32.5850,6242028
2023-10-27T12:00:00,32.5850,33.4220,31.9000,32.2000,11552414
2023-10-27T16:00:00,32.1970,32.5250,31.0500,31.9260,8816118
2023-10-27T20:00:00,31.9270,32.2770,31.4550,31.7390,3616262
2023-10-28T00:00:00,31.7390,32.3900,31.6410,32.3560,3044977
2023-10-28T04:00:00,32.3570,32.4930,32.0660,32.2900,2637340
2023-10-28T08:00:00,32.2880,32.5320,32.0660,32.1940,3216992
2023-10-28T12:00:00,32.1950,32.2290,31.5820,32.0270,4176388
2023-10-28T16:00:00,32.0270,32.0980,31.4300,31.5790,3142915
2023-10-28T20:00:00,31.5780,31.9750,31.2980,31.6140,2495670
2023-10-29T00:00:00,31.6150,31.8400,31.2380,31.5640,2762390
2023-10-29T04:00:00,31.5630,32.3600,31.4900,32.2710,3906768
2023-10-29T08:00:00,32.2710,32.3650,32.1170,32.2500,2944970
2023-10-29T12:00:00,32.2510,32.7040,32.1740,32.6160,4780687
2023-10-29T16:00:00,32.6160,33.2000,32.5120,32.9920,4800890
2023-10-29T20:00:00,32.9940,33.0330,32.5100,32.8260,2741580
2023-10-30T00:00:00,32.8280,33.0980,32.5110,32.7330,3650556
2023-10-30T04:00:00,32.7330,32.9800,32.2560,32.5200,3605350
2023-10-30T08:00:00,32.5220,35.4090,32.4520,34.9510,15172994
2023-10-30T12:00:00,34.9500,35.3950,34.5260,35.0460,7993727
2023-10-30T16:00:00,35.0470,35.0530,34.2240,34.9030,6009211
2023-10-30T20:00:00,34.8990,35.0370,34.4800,34.9580,2912158
2023-10-31T00:00:00,34.9580,36.4800,34.8320,35.7970,10367459
2023-10-31T04:00:00,35.7970,36.6340,35.5580,35.7100,7310597
2023-10-31T08:00:00,35.7110,36.9770,35.5680,36.5510,8852024
2023-10-31T12:00:00,36.5520,36.6640,35.5680,36.0930,9383578
2023-10-31T16:00:00,36.0930,36.4470,35.8060,36.2430,4734648
2023-10-31T20:00:00,36.2430,38.6190,36.2250,38.3720,11179633
2023-11-01T00:00:00,38.3730,38.7890,37.8530,38.2560,9467771
2023-11-01T04:00:00,38.2570,39.5040,37.7590,38.4310,8498379
2023-11-01T08:00:00,38.4320,39.7800,37.9500,39.2490,16247726
2023-11-01T12:00:00,39.2480,41.9990,38.8000,40.5940,32331388
2023-11-01T16:00:00,40.5930,46.8000,40.2780,42.0520,43598255
2023-11-01T20:00:00,42.0520,43.7770,40.6180,41.2040,18856317
2023-11-02T00:00:00,41.2030,42.8820,41.1440,42.5810,9898289
2023-11-02T04:00:00,42.5810,43.4190,41.1300,43.0920,10487878
2023-11-02T08:00:00,43.0920,44.5590,42.5320,44.4340,12397783
2023-11-02T12:00:00,44.4340,44.4940,39.9470,40.0410,24234507
2023-11-02T16:00:00,40.0450,41.5540,38.6460,41.3890,24232703
2023-11-02T20:00:00,41.3890,42.1300,39.5240,40.2510,12644853
2023-11-03T00:00:00,40.2480,40.2700,37.9910,38.9100,14806321
2023-11-03T04:00:00,38.9100,39.1250,37.9170,39.0560,8027142
2023-11-03T08:00:00,39.0560,39.7700,38.1000,39.1790,12285664
2023-11-03T12:00:00,39.1800,40.3150,38.8130,39.8170,12240093
2023-11-03T16:00:00,39.8160,40.1000,38.5220,39.1900,8396904
2023-11-03T20:00:00,39.1900,39.9430,39.0550,39.4970,4486096
2023-11-04T00:00:00,39.4970,41.2370,39.0350,41.1100,7451710
2023-11-04T04:00:00,41.1090,42.0760,40.4100,41.6890,9125045
2023-11-04T08:00:00,41.6900,42.7850,41.3000,41.5460,8637160
2023-11-04T12:00:00,41.5440,42.2090,40.8110,41.2780,7251525
2023-11-04T16:00:00,41.2780,41.8900,41.0090,41.3810,4345735
2023-11-04T20:00:00,41.3820,42.7310,41.2920,42.4220,4809691
2023-11-05T00:00:00,42.4220,42.8960,41.6920,42.5250,5313065
2023-11-05T04:00:00,42.5250,42.5490,41.4100,41.5710,4109924
2023-11-05T08:00:00,41.5720,41.8230,41.1030,41.6770,4099389
2023-11-05T12:00:00,41.6760,41.9000,40.4400,40.7370,5941409
2023-11-05T16:00:00,40.7370,41.6360,40.6540,40.7900,3668135
2023-11-05T20:00:00,40.7890,41.5730,40,41.1670,4022689
2023-11-06T00:00:00,41.1670,41.8710,40.8810,41.1180,3906951
2023-11-06T04:00:00,41.1220,41.2480,39.6560,39.9390,6183780
2023-11-06T08:00:00,39.9400,40.7390,39.6920,40.3430,4386679
2023-11-06T12:00:00,40.3450,40.7570,39.9000,40.2480,5450371
2023-11-06T16:00:00,40.2460,40.5500,39.8800,40.5070,4296727
2023-11-06T20:00:00,40.5070,42.2410,40.0410,42.1810,6096067
2023-11-07T00:00:00,42.1800,42.3290,40.0870,40.8390,7792055
2023-11-07T04:00:00,40.8390,41.7300,40.6760,41.5960,4037692
2023-11-07T08:00:00,41.5960,41.7970,40.5040,41.1250,6484699
2023-11-07T12:00:00,41.1240,42.1550,40.7470,41.2190,9715168
2023-11-07T16:00:00,41.2180,44.4040,41.0390,43.8970,16769915
2023-11-07T20:00:00,43.8980,45,42.8090,42.9760,8289865
2023-11-08T00:00:00,42.9760,43.5490,42.2700,43.3770,5106108
2023-11-08T04:00:00,43.3780,43.7970,43.0220,43.4850,3776206
2023-11-08T08:00:00,43.4850,43.9130,43.1200,43.3230,3755785
2023-11-08T12:00:00,43.3220,43.6130,42.2840,42.7700,6238774
2023-11-08T16:00:00,42.7680,43.6540,42.5480,43.1060,4953035
2023-11-08T20:00:00,43.1060,43.5550,42.6200,43.1420,5219500
2023-11-09T00:00:00,43.1380,44.1760,42.5000,44.1180,7153562
2023-11-09T04:00:00,44.1200,44.6510,43.7960,43.9040,5932619
2023-11-09T08:00:00,43.9030,47.5290,43.8900,47.1480,15166741
2023-11-09T12:00:00,47.1480,49,45.7330,46.4520,20559281
2023-11-09T16:00:00,46.4510,46.8770,40.9120,44.4170,22308990
2023-11-09T20:00:00,44.4200,45.7590,43.0340,45.3050,7802911
2023-11-10T00:00:00,45.3050,48,45.0550,47.4200,8532842
2023-11-10T04:00:00,47.4200,48.9990,46.8310,47.6020,8107468
2023-11-10T08:00:00,47.6010,51.3000,46.6000,50.7350,14943105
2023-11-10T12:00:00,50.7350,52.0260,48.6460,51.1510,14513306
2023-11-10T16:00:00,50.9140,54.9990,50.6510,54.1000,16576093
2023-11-10T20:00:00,54.1000,57.5730,53.0390,56.6790,14081294
2023-11-11T00:00:00,56.6790,57.8130,54.5170,55.8510,14516983
2023-11-11T04:00:00,55.8510,56.0360,53.5380,54.3000,9564401
2023-11-11T08:00:00,54.3000,55.9300,53.7850,55.2790,7838277
2023-11-11T12:00:00,55.2860,64.0360,55.0600,60.9840,30979370
2023-11-11T16:00:00,60.9840,62.6240,58.1930,60.5660,15450096
2023-11-11T20:00:00,60.5650,60.5660,55.4000,56.4090,13978753
2023-11-12T00:00:00,56.4090,57.9790,54.4800,57.4220,12892864
2023-11-12T04:00:00,57.4240,61.9430,56.5100,61.1460,12914866
2023-11-12T08:00:00,61.1420,61.5550,58.4010,60.0230,10403799
2023-11-12T12:00:00,60.0230,60.4450,57.6800,58.6970,9645389
2023-11-12T16:00:00,58.6970,58.8300,55.5330,56.0950,8877973
2023-11-12T20:00:00,56.0940,57.6300,55.6100,56.3150,6225858
2023-11-13T00:00:00,56.3150,59.5000,55.0740,57.0400,10189536
2023-11-13T04:00:00,57.0410,59.6250,56.6640,58.2860,7909416
2023-11-13T08:00:00,58.2850,59.7430,56.5120,57.0690,7808935
2023-11-13T12:00:00,57.0690,59.9590,54.1980,55.6820,20299876
2023-11-13T16:00:00,55.6820,56.9890,52.0540,54.7120,12896263
2023-11-13T20:00:00,54.7260,54.7390,51.5540,51.6620,9855864
2023-11-14T00:00:00,51.6610,54.8650,51.1660,54.0690,9362021
2023-11-14T04:00:00,54.0670,55.5070,53.8010,55.1810,4658509
2023-11-14T08:00:00,55.1820,55.8800,52.0100,52.7100,8439195
2023-11-14T12:00:00,52.7110,58.1910,52.0420,56.2690,21642073
2023-11-14T16:00:00,56.2690,57.0970,52.1000,55.1340,15282506
2023-11-14T20:00:00,55.1320,57.5100,54.8240,56.8490,7898238
2023-11-15T00:00:00,56.8420,57.9990,56.1600,56.2990,5664291
2023-11-15T04:00:00,56.3000,59.7940,56.2730,59.1860,7036596
2023-11-15T08:00:00,59.1900,63.7260,58.7160,63.0440,12588842
2023-11-15T12:00:00,63.0420,63.9140,61.3660,62.4910,13464628
2023-11-15T16:00:00,62.4910,65.8840,60.7050,65.3910,15832065
2023-11-15T20:00:00,65.3890,67.2280,64.2410,65.5060,10200943
2023-11-16T00:00:00,65.5060,66.8300,64.5020,65.9160,7024185
2023-11-16T04:00:00,65.9150,68.3560,64.7570,65.7330,8426867
2023-11-16T08:00:00,65.7320,66.1300,63.2560,64.0820,10607586
2023-11-16T12:00:00,64.0750,64.7990,60.3680,61.6470,14493593
2023-11-16T16:00:00,61.6490,62.8900,58.9190,62.3700,11539230
2023-11-16T20:00:00,62.3770,62.8990,56.4000,57.8420,14534458
2023-11-17T00:00:00,57.8420,60.6180,57.6050,58.9340,10162608
2023-11-17T04:00:00,58.9340,59.9720,57.9910,58.1770,6002284
2023-11-17T08:00:00,58.1790,59.0820,56.4500,58.1750,8925644
2023-11-17T12:00:00,58.1670,59.6840,54.0930,55.0530,15241962
2023-11-17T16:00:00,55.0530,58.7380,54.3650,57.5850,12083113
2023-11-17T20:00:00,57.5760,59.5230,57.4860,58.4900,5264854
2023-11-18T00:00:00,58.4980,58.6190,56.3000,56.7370,4897768
2023-11-18T04:00:00,56.7340,57.4940,54.7000,56.3720,6163781
2023-11-18T08:00:00,56.3700,57.6990,56.0580,57.0120,4455141
2023-11-18T12:00:00,57.0130,58.3880,55.5050,57.9930,8231366
2023-11-18T16:00:00,57.9930,59.4000,57.5220,59.0500,7387270
2023-11-18T20:00:00,59.0490,59.3410,57.9960,58.5810,4029240
2023-11-19T00:00:00,58.5810,58.5840,56.5760,58.2520,4622280
2023-11-19T04:00:00,58.2530,60.9580,57.7520,60.4550,5891899
2023-11-19T08:00:00,60.4570,61.8000,59.4200,59.8760,8142241
2023-11-19T12:00:00,59.8770,60.3690,59.0870,59.9990,6017936
2023-11-19T16:00:00,60.0020,61.3170,59.4000,61.1960,5108676
2023-11-19T20:00:00,61.1960,62.1510,60.1130,61.0990,5727287
2023-11-20T00:00:00,61.0990,61.3580,59.7600,59.9640,4894836
2023-11-20T04:00:00,59.9640,60.2310,59.1310,59.9310,3972981
2023-11-20T08:00:00,59.9300,61.1640,59.3100,60.0840,5571798
2023-11-20T12:00:00,60.0840,60.6860,56.9710,59.0080,10746191
2023-11-20T16:00:00,59.0010,59.4270,56.5000,57.5640,11096829
2023-11-20T20:00:00,57.5640,57.8180,55.9610,56.6030,5964219
2023-11-21T00:00:00,56.6030,57.4110,55.1110,56.0270,6110502
2023-11-21T04:00:00,56.0270,56.5000,55.3110,55.3990,3330292
2023-11-21T08:00:00,55.3990,57.1900,55.3770,56.2990,5002484
2023-11-21T12:00:00,56.3010,56.6800,52.7000,55.1300,14716171
2023-11-21T16:00:00,55.1290,56.2570,52.3490,54.8350,14342466
2023-11-21T20:00:00,54.8410,55.7990,51.2000,51.6820,10600577
2023-11-22T00:00:00,51.6840,54.4440,51.4790,54.3510,5813555
2023-11-22T04:00:00,54.3510,55.2900,53.9150,54.6520,4220275
2023-11-22T08:00:00,54.6540,55.2500,54.3560,54.5300,4103628
2023-11-22T12:00:00,54.5380,55.7980,54.0350,54.9440,7463037
2023-11-22T16:00:00,54.9450,57.6800,54.4100,57.3130,7874538
2023-11-22T20:00:00,57.3130,58.9230,56.9240,57.5790,6910325
2023-11-23T00:00:00,57.5750,58.4970,57.0210,57.6570,4526802
2023-11-23T04:00:00,57.6570,58.5820,57.5230,57.8230,3474819
2023-11-23T08:00:00,57.8230,59.0190,57.1890,57.9690,5430662
2023-11-23T12:00:00,57.9720,59.6880,56.4550,56.6400,8942447
2023-11-23T16:00:00,56.6400,57.3430,56.1210,56.3740,3913944
2023-11-23T20:00:00,56.3730,57.1370,56.3060,56.5370,2689224
2023-11-24T00:00:00,56.5390,57.6320,56.1960,57.2770,3139505
2023-11-24T04:00:00,57.2770,57.4560,56.6620,57.3590,2036214
2023-11-24T08:00:00,57.3620,58.8400,57.1000,58.0570,5881870
2023-11-24T12:00:00,58.0600,58.5500,57.2000,58.1580,5461835
2023-11-24T16:00:00,58.1600,58.4640,56.8030,57.1660,4615131
2023-11-24T20:00:00,57.1650,57.6180,56.4240,56.8690,2427641
2023-11-25T00:00:00,56.8690,59.8690,55.6300,58.8500,8182210
2023-11-25T04:00:00,58.8510,59.0150,58.4230,58.6220,2371449
2023-11-25T08:00:00,58.6230,58.8570,57.3510,57.8250,3347009
2023-11-25T12:00:00,57.8250,58.7660,57.7080,58.5460,2856118
2023-11-25T16:00:00,58.5460,59.7380,58.3300,59.0540,3558327
2023-11-25T20:00:00,59.0540,59.3140,58.6150,58.8300,1679178
2023-11-26T00:00:00,58.8300,59.0640,58.0010,58.3450,2147896
2023-11-26T04:00:00,58.3440,58.6740,58.1680,58.4280,1537214
2023-11-26T08:00:00,58.4300,58.6380,57.7500,57.8650,2228370
2023-11-26T12:00:00,57.8690,58.1250,56.6630,57.1060,4971690
2023-11-26T16:00:00,57.1010,57.2990,56.1000,57.1970,4252341
2023-11-26T20:00:00,57.2000,58.7590,57,57.5930,4056560
2023-11-27T00:00:00,57.5930,58.1100,56.1510,56.6000,3535336
2023-11-27T04:00:00,56.6010,57.3500,55.5000,55.9210,4411733
2023-11-27T08:00:00,55.9270,56.2800,54.7000,55.0260,5731838
2023-11-27T12:00:00,55.0250,55.2180,53.9000,53.9620,6083228
2023-11-27T16:00:00,53.9620,55.1370,53.4120,54.1240,5588379
2023-11-27T20:00:00,54.1240,55.1430,53.6680,55.0300,3437176
2023-11-28T00:00:00,55.0300,55.3960,54.6090,54.9340,2466341
2023-11-28T04:00:00,54.9330,55.3000,53.9230,55.0570,4302235
2023-11-28T08:00:00,55.0570,56.3490,54.6500,56.1630,4307013
2023-11-28T12:00:00,56.1640,56.3990,55.4260,56.0700,4849101
2023-11-28T16:00:00,56.0680,58.4220,55.9370,58.0300,8687058
2023-11-28T20:00:00,58.0290,58.6700,57.5680,58.1830,3864513
2023-11-29T00:00:00,58.1840,58.8760,57.7440,58.5290,3561633
2023-11-29T04:00:00,58.5290,59.6570,58.2010,59.3710,4315007
2023-11-29T08:00:00,59.3710,61.7990,59.3670,60.6480,9600334
2023-11-29T12:00:00,60.6480,61.6600,59.1120,60.0660,8254125
2023-11-29T16:00:00,60.0660,60.3960,58.8770,60.0630,4853324
2023-11-29T20:00:00,60.0630,60.2590,58.5500,59.3240,3988346
2023-11-30T00:00:00,59.3240,60.7320,58.7380,60.4010,4077790
2023-11-30T04:00:00,60.4010,61.2940,59.6220,59.9900,4092034
2023-11-30T08:00:00,59.9900,60.9500,59.2360,60.7760,3846842
2023-11-30T12:00:00,60.7750,61.7620,59.1460,59.5780,7960424
2023-11-30T16:00:00,59.5780,59.9900,58.9020,59.9840,3476937
2023-11-30T20:00:00,59.9800,60.1630,58.9530,59.3090,2672971
2023-12-01T00:00:00,59.3090,61.0990,58.5850,60.7880,5644753
2023-12-01T04:00:00,60.7880,61.3090,60.2250,60.8810,4135970
2023-12-01T08:00:00,60.8810,61.9370,60.6740,61.0500,5412653
2023-12-01T12:00:00,61.0510,61.1980,59.7560,60.1470,4827643
2023-12-01T16:00:00,60.1470,61.1160,59.8630,60.5060,5797405
2023-12-01T20:00:00,60.5060,60.7470,59.5870,59.7500,2763906
2023-12-02T00:00:00,59.7490,61.2040,59.6700,61.0540,3090313
2023-12-02T04:00:00,61.0540,62.7000,60.8330,62.0550,5108646
2023-12-02T08:00:00,62.0550,62.5500,61.6540,62.1830,3498991
2023-12-02T12:00:00,62.1820,62.6220,61.4560,61.9120,4048496
2023-12-02T16:00:00,61.9110,63.4990,61.4000,63.0120,5305948
2023-12-02T20:00:00,63.0110,63.9540,62.7360,63.6840,4018554
2023-12-03T00:00:00,63.6840,65.6220,63.5420,64.1570,6897696
2023-12-03T04:00:00,64.1570,64.3320,63.5200,63.9860,2661327
2023-12-03T08:00:00,63.9860,64.1790,63.0500,63.5720,3108763
2023-12-03T12:00:00,63.5720,63.6600,62.4460,63.0340,4878373
2023-12-03T16:00:00,63.0330,63.0830,62.2340,62.9710,2491831
2023-12-03T20:00:00,62.9700,64.1560,62.5180,63.0150,4758421
2023-12-04T00:00:00,63.0200,64.9990,62.9410,64.2920,4925107
2023-12-04T04:00:00,64.2910,65.3400,63.6030,63.7740,5749030
2023-12-04T08:00:00,63.7740,64.4140,59,62.1230,10767491
2023-12-04T12:00:00,62.1180,62.2880,59.9040,60.5770,8110023
2023-12-04T16:00:00,60.5770,61.3720,60.3570,61.0660,3219016
2023-12-04T20:00:00,61.0660,62.1100,60.6660,61.6710,3732601
2023-12-05T00:00:00,61.6710,62.2220,59.6200,60.6400,5253256
2023-12-05T04:00:00,60.6370,60.7000,59.1040,59.6980,4542709
2023-12-05T08:00:00,59.6990,60.4630,59.4440,60.1900,3241682
2023-12-05T12:00:00,60.1900,61.7220,60.0030,60.9990,4889917
2023-12-05T16:00:00,60.9980,62.6610,60.3880,61.4370,7658144
2023-12-05T20:00:00,61.4370,61.7000,60.2200,61.0610,3561902
2023-12-06T00:00:00,61.0580,64.5500,61.0480,64.4230,10662928
2023-12-06T04:00:00,64.4240,64.7330,62.6110,63.4270,6332690
2023-12-06T08:00:00,63.4270,66.7970,61.8490,63.0510,13833346
2023-12-06T12:00:00,63.0510,63.7560,62.4010,62.6720,5661713
2023-12-06T16:00:00,62.6740,64.4880,62.5400,64.4680,4453016
2023-12-06T20:00:00,64.4670,64.6660,61.4560,61.8780,5589769
2023-12-07T00:00:00,61.8780,64.0090,61.6570,62.9530,3648298
2023-12-07T04:00:00,62.9530,63.8830,62.8630,63.3850,2583217
2023-12-07T08:00:00,63.3860,64.4100,61.6960,64.2890,8739830
2023-12-07T12:00:00,64.2880,66.3110,63.6500,65.9170,9206327
2023-12-07T16:00:00,65.9180,67.7350,64.5260,64.8370,8712419
2023-12-07T20:00:00,64.8370,69.5460,64.6870,67.8060,9726330
2023-12-08T00:00:00,67.8070,72.4100,67.8060,71.5410,9162656
2023-12-08T04:00:00,71.5410,73,70.8770,71.4350,8294470
2023-12-08T08:00:00,71.4360,73.9330,70.5320,73.0150,7356500
2023-12-08T12:00:00,73.0150,74.5000,71.7160,72.0710,8147318
2023-12-08T16:00:00,72.0720,74.2940,72.0330,72.3290,5899274
2023-12-08T20:00:00,72.3290,75.4600,72.3030,74.9800,5074564
2023-12-09T00:00:00,74.9790,75.6000,73.0010,74.2170,4354542
2023-12-09T04:00:00,74.2170,77.8790,73.6610,76.9840,6770559
2023-12-09T08:00:00,76.9780,77.6960,74.5500,77.2070,7980169
2023-12-09T12:00:00,77.2060,77.5750,75.0700,75.6120,5919201
2023-12-09T16:00:00,75.6130,75.9020,72.7700,74.1520,6017770
2023-12-09T20:00:00,74.1510,74.4470,71.4720,72.3680,4507444
2023-12-10T00:00:00,72.3700,74.0550,72.2440,73.0810,3193676
2023-12-10T04:00:00,73.0810,73.6990,71.7000,72.5240,3083481
2023-12-10T08:00:00,72.5240,72.8440,70.7280,71.4960,4896739
2023-12-10T12:00:00,71.4970,74.6950,71.4110,73.7670,5056795
2023-12-10T16:00:00,73.7610,74.1570,72.1920,73.5450,3571367
2023-12-10T20:00:00,73.5460,74.9610,73.3750,74.9070,3987859
2023-12-11T00:00:00,74.9040,75.0240,63.5010,70.8880,15065241
2023-12-11T04:00:00,70.8880,71.2200,67.9340,68.5220,6828101
2023-12-11T08:00:00,68.5190,70.0140,67.8050,69.6760,4652909
2023-12-11T12:00:00,69.6700,69.8630,66.9360,69.2720,7893399
2023-12-11T16:00:00,69.2760,70.9600,68,69.3750,10410532
2023-12-11T20:00:00,69.3760,70.6870,67.7650,70.2860,5087519
2023-12-12T00:00:00,70.2820,72.4790,70.2700,71.2320,5196858
2023-12-12T04:00:00,71.2320,71.8200,69.6220,71.7910,3851105
2023-12-12T08:00:00,71.7900,72.2780,70.5300,70.6590,3482412
2023-12-12T12:00:00,70.6600,71.8550,68.2670,68.5140,7567725
2023-12-12T16:00:00,68.5140,68.8500,65.7890,67.6750,7814429
2023-12-12T20:00:00,67.6750,69.1400,66.9220,68.6440,3562296
2023-12-13T00:00:00,68.6350,68.8230,65.1100,65.5170,6138575
2023-12-13T04:00:00,65.5180,66.2890,63.6400,64.9240,5551740
2023-12-13T08:00:00,64.9240,66.7220,64.8160,65.4440,3419229
2023-12-13T12:00:00,65.4450,68.2080,65.1540,67.5810,4896876
2023-12-13T16:00:00,67.5810,70.5820,66.8080,70.3350,5466125
2023-12-13T20:00:00,70.3340,72.6660,70.0800,70.6680,6092363
2023-12-14T00:00:00,70.6690,71.0960,69.6800,70.1220,2965507
2023-12-14T04:00:00,70.1300,71.9460,69.7280,71.5730,3332535
2023-12-14T08:00:00,71.5700,73.7800,71.0800,73.5230,4533354
2023-12-14T12:00:00,73.5270,73.8580,67,71.6600,9982975
2023-12-14T16:00:00,71.6600,74.5520,71.6570,73.3020,6660897
2023-12-14T20:00:00,73.2960,76.3150,72.6910,75.7510,5142196
2023-12-15T00:00:00,75.7510,75.9330,74.1000,74.4550,3605143
2023-12-15T04:00:00,74.4580,77.1670,74.3900,76.6630,5207970
2023-12-15T08:00:00,76.6640,79.3980,76.2370,79.1820,6287802
2023-12-15T12:00:00,79.1820,79.6790,75.2540,76.0970,8794211
2023-12-15T16:00:00,76.0970,77.4950,73.6140,76.9570,6982462
2023-12-15T20:00:00,76.9560,77.2730,72.1660,72.5520,4806115
2023-12-16T00:00:00,72.5580,74.4370,71.2200,74.2250,4873907
2023-12-16T04:00:00,74.2240,74.6000,73.6630,74.3920,1956790
2023-12-16T08:00:00,74.3920,75.1620,73.7780,75.1320,2400633
2023-12-16T12:00:00,75.1330,77.2400,74.8920,77.1740,4847633
2023-12-16T16:00:00,77.1740,77.2390,73.8130,74.2100,4194460
2023-12-16T20:00:00,74.2110,74.6280,72.8010,73.7370,3285598
2023-12-17T00:00:00,73.7360,74.1640,72.5970,73.5730,2742089
2023-12-17T04:00:00,73.5730,74.3350,72.0450,72.3880,3137838
2023-12-17T08:00:00,72.3870,73.3500,71.7550,73.1040,2756148
2023-12-17T12:00:00,73.1000,73.3380,71.3890,72.7160,4045782
2023-12-17T16:00:00,72.7210,75.1490,72.2800,73.5880,4807577
2023-12-17T20:00:00,73.5890,74.2380,70.5510,70.9020,3530826
2023-12-18T00:00:00,70.9020,71.9860,68.6000,69.9310,5194561
2023-12-18T04:00:00,69.9290,70.2180,68.6900,68.9570,3158443
2023-12-18T08:00:00,68.9520,69.9770,66.8510,69.0210,7063820
2023-12-18T12:00:00,69.0210,71.8570,68.2470,70.7600,6126155
2023-12-18T16:00:00,70.7600,72.7040,70.4270,72.3240,3611112
2023-12-18T20:00:00,72.3210,75.5150,71.6430,74.4290,5242103
2023-12-19T00:00:00,74.4280,76.0740,73.8320,75.2870,4045258
2023-12-19T04:00:00,75.2870,76.3840,75.0160,75.7280,3347105
2023-12-19T08:00:00,75.7280,76.1210,74.5170,74.6760,3426705
2023-12-19T12:00:00,74.6760,75.1890,72.8500,73.7270,4900850
2023-12-19T16:00:00,73.7270,74.4220,71.8000,74.2720,4726874
2023-12-19T20:00:00,74.2760,75.5000,72.3030,73.0400,4191635
2023-12-20T00:00:00,73.0300,75.2390,72.9820,74.9800,4416080
2023-12-20T04:00:00,74.9800,76.2830,74.3470,76.1200,4243158
2023-12-20T08:00:00,76.1200,78.7250,75.5320,77.1200,6587234
2023-12-20T12:00:00,77.1210,81.3880,76.3890,80.7560,8729862
2023-12-20T16:00:00,80.7560,84.1900,79.1320,81.1600,10656128
2023-12-20T20:00:00,81.1600,82.4980,79.3000,82.2430,7458900
2023-12-21T00:00:00,82.2430,84.8300,81.0500,83.4240,6634987
2023-12-21T04:00:00,83.4170,87.2000,83.0600,86.8350,5890784
2023-12-21T08:00:00,86.8290,88.4810,85.1830,87.0910,6556774
2023-12-21T12:00:00,87.0900,88.8900,85.6150,87.5600,7654905
2023-12-21T16:00:00,87.5610,95.8170,87.5340,92.9640,14324975
2023-12-21T20:00:00,92.9640,95.6230,91.3160,93.9270,5715341
2023-12-22T00:00:00,93.9290,99.7330,93.1340,97.8070,11381910
2023-12-22T04:00:00,97.8080,99.5000,92.4000,93.9290,9814570
2023-12-22T08:00:00,93.9290,95.3080,90.5120,93.8330,8449893
2023-12-22T12:00:00,93.8330,96.8480,92.0640,96.3350,6847819
2023-12-22T16:00:00,96.3350,97.7780,93.4300,96.9310,6942074
2023-12-22T20:00:00,96.9350,98.5000,95.8160,97.9620,3813722
2023-12-23T00:00:00,97.9620,98.3000,93.3710,93.7920,5698035
2023-12-23T04:00:00,93.7930,96.6000,92.8800,95.4480,3503556
2023-12-23T08:00:00,95.4480,96.4990,94.7500,95.9580,2877099
2023-12-23T12:00:00,95.9570,97.6450,95.3010,96.8300,3813093
2023-12-23T16:00:00,96.8310,103.8600,96.1530,102.9770,10844345
2023-12-23T20:00:00,102.9780,110.3880,101.5810,107.9650,10997482
2023-12-24T00:00:00,107.9660,118.7000,107.3500,116.3330,12940120
2023-12-24T04:00:00,116.3280,118.3600,110.3300,114.5650,10272954
2023-12-24T08:00:00,114.5650,114.8570,107.7000,110.4530,8976861
2023-12-24T12:00:00,110.4530,114.5000,109.1360,113.6250,6880950
2023-12-24T16:00:00,113.6330,117.0000,112.1490,115.2330,8058337
2023-12-24T20:00:00,115.2300,115.5920,109.5580,112.5710,8025691
2023-12-25T00:00:00,112.5720,113.2000,108.0000,112.1020,5801662
2023-12-25T04:00:00,112.1110,114.5790,111.6290,113.0290,3957085
2023-12-25T08:00:00,113.0280,113.7680,109.6250,111.8720,4573974
2023-12-25T12:00:00,111.8570,124.3780,110.4060,123.1760,14361014
2023-12-25T16:00:00,123.1750,126.9380,121.2000,121.4260,11203822
2023-12-25T20:00:00,121.4270,121.8460,116.5680,120.9420,8381638
2023-12-26T00:00:00,120.9470,121.4570,116.6110,119.4670,4695143
2023-12-26T04:00:00,119.4660,120.8000,110.7700,113.4140,10459499
2023-12-26T08:00:00,113.4130,116.3570,111.2200,114.8390,6082859
2023-12-26T12:00:00,114.8530,117.2490,110.4400,110.7080,7859953
2023-12-26T16:00:00,110.7080,113.1830,102.3300,106.7080,16497793
2023-12-26T20:00:00,106.7060,113.2120,106.2400,112.5430,6517022
2023-12-27T00:00:00,112.5330,113.6560,108.0000,108.6790,5992061
2023-12-27T04:00:00,108.6730,112.8390,108.5140,111.5150,4090302
2023-12-27T08:00:00,111.5070,115.5000,111.0170,112.8830,6166562
2023-12-27T12:00:00,112.8830,113.3670,106.4000,107.9900,10265221
2023-12-27T16:00:00,107.9680,110.5530,104.8320,109.1190,8729839
2023-12-27T20:00:00,109.1120,111.1390,106.5140,107.0950,4326950
2023-12-28T00:00:00,107.0890,109.8260,103.1080,104.6640,6119346
2023-12-28T04:00:00,104.6660,106.6220,102.2970,105.9840,6215781
2023-12-28T08:00:00,105.9910,106.3610,103.3000,104.9870,5255943
2023-12-28T12:00:00,105.0000,105.2470,97.3200,99.8020,15108564
2023-12-28T16:00:00,99.7980,101.8000,98.5400,101.2080,6561545
2023-12-28T20:00:00,101.2060,104.0470,98.7740,101.9130,5704983
2023-12-29T00:00:00,101.9140,106.0370,99.5140,104.9680,8258675
2023-12-29T04:00:00,104.9690,108.7380,104.1990,105.2520,6274880
2023-12-29T08:00:00,105.2530,110.1980,105.0580,107.7070,6627995
2023-12-29T12:00:00,107.7020,109.9770,104.4490,106.0640,7559791
2023-12-29T16:00:00,106.0640,108.2370,102.7610,105.9140,9082135
2023-12-29T20:00:00,105.9160,106.4290,102.7270,106.2250,3884688
2023-12-30T00:00:00,106.2350,107.6510,102.9670,103.6430,3487121
2023-12-30T04:00:00,103.6400,104.9860,103.2020,103.5520,2673186
2023-12-30T08:00:00,103.5530,103.5850,100.6980,102.2390,4520404
2023-12-30T12:00:00,102.2450,104.5000,102.1670,104.3340,4168007
2023-12-30T16:00:00,104.3260,105.0000,102.6540,103.3600,3325802
2023-12-30T20:00:00,103.3600,104.4020,101.2680,101.9710,2605943
2023-12-31T00:00:00,101.9740,103.1000,99.6350,100.7430,3191518
2023-12-31T04:00:00,100.7340,105.0000,100.5320,104.0690,3409096
2023-12-31T08:00:00,104.0700,105.3380,103.5000,104.3760,2645958
2023-12-31T12:00:00,104.3640,105.3000,102.1680,102.5760,3620205
2023-12-31T16:00:00,102.5770,104.6300,102.4010,103.8930,2142875
2023-12-31T20:00:00,103.8920,105.2000,99.7910,101.7780,3951099
2024-01-01T00:00:00,101.7750,104.8600,101.6000,103.1810,3246618
2024-01-01T04:00:00,103.1730,104.1290,101.5300,102.5810,2330500
2024-01-01T08:00:00,102.5790,105.0000,101.8410,104.4800,3050451
2024-01-01T12:00:00,104.4810,106.5000,103.9600,106.0830,3600274
2024-01-01T16:00:00,106.0790,109.3080,105.9190,108.8880,4105651
2024-01-01T20:00:00,108.8880,110.0780,107.3190,110.0470,2658488
2024-01-02T00:00:00,110.0540,113.3900,108.5850,111.5180,5554478
2024-01-02T04:00:00,111.5180,114.8000,111.0000,114.5300,4274005
2024-01-02T08:00:00,114.5300,117.1000,112.8010,114.1130,7944526
2024-01-02T12:00:00,114.1140,114.6350,107.7690,109.7210,8217461
2024-01-02T16:00:00,109.7210,110.5000,106.7430,107.7660,5473295
2024-01-02T20:00:00,107.7690,108.9940,106.1000,106.8300,3622727
2024-01-03T00:00:00,106.8280,108.7980,106.5920,108.1980,3148083
2024-01-03T04:00:00,108.1980,109.9500,107.1430,107.8410,3984650
2024-01-03T08:00:00,107.8470,109.5000,102.1940,103.4990,8206988
2024-01-03T12:00:00,103.5000,103.5640,83.5100,102.1170,24921246
2024-01-03T16:00:00,102.1040,103.2150,95.0000,97.3630,10004394
2024-01-03T20:00:00,97.3630,100.5600,97.2000,98.5190,3738934
2024-01-04T00:00:00,98.5190,102.0000,97.5660,101.1080,3783078
2024-01-04T04:00:00,101.1060,101.7380,98.7600,98.9150,3253529
2024-01-04T08:00:00,98.9240,99.3090,96.5880,98.5300,4306465
2024-01-04T12:00:00,98.5300,104.4380,98.1000,103.6910,6655175
2024-01-04T16:00:00,103.6940,106.9180,101.5020,105.1760,6127171
2024-01-04T20:00:00,105.1740,108.3000,104.4000,104.9750,4945952
2024-01-05T00:00:00,104.9610,105.5460,98.1300,100.9970,6050955
2024-01-05T04:00:00,100.9900,102.2550,100.0210,101.1330,3009056
2024-01-05T08:00:00,101.1410,103.2500,99.0530,99.6330,4590541
2024-01-05T12:00:00,99.6330,101.3670,96.8800,98.0490,6772884
2024-01-05T16:00:00,98.0500,98.9050,95.0000,97.9270,5406745
2024-01-05T20:00:00,97.9270,100.4390,97.7400,99.8740,3594151
2024-01-06T00:00:00,99.8740,100.2770,97.7610,98.6700,2473533
2024-01-06T04:00:00,98.6680,98.9490,91.3980,94.4500,7323545
2024-01-06T08:00:00,94.4490,95.7020,93.6520,94.4440,3418713
2024-01-06T12:00:00,94.4380,96.4960,92.8180,95.1560,4198641
2024-01-06T16:00:00,95.1570,97.2290,94.5010,95.0600,3744454
2024-01-06T20:00:00,95.0610,95.6410,92.1000,93.7990,3461693
2024-01-07T00:00:00,93.7980,96.2920,91.2600,92.9070,4106585
2024-01-07T04:00:00,92.9060,95.6510,92.8300,95.2450,3507221
2024-01-07T08:00:00,95.2500,95.6250,92.9060,94.5240,3041708
2024-01-07T12:00:00,94.5230,96.7640,93.2410,93.9010,4422022
2024-01-07T16:00:00,93.9010,94.9930,92.9500,94.7600,2847174
2024-01-07T20:00:00,94.7610,95.3200,87.5000,89.4140,7239111
2024-01-08T00:00:00,89.4140,90.8630,85.1000,87.2560,8685156
2024-01-08T04:00:00,87.2490,90.8040,86.9120,89.6590,4928464
2024-01-08T08:00:00,89.6580,92.1990,88.6460,92.1910,4083824
2024-01-08T12:00:00,92.1900,95.5640,92.1490,94.6350,8520366
2024-01-08T16:00:00,94.6400,99.9150,93.6670,99.2390,9615399
2024-01-08T20:00:00,99.2390,99.4080,96.4930,97.9010,5048140
2024-01-09T00:00:00,97.9000,99.8350,95.2570,99.8330,5935572
2024-01-09T04:00:00,99.8220,103.9710,99.4640,101.9000,6812565
2024-01-09T08:00:00,101.9010,102.7170,99.5230,101.8940,5017519
2024-01-09T12:00:00,101.8950,102.3800,95.4570,99.8040,9676072
2024-01-09T16:00:00,99.8040,101.4770,98.1800,99.3230,5219367
2024-01-09T20:00:00,99.3230,108.0000,95.4800,99.3470,13157635
2024-01-10T00:00:00,99.3470,100.2600,97.5300,99.6710,3268041
2024-01-10T04:00:00,99.6760,100.4670,98.0290,98.1590,2019953
2024-01-10T08:00:00,98.1570,98.3230,96.2740,97.3470,3878685
2024-01-10T12:00:00,97.3510,97.7500,92.1220,94.8030,9919052
2024-01-10T16:00:00,94.8000,98.3300,94.0000,96.3170,6161111
2024-01-10T20:00:00,96.3170,105.5800,92.6260,102.0630,14243262
2024-01-11T00:00:00,102.0670,102.2310,99.2000,100.3770,4559333
2024-01-11T04:00:00,100.3620,101.7700,97.8880,99.7450,4014273
2024-01-11T08:00:00,99.7390,104.6770,99.5850,104.4990,4615387
2024-01-11T12:00:00,104.4990,107.3410,99.5980,100.8240,14487696
2024-01-11T16:00:00,100.8250,101.5550,97.6000,101.3780,6915464
2024-01-11T20:00:00,101.3710,102.3930,99.1000,99.9280,3497954
2024-01-12T00:00:00,99.9270,100.3860,97.4400,97.7510,3051453
2024-01-12T04:00:00,97.7540,100.5340,97.6610,98.8420,2738313
2024-01-12T08:00:00,98.8450,99.1640,97.5770,98.2520,3168037
2024-01-12T12:00:00,98.2530,99.3770,95.1100,95.3960,6415163
2024-01-12T16:00:00,95.3950,96.7730,92.7070,95.2560,7083271
2024-01-12T20:00:00,95.2660,95.9730,85.8000,92.1530,8543249
2024-01-13T00:00:00,92.1480,92.6330,89.5000,91.1020,3653104
2024-01-13T04:00:00,91.1020,93.2950,90.9400,92.5510,2440596
2024-01-13T08:00:00,92.5530,93.1830,91.5360,92.2510,2409176
2024-01-13T12:00:00,92.2500,93.4000,91.0920,92.9200,2824383
2024-01-13T16:00:00,92.9240,95.6910,91.5650,94.7680,3197494
2024-01-13T20:00:00,94.7760,97.0680,94.6800,95.8360,3892722
2024-01-14T00:00:00,95.8360,97.0920,94.3360,96.9920,3223155
2024-01-14T04:00:00,96.9850,98.8760,96.0030,98.3070,3415690
2024-01-14T08:00:00,98.3070,98.6600,96.6460,96.7990,2232438
2024-01-14T12:00:00,96.8000,99.8000,96.3020,99.5200,3758198
2024-01-14T16:00:00,99.5210,102.9490,96.1200,96.2200,8145800
2024-01-14T20:00:00,96.2210,97.7560,93.5990,93.8300,5606334
2024-01-15T00:00:00,93.8290,97.0000,93.8180,95.9380,2867888
2024-01-15T04:00:00,95.9380,96.8230,95.0000,95.6300,2192096
2024-01-15T08:00:00,95.6290,95.9900,94.4270,95.5160,2283570
2024-01-15T12:00:00,95.5200,95.8160,93.0000,93.5220,3699239
2024-01-15T16:00:00,93.5210,96.7370,93.2760,96.0310,3140856
2024-01-15T20:00:00,96.0330,96.5440,93.3000,94.3590,2354773
2024-01-16T00:00:00,94.3600,96.2490,94.3590,96.2000,1981420
2024-01-16T04:00:00,96.1950,98.2410,95.3190,97.7430,2588214
2024-01-16T08:00:00,97.7430,98.3100,96.2640,96.7270,3206850
2024-01-16T12:00:00,96.7270,97.7650,94.1870,97.2590,5159191
2024-01-16T16:00:00,97.2580,97.8880,96.1050,96.8210,2534025
2024-01-16T20:00:00,96.8220,98.8050,96.7330,97.6370,2628994
2024-01-17T00:00:00,97.6370,101.1820,97.3420,99.9890,4389066
2024-01-17T04:00:00,99.9890,100.3990,97.0960,97.3660,3172865
2024-01-17T08:00:00,97.3660,102.8640,96.6300,102.0510,6760716
2024-01-17T12:00:00,102.0480,102.7600,99.1500,99.4080,8415689
2024-01-17T16:00:00,99.4090,101.2730,97.3000,100.7870,6165792
2024-01-17T20:00:00,100.7880,102.4440,100.0230,102.1550,4081024
2024-01-18T00:00:00,102.1550,103.6350,99.5670,99.9560,4171811
2024-01-18T04:00:00,99.9570,101.5000,99.8110,100.7840,3246968
2024-01-18T08:00:00,100.7850,101.2480,98.3960,98.9620,3917198
2024-01-18T12:00:00,98.9610,99.2000,97.7250,98.2700,4005386
2024-01-18T16:00:00,98.2700,98.3010,91.3590,92.3830,10928604
2024-01-18T20:00:00,92.3840,94.8630,92.1970,94.3890,4540115
2024-01-19T00:00:00,94.3890,94.7740,91.4650,93.0890,4285564
2024-01-19T04:00:00,93.0880,95.3580,92.8540,94.4980,2808130
2024-01-19T08:00:00,94.4980,95.5000,93.8330,94.7830,2576487
2024-01-19T12:00:00,94.7850,94.7880,90.7350,91.2620,6206021
2024-01-19T16:00:00,91.2740,94.7270,87.0050,94.1150,12380492
2024-01-19T20:00:00,94.1150,94.9560,92.7180,93.5960,3379855
2024-01-20T00:00:00,93.5960,94.2940,92.0540,93.6100,2440541
2024-01-20T04:00:00,93.6100,93.7010,91.7050,91.9400,1935675
2024-01-20T08:00:00,91.9390,92.3880,91.0890,92.0230,2604733
2024-01-20T12:00:00,92.0230,92.2630,90.1760,90.8710,2779504
2024-01-20T16:00:00,90.8720,92.5920,90.7180,92.0290,2477949
2024-01-20T20:00:00,92.0290,93.4800,91.8080,92.9000,2051664
2024-01-21T00:00:00,92.9010,93.3460,91.8500,92.9360,1645026
2024-01-21T04:00:00,92.9370,93.0760,91.8800,92.3630,1011813
2024-01-21T08:00:00,92.3650,93.9670,92.2430,93.1940,1893053
2024-01-21T12:00:00,93.1930,93.7230,91.9700,92.5120,2174850
2024-01-21T16:00:00,92.5120,92.9040,91.6510,92.4800,1558737
2024-01-21T20:00:00,92.4790,92.6520,90.8000,91.1050,1713821
2024-01-22T00:00:00,91.1110,91.9480,88.1300,89.3440,4485917
2024-01-22T04:00:00,89.3440,90.1850,88.2000,89.2550,3064553
2024-01-22T08:00:00,89.2490,89.2490,86.1410,88.3600,6573572
2024-01-22T12:00:00,88.3590,90.0500,85.6950,87.2980,7220821
2024-01-22T16:00:00,87.3060,87.6990,82.1000,83.6730,10695729
2024-01-22T20:00:00,83.6730,86.3510,83.1830,83.8830,5566553
2024-01-23T00:00:00,83.8830,85.9050,83.6070,85.1880,3307042
2024-01-23T04:00:00,85.1890,85.9670,82.2720,82.8140,3076827
2024-01-23T08:00:00,82.8120,83.5000,78.9680,80.2170,12068931
2024-01-23T12:00:00,80.2160,83.3910,78.9600,82.6770,9670129
2024-01-23T16:00:00,82.6770,83.8770,80.8590,80.9440,6888916
2024-01-23T20:00:00,80.9410,84.4270,80.4080,84.3250,4494821
2024-01-24T00:00:00,84.3250,85.7630,83.3500,83.5620,4492663
2024-01-24T04:00:00,83.5620,86.8250,83.2940,86.1330,4352922
2024-01-24T08:00:00,86.1380,88.5200,85.9100,87.1640,6172748
2024-01-24T12:00:00,87.1650,87.9970,85.2270,86.9940,6608595
2024-01-24T16:00:00,86.9940,87.8200,85.5260,86.3330,4073132
2024-01-24T20:00:00,86.3330,89.3960,85.8780,88.7440,3943968
2024-01-25T00:00:00,88.7450,89.6250,87.6410,88.3210,3494247
2024-01-25T04:00:00,88.3210,88.6590,86.7300,88.1820,3032185
2024-01-25T08:00:00,88.1810,89.3300,86.5250,88.9980,3536665
2024-01-25T12:00:00,88.9970,89.3300,86.0000,86.3910,5619308
2024-01-25T16:00:00,86.3920,88.2270,85.1000,87.7640,5135446
2024-01-25T20:00:00,87.7640,87.8580,86.4190,86.8860,2314794
2024-01-26T00:00:00,86.8850,88.2740,85.9550,87.9420,3236394
2024-01-26T04:00:00,87.9420,88.5260,86.6660,87.0000,2490019
2024-01-26T08:00:00,86.9990,92.4110,86.9650,91.9070,7290444
2024-01-26T12:00:00,91.9090,92.6620,90.1000,92.3500,5105548
2024-01-26T16:00:00,92.3500,93.7200,92.1510,92.8110,4746772
2024-01-26T20:00:00,92.8100,93.7080,91.6450,92.2610,2707825
2024-01-27T00:00:00,92.2600,93.8000,92.0510,92.6730,2791015
2024-01-27T04:00:00,92.6730,92.7810,90.7170,91.1910,2811263
2024-01-27T08:00:00,91.1910,92.2990,90.6360,91.9910,2596114
2024-01-27T12:00:00,91.9910,92.9700,91.6200,92.7830,1933572
2024-01-27T16:00:00,92.7830,93.3930,92.1440,93.0710,2346650
2024-01-27T20:00:00,93.0680,94.4800,92.8130,94.2380,2268876
2024-01-28T00:00:00,94.2370,96.7730,93.1550,96.6090,4027079
2024-01-28T04:00:00,96.6080,97.3990,95.2000,95.7240,4259460
2024-01-28T08:00:00,95.7220,99.4280,95.5000,98.3810,5701363
2024-01-28T12:00:00,98.3810,98.6000,96.6340,97.0520,6230438
2024-01-28T16:00:00,97.0510,97.9200,94.1410,94.4610,4451840
2024-01-28T20:00:00,94.4620,96.3530,93.3900,95.9480,4154478
2024-01-29T00:00:00,95.9480,98.9930,95.0050,97.8240,4327798
2024-01-29T04:00:00,97.8230,97.9640,96.1440,96.7130,2827318
2024-01-29T08:00:00,96.7130,97.9740,96.2460,97.4280,2889730
2024-01-29T12:00:00,97.4270,100.3500,95.4800,99.8700,6330387
2024-01-29T16:00:00,99.8700,101.7000,98.9500,100.5410,7535816
2024-01-29T20:00:00,100.5400,102.0350,100.4590,101.6230,2523360
2024-01-30T00:00:00,101.6220,103.7980,100.8930,102.0560,4276497
2024-01-30T04:00:00,102.0560,103.3750,101.6580,102.8830,2860910
2024-01-30T08:00:00,102.8820,106.4480,102.3620,106.0140,5413233
2024-01-30T12:00:00,106.0150,106.5000,103.5000,104.7960,7685325
2024-01-30T16:00:00,104.7900,105.6410,103.2240,105.2160,5320103
2024-01-30T20:00:00,105.2160,105.5940,101.0030,101.3710,4593508
2024-01-31T00:00:00,101.3720,101.9250,98.5000,101.0910,6543552
2024-01-31T04:00:00,101.0910,101.7890,99.9000,101.5990,3341333
2024-01-31T08:00:00,101.5990,101.9090,97.2420,99.1030,6215702
2024-01-31T12:00:00,99.1030,101.9000,97.5000,101.5370,7544076
2024-01-31T16:00:00,101.5360,102.7190,99.5870,100.9410,6878292
2024-01-31T20:00:00,100.9460,101.2000,95.8370,96.9120,6038379
2024-02-01T00:00:00,96.9100,97.6770,93.3190,93.5950,6468210
2024-02-01T04:00:00,93.5970,95.7590,93.1000,94.8790,4082593
2024-02-01T08:00:00,94.8760,96.7080,94.5620,95.4100,3770546
2024-02-01T12:00:00,95.4100,97.4400,94.6120,95.9590,5386213
2024-02-01T16:00:00,95.9600,98.0000,94.8150,97.8330,5368178
2024-02-01T20:00:00,97.8310,98.1300,96.8750,97.7750,2304783
2024-02-02T00:00:00,97.7760,100.1310,97.3350,98.9560,4076090
2024-02-02T04:00:00,98.9570,101.5070,98.3870,101.1820,3389153
2024-02-02T08:00:00,101.1810,102.4000,99.8600,101.9510,3608892
2024-02-02T12:00:00,101.9520,102.5730,98.3570,101.2840,7733031
2024-02-02T16:00:00,101.2840,102.1920,98.3010,99.4360,4425911
2024-02-02T20:00:00,99.4370,100.8260,98.8350,100.5590,2170534
2024-02-03T00:00:00,100.5480,101.2000,98.9580,99.1830,2454582
2024-02-03T04:00:00,99.1840,100.0630,98.5500,99.0560,1567092
2024-02-03T08:00:00,99.0560,99.3560,98.3530,98.6480,1790588
2024-02-03T12:00:00,98.6470,98.9500,96.6020,97.9600,3454867
2024-02-03T16:00:00,97.9600,98.7440,97.2160,98.1190,2386641
2024-02-03T20:00:00,98.1190,98.4320,97.5020,97.9150,1279120
2024-02-04T00:00:00,97.9140,98.5550,96.8020,98.3140,1816784
2024-02-04T04:00:00,98.3150,98.3300,96.0770,96.4970,2428091
2024-02-04T08:00:00,96.4970,98.2500,95.8200,97.8730,2655924
2024-02-04T12:00:00,97.8710,98.3730,97.1800,97.6030,1743166
2024-02-04T16:00:00,97.6050,97.6680,96.0520,96.3260,2888596
2024-02-04T20:00:00,96.3260,96.9800,95.0000,95.4510,2846060
2024-02-05T00:00:00,95.4520,96.2000,94.1020,96.0210,3047726
2024-02-05T04:00:00,96.0210,97.9000,95.7540,97.5370,2959180
2024-02-05T08:00:00,97.5370,98.1980,96.9020,97.8440,2713374
2024-02-05T12:00:00,97.8440,98.6590,95.1910,95.5570,4962156
2024-02-05T16:00:00,95.5550,96.4850,95.2870,95.9060,3264877
2024-02-05T20:00:00,95.9050,96.0930,94.1710,95.6050,3132707
2024-02-06T00:00:00,95.6000,96.7900,95.1710,95.9690,2051917
2024-02-06T04:00:00,95.9690,96.0630,94.7000,95.7110,1746904
2024-02-06T08:00:00,95.7110,96.2900,93.1160,94.2390,5665481
2024-02-06T12:00:00,94.2380,95.8480,93.2450,95.6950,5303780
2024-02-06T16:00:00,95.6960,97.7140,95.1010,97.5460,3738162
2024-02-06T20:00:00,97.5460,97.8690,96.7180,96.8560,2510621
2024-02-07T00:00:00,96.8560,97.4550,95.4400,95.4750,2044235
2024-02-07T04:00:00,95.4750,96.1890,94.9560,95.5810,1998449
2024-02-07T08:00:00,95.5810,96.0380,94.5600,95.1410,2410334
2024-02-07T12:00:00,95.1410,96.6820,95.0820,96.2250,2779695
2024-02-07T16:00:00,96.2260,98.1380,96.1100,97.0790,4052158
2024-02-07T20:00:00,97.0800,101.6220,97.0680,101.1350,6265448
2024-02-08T00:00:00,101.1360,102.6200,100.9040,101.7670,4402902
2024-02-08T04:00:00,101.7670,102.0710,100.5000,100.7940,2323551
2024-02-08T08:00:00,100.7950,102.3000,100.7500,101.2050,2702718
2024-02-08T12:00:00,101.2050,104.9740,100.9240,104.8000,6398398
2024-02-08T16:00:00,104.8010,104.8980,101.6200,102.2790,5176956
2024-02-08T20:00:00,102.2800,103.3640,102.2570,102.7420,1973926
2024-02-09T00:00:00,102.7420,105.7530,102.7280,104.3120,3704429
2024-02-09T04:00:00,104.3060,105.7040,103.7200,105.2100,2411007
2024-02-09T08:00:00,105.2110,106.3880,104.0600,105.8310,5061793
2024-02-09T12:00:00,105.8310,107.0000,104.0500,105.6200,6761113
2024-02-09T16:00:00,105.6200,106.5000,104.3200,104.9630,3880110
2024-02-09T20:00:00,104.9630,109.2300,104.8050,106.9210,4831715
2024-02-10T00:00:00,106.9200,110.7460,106.8600,110.6440,3970988
2024-02-10T04:00:00,110.6440,110.8390,108.6660,108.8610,2747265
2024-02-10T08:00:00,108.8600,109.6580,107.1940,108.1400,4406290
2024-02-10T12:00:00,108.1400,108.7830,107.1340,108.4710,2394290
2024-02-10T16:00:00,108.4710,109.5470,107.7210,109.1480,1938704
2024-02-10T20:00:00,109.1490,110.4380,108.5630,108.9760,2872181
2024-02-11T00:00:00,108.9760,109.7500,107.6840,109.4340,2323443
2024-02-11T04:00:00,109.4340,109.9330,108.7320,109.2270,2076266
2024-02-11T08:00:00,109.2260,110.3400,108.5130,109.6970,2972089
2024-02-11T12:00:00,109.6970,110.7570,108.6400,108.8120,3149257
2024-02-11T16:00:00,108.8130,109.0980,107.6440,108.1920,2542461
2024-02-11T20:00:00,108.1910,108.8110,107.2020,107.4710,1964810
2024-02-12T00:00:00,107.4710,109.3770,104.5000,106.2680,5007397
2024-02-12T04:00:00,106.2670,106.3860,104.5800,105.9340,2635760
2024-02-12T08:00:00,105.9340,106.3330,103.3820,104.2220,3401434
2024-02-12T12:00:00,104.2210,108.9940,103.8070,108.8340,5975144
2024-02-12T16:00:00,108.8340,111.4480,107.5820,109.8350,8241836
2024-02-12T20:00:00,109.8390,112.3330,109.7060,111.7370,3741551
2024-02-13T00:00:00,111.7370,115.1470,111.7370,113.1090,5154525
2024-02-13T04:00:00,113.1100,114.6940,113.0670,114.0870,2183839
2024-02-13T08:00:00,114.0880,115.3330,112.9110,114.1850,3579997
2024-02-13T12:00:00,114.1860,114.2800,108.5710,110.3900,9058889
2024-02-13T16:00:00,110.3840,112.3990,108.3010,111.5690,5029854
2024-02-13T20:00:00,111.5690,113.8290,111.5200,112.5390,3481217
2024-02-14T00:00:00,112.5390,112.6070,110.7130,111.9260,2299441
2024-02-14T04:00:00,111.9260,113.3900,111.2670,113.0990,2074896
2024-02-14T08:00:00,113.0980,116.4380,112.8000,115.7520,6250152
2024-02-14T12:00:00,115.7530,118.8370,115.1000,117.0060,6754205
2024-02-14T16:00:00,117.0070,117.1620,115.1080,116.2120,3414538
2024-02-14T20:00:00,116.2150,117.3890,116.0400,117.0920,1929482
2024-02-15T00:00:00,117.0920,118.4900,116.0000,117.3430,3447970
2024-02-15T04:00:00,117.3430,117.3790,114.6020,115.1000,3058342
2024-02-15T08:00:00,115.1000,117.1240,114.8100,116.1630,2774885
2024-02-15T12:00:00,116.1570,117.4060,113.0000,114.1360,7059316
2024-02-15T16:00:00,114.1370,115.1190,113.0000,114.0790,4206858
2024-02-15T20:00:00,114.0790,114.4790,111.6000,113.5980,4245373
2024-02-16T00:00:00,113.5970,114.3620,112.2130,113.9390,2458705
2024-02-16T04:00:00,113.9390,114.0900,111.5000,111.5600,2512392
2024-02-16T08:00:00,111.5610,112.7810,110.0120,112.1780,4055143
2024-02-16T12:00:00,112.1750,113.2490,108.0000,109.7300,6582615
2024-02-16T16:00:00,109.7300,110.4820,108.2560,108.7240,3614601
2024-02-16T20:00:00,108.7240,110.8000,108.4040,110.3920,1745561
2024-02-17T00:00:00,110.3930,111.1630,109.2060,110.0110,1974135
2024-02-17T04:00:00,110.0120,110.5440,108.7120,110.4030,1759250
2024-02-17T08:00:00,110.4040,110.9440,108.4180,109.4650,2890705
2024-02-17T12:00:00,109.4660,109.6640,105.5510,107.2670,6231708
2024-02-17T16:00:00,107.2670,108.1750,106.5360,108.0880,1886761
2024-02-17T20:00:00,108.0880,109.7480,107.8260,109.0080,1908088
2024-02-18T00:00:00,109.0090,109.8800,107.5020,108.4320,1920393
2024-02-18T04:00:00,108.4410,109.7770,108.0850,109.3120,1730187
2024-02-18T08:00:00,109.3110,113.1520,108.8900,111.8340,4245723
2024-02-18T12:00:00,111.8340,112.6070,110.7540,112.4240,2443606
2024-02-18T16:00:00,112.4230,114.1770,111.7820,112.8320,3265980
2024-02-18T20:00:00,112.8320,113.7460,111.8670,112.3450,2580359
2024-02-19T00:00:00,112.3440,113.0190,111.2730,111.7640,2242461
2024-02-19T04:00:00,111.7650,113.7370,111.2040,113.2880,2593847
2024-02-19T08:00:00,113.2890,113.4460,110.7850,112.7360,3135351
2024-02-19T12:00:00,112.7390,115.0220,111.7500,113.7800,6485842
2024-02-19T16:00:00,113.7810,114.2570,111.5500,112.0320,3857978
2024-02-19T20:00:00,112.0320,113.1810,111.1670,111.6580,1850095
2024-02-20T00:00:00,111.6570,112.2420,109.0470,109.5750,3018267
2024-02-20T04:00:00,109.5760,111.1850,109.0760,109.5200,2439803
2024-02-20T08:00:00,109.5210,110.9790,108.1000,110.4810,3737162
2024-02-20T12:00:00,110.4800,110.8990,102.6250,106.6480,9522689
2024-02-20T16:00:00,106.6490,107.6720,104.7310,107.3840,5036779
2024-02-20T20:00:00,107.3840,109.7930,106.7580,108.4180,2756774
2024-02-21T00:00:00,108.4170,108.5000,106.5000,106.7270,2105492
2024-02-21T04:00:00,106.7270,107.1570,104.4560,104.9390,2673964
2024-02-21T08:00:00,104.9390,105.6850,102.3300,102.8200,4781369
2024-02-21T12:00:00,102.8200,104.4440,101.0520,103.9040,5771767
2024-02-21T16:00:00,103.9040,104.5820,100.2550,102.1020,4685232
2024-02-21T20:00:00,102.1020,105.8020,101.4700,105.1130,3802956
2024-02-22T00:00:00,105.1170,105.1610,102.1220,103.6560,2596521
2024-02-22T04:00:00,103.6560,105.5000,103.2530,105.1600,2766200
2024-02-22T08:00:00,105.1600,107.1640,104.9000,105.9080,4063887
2024-02-22T12:00:00,105.9080,106.2400,103.2360,105.4690,3948284
2024-02-22T16:00:00,105.4700,105.5400,103.3880,103.6510,2735257
2024-02-22T20:00:00,103.6500,105.4480,101.5550,101.8050,3404635
2024-02-23T00:00:00,101.8040,102.9560,101.0640,101.9340,2331043
2024-02-23T04:00:00,101.9340,103.2000,101.4580,102.0460,2033512
2024-02-23T08:00:00,102.0460,103.1050,101.2500,102.7500,2460167
2024-02-23T12:00:00,102.7500,102.9900,100.2600,100.3560,5173372
2024-02-23T16:00:00,100.3560,101.8010,98.6740,101.4840,4691801
2024-02-23T20:00:00,101.4850,101.8490,98.9000,99.9730,2408619
2024-02-24T00:00:00,99.9730,100.8680,98.5000,100.2800,2962322
2024-02-24T04:00:00,100.2800,102.3540,100.2480,102.3130,2138033
2024-02-24T08:00:00,102.3130,102.8880,101.6230,102.2240,2215357
2024-02-24T12:00:00,102.2240,102.6850,101.7860,102.0380,1794275
2024-02-24T16:00:00,102.0390,104.2880,101.9820,104.1450,2792884
2024-02-24T20:00:00,104.1440,104.9300,103.7680,104.1140,1758906
2024-02-25T00:00:00,104.1130,104.5540,102.2270,103.4830,2694917
2024-02-25T04:00:00,103.4860,103.7950,102.7560,103.1000,1695213
2024-02-25T08:00:00,103.1000,103.2000,102.0330,102.8830,1526661
2024-02-25T12:00:00,102.8830,103.9600,102.3720,102.8510,2293299
2024-02-25T16:00:00,102.8510,103.8240,102.2230,103.4790,2052914
2024-02-25T20:00:00,103.4780,104.5040,103.1020,103.5690,2071893
2024-02-26T00:00:00,103.5700,105.2000,102.3700,103.5880,2562699
2024-02-26T04:00:00,103.5890,104.3870,103.0230,103.3920,1941384
2024-02-26T08:00:00,103.3910,104.2980,100.6210,101.0540,4344561
2024-02-26T12:00:00,101.0540,105.1830,100.3500,105.0870,5896309
2024-02-26T16:00:00,105.0840,110.5060,104.6260,109.8060,10225916
2024-02-26T20:00:00,109.8050,110.9690,108.5000,110.0340,4019837
2024-02-27T00:00:00,110.0330,112.5100,109.3090,110.3990,6799608
2024-02-27T04:00:00,110.3990,111.5820,109.2030,110.4790,3212636
2024-02-27T08:00:00,110.4800,112.2990,110.4800,111.6580,3298422
2024-02-27T12:00:00,111.6570,111.9370,106.1500,106.8850,6933359
2024-02-27T16:00:00,106.8880,108.5410,105.3600,108.4950,5233724
2024-02-27T20:00:00,108.4840,109.4550,107.6070,108.4500,2426756
2024-02-28T00:00:00,108.4510,109.4000,107.3160,107.6690,2401938
2024-02-28T04:00:00,107.6700,110.2670,107.6160,110.2000,2348864
2024-02-28T08:00:00,110.2000,115.3330,109.2750,111.5760,10178896
2024-02-28T12:00:00,111.5760,113.4960,110.5210,113.1780,7866790
2024-02-28T16:00:00,113.1780,117.2750,104.6000,111.4580,19682467
2024-02-28T20:00:00,111.4590,119.4970,110.2100,119.4250,7551902
2024-02-29T00:00:00,119.4210,124.6570,117.3780,123.6950,9291883
2024-02-29T04:00:00,123.6960,126.3060,122.2760,125.6740,6721868
2024-02-29T08:00:00,125.6750,133.2090,125.3580,129.3830,10644397
2024-02-29T12:00:00,129.3790,134.8350,127.0190,132.4540,8379257
2024-02-29T16:00:00,132.4550,133.2510,126.5270,130.3770,9029341
2024-02-29T20:00:00,130.3760,132.1140,122.6180,125.7690,6920314
2024-03-01T00:00:00,125.7700,137.4150,125.6400,134.1140,8409608
2024-03-01T04:00:00,134.1130,137.9960,131.7200,132.0660,5122211
2024-03-01T08:00:00,132.0670,135.6900,130.8550,135.5740,4612680
2024-03-01T12:00:00,135.5740,135.5750,130.2950,131.3710,5691940
2024-03-01T16:00:00,131.3710,133.6960,129.5000,131.1090,5172583
2024-03-01T20:00:00,131.1240,131.9970,129.2840,129.4560,3340367
2024-03-02T00:00:00,129.4670,131.9360,127.3620,130.2590,4537907
2024-03-02T04:00:00,130.2710,130.9560,127.8610,129.2920,2854996
2024-03-02T08:00:00,129.2920,130.8200,127.3870,128.8850,4153573
2024-03-02T12:00:00,128.8850,130.6000,127.2000,128.0330,4024327
2024-03-02T16:00:00,128.0340,130.9600,127.6000,130.8060,2430459
2024-03-02T20:00:00,130.8100,131.5790,128.3330,130.1840,2406668
2024-03-03T00:00:00,130.1840,130.9500,128.3500,130.3260,3472920
2024-03-03T04:00:00,130.3260,130.7800,123.0530,126.8220,5298651
2024-03-03T08:00:00,126.8260,131.5030,125.2000,128.8500,5512964
2024-03-03T12:00:00,128.8450,129.8230,127.6190,129.4510,3715826
2024-03-03T16:00:00,129.4520,131.3690,128.8920,130.3170,3019338
2024-03-03T20:00:00,130.3170,132.3860,129.5280,130.3040,2278930
2024-03-04T00:00:00,130.3040,133.3120,128.5520,129.1210,4926269
2024-03-04T04:00:00,129.1210,130.0500,128.6370,129.7390,1842377
2024-03-04T08:00:00,129.7390,135.2190,129.6200,132.7730,7354976
2024-03-04T12:00:00,132.7680,133.9240,129.2650,131.8850,5286025
2024-03-04T16:00:00,131.8880,132.2150,127.3000,129.7100,6394879
2024-03-04T20:00:00,129.7200,133.6000,128.2500,133.4500,4051692
2024-03-05T00:00:00,133.4450,133.5540,129.1170,130.3100,4020468
2024-03-05T04:00:00,130.3090,133.1120,127.5750,129.6000,6393652
2024-03-05T08:00:00,129.6010,132.5000,129.1060,130.9070,3019245
2024-03-05T12:00:00,130.9070,143.1430,130.9070,139.3710,13360653
2024-03-05T16:00:00,139.3780,140.8320,103.9900,119.4170,21704970
2024-03-05T20:00:00,119.4000,127.4480,116.0090,125.3580,13785992
2024-03-06T00:00:00,125.3590,126.9220,120.0900,122.4700,4711367
2024-03-06T04:00:00,122.4700,133.4440,122.4340,133.3200,7027964
2024-03-06T08:00:00,133.3220,135.1210,129.2800,132.0150,5605599
2024-03-06T12:00:00,132.0290,132.3330,125.3000,128.3300,6843722
2024-03-06T16:00:00,128.3340,132.3040,128.1030,130.9370,3784761
2024-03-06T20:00:00,130.9380,132.5610,130.1660,130.9160,2598361
2024-03-07T00:00:00,130.9160,141.9670,130.6060,138.3850,8494157
2024-03-07T04:00:00,138.3690,140.2380,136.2220,138.3570,4777429
2024-03-07T08:00:00,138.3670,144.7060,138.1760,140.4200,7195227
2024-03-07T12:00:00,140.4190,149.4770,139.1590,146.0600,9647559
2024-03-07T16:00:00,146.0640,149.6310,145.3710,148.9120,4201355
2024-03-07T20:00:00,148.9130,149.1560,143.6260,143.9970,3688762
2024-03-08T00:00:00,143.9990,146.7220,143.1010,144.4550,2620772
2024-03-08T04:00:00,144.4630,145.7090,142.1360,144.6190,2647935
2024-03-08T08:00:00,144.6200,149.4900,144.4780,149.1300,2879578
2024-03-08T12:00:00,149.1300,152.9000,141.5000,145.5490,9780873
2024-03-08T16:00:00,145.5360,150.9380,142.1760,147.9930,7161542
2024-03-08T20:00:00,147.9920,149.3190,143.4850,144.8790,3081039
2024-03-09T00:00:00,144.8800,147.1600,144.5800,145.8610,2097886
2024-03-09T04:00:00,145.8610,149.3080,145.4500,148.4570,1923542
2024-03-09T08:00:00,148.4580,148.8890,145.1350,146.9660,2048579
2024-03-09T12:00:00,146.9670,147.4270,145.1310,147.1580,1857907
2024-03-09T16:00:00,147.1480,147.4100,143.5030,145.4550,2436827
2024-03-09T20:00:00,145.4550,146.8790,144.1230,144.4240,1323513
2024-03-10T00:00:00,144.4300,148.5800,143.8680,146.8830,2617389
2024-03-10T04:00:00,146.8830,148.7000,146.7500,148.4590,1629585
2024-03-10T08:00:00,148.4590,148.7000,144.9070,145.5450,2956873
2024-03-10T12:00:00,145.5450,145.9980,141.2970,143.0240,4033108
2024-03-10T16:00:00,143.0240,145.4810,142.8730,145.2320,1943564
2024-03-10T20:00:00,145.2310,145.4070,140.5000,144.4970,2728052
2024-03-11T00:00:00,144.5010,144.6450,136.3710,141.3010,5967237
2024-03-11T04:00:00,141.2870,148.7500,139.6140,148.2370,4960541
2024-03-11T08:00:00,148.2600,150.6120,147.4000,148.4410,4470441
2024-03-11T12:00:00,148.4560,150.3330,145.5000,147.2000,5449272
2024-03-11T16:00:00,147.2000,148.5650,145.8900,146.8530,3006146
2024-03-11T20:00:00,146.8520,149.5000,146.6180,149.0620,1723737
2024-03-12T00:00:00,149.0620,155.3000,147.3110,151.1420,5184213
2024-03-12T04:00:00,151.1420,154.8000,149.5000,152.0350,5722395
2024-03-12T08:00:00,152.0350,153.3700,148.2010,150.6100,4279580
2024-03-12T12:00:00,150.6090,152.2940,147.2690,150.4290,7480378
2024-03-12T16:00:00,150.4440,151.1450,141.6000,150.0740,9089347
2024-03-12T20:00:00,150.0740,151.4860,147.1000,151.2010,2955594
2024-03-13T00:00:00,151.2020,151.8520,148.8890,149.4450,2399845
2024-03-13T04:00:00,149.4440,153.3150,148.9250,150.9110,3189331
2024-03-13T08:00:00,150.9110,154.9190,150.6740,153.9300,3255990
2024-03-13T12:00:00,153.9300,159.5910,149.9250,157.3610,9080527
2024-03-13T16:00:00,157.3660,162.0920,156.7380,161.5820,5047948
2024-03-13T20:00:00,161.5820,166.9670,159.6700,164.0550,4263774
2024-03-14T00:00:00,164.0550,169.4980,163.2390,167.5890,4894395
2024-03-14T04:00:00,167.5890,170.5000,165.3480,168.4440,4030591
2024-03-14T08:00:00,168.4610,174.5990,168.3000,173.3130,6598877
2024-03-14T12:00:00,173.3200,173.6630,164.3300,167.7590,10948414
2024-03-14T16:00:00,167.7610,170.4500,159.2880,162.6610,10179469
2024-03-14T20:00:00,162.6270,178.7000,162.2260,176.8510,5964388
2024-03-15T00:00:00,176.8520,187.0880,169.2270,176.2120,15992604
2024-03-15T04:00:00,176.1960,182.1810,171.3510,176.2530,10722112
2024-03-15T08:00:00,176.2560,177.4300,164.6750,170.1270,13036022
2024-03-15T12:00:00,170.1270,185.0000,168.2630,181.9630,12168386
2024-03-15T16:00:00,181.9820,189.2500,178.2690,183.4460,9812393
2024-03-15T20:00:00,183.4350,185.7140,175.3710,184.1550,7363300
2024-03-16T00:00:00,184.1560,189.3180,180.5620,187.7830,5151762
2024-03-16T04:00:00,187.7820,193.8230,185.3950,192.9700,7013527
2024-03-16T08:00:00,192.9690,198.2690,190.6550,192.7820,7336852
2024-03-16T12:00:00,192.7830,196.3980,188.0000,195.3010,8211207
2024-03-16T16:00:00,195.3000,195.9020,178.6320,180.2330,10463228
2024-03-16T20:00:00,180.2330,186.1320,176.9230,182.1840,8677825
2024-03-17T00:00:00,182.1820,189.5400,181.8610,186.6480,6556390
2024-03-17T04:00:00,186.6480,188.8900,178.6500,181.9420,6824861
2024-03-17T08:00:00,181.9420,193.9880,179.8270,192.1410,6927793
2024-03-17T12:00:00,192.1390,196.2600,188.5540,195.7430,5769303
2024-03-17T16:00:00,195.7420,198.4980,192.3380,195.8230,4356784
2024-03-17T20:00:00,195.8260,205.0000,195.6160,201.9620,5558524
2024-03-18T00:00:00,201.9600,205.7880,194.0290,204.1570,6318279
2024-03-18T04:00:00,204.1580,205.2000,200.0100,203.3370,3712509
2024-03-18T08:00:00,203.3420,210.4250,198.4000,208.2060,8223420
2024-03-18T12:00:00,208.2070,209.5960,198.5040,203.9100,9113611
2024-03-18T16:00:00,203.9110,206.5000,195.4300,198.4990,7211571
2024-03-18T20:00:00,198.5000,205.0000,195.5280,196.1430,4225598
2024-03-19T00:00:00,196.1430,198.8750,180.4380,184.3720,10906382
2024-03-19T04:00:00,184.3730,189.1610,179.2110,186.2360,8722992
2024-03-19T08:00:00,186.2350,186.2930,171.0000,177.9020,12794199
2024-03-19T12:00:00,177.9100,186.0440,174.7500,183.0790,11391911
2024-03-19T16:00:00,183.0710,186.4330,180.1000,181.5670,6216061
2024-03-19T20:00:00,181.5670,182.1180,166.1800,169.9170,8551929
2024-03-20T00:00:00,169.9160,177.1310,169.3280,169.9790,6935426
2024-03-20T04:00:00,169.9850,174.3140,162.4530,173.4180,8151865
2024-03-20T08:00:00,173.4180,175.4760,169.5060,172.1900,5175813
2024-03-20T12:00:00,172.1900,176.9610,170.0010,170.6740,6602229
2024-03-20T16:00:00,170.6720,184.7990,165.5500,182.7400,10407311
2024-03-20T20:00:00,182.7480,193.3900,181.8630,191.9160,6802693
2024-03-21T00:00:00,191.9070,195.9330,189.5000,190.4650,5036433
2024-03-21T04:00:00,190.4650,192.5240,184.6400,188.7510,5658301
2024-03-21T08:00:00,188.7500,191.8240,186.2940,189.2650,3999862
2024-03-21T12:00:00,189.2640,191.6470,183.8020,185.4310,5312919
2024-03-21T16:00:00,185.4310,188.2230,177.1200,178.0860,5493563
2024-03-21T20:00:00,178.0760,182.0800,176.0000,179.5350,3415343
2024-03-22T00:00:00,179.5350,182.0520,174.1490,179.2160,4017667
2024-03-22T04:00:00,179.2090,180.8960,177.6130,179.2090,3160701
2024-03-22T08:00:00,179.2080,180.3570,171.6660,172.2500,3663810
2024-03-22T12:00:00,172.2460,174.0980,167.7000,171.7460,6859949
2024-03-22T16:00:00,171.7470,173.7760,168.8390,172.9220,3612840
2024-03-22T20:00:00,172.9250,175.2840,168.1880,175.2570,3064451
2024-03-23T00:00:00,175.2570,178.2000,170.5550,172.0010,3925387
2024-03-23T04:00:00,172.0000,177.9980,171.5000,176.1240,2594961
2024-03-23T08:00:00,176.1250,177.2090,174.1720,175.9930,2284535
2024-03-23T12:00:00,175.9930,179.2630,174.5360,175.2620,3388094
2024-03-23T16:00:00,175.2610,176.9320,173.8360,174.9260,2172028
2024-03-23T20:00:00,174.9260,175.6330,172.5300,172.7250,1653362
2024-03-24T00:00:00,172.7260,177.7080,171.7630,171.8420,2461890
2024-03-24T04:00:00,171.8430,173.9150,171.3940,173.7610,1726005
2024-03-24T08:00:00,173.6830,176.3000,173.2700,174.9890,2270406
2024-03-24T12:00:00,174.9880,177.5000,174.6890,176.3610,2360667
2024-03-24T16:00:00,176.3500,177.0990,172.5190,176.2370,2516400
2024-03-24T20:00:00,176.2240,186.8870,175.5620,184.0190,4213584
2024-03-25T00:00:00,184.0180,185.6210,181.1330,184.9660,2776270
2024-03-25T04:00:00,184.9610,189.7970,183.8970,185.8890,2836927
2024-03-25T08:00:00,185.8880,191.9090,185.8070,188.0790,3735748
2024-03-25T12:00:00,188.0790,194.6990,186.5000,192.8930,5916964
2024-03-25T16:00:00,192.8920,194.6470,190.4610,192.3910,3323482
2024-03-25T20:00:00,192.3910,193.2000,188.5320,189.1810,2466858
2024-03-26T00:00:00,189.1650,192.1920,188.2040,191.7920,1928236
2024-03-26T04:00:00,191.7920,196.8080,191.4160,194.1430,3278495
2024-03-26T08:00:00,194.1440,196.4410,192.0870,194.9460,2706008
2024-03-26T12:00:00,194.9400,195.4960,189.6530,190.4940,4525644
2024-03-26T16:00:00,190.4950,191.7370,186.3000,188.4850,3906141
2024-03-26T20:00:00,188.4910,192.8060,188.4120,190.6230,2198926
2024-03-27T00:00:00,190.6210,193.0000,188.8280,190.2200,2211758
2024-03-27T04:00:00,190.2190,190.7360,186.1670,186.9610,1884166
2024-03-27T08:00:00,186.9610,188.8700,183.7200,188.6930,3235025
2024-03-27T12:00:00,188.6880,191.4000,181.0380,181.2340,7899966
2024-03-27T16:00:00,181.2350,184.2840,180.2900,182.8370,2869292
2024-03-27T20:00:00,182.8380,187.2040,182.7370,186.4480,1873401
2024-03-28T00:00:00,186.4470,188.1910,181.0250,182.3150,2716468
2024-03-28T04:00:00,182.3170,187.9360,182.1120,187.4950,2022770
2024-03-28T08:00:00,187.4970,188.6690,184.8190,185.5630,2230018
2024-03-28T12:00:00,185.5730,189.6890,182.8000,187.5140,4152734
2024-03-28T16:00:00,187.5140,187.5710,184.6500,186.4650,1900421
2024-03-28T20:00:00,186.4660,191.1800,186.3350,189.8520,2447521
2024-03-29T00:00:00,189.8560,190.9810,187.7780,188.5130,2316479
2024-03-29T04:00:00,188.5120,189.3770,183.5470,183.8510,2211883
2024-03-29T08:00:00,183.8510,186.6340,183.6000,185.9690,1967336
2024-03-29T12:00:00,185.9690,190.0980,184.2270,185.0790,3613144
2024-03-29T16:00:00,185.0840,187.9440,184.5670,187.9100,2033288
2024-03-29T20:00:00,187.8950,193.2460,187.5000,192.2000,3131715
2024-03-30T00:00:00,192.2000,194.8500,190.8610,192.9520,2128433
2024-03-30T04:00:00,192.9520,200.4000,192.7380,195.9710,4409302
2024-03-30T08:00:00,195.9790,200.0000,192.8380,197.9740,2791730
2024-03-30T12:00:00,197.9740,198.7030,195.2840,196.5430,2056176
2024-03-30T16:00:00,196.5430,198.1840,193.5610,195.6100,2109282
2024-03-30T20:00:00,195.6090,196.8820,193.5000,194.3510,1705528
2024-03-31T00:00:00,194.3510,197.4930,193.8340,194.4570,1868458
2024-03-31T04:00:00,194.4570,197.6400,194.1520,196.9750,1617847
2024-03-31T08:00:00,196.9790,197.4390,195.6330,196.0670,1281484
2024-03-31T12:00:00,196.0670,197.8920,195.6370,195.8650,1705160
2024-03-31T16:00:00,195.8720,201.4670,195.6940,200.5960,2825427
2024-03-31T20:00:00,200.5960,203.4590,198.7020,202.6780,2338187
2024-04-01T00:00:00,202.6850,204.7550,201.0300,202.8240,2708580
2024-04-01T04:00:00,202.8240,203.7900,193.0000,198.1180,5241803
2024-04-01T08:00:00,198.1180,198.1870,194.7000,195.3510,2693833
2024-04-01T12:00:00,195.3490,197.9440,186.7110,188.2170,5757133
2024-04-01T16:00:00,188.2200,193.6800,187.5170,193.4350,3527942
2024-04-01T20:00:00,193.4360,194.1870,191.9010,192.3550,1538209
2024-04-02T00:00:00,192.3550,192.4150,181.6000,183.7660,5134249
2024-04-02T04:00:00,183.7650,186.3780,181.1060,183.2710,2996847
2024-04-02T08:00:00,183.2720,184.0200,177.6100,180.0240,4459481
2024-04-02T12:00:00,180.0190,182.3390,176.0110,177.5590,5606433
2024-04-02T16:00:00,177.5600,186.9370,176.9640,185.7730,4574430
2024-04-02T20:00:00,185.7610,186.5750,180.8040,181.6790,2516872
2024-04-03T00:00:00,181.6710,189.0610,177.0120,188.5630,4787985
2024-04-03T04:00:00,188.5450,191.9760,187.0580,189.6500,3421123
2024-04-03T08:00:00,189.6510,191.8320,186.4680,187.8800,3308482
2024-04-03T12:00:00,187.8800,191.3380,186.0000,189.1500,3996568
2024-04-03T16:00:00,189.1540,191.2790,184.2070,185.7750,3394319
2024-04-03T20:00:00,185.7730,186.6630,182.2000,185.1730,2139619
2024-04-04T00:00:00,185.1790,187.5190,181.2000,181.6210,2594218
2024-04-04T04:00:00,181.6200,185.8880,180.3300,185.0580,2226183
2024-04-04T08:00:00,185.0580,186.4760,184.5110,185.7030,1457289
2024-04-04T12:00:00,185.7040,189.6920,185.4780,187.1750,3272583
2024-04-04T16:00:00,187.1760,190.2950,185.5510,185.7930,2672089
2024-04-04T20:00:00,185.7920,185.9800,181.0880,184.1230,2960361
2024-04-05T00:00:00,184.1240,185.3240,177.6860,179.5250,2943773
2024-04-05T04:00:00,179.5260,180.5000,173.1000,175.1880,4246059
2024-04-05T08:00:00,175.1890,177.2700,169.0620,169.8380,4631226
2024-04-05T12:00:00,169.8370,177.3940,168.1000,175.9370,6116346
2024-04-05T16:00:00,175.9380,176.9800,172.4750,175.4590,2607005
2024-04-05T20:00:00,175.4600,176.8550,174.1510,174.4500,1173644
2024-04-06T00:00:00,174.4510,176.6390,173.6000,176.0010,1872406
2024-04-06T04:00:00,176.0010,178.3330,174.9210,177.3190,1718137
2024-04-06T08:00:00,177.3190,178.6160,175.3820,175.7940,1917612
2024-04-06T12:00:00,175.7800,177.3900,173.8500,177.2230,2979734
2024-04-06T16:00:00,177.2300,179.4390,176.5000,177.4520,3371355
2024-04-06T20:00:00,177.4510,180.0000,176.7900,178.7680,3365739
2024-04-07T00:00:00,178.7690,182.7890,177.3170,180.7390,3866632
2024-04-07T04:00:00,180.7400,181.5230,179.0050,179.8450,1798870
2024-04-07T08:00:00,179.8450,181.0320,178.6000,180.7970,1407177
2024-04-07T12:00:00,180.7980,182.2910,179.5500,179.7500,2266806
2024-04-07T16:00:00,179.7490,182.7500,177.7200,178.3900,2566274
2024-04-07T20:00:00,178.3910,180.2450,176.9580,179.6150,1316509
2024-04-08T00:00:00,179.6150,179.6670,175.4010,176.5560,2185086
2024-04-08T04:00:00,176.5550,181.2560,175.8830,180.2830,2013133
2024-04-08T08:00:00,180.2840,184.7990,179.8180,182.8910,4365694
2024-04-08T12:00:00,182.8910,183.7630,179.4380,181.5340,3329953
2024-04-08T16:00:00,181.5330,182.2580,178.5700,179.4850,2014633
2024-04-08T20:00:00,179.4850,181.5660,179.2700,180.8220,1169025
2024-04-09T00:00:00,180.8210,181.0840,177.0020,177.6000,1836554
2024-04-09T04:00:00,177.6000,178.7490,175.0800,175.7630,2337023
2024-04-09T08:00:00,175.7620,176.5620,173.4000,176.3710,2405213
2024-04-09T12:00:00,176.3700,176.7000,169.0800,172.5290,4639626
2024-04-09T16:00:00,172.5300,177.8500,171.8530,174.4620,4025604
2024-04-09T20:00:00,174.4560,176.1880,172.2720,172.5580,1506957
2024-04-10T00:00:00,172.5580,173.2530,169.3110,171.5110,2753800
2024-04-10T04:00:00,171.5110,173.8000,171.0370,172.9010,1592662
2024-04-10T08:00:00,172.9020,172.9220,168.3000,170.3200,2686534
2024-04-10T12:00:00,170.3200,170.8100,162.2900,168.0480,7057449
2024-04-10T16:00:00,168.0470,173.2560,167.0280,171.4830,4139022
2024-04-10T20:00:00,171.4830,175.6110,170.3240,173.4380,2281057
2024-04-11T00:00:00,173.4380,173.5400,171.2100,172.8930,1791579
2024-04-11T04:00:00,172.8940,176.1580,171.7690,174.6130,2115754
2024-04-11T08:00:00,174.6130,175.5970,170.3000,170.6740,2387142
2024-04-11T12:00:00,170.6810,175.5000,170.1710,173.5480,5259844
2024-04-11T16:00:00,173.5470,176.4800,172.0860,174.7710,3090987
2024-04-11T20:00:00,174.7780,175.8880,172.0270,172.4970,1538136
2024-04-12T00:00:00,172.4960,174.4900,172.4680,174.1840,1213586
2024-04-12T04:00:00,174.1850,176.1200,173.0640,173.4000,1708087
2024-04-12T08:00:00,173.4000,173.7990,171.5400,172.7740,1257007
2024-04-12T12:00:00,172.7740,172.8210,166.7000,167.4600,4188134
2024-04-12T16:00:00,167.4610,167.9430,140.0000,149.2350,14990297
2024-04-12T20:00:00,149.2420,154.4280,148.7500,153.1620,4610732
2024-04-13T00:00:00,153.1570,153.4830,145.4800,151.7990,5260376
2024-04-13T04:00:00,151.8000,154.9870,150.6230,151.0940,3563063
2024-04-13T08:00:00,151.0950,153.4790,149.5080,151.3310,2254632
2024-04-13T12:00:00,151.3300,153.0890,148.3680,149.0050,3358978
2024-04-13T16:00:00,149.0090,149.6630,126.2000,133.7100,14557470
2024-04-13T20:00:00,133.7100,143.6530,112.9170,138.4670,24900825
2024-04-14T00:00:00,138.4670,140.9480,130.4450,134.9060,7885373
2024-04-14T04:00:00,134.9070,144.5220,133.8550,144.0190,5718576
2024-04-14T08:00:00,144.0040,145.5190,138.1900,138.7940,4526912
2024-04-14T12:00:00,138.7910,143.3600,135.4720,137.9500,6370718
2024-04-14T16:00:00,137.9480,143.1450,133.3900,141.7040,7628418
2024-04-14T20:00:00,141.7050,152.8620,139.7700,151.1870,5475053
2024-04-15T00:00:00,151.1860,151.2170,146.3340,148.0310,3332715
2024-04-15T04:00:00,148.0480,156.0480,146.0010,153.6940,3969627
2024-04-15T08:00:00,153.6940,154.9500,150.7430,150.9280,3078068
2024-04-15T12:00:00,150.9270,152.1930,141.1200,143.2350,8268922
2024-04-15T16:00:00,143.2340,144.4970,133.5500,137.8100,8714901
2024-04-15T20:00:00,137.8190,140.1300,135.2600,138.4420,3045292
2024-04-16T00:00:00,138.4420,140.5120,133.5340,134.5240,3990080
2024-04-16T04:00:00,134.5180,138.8130,129.9140,137.7970,4862056
2024-04-16T08:00:00,137.7960,137.9920,129.6310,136.1000,5788376
2024-04-16T12:00:00,136.1000,136.1000,127.4200,127.5730,7848054
2024-04-16T16:00:00,127.5640,135.2890,126.3920,132.1080,6441199
2024-04-16T20:00:00,132.0970,137.8790,131.5750,136.1830,2697150
2024-04-17T00:00:00,136.1840,138.1950,134.7080,137.3310,2870267
2024-04-17T04:00:00,137.3320,142.6220,136.5880,139.3450,5122170
2024-04-17T08:00:00,139.4010,140.1860,133.9460,134.2500,3894707
2024-04-17T12:00:00,134.2500,134.9850,127.5030,128.6650,10238449
2024-04-17T16:00:00,128.6710,137.8990,126.8120,134.5450,9037030
2024-04-17T20:00:00,134.5440,137.9600,131.5050,131.7810,4525424
2024-04-18T00:00:00,131.7820,136.6480,129.5900,135.5100,5056135
2024-04-18T04:00:00,135.5090,136.8080,128.9480,129.3620,4396374
2024-04-18T08:00:00,129.3620,137.0000,127.5140,135.7210,6341156
2024-04-18T12:00:00,135.7210,141.4810,131.8700,138.9300,7747368
2024-04-18T16:00:00,138.9300,141.4420,135.5560,140.2160,4658939
2024-04-18T20:00:00,140.2130,143.8800,139.4670,141.9570,2916918
2024-04-19T00:00:00,141.9580,141.9670,128.4010,136.4310,9635391
2024-04-19T04:00:00,136.4300,146.8090,136.1050,143.2360,8491155
2024-04-19T08:00:00,143.2590,145.8790,142.2680,144.3500,4302028
2024-04-19T12:00:00,144.3500,147.4910,141.6220,146.1150,5272151
2024-04-19T16:00:00,146.1150,147.3940,143.6040,145.4350,3331758
2024-04-19T20:00:00,145.4380,145.7130,140.0030,142.4440,3062457
2024-04-20T00:00:00,142.4450,143.5280,139.6010,142.3490,2904641
2024-04-20T04:00:00,142.3520,144.9500,141.5090,143.4520,2122951
2024-04-20T08:00:00,143.4520,143.5000,140.0000,141.4620,2134498
2024-04-20T12:00:00,141.4670,147.4450,140.8770,147.1110,2563234
2024-04-20T16:00:00,147.1110,151.7990,146.2050,151.1420,4306930
2024-04-20T20:00:00,151.1420,152.3980,149.0290,151.1550,1794124
2024-04-21T00:00:00,151.1540,153.4520,148.0030,150.5390,2624238
2024-04-21T04:00:00,150.5390,151.6690,149.7900,151.0370,1469568
2024-04-21T08:00:00,151.0370,152.6950,149.5170,151.3900,2250417
2024-04-21T12:00:00,151.3910,151.6820,148.3750,150.1000,2214289
2024-04-21T16:00:00,150.1000,150.3000,146.7000,147.9340,2652241
2024-04-21T20:00:00,147.9330,150.8000,147.3950,148.7340,1854294
2024-04-22T00:00:00,148.7330,151.5000,146.5440,150.2700,3680758
2024-04-22T04:00:00,150.2710,156.5710,149.8810,153.5610,3746431
2024-04-22T08:00:00,153.5640,154.5490,152.2020,153.1890,2165431
2024-04-22T12:00:00,153.1890,154.9000,151.4530,153.3720,3278812
2024-04-22T16:00:00,153.3720,156.1200,152.3100,154.4730,2588006
2024-04-22T20:00:00,154.4720,158.4310,154.0270,156.8810,2107561
2024-04-23T00:00:00,156.8810,159.2220,155.3270,155.4030,2442696
2024-04-23T04:00:00,155.4090,156.7130,152.9760,153.5520,2428008
2024-04-23T08:00:00,153.5530,155.4830,153.0510,153.9890,1971746
2024-04-23T12:00:00,153.9890,159.7470,153.4680,157.8610,4144185
2024-04-23T16:00:00,157.8700,159.9870,157.0120,157.4110,2260327
2024-04-23T20:00:00,157.4190,157.6990,154.5030,154.7230,1927355
2024-04-24T00:00:00,154.7220,158.8180,154.3330,156.6500,2674919
2024-04-24T04:00:00,156.6500,159.7000,156.1700,157.7390,2839953
2024-04-24T08:00:00,157.7390,159.3590,156.3760,159.2690,2141144
2024-04-24T12:00:00,159.2680,159.6180,151.0080,151.4850,6231529
2024-04-24T16:00:00,151.4840,153.7690,147.3880,149.7750,4947456
2024-04-24T20:00:00,149.7670,150.4440,145.5200,147.7010,2881306
2024-04-25T00:00:00,147.7000,149.5250,144.6110,145.9650,3010833
2024-04-25T04:00:00,145.9660,148.4600,144.6400,146.2290,2402650
2024-04-25T08:00:00,146.2300,147.5000,143.0800,144.7490,3559525
2024-04-25T12:00:00,144.7480,148.3390,142.0410,147.7040,4897381
2024-04-25T16:00:00,147.7000,149.3310,146.4510,146.8210,2920294
2024-04-25T20:00:00,146.8200,148.9040,144.6180,144.7860,2169479
2024-04-26T00:00:00,144.7860,145.0670,141.3630,143.2130,3196138
2024-04-26T04:00:00,143.2130,144.7770,142.3000,143.4030,1787935
2024-04-26T08:00:00,143.4030,144.5780,142.1910,143.0910,1655390
2024-04-26T12:00:00,143.0900,146.1200,141.0420,142.6550,4565041
2024-04-26T16:00:00,142.6550,144.1880,141.6010,142.6360,1905797
2024-04-26T20:00:00,142.6360,143.7710,138.4560,139.2020,2307064
2024-04-27T00:00:00,139.2020,140.2010,132.3850,136.1910,4532473
2024-04-27T04:00:00,136.1910,137.1500,135.4530,136.0960,1570376
2024-04-27T08:00:00,136.1030,136.7460,135.2100,135.8580,1527652
2024-04-27T12:00:00,135.8570,139.7480,135.6350,137.6730,2438403
2024-04-27T16:00:00,137.6720,142.4200,137.4000,142.2320,3276556
2024-04-27T20:00:00,142.2330,142.9650,139.8330,141.2420,1396394
2024-04-28T00:00:00,141.2450,144.6790,140.7120,143.7520,1746813
2024-04-28T04:00:00,143.7530,144.3740,142.8190,143.5010,1683141
2024-04-28T08:00:00,143.5020,143.8780,140.8220,141.1680,1544006
2024-04-28T12:00:00,141.1690,142.8930,141.0630,141.9340,1368115
2024-04-28T16:00:00,141.9350,143.9320,141.7000,142.0230,1174080
2024-04-28T20:00:00,142.0230,142.2990,136.9560,137.9220,2307906
2024-04-29T00:00:00,137.9220,138.8850,134.2170,134.9080,2725070
2024-04-29T04:00:00,134.9080,136.7410,133.8580,134.9040,2474672
2024-04-29T08:00:00,134.9050,136.6600,133.6010,134.6270,2189659
2024-04-29T12:00:00,134.6240,137.5000,133.8710,136.4480,3475598
2024-04-29T16:00:00,136.4490,136.6170,133.2120,134.9350,3324026
2024-04-29T20:00:00,134.9340,138.6370,133.9530,137.7250,2495723
2024-04-30T00:00:00,137.7260,139.7210,134.8580,136.4490,3062044
2024-04-30T04:00:00,136.4500,136.7240,134.5500,135.0310,2440709
2024-04-30T08:00:00,135.0310,135.4920,128.1780,128.7300,5840051
2024-04-30T12:00:00,128.7300,130.3070,126.6300,127.7070,5081031
2024-04-30T16:00:00,127.7070,127.7100,121.0490,123.0140,6819176
2024-04-30T20:00:00,123.0050,128.7630,122.9760,126.6850,4010844
2024-05-01T00:00:00,126.6850,127.4820,123.6910,126.1580,3478286
2024-05-01T04:00:00,126.1580,126.7870,118.2650,120.5470,5632436
2024-05-01T08:00:00,120.5480,123.0560,118.7660,122.9850,4350000
2024-05-01T12:00:00,122.9840,125.0270,121.3770,123.3280,3997352
2024-05-01T16:00:00,123.3240,135.9430,122.5830,129.6520,9137681
2024-05-01T20:00:00,129.6810,135.1690,128.7060,134.5410,3970652
2024-05-02T00:00:00,134.5420,134.9000,128.5530,129.9910,3604217
2024-05-02T04:00:00,129.9910,132.9500,128.2270,131.3070,2775629
2024-05-02T08:00:00,131.3070,139.2870,131.0030,138.6250,5014380
2024-05-02T12:00:00,138.6250,140.4350,134.9670,139.0190,6350887
2024-05-02T16:00:00,139.0240,139.7980,136.8770,138.0130,2902241
2024-05-02T20:00:00,138.0130,140.9520,135.5000,137.5380,3304211
2024-05-03T00:00:00,137.5370,141.7320,136.6690,140.9440,3047252
2024-05-03T04:00:00,140.9420,141.4860,136.6830,137.1870,2375716
2024-05-03T08:00:00,137.1860,139.1510,135.8400,136.8420,2712600
2024-05-03T12:00:00,136.8430,143.9760,136.3960,142.0000,6892702
2024-05-03T16:00:00,142.0000,143.1450,141.0010,142.6800,1883131
2024-05-03T20:00:00,142.6800,144.9680,142.3710,143.6070,2423098
2024-05-04T00:00:00,143.6070,145.0000,142.1480,144.1480,1998364
2024-05-04T04:00:00,144.1490,146.3610,143.6280,143.8990,2456227
2024-05-04T08:00:00,143.8990,149.0800,143.8360,146.4380,3151288
2024-05-04T12:00:00,146.4540,148.1840,145.5000,146.1000,1979082
2024-05-04T16:00:00,146.1000,147.4980,145.2030,147.3510,1237116
2024-05-04T20:00:00,147.3510,147.8460,145.7340,146.0070,1078764
2024-05-05T00:00:00,146.0080,147.1970,143.1500,144.5800,2418974
2024-05-05T04:00:00,144.5790,145.9570,144.0860,145.5800,1517035
2024-05-05T08:00:00,145.5810,146.7080,145.0230,146.5650,1334542
2024-05-05T12:00:00,146.5660,147.9760,145.3000,147.4020,2082286
2024-05-05T16:00:00,147.4020,147.7790,145.5510,145.9930,1293893
2024-05-05T20:00:00,145.9940,146.0680,144.6010,145.6730,951106
2024-05-06T00:00:00,145.6730,148.0770,145.3160,146.1930,1533765
2024-05-06T04:00:00,146.1930,149.3100,145.8620,148.6390,2058661
2024-05-06T08:00:00,148.6400,156.8500,148.6400,153.9450,6297492
2024-05-06T12:00:00,153.9440,156.3700,149.5030,153.7870,5991739
2024-05-06T16:00:00,153.7860,154.1700,150.7400,153.4460,2961552
2024-05-06T20:00:00,153.4550,155.6800,152.4400,152.7840,2184443
2024-05-07T00:00:00,152.7790,157.9750,151.7290,153.7880,3799995
2024-05-07T04:00:00,153.7870,156.1990,153.0020,155.0710,2557329
2024-05-07T08:00:00,155.0700,159.1940,154.7500,154.9080,3797330
2024-05-07T12:00:00,154.9070,157.0000,152.0830,154.6130,3714533
2024-05-07T16:00:00,154.6130,155.4270,150.7600,151.1470,2313246
2024-05-07T20:00:00,151.1430,152.3920,147.5250,148.0110,2432335
2024-05-08T00:00:00,148.0120,149.8850,147.1000,149.4700,2156846
2024-05-08T04:00:00,149.4710,149.8490,145.7410,146.4060,3109037
2024-05-08T08:00:00,146.4050,146.9770,144.7530,145.3480,2441730
2024-05-08T12:00:00,145.3490,148.8680,144.2720,145.8180,3646935
2024-05-08T16:00:00,145.8190,149.0250,144.5550,145.4290,2439788
2024-05-08T20:00:00,145.4430,145.8740,139.8920,142.1180,3866886
2024-05-09T00:00:00,142.1190,144.8390,141.8580,144.0570,1674965
2024-05-09T04:00:00,144.0570,145.7720,142.3870,143.2280,2119303
2024-05-09T08:00:00,143.2290,143.9660,140.5350,142.7540,2563364
2024-05-09T12:00:00,142.7550,147.8000,141.5500,146.4010,3599180
2024-05-09T16:00:00,146.4000,150.9130,145.6660,150.7730,2882131
2024-05-09T20:00:00,150.7770,153.3600,149.1650,152.4590,2795130
2024-05-10T00:00:00,152.4600,154.5690,151.2560,153.8490,1971255
2024-05-10T04:00:00,153.8490,155.7000,152.2130,154.2680,2041041
2024-05-10T08:00:00,154.2690,155.1580,152.8700,154.9580,1546705
2024-05-10T12:00:00,154.9580,155.3000,145.5330,146.8520,6432713
2024-05-10T16:00:00,146.8530,148.6290,145.0000,147.0910,3897051
2024-05-10T20:00:00,147.0860,148.0240,144.1770,145.9660,1735745
2024-05-11T00:00:00,145.9660,147.6570,143.2000,143.6190,2378817
2024-05-11T04:00:00,143.6280,146.3720,143.4770,145.6890,1307505
2024-05-11T08:00:00,145.6890,145.7700,143.0680,144.1970,1367420
2024-05-11T12:00:00,144.1960,147.0010,143.8010,145.5660,1859607
2024-05-11T16:00:00,145.5680,146.6440,144.7820,146.3680,1216535
2024-05-11T20:00:00,146.3670,146.4760,145.0130,145.3550,775828
2024-05-12T00:00:00,145.3550,146.9210,145.1540,146.3260,880344
2024-05-12T04:00:00,146.3260,147.7550,143.6110,144.1380,1755380
2024-05-12T08:00:00,144.1380,146.3160,143.7290,145.0000,1537578
2024-05-12T12:00:00,145.0000,145.6620,143.9320,145.1440,1275703
2024-05-12T16:00:00,145.1440,146.3640,144.2500,144.9000,1221575
2024-05-12T20:00:00,144.8990,145.2070,142.1980,143.3640,1276746
2024-05-13T00:00:00,143.3640,145.8500,138.2300,140.1060,3919679
2024-05-13T04:00:00,140.1070,144.0550,137.7800,143.4880,3168114
2024-05-13T08:00:00,143.4880,147.4440,143.4590,145.5630,4349712
2024-05-13T12:00:00,145.5630,148.2890,144.7500,147.2070,2991574
2024-05-13T16:00:00,147.2070,150.7800,145.7380,148.7220,3773862
2024-05-13T20:00:00,148.7200,149.5350,146.7060,147.4960,1279419
2024-05-14T00:00:00,147.4950,148.2650,145.5950,146.2750,2040184
2024-05-14T04:00:00,146.2750,149.0360,143.5850,146.4910,3155650
2024-05-14T08:00:00,146.4980,147.4650,145.3000,146.5250,1509652
2024-05-14T12:00:00,146.5240,148.3890,141.8100,142.8650,5042107
2024-05-14T16:00:00,142.8640,144.7060,141.7620,143.7190,2220061
2024-05-14T20:00:00,143.7180,143.8460,141.8200,141.9630,953851
2024-05-15T00:00:00,141.9640,144.1240,141.1000,143.8970,1493428
2024-05-15T04:00:00,143.8960,144.5310,143.0710,144.1980,1569837
2024-05-15T08:00:00,144.1970,146.0510,143.0210,144.1010,2204012
2024-05-15T12:00:00,144.1000,154.0400,143.5510,151.5620,7715828
2024-05-15T16:00:00,151.5620,154.9820,150.8490,154.8330,3304974
2024-05-15T20:00:00,154.8460,158.7410,154.0960,158.4230,3008956
2024-05-16T00:00:00,158.4240,163.8020,157.9990,163.0530,3908533
2024-05-16T04:00:00,163.0520,163.5350,161.2640,162.6830,2040216
2024-05-16T08:00:00,162.6820,164.7690,161.7030,163.6620,2220891
2024-05-16T12:00:00,163.6590,163.6980,157.5010,160.4110,5279819
2024-05-16T16:00:00,160.4110,160.5450,156.4000,159.0070,3371308
2024-05-16T20:00:00,159.0070,159.5000,157.3370,159.3030,1215673
2024-05-17T00:00:00,159.3020,162.8790,159.2510,162.1230,2616216
2024-05-17T04:00:00,162.1200,169.8260,160.8920,169.0790,4031682
2024-05-17T08:00:00,169.0930,170.0000,167.0730,167.4100,2413292
2024-05-17T12:00:00,167.4080,170.9290,165.6030,169.5850,3725683
2024-05-17T16:00:00,169.5850,172.0000,166.1110,168.8280,2776538
2024-05-17T20:00:00,168.8270,169.7850,167.2750,169.3510,1057473
2024-05-18T00:00:00,169.3520,174.4500,168.5340,173.1440,2740348
2024-05-18T04:00:00,173.1450,173.8580,172.0030,172.2160,1322109
2024-05-18T08:00:00,172.2160,175.9000,172.0580,174.2980,2268980
2024-05-18T12:00:00,174.2990,174.6920,171.6280,172.3340,2599980
2024-05-18T16:00:00,172.3350,172.6210,170.3020,172.1510,1652096
2024-05-18T20:00:00,172.1500,173.5790,171.5110,172.2990,1155502
2024-05-19T00:00:00,172.2980,175.1440,171.8790,174.2180,1295839
2024-05-19T04:00:00,174.2190,175.4950,172.2420,174.0910,1568090
2024-05-19T08:00:00,174.0910,174.4670,170.7270,171.6710,2350138
2024-05-19T12:00:00,171.6710,171.7570,165.9680,168.1950,3819525
2024-05-19T16:00:00,168.1950,171.7700,167.2030,169.2870,2738852
2024-05-19T20:00:00,169.2860,171.6630,168.2510,169.8530,1488204
2024-05-20T00:00:00,169.8520,173.4520,167.5550,172.0690,2455622
2024-05-20T04:00:00,172.0700,178.5950,171.6920,177.9300,5030502
2024-05-20T08:00:00,177.9300,179.5000,176.2190,177.6600,2656684
2024-05-20T12:00:00,177.6600,179.5000,175.2000,178.9110,3159225
2024-05-20T16:00:00,178.9120,188.5870,178.0300,187.2420,5953528
2024-05-20T20:00:00,187.2440,187.6510,182.2290,186.7010,4997517
2024-05-21T00:00:00,186.7010,188.9550,182.7210,184.2660,3390313
2024-05-21T04:00:00,184.2660,185.0750,180.2410,181.2930,2881019
2024-05-21T08:00:00,181.2920,183.8940,180.3190,180.4070,2382829
2024-05-21T12:00:00,180.4080,181.4000,176.0710,176.8620,4176188
2024-05-21T16:00:00,176.8630,178.9640,174.3380,175.3440,2417863
2024-05-21T20:00:00,175.3460,178.6120,175.1410,178.1500,1548981
2024-05-22T00:00:00,178.1500,179.2850,176.4990,178.0110,1402640
2024-05-22T04:00:00,178.0120,182.9550,175.0500,179.8830,3390477
2024-05-22T08:00:00,179.8840,181.3920,178.0530,178.0650,2085319
2024-05-22T12:00:00,178.0650,182.7800,176.1720,181.4090,4094817
2024-05-22T16:00:00,181.4100,183.6490,177.2070,178.3480,3225265
2024-05-22T20:00:00,178.3430,180.8460,176.2920,177.0300,2651680
2024-05-23T00:00:00,177.0200,179.4310,175.5890,178.8650,1439348
2024-05-23T04:00:00,178.8650,178.9390,176.3240,177.4900,1711867
2024-05-23T08:00:00,177.4900,177.9650,173.0670,175.6680,2729960
2024-05-23T12:00:00,175.6670,176.9860,168.2940,172.7000,4880437
2024-05-23T16:00:00,172.7000,175.2990,170.6000,170.9870,2538390
2024-05-23T20:00:00,170.9970,181.3650,164.6000,176.1820,6834856
2024-05-24T00:00:00,176.1810,176.1810,171.5640,172.0960,2102191
2024-05-24T04:00:00,172.0960,172.1020,165.1510,166.2400,4021168
2024-05-24T08:00:00,166.2400,166.6500,162.4320,166.3560,3106033
2024-05-24T12:00:00,166.3550,169.0910,165.0830,167.2790,3431765
2024-05-24T16:00:00,167.2790,170.3520,164.5690,168.3490,2433723
2024-05-24T20:00:00,168.3490,168.7570,166.6380,167.6570,992516
2024-05-25T00:00:00,167.6570,169.7660,165.8450,169.6660,1463866
2024-05-25T04:00:00,169.6660,170.2190,168.1130,168.9590,1121387
2024-05-25T08:00:00,168.9530,170.5610,168.3300,168.5630,1526743
2024-05-25T12:00:00,168.5640,168.9000,166.5860,167.7740,1647936
2024-05-25T16:00:00,167.7740,168.0800,166.4110,167.2260,964127
2024-05-25T20:00:00,167.2260,168.6360,166.5090,168.3560,640745
2024-05-26T00:00:00,168.3560,168.4080,164.7400,166.3080,1397372
2024-05-26T04:00:00,166.3090,167.0780,164.6280,165.3830,1256075
2024-05-26T08:00:00,165.3830,165.6820,162.1760,164.0940,2280119
2024-05-26T12:00:00,164.0940,165.9370,162.4600,162.9600,2303226
2024-05-26T16:00:00,162.9610,163.5520,161.2100,162.7790,1911813
2024-05-26T20:00:00,162.7790,164.2660,161.0020,163.5050,1296433
2024-05-27T00:00:00,163.5060,166.7230,163.4070,165.4220,2021542
2024-05-27T04:00:00,165.4230,166.4890,163.8350,165.6130,1312620
2024-05-27T08:00:00,165.6130,168.1530,165.0710,167.7800,1792508
2024-05-27T12:00:00,167.7790,171.5640,166.7110,171.1130,2775682
2024-05-27T16:00:00,171.1110,172.4120,167.0550,168.7650,2737415
2024-05-27T20:00:00,168.7650,171.7680,168.4540,170.2490,1481412
2024-05-28T00:00:00,170.2480,172.2750,166.1000,167.4890,2769769
2024-05-28T04:00:00,167.4900,167.6890,165.0090,166.2040,1960968
2024-05-28T08:00:00,166.2030,170.5700,165.9310,169.9440,2177087
2024-05-28T12:00:00,169.9430,173.3640,166.7570,168.3840,4807847
2024-05-28T16:00:00,168.3840,170.9340,166.1120,170.5150,2426320
2024-05-28T20:00:00,170.5200,170.8630,168.4340,168.8070,1013086
2024-05-29T00:00:00,168.8070,172.6890,167.5070,172.4580,1596441
2024-05-29T04:00:00,172.4510,174.0600,170.8020,170.9160,2022531
2024-05-29T08:00:00,170.9170,171.2310,167.7000,168.3860,2553055
2024-05-29T12:00:00,168.3940,170.0640,167.2590,168.6610,2613257
2024-05-29T16:00:00,168.6780,171.9870,167.7090,169.5200,2935841
2024-05-29T20:00:00,169.5110,170.0770,167.9200,168.4180,1153109
2024-05-30T00:00:00,168.4190,171.1070,168.0000,170.1080,1401663
2024-05-30T04:00:00,170.1090,171.0060,164.3180,165.0940,2583694
2024-05-30T08:00:00,165.0930,167.4390,163.6400,166.3180,1831919
2024-05-30T12:00:00,166.3190,169.7910,166.0790,168.5530,2437490
2024-05-30T16:00:00,168.5540,172.7350,168.0000,168.4880,2672625
2024-05-30T20:00:00,168.4880,168.4880,166.2500,166.9860,1416854
2024-05-31T00:00:00,166.9850,167.6880,165.6890,167.3610,1059015
2024-05-31T04:00:00,167.3610,167.7970,165.0860,166.7500,1178460
2024-05-31T08:00:00,166.7520,169.1300,166.1390,168.8440,1468882
2024-05-31T12:00:00,168.8440,171.0740,164.8360,164.9190,3604814
2024-05-31T16:00:00,164.9190,167.1000,164.0000,166.4380,1818422
2024-05-31T20:00:00,166.4450,167.1770,165.2290,165.7620,954980
2024-06-01T00:00:00,165.7610,167.9240,165.7610,167.1330,910120
2024-06-01T04:00:00,167.1320,167.5730,166.5320,166.9590,638334
2024-06-01T08:00:00,166.9620,167.5000,166.6720,167.0330,714418
2024-06-01T12:00:00,167.0330,168.0000,166.8570,167.3750,874625
2024-06-01T16:00:00,167.3750,167.9120,166.9170,167.5530,589895
2024-06-01T20:00:00,167.5490,167.8950,165.7720,166.2810,817611
2024-06-02T00:00:00,166.2800,167.2450,165.5730,166.2860,859789
2024-06-02T04:00:00,166.2790,166.6560,165.0260,165.1010,805096
2024-06-02T08:00:00,165.1010,166.2670,164.0790,166.1420,1238246
2024-06-02T12:00:00,166.1430,166.3810,164.6830,165.2680,1175432
2024-06-02T16:00:00,165.2680,165.4810,161.3570,163.2000,2220498
2024-06-02T20:00:00,163.2000,163.8550,161.8110,163.2510,937427
2024-06-03T00:00:00,163.2520,165.3380,161.9040,163.6780,1937679
2024-06-03T04:00:00,163.6770,165.9390,162.8130,165.4330,1440291
2024-06-03T08:00:00,165.4340,167.0000,164.5890,164.9130,1467581
2024-06-03T12:00:00,164.9130,167.4050,163.0310,164.9450,3126902
2024-06-03T16:00:00,164.9450,167.1490,163.6760,167.0880,1507084
2024-06-03T20:00:00,167.0870,167.3390,164.5000,164.9950,1071877
2024-06-04T00:00:00,164.9950,166.8730,164.3480,166.6040,938514
2024-06-04T04:00:00,166.6040,167.1170,165.0000,165.3760,994817
2024-06-04T08:00:00,165.3760,165.9540,164.5650,165.6190,932644
2024-06-04T12:00:00,165.6190,168.1010,165.3930,168.0650,2225170
2024-06-04T16:00:00,168.0650,170.5000,167.8540,169.5660,2343147
2024-06-04T20:00:00,169.5620,172.0380,168.3790,171.8880,1298721
2024-06-05T00:00:00,171.8890,175.0210,171.2000,173.1160,2445883
2024-06-05T04:00:00,173.1160,174.4670,172.4710,173.5340,1304863
2024-06-05T08:00:00,173.5340,174.2790,172.1500,172.9590,1306359
2024-06-05T12:00:00,172.9590,175.2920,171.3320,174.9180,2503195
2024-06-05T16:00:00,174.9180,175.7840,172.6000,173.0780,1804614
2024-06-05T20:00:00,173.0870,173.9420,172.8510,173.6680,706776
2024-06-06T00:00:00,173.6670,174.4900,173.3000,173.9470,661475
2024-06-06T04:00:00,173.9470,174.1330,171.6440,172.7290,1145151
2024-06-06T08:00:00,172.7290,173.5450,172.2500,173.2390,791536
2024-06-06T12:00:00,173.2390,173.8400,172.5000,173.0920,1160295
2024-06-06T16:00:00,173.0930,173.1930,168.8480,169.2410,2028974
2024-06-06T20:00:00,169.2410,170.9490,167.4950,170.2710,1564031
2024-06-07T00:00:00,170.2720,170.7450,169.0700,170.6760,854770
2024-06-07T04:00:00,170.6770,172.6630,170.5660,172.1210,1226154
2024-06-07T08:00:00,172.1210,172.5410,171.0600,172.2800,884408
2024-06-07T12:00:00,172.2890,173.0000,169.2460,170.2190,2634334
2024-06-07T16:00:00,170.2190,170.4660,152.2200,162.0150,8368633
2024-06-07T20:00:00,162.0150,163.2410,161.0650,162.5240,1344450
2024-06-08T00:00:00,162.5250,163.1540,161.8810,162.7080,932462
2024-06-08T04:00:00,162.7080,163.8190,161.4150,163.5960,1149300
2024-06-08T08:00:00,163.5970,163.6590,160.1000,160.5200,1253218
2024-06-08T12:00:00,160.5170,161.3870,158.3290,160.1450,2013044
2024-06-08T16:00:00,160.1460,161.0790,158.8000,159.8410,1045243
2024-06-08T20:00:00,159.8410,160.0000,157.4000,157.8380,951190
2024-06-09T00:00:00,157.8410,158.8230,156.5040,157.8210,1039305
2024-06-09T04:00:00,157.8220,159.7820,157.2700,159.0250,847839
2024-06-09T08:00:00,159.0250,159.8370,158.7090,159.4220,707987
2024-06-09T12:00:00,159.4230,161.8720,159.2000,161.5910,2004010
2024-06-09T16:00:00,161.5920,163.0780,160.5450,162.1210,1030461
2024-06-09T20:00:00,162.1210,162.4110,161.2190,162.1160,621250
2024-06-10T00:00:00,162.1170,162.2160,159.6260,159.8530,841542
2024-06-10T04:00:00,159.8540,160.5490,157.4660,157.6420,1301699
2024-06-10T08:00:00,157.6420,160.2290,157.5840,159.4380,1395028
2024-06-10T12:00:00,159.4380,163.2000,157.6920,162.3600,2252401
2024-06-10T16:00:00,162.3600,162.9410,160.0000,160.4540,1636792
2024-06-10T20:00:00,160.4540,160.7160,158.3000,159.0960,1355471
2024-06-11T00:00:00,159.0960,159.7720,154.6000,156.0800,2871889
2024-06-11T04:00:00,156.0700,156.2400,152.4000,153.3610,2561701
2024-06-11T08:00:00,153.3620,155.2800,152.7740,153.9080,1839721
2024-06-11T12:00:00,153.9070,154.5000,146.0000,147.5930,4798172
2024-06-11T16:00:00,147.5920,149.7290,145.1210,149.1620,3222277
2024-06-11T20:00:00,149.1560,150.2370,148.0000,149.2450,1143480
2024-06-12T00:00:00,149.2450,149.8430,145.4000,149.6020,2165059
2024-06-12T04:00:00,149.6020,151.9800,149.4990,151.7650,1675360
2024-06-12T08:00:00,151.7640,153.4770,150.9160,151.6980,1668814
2024-06-12T12:00:00,151.6990,161.7490,151.5000,158.8000,5461622
2024-06-12T16:00:00,158.8090,159.7890,151.1100,153.3370,5075854
2024-06-12T20:00:00,153.3370,155.6100,152.7840,155.1730,1403546
2024-06-13T00:00:00,155.1730,155.1860,149.6070,151.5370,2005472
2024-06-13T04:00:00,151.5360,152.8440,150.7850,152.0710,1199270
2024-06-13T08:00:00,152.0710,152.3850,149.0000,149.5770,1708725
2024-06-13T12:00:00,149.5770,152.3610,146.0660,146.8040,4047573
2024-06-13T16:00:00,146.8040,148.8720,146.2140,147.6840,1711442
2024-06-13T20:00:00,147.6800,148.3500,146.0000,147.2090,1179314
2024-06-14T00:00:00,147.2160,148.4930,145.7430,147.4540,1487264
2024-06-14T04:00:00,147.4540,149.7110,146.7170,147.5110,1544028
2024-06-14T08:00:00,147.5110,148.6790,147.1210,148.0360,1018935
2024-06-14T12:00:00,148.0410,148.9570,142.8350,143.7330,3486746
2024-06-14T16:00:00,143.7340,144.0730,139.5000,141.7560,4624612
2024-06-14T20:00:00,141.7560,145.1140,141.3580,142.9740,1957395
2024-06-15T00:00:00,142.9730,144.9210,142.8540,144.9030,806032
2024-06-15T04:00:00,144.9030,145.4880,143.5860,143.7410,1346811
2024-06-15T08:00:00,143.7400,144.6020,142.8790,144.4480,862365
2024-06-15T12:00:00,144.4480,145.3800,143.9550,145.0980,916506
2024-06-15T16:00:00,145.0980,145.7400,144.0350,144.5980,919205
2024-06-15T20:00:00,144.6100,145.6330,143.7780,145.4500,659247
2024-06-16T00:00:00,145.4500,145.5130,143.8280,143.9570,781145
2024-06-16T04:00:00,143.9570,145.2200,143.0200,144.4290,1018854
2024-06-16T08:00:00,144.4290,145.6910,143.7430,144.9470,857540
2024-06-16T12:00:00,144.9480,148.7750,144.7090,148.4140,1701592
2024-06-16T16:00:00,148.4270,149.3000,147.5220,148.7160,1368643
2024-06-16T20:00:00,148.7160,151.3470,148.2930,151.2450,1637819
2024-06-17T00:00:00,151.2440,151.7470,147.0500,147.3010,2176245
2024-06-17T04:00:00,147.3010,149.1460,145.7500,146.5590,1964178
2024-06-17T08:00:00,146.5600,147.2520,141.4990,143.8610,2905912
2024-06-17T12:00:00,143.8600,144.5920,140.6980,141.1780,2270274
2024-06-17T16:00:00,141.1770,146.7690,139.7650,144.5320,3432090
2024-06-17T20:00:00,144.5320,144.6430,141.3810,143.1970,1644017
2024-06-18T00:00:00,143.1970,143.7490,127.0000,135.5260,8725802
2024-06-18T04:00:00,135.5270,137.8000,134.6400,136.6170,2248560
2024-06-18T08:00:00,136.6170,138.7620,135.5670,137.1040,2665292
2024-06-18T12:00:00,137.1040,137.7710,132.8000,135.9690,5184379
2024-06-18T16:00:00,135.9690,136.1190,130.3500,133.0480,3305974
2024-06-18T20:00:00,133.0430,138.4330,131.9930,137.3590,3118928
2024-06-19T00:00:00,137.3590,141.4620,136.0600,140.0830,3395193
2024-06-19T04:00:00,140.0830,141.8760,139.3600,139.9160,2025084
2024-06-19T08:00:00,139.9170,140.2370,136.8500,137.8910,2517426
2024-06-19T12:00:00,137.8920,138.8210,135.4360,136.8740,2060602
2024-06-19T16:00:00,136.8740,138.9970,135.5610,136.6130,2111081
2024-06-19T20:00:00,136.6120,136.7520,134.4020,135.5570,1606546
2024-06-20T00:00:00,135.5570,137.2000,132.5110,132.9740,2420658
2024-06-20T04:00:00,132.9740,138.3010,132.4820,137.1410,3001477
2024-06-20T08:00:00,137.1410,141.2550,136.3340,139.2710,2954548
2024-06-20T12:00:00,139.2720,139.6790,132.4270,133.1960,4504891
2024-06-20T16:00:00,133.1850,135.7800,131.8000,134.1810,2766148
2024-06-20T20:00:00,134.1760,134.8230,133.3390,133.5000,946689
2024-06-21T00:00:00,133.5000,134.7680,131.5900,132.6350,1897581
2024-06-21T04:00:00,132.6340,133.2770,130.5580,131.3790,1754834
2024-06-21T08:00:00,131.3790,132.7720,129.5220,132.0310,2841128
2024-06-21T12:00:00,132.0300,133.6900,129.3100,131.3520,4272622
2024-06-21T16:00:00,131.3570,133.9130,128.6390,132.5900,3133263
2024-06-21T20:00:00,132.5860,135.3500,131.8830,134.5340,2277310
2024-06-22T00:00:00,134.5340,135.2370,132.9370,134.9980,1341127
2024-06-22T04:00:00,134.9980,136.6790,134.4660,134.8060,1684163
2024-06-22T08:00:00,134.8060,134.8840,133.6500,134.4580,1050777
2024-06-22T12:00:00,134.4580,134.7300,133.8200,134.1950,860230
2024-06-22T16:00:00,134.2090,134.9850,133.8530,134.4420,734265
2024-06-22T20:00:00,134.4420,134.5560,133.0650,133.6270,554359
2024-06-23T00:00:00,133.6280,135.0640,133.5130,134.7130,894419
2024-06-23T04:00:00,134.7090,134.9500,134.1340,134.6780,549608
2024-06-23T08:00:00,134.6770,134.8000,133.4090,133.9710,926345
2024-06-23T12:00:00,133.9670,134.3180,131.3490,131.5350,1587165
2024-06-23T16:00:00,131.5350,132.4850,130.3290,131.4160,1677874
2024-06-23T20:00:00,131.4170,131.5060,128.1640,128.6610,2419716
2024-06-24T00:00:00,128.6600,129.7430,125.8800,126.1800,3102782
2024-06-24T04:00:00,126.1700,126.6490,123.1120,125.1240,4015701
2024-06-24T08:00:00,125.1130,127.4570,121.4000,127.0450,5227687
2024-06-24T12:00:00,127.0440,129.7720,125.6100,126.2750,4139174
2024-06-24T16:00:00,126.2700,130.3300,125.7690,127.4010,5013048
2024-06-24T20:00:00,127.3950,132.5790,125.0000,132.2370,3555890
2024-06-25T00:00:00,132.2370,136.4750,131.1430,135.7050,2668533
2024-06-25T04:00:00,135.7090,136.7640,134.6240,134.7730,2249336
2024-06-25T08:00:00,134.7780,139.1680,133.4610,137.7530,3344940
2024-06-25T12:00:00,137.7410,139.8570,136.4330,139.3720,2945441
2024-06-25T16:00:00,139.3730,139.5410,137.0060,138.7200,2098838
2024-06-25T20:00:00,138.6980,138.9570,135.8830,136.5440,1479306
2024-06-26T00:00:00,136.5430,140.3800,136.0730,138.3900,2096666
2024-06-26T04:00:00,138.3900,138.7560,136.2520,137.9090,1344254
2024-06-26T08:00:00,137.9080,138.1800,136.0020,137.2860,1487946
2024-06-26T12:00:00,137.2850,139.4270,136.0000,136.8360,2401146
2024-06-26T16:00:00,136.8360,137.8320,134.8000,137.7300,2246258
2024-06-26T20:00:00,137.7250,138.4600,136.2410,136.8080,1319884
2024-06-27T00:00:00,136.8150,137.9160,135.5820,137.4880,1232214
2024-06-27T04:00:00,137.4880,137.7250,135.1790,135.8990,1134310
2024-06-27T08:00:00,135.9000,139.4560,135.5210,139.0150,1902651
2024-06-27T12:00:00,139.0110,151.2500,138.4660,147.6970,12588180
2024-06-27T16:00:00,147.6990,149.3760,146.5000,148.4180,2285938
2024-06-27T20:00:00,148.4200,150.4290,148.0240,149.6510,1580322
2024-06-28T00:00:00,149.6500,150.8990,146.5000,147.5090,2971048
2024-06-28T04:00:00,147.5090,147.5460,143.7290,145.3110,2755352
2024-06-28T08:00:00,145.3100,146.1290,144.6850,145.4130,1571903
2024-06-28T12:00:00,145.4160,146.8750,140.7680,143.1510,6085964
2024-06-28T16:00:00,143.1510,143.9320,140.0520,140.9500,3688091
2024-06-28T20:00:00,140.9510,141.6590,138.9370,139.9800,1536704
2024-06-29T00:00:00,139.9790,142.4930,139.9230,141.7170,1485689
2024-06-29T04:00:00,141.7170,142.4800,140.0250,141.9320,1110080
2024-06-29T08:00:00,141.9320,143.1700,141.4400,142.5750,1257321
2024-06-29T12:00:00,142.5740,142.9350,141.2600,142.6220,1084896
2024-06-29T16:00:00,142.6220,142.7800,140.7640,141.6910,737354
2024-06-29T20:00:00,141.6900,141.7960,139.6260,140.2340,955758
2024-06-30T00:00:00,140.2360,141.0820,138.1010,138.2760,1507066
2024-06-30T04:00:00,138.2750,141.0720,137.1000,140.5800,2178122
2024-06-30T08:00:00,140.5810,141.7400,140.2960,141.1570,1393135
2024-06-30T12:00:00,141.1580,144.0000,140.5560,143.7350,1852266
2024-06-30T16:00:00,143.7360,145.8500,142.7150,144.7410,1684204
2024-06-30T20:00:00,144.7410,147.5740,143.8120,146.5820,2214733
2024-07-01T00:00:00,146.5820,149.1150,145.9170,147.5280,2181627
2024-07-01T04:00:00,147.5280,148.6960,147.0920,148.2490,1208016
2024-07-01T08:00:00,148.2500,149.0680,145.8020,146.1250,1960189
2024-07-01T12:00:00,146.1280,148.7470,146.0100,148.4810,2532586
2024-07-01T16:00:00,148.4760,149.3960,146.5500,147.2730,1936861
2024-07-01T20:00:00,147.2810,148.2300,145.9310,146.6250,986710
2024-07-02T00:00:00,146.6270,149.8790,146.0960,149.0850,1421186
2024-07-02T04:00:00,149.0850,149.8740,146.9030,147.3840,1589746
2024-07-02T08:00:00,147.3840,150.0000,146.8140,149.6090,1536120
2024-07-02T12:00:00,149.6090,151.8430,147.0500,148.3420,4406691
2024-07-02T16:00:00,148.3340,153.7820,147.5810,152.7580,2978391
2024-07-02T20:00:00,152.7680,154.9150,152.2740,153.9700,1816674
2024-07-03T00:00:00,153.9700,154.4170,149.1510,150.5600,3076055
2024-07-03T04:00:00,150.5600,150.5600,146.2740,146.3730,3030338
2024-07-03T08:00:00,146.3730,147.2540,142.6790,143.9990,4635905
2024-07-03T12:00:00,144.0000,144.2750,140.8510,141.6250,4338960
2024-07-03T16:00:00,141.6260,143.1670,139.1070,140.4150,2976873
2024-07-03T20:00:00,140.4090,142.0000,139.1070,140.7370,2068105
2024-07-04T00:00:00,140.7370,142.6850,132.1000,136.9990,6258833
2024-07-04T04:00:00,137.0000,137.2910,133.7560,134.3640,2430934
2024-07-04T08:00:00,134.3600,135.9740,132.0630,132.6980,4345108
2024-07-04T12:00:00,132.6980,135.8640,129.5000,135.2960,6262517
2024-07-04T16:00:00,135.2960,135.9000,133.5560,133.9280,2086304
2024-07-04T20:00:00,133.9290,135.6000,127.0000,127.7600,3708458
2024-07-05T00:00:00,127.7510,129.1250,120.0690,123.6210,10523906
2024-07-05T04:00:00,123.6160,127.6880,120.9010,126.6540,6370941
2024-07-05T08:00:00,126.6580,130.7440,122.0320,130.0090,6379197
2024-07-05T12:00:00,130.0100,134.8750,128.2770,134.7990,6929983
2024-07-05T16:00:00,134.7990,136.3880,133.5910,134.9150,4138544
2024-07-05T20:00:00,134.9160,135.7400,133.8100,134.2300,1613641
2024-07-06T00:00:00,134.2150,137.7850,132.2610,134.3870,2834455
2024-07-06T04:00:00,134.3870,137.2920,133.5180,136.8360,2035624
2024-07-06T08:00:00,136.8370,140.5640,136.3410,138.6540,2707780
2024-07-06T12:00:00,138.6540,142.1090,137.6790,141.7950,2767203
2024-07-06T16:00:00,141.7950,143.4490,140.6310,142.7400,2456989
2024-07-06T20:00:00,142.7400,144.5000,142.0900,142.9960,1817512
2024-07-07T00:00:00,142.9950,143.2900,140.2800,142.0580,2399422
2024-07-07T04:00:00,142.0580,142.0580,138.0030,139.0740,2547965
2024-07-07T08:00:00,139.0740,140.6500,138.6970,139.8480,1394600
2024-07-07T12:00:00,139.8480,140.7470,135.5030,137.0310,3107336
2024-07-07T16:00:00,137.0310,139.5640,136.7000,137.2770,1667510
2024-07-07T20:00:00,137.2780,137.8200,131.1780,131.5990,3006467
2024-07-08T00:00:00,131.6000,132.9050,127.6690,130.6350,5724328
2024-07-08T04:00:00,130.6340,133.9390,129.7690,132.5360,2799318
2024-07-08T08:00:00,132.5450,141.9350,132.2560,140.5560,6726502
2024-07-08T12:00:00,140.5560,141.9550,133.5000,137.3850,6915401
2024-07-08T16:00:00,137.3980,138.5700,134.8360,138.2560,2457720
2024-07-08T20:00:00,138.2490,141.0270,137.2430,139.7400,2606094
2024-07-09T00:00:00,139.7410,141.1770,136.3870,140.3850,3162522
2024-07-09T04:00:00,140.3870,143.5000,140.0050,142.0620,2856606
2024-07-09T08:00:00,142.0620,144.2910,140.2200,141.8330,2990909
2024-07-09T12:00:00,141.8330,143.1300,138.5500,140.4680,3446400
2024-07-09T16:00:00,140.4690,143.0250,140.0020,142.0710,2289485
2024-07-09T20:00:00,142.0740,143.4950,140.7720,141.3910,1359238
2024-07-10T00:00:00,141.3910,141.7640,138.5100,141.6400,1692780
2024-07-10T04:00:00,141.6390,146.1480,141.6060,144.1190,3086125
2024-07-10T08:00:00,144.1190,144.5000,142.1620,142.7200,1868460
2024-07-10T12:00:00,142.7210,143.1240,139.8880,141.0810,3265940
2024-07-10T16:00:00,141.0810,142.6510,140.2190,141.0280,1476797
2024-07-10T20:00:00,141.0320,142.4140,140.1180,141.9270,890552
2024-07-11T00:00:00,141.9270,143.1840,139.0120,140.2370,1989819
2024-07-11T04:00:00,140.2360,142.4950,140.0090,142.0150,1455359
2024-07-11T08:00:00,142.0150,143.8880,141.9980,143.4240,1820120
2024-07-11T12:00:00,143.4240,146.0710,137.6000,138.4130,5804092
2024-07-11T16:00:00,138.4240,138.9430,136.3190,136.5200,2280520
2024-07-11T20:00:00,136.5170,137.5230,135.6020,135.7020,2372370
2024-07-12T00:00:00,135.7020,138.1270,134.0000,136.4390,3448133
2024-07-12T04:00:00,136.4450,136.9810,134.4330,135.3490,1981866
2024-07-12T08:00:00,135.3490,135.8680,133.7800,135.5850,1702204
2024-07-12T12:00:00,135.5820,139.2980,135.3280,138.7510,3308805
2024-07-12T16:00:00,138.7500,140.5000,137.6220,138.4490,2124967
2024-07-12T20:00:00,138.4270,139.4500,136.5770,139.3790,1455403
2024-07-13T00:00:00,139.3780,139.8700,138.1890,138.6840,825597
2024-07-13T04:00:00,138.6700,139.4260,137.8700,139.3100,944629
2024-07-13T08:00:00,139.3100,140.9000,138.3450,140.0530,1675411
2024-07-13T12:00:00,140.0540,140.5300,139.1640,140.3110,1114621
2024-07-13T16:00:00,140.3110,140.7500,139.1340,139.7700,929385
2024-07-13T20:00:00,139.7700,143.5710,139.0250,141.8110,2224932
2024-07-14T00:00:00,141.8030,145.1360,141.7880,143.8820,2920918
2024-07-14T04:00:00,143.8820,146.0000,143.8030,144.6850,2041300
2024-07-14T08:00:00,144.6840,146.8810,144.5020,144.8400,2242151
2024-07-14T12:00:00,144.8420,145.9980,143.3050,145.8310,2140982
2024-07-14T16:00:00,145.8310,145.9130,144.5250,145.1170,792031
2024-07-14T20:00:00,145.1350,148.5000,145.0080,147.5750,2178411
2024-07-15T00:00:00,147.5720,152.0000,146.9140,151.3230,3084612
2024-07-15T04:00:00,151.3240,154.0000,150.6840,153.1680,1852066
2024-07-15T08:00:00,153.1690,153.9630,150.8630,151.6040,2110909
2024-07-15T12:00:00,151.6030,154.5000,151.5810,152.8380,2317445
2024-07-15T16:00:00,152.8370,156.9640,152.4330,155.2540,2872306
2024-07-15T20:00:00,155.2590,159.8500,155.1460,159.2940,2309034
2024-07-16T00:00:00,159.2940,160.1610,156.1000,157.7880,2349628
2024-07-16T04:00:00,157.7880,158.7110,153.6090,154.4410,3688107
2024-07-16T08:00:00,154.4450,157.5870,152.5020,157.2530,2903154
2024-07-16T12:00:00,157.2520,161.5160,154.3330,160.9230,3566209
2024-07-16T16:00:00,160.9170,162.4470,158.7200,161.8480,3392053
2024-07-16T20:00:00,161.8400,161.9470,159.0070,160.5920,1554900
2024-07-17T00:00:00,160.5920,163.7220,160.0010,160.8380,1946784
2024-07-17T04:00:00,160.8390,162.4880,160.0000,160.5080,1428397
2024-07-17T08:00:00,160.5090,163.6000,159.4710,160.7730,2639028
2024-07-17T12:00:00,160.7730,161.9860,157.7650,158.0380,2558455
2024-07-17T16:00:00,158.0470,158.2560,154.5760,156.7160,3163180
2024-07-17T20:00:00,156.7240,157.2210,154.7210,155.4670,1305875
2024-07-18T00:00:00,155.4660,159.9120,155.4660,158.8850,1910102
2024-07-18T04:00:00,158.8860,159.9450,157.0130,158.6070,1468064
2024-07-18T08:00:00,158.6080,159.8280,158.0310,159.3920,1279942
2024-07-18T12:00:00,159.3780,161.5760,155.8620,156.2910,3604621
2024-07-18T16:00:00,156.2910,157.6020,155.0700,156.9120,1954066
2024-07-18T20:00:00,156.9130,160.2970,156.3000,159.1460,1145771
2024-07-19T00:00:00,159.1470,161.9760,156.0680,161.7880,2201595
2024-07-19T04:00:00,161.7880,165.6660,160.5860,161.3560,3636383
2024-07-19T08:00:00,161.3600,163.5550,159.1640,162.6020,3323042
2024-07-19T12:00:00,162.6020,169.0000,162.1710,168.7440,5574046
2024-07-19T16:00:00,168.7430,172.5850,168.1750,170.3220,4138928
2024-07-19T20:00:00,170.3230,170.4510,167.8560,169.0640,1150672
2024-07-20T00:00:00,169.0640,171.8000,168.1920,169.4890,1678270
2024-07-20T04:00:00,169.4890,170.3260,168.3830,168.4830,1019481
2024-07-20T08:00:00,168.4890,169.7870,167.5410,167.9790,1054848
2024-07-20T12:00:00,167.9790,169.6580,167.1870,169.1710,1232676
2024-07-20T16:00:00,169.1700,174.6000,168.7700,172.3470,3033968
2024-07-20T20:00:00,172.3480,175.4970,172.3480,173.5320,1552278
2024-07-21T00:00:00,173.5460,175.5000,172.6890,173.0790,1243981
2024-07-21T04:00:00,173.0790,173.7010,170.9060,171.2600,1380240
2024-07-21T08:00:00,171.2600,172.9300,171.1830,172.8080,958301
2024-07-21T12:00:00,172.8080,176.6470,171.2070,175.3670,2599257
2024-07-21T16:00:00,175.3650,178.4270,170.4580,177.9410,6119162
2024-07-21T20:00:00,177.9410,185.3200,177.3540,184.4730,4287677
2024-07-22T00:00:00,184.4730,185.0150,180.6500,180.9090,1958395
2024-07-22T04:00:00,180.9100,181.8180,177.5630,178.2880,2215197
2024-07-22T08:00:00,178.2890,180.9990,176.6670,180.4840,2242894
2024-07-22T12:00:00,180.4840,181.8370,176.8540,179.7910,3258444
2024-07-22T16:00:00,179.7820,182.9770,178.5000,182.7730,1914882
2024-07-22T20:00:00,182.7940,183.3870,177.0120,178.8230,2097822
2024-07-23T00:00:00,178.8200,180.5000,177.0680,179.0220,1549051
2024-07-23T04:00:00,179.0220,179.0480,173.7000,175.9590,2806391
2024-07-23T08:00:00,175.9730,178.7090,174.0000,175.5660,2792545
2024-07-23T12:00:00,175.5650,178.3280,172.1000,176.3950,4913290
2024-07-23T16:00:00,176.3930,176.9000,170.3500,171.9440,3628233
2024-07-23T20:00:00,171.9420,174.6560,171.0540,172.9120,1413410
2024-07-24T00:00:00,172.9250,174.3990,170.8780,173.5790,1725499
2024-07-24T04:00:00,173.5800,174.5710,172.1030,174.1440,1182732
2024-07-24T08:00:00,174.1450,178.4980,173.5630,177.6770,2310384
2024-07-24T12:00:00,177.6770,181.9880,176.0580,177.7290,4278648
2024-07-24T16:00:00,177.7300,182.5000,176.3840,178.1450,4045800
2024-07-24T20:00:00,178.1460,180.2560,175.3430,177.9830,2835885
2024-07-25T00:00:00,177.9830,179.5000,168.1030,170.4800,5739525
2024-07-25T04:00:00,170.4760,172.8800,169.1560,169.3420,2735453
2024-07-25T08:00:00,169.3460,171.1980,167.0000,168.7390,2965773
2024-07-25T12:00:00,168.7340,171.9710,165.6790,170.3650,5202646
2024-07-25T16:00:00,170.3640,172.4490,166.5720,168.1150,3445560
2024-07-25T20:00:00,168.0980,172.8420,165.3040,171.7590,2803084
2024-07-26T00:00:00,171.7600,176.8860,171.5820,175.6890,2855087
2024-07-26T04:00:00,175.6890,177.7350,175.5120,176.6960,1767866
2024-07-26T08:00:00,176.6960,179.9980,176.6930,178.7260,2110125
2024-07-26T12:00:00,178.7280,184.0000,177.4020,181.4350,4267257
2024-07-26T16:00:00,181.4350,182.8880,180.5840,182.1180,1547069
2024-07-26T20:00:00,182.1180,183.6820,181.0260,182.9910,1260934
2024-07-27T00:00:00,182.9910,184.2510,181.2460,182.5660,1412125
2024-07-27T04:00:00,182.5660,186.2830,182.4320,185.7210,1931109
2024-07-27T08:00:00,185.7210,187.3470,184.2200,185.3240,2091165
2024-07-27T12:00:00,185.3240,188.3400,181.4470,182.4160,4206051
2024-07-27T16:00:00,182.4120,183.3130,179.4010,181.4260,3308903
2024-07-27T20:00:00,181.4270,186.6930,178.0270,183.9030,5221661
2024-07-28T00:00:00,183.9020,186.6470,182.3390,184.2260,1703830
2024-07-28T04:00:00,184.2270,184.7930,181.1100,183.7770,1704277
2024-07-28T08:00:00,183.7770,185.7780,182.9290,185.1480,1626000
2024-07-28T12:00:00,185.1550,186.5750,183.6550,184.0830,2201455
2024-07-28T16:00:00,184.0840,185.4880,183.0300,184.6760,1336566
2024-07-28T20:00:00,184.6770,185.3250,182.5000,184.8080,1189606
2024-07-29T00:00:00,184.8080,193.3240,184.2800,192.1910,4815599
2024-07-29T04:00:00,192.1920,193.8930,190.8900,192.3020,2755450
2024-07-29T08:00:00,192.3090,192.4110,190.3150,190.7600,1628823
2024-07-29T12:00:00,190.7600,193.5000,185.6000,186.8160,4851364
2024-07-29T16:00:00,186.8160,187.4000,184.0000,186.7880,3341651
2024-07-29T20:00:00,186.7890,186.7900,181.4440,182.5090,2331304
2024-07-30T00:00:00,182.5090,183.8370,179.2000,182.4910,3332050
2024-07-30T04:00:00,182.4910,184.7730,181.1970,182.2980,2528688
2024-07-30T08:00:00,182.2980,182.8420,180.0030,180.9670,1359195
2024-07-30T12:00:00,180.9570,182.6400,178.6010,180.9010,3447162
2024-07-30T16:00:00,180.9000,181.5160,176.1000,177.8600,2791954
2024-07-30T20:00:00,177.8750,179.8250,175.2130,179.0720,1996057
2024-07-31T00:00:00,179.0720,181.6780,178.0000,180.8320,1681590
2024-07-31T04:00:00,180.8290,183.7720,177.8070,183.0460,2551624
2024-07-31T08:00:00,183.0360,184.5720,181.2270,181.6280,1653382
2024-07-31T12:00:00,181.6270,184.2140,179.6360,180.0180,2857002
2024-07-31T16:00:00,180.0180,182.6240,175.0210,176.5440,3980012
2024-07-31T20:00:00,176.5410,176.9780,171.5300,171.6320,3339431
2024-08-01T00:00:00,171.6320,172.8590,168.4570,168.5950,3265244
2024-08-01T04:00:00,168.5950,169.6790,165.9730,168.1610,3673469
2024-08-01T08:00:00,168.1610,169.8700,167.9910,169.6090,1597991
2024-08-01T12:00:00,169.6080,171.3830,161.1000,162.5660,6610256
2024-08-01T16:00:00,162.5670,162.7810,157.8280,162.3000,5424769
2024-08-01T20:00:00,162.3000,168.4080,161.1110,167.2940,3199655
2024-08-02T00:00:00,167.3000,169.3570,161.4400,164.2810,3043454
2024-08-02T04:00:00,164.2800,165.3120,158.9770,161.3230,2958231
2024-08-02T08:00:00,161.3230,165.3960,160.3200,164.3070,2713528
2024-08-02T12:00:00,164.3070,167.5880,152.6190,156.6390,10047680
2024-08-02T16:00:00,156.6390,157.4030,149.7350,151.2070,5060470
2024-08-02T20:00:00,151.2290,154.9520,149.8510,152.7110,4282683
2024-08-03T00:00:00,152.7110,153.9960,148.5500,153.4670,3783178
2024-08-03T04:00:00,153.4650,153.4650,151.1030,151.5830,1662942
2024-08-03T08:00:00,151.5740,152.5410,148.2000,152.3110,3282152
2024-08-03T12:00:00,152.3100,153.5400,145.9880,146.1110,3805011
2024-08-03T16:00:00,146.1090,147.5490,139.4120,140.3870,9106212
2024-08-03T20:00:00,140.3860,143.8820,140.0000,142.4560,3314990
2024-08-04T00:00:00,142.4550,145.9840,141.8210,144.2500,2572792
2024-08-04T04:00:00,144.2500,144.4330,140.5090,140.7990,2070853
2024-08-04T08:00:00,140.7900,144.4700,139.5000,143.4360,3137457
2024-08-04T12:00:00,143.4370,145.0320,134.8730,135.1630,7200785
2024-08-04T16:00:00,135.1630,142.9100,131.0000,141.9220,11373955
2024-08-04T20:00:00,141.9210,143.9510,137.3200,138.2910,4473339
2024-08-05T00:00:00,138.2910,139.3430,119.0000,126.0380,20737229
2024-08-05T04:00:00,126.0240,130.1100,109.1620,122.7960,27938248
2024-08-05T08:00:00,122.7890,123.9000,110.4840,115.9020,12862209
2024-08-05T12:00:00,115.9030,132.5440,109.9030,130.3690,22201161
2024-08-05T16:00:00,130.3710,135.4900,126.7020,128.7320,9780443
2024-08-05T20:00:00,128.7160,135.4340,128.2740,129.7680,4947060
2024-08-06T00:00:00,129.7750,141.0000,129.3520,138.5340,6439683
2024-08-06T04:00:00,138.5330,143.9130,137.4250,141.8920,5181378
2024-08-06T08:00:00,141.8850,142.0210,136.3000,139.3480,5992485
2024-08-06T12:00:00,139.3470,146.3130,136.0520,145.8000,9005418
2024-08-06T16:00:00,145.7990,148.4400,144.8180,146.2330,5503421
2024-08-06T20:00:00,146.2330,149.5000,143.1630,144.3280,5435489
2024-08-07T00:00:00,144.3290,151.7700,142.1000,151.4590,6245015
2024-08-07T04:00:00,151.4730,154.8880,150.4750,152.3700,5216531
2024-08-07T08:00:00,152.3550,154.8540,150.6440,151.5520,4848085
2024-08-07T12:00:00,151.5730,154.4470,146.1850,148.3910,9450342
2024-08-07T16:00:00,148.3910,149.3790,142.2600,143.0960,6670736
2024-08-07T20:00:00,143.1000,147.4850,142.2230,144.7360,5046144
2024-08-08T00:00:00,144.7320,156.4480,141.3150,153.0690,7540182
2024-08-08T04:00:00,153.0690,155.4620,151.3570,153.6180,3537302
2024-08-08T08:00:00,153.6200,155.6860,152.8250,154.0400,2987026
2024-08-08T12:00:00,154.0390,160.8500,152.5000,160.4990,10041547
2024-08-08T16:00:00,160.5000,162.7550,155.0330,155.6830,5621251
2024-08-08T20:00:00,155.6970,163.7120,155.2300,163.0690,5337137
2024-08-09T00:00:00,163.0690,163.4960,158.1420,158.8720,3116988
2024-08-09T04:00:00,158.8730,159.0720,155.5550,157.8610,2934583
2024-08-09T08:00:00,157.8610,159.6350,155.2290,156.5530,2926770
2024-08-09T12:00:00,156.5530,157.2660,151.0370,151.0860,6118001
2024-08-09T16:00:00,151.0860,154.1770,150.6320,153.5070,2882371
2024-08-09T20:00:00,153.5290,157.4930,151.3910,156.1880,3372890
2024-08-10T00:00:00,156.1880,158.7050,153.1840,154.1120,2902854
2024-08-10T04:00:00,154.1120,155.3800,152.5400,155.3490,1372801
2024-08-10T08:00:00,155.3500,155.8670,153.5130,154.7570,1649664
2024-08-10T12:00:00,154.7580,155.1800,152.7000,153.8810,1958825
2024-08-10T16:00:00,153.8910,155.2290,152.8830,154.4460,1817911
2024-08-10T20:00:00,154.4470,155.0670,153.5330,153.9320,975993
2024-08-11T00:00:00,153.9330,156.9000,153.5510,155.6060,1606697
2024-08-11T04:00:00,155.6060,156.7500,154.7180,156.6210,1116167
2024-08-11T08:00:00,156.6210,157.9500,152.9000,153.5670,2584974
2024-08-11T12:00:00,153.5670,153.7300,148.0000,148.6730,4296209
2024-08-11T16:00:00,148.6730,149.6940,145.6000,145.7540,2891660
2024-08-11T20:00:00,145.7540,145.8170,141.0380,141.4920,5088964
2024-08-12T00:00:00,141.4930,144.7700,141.1280,143.8160,3253068
2024-08-12T04:00:00,143.8150,146.6660,142.1780,145.8230,3193829
2024-08-12T08:00:00,145.8240,150.7270,143.5230,150.1440,5595722
2024-08-12T12:00:00,150.1440,150.4500,142.8970,147.4610,8778528
2024-08-12T16:00:00,147.4610,148.2400,142.8160,143.6930,3418122
2024-08-12T20:00:00,143.6950,147.5690,141.6990,146.2410,3136589
2024-08-13T00:00:00,146.2410,147.3200,142.8530,143.5860,2865636
2024-08-13T04:00:00,143.5870,146.9980,142.9160,145.9480,2034286
2024-08-13T08:00:00,145.9490,146.3420,143.1080,145.8350,2507616
2024-08-13T12:00:00,145.8350,147.6100,144.5660,146.0110,4002509
2024-08-13T16:00:00,146.0100,149.7760,144.8000,146.4510,4552806
2024-08-13T20:00:00,146.4520,147.8000,145.6200,146.5650,1495972
2024-08-14T00:00:00,146.5660,147.2100,143.5100,145.0860,2149713
2024-08-14T04:00:00,145.0860,145.6680,144.0960,145.6540,1567178
2024-08-14T08:00:00,145.6540,148.9300,144.7270,147.9430,2744373
2024-08-14T12:00:00,147.9440,152.1300,144.5000,146.6000,9003002
2024-08-14T16:00:00,146.6010,147.1620,143.6260,144.1650,2980220
2024-08-14T20:00:00,144.1620,144.6300,142.2150,143.6440,1629887
2024-08-15T00:00:00,143.6430,145.3490,143.0810,144.6440,2084444
2024-08-15T04:00:00,144.6440,144.8350,140.8140,142.4650,2785109
2024-08-15T08:00:00,142.4560,143.4630,141.1840,143.0540,2165855
2024-08-15T12:00:00,143.0530,146.5890,141.9210,145.8620,5233920
2024-08-15T16:00:00,145.8540,147.6600,137.6500,139.8630,7806668
2024-08-15T20:00:00,139.8620,144.7990,138.5870,142.5380,4321334
2024-08-16T00:00:00,142.5380,144.3580,140.6730,141.9370,2684994
2024-08-16T04:00:00,141.9370,144.7770,141.5170,144.4650,2206233
2024-08-16T08:00:00,144.4650,144.8630,141.7500,141.9010,2409558
2024-08-16T12:00:00,141.9050,142.5690,136.2000,137.8420,7269509
2024-08-16T16:00:00,137.8400,141.4450,136.0500,140.8440,5411385
2024-08-16T20:00:00,140.8520,141.8980,138.9250,138.9860,1797444
2024-08-17T00:00:00,138.9850,140.2500,137.5190,138.8190,2098111
2024-08-17T04:00:00,138.8190,139.6770,138.5150,139.3640,1029654
2024-08-17T08:00:00,139.3660,140.1090,138.0100,139.0570,1510211
2024-08-17T12:00:00,139.0570,141.7990,138.8650,140.1290,2557355
2024-08-17T16:00:00,140.1300,141.5830,140.0300,141.0290,1461481
2024-08-17T20:00:00,141.0310,141.9000,140.6230,141.8300,861164
2024-08-18T00:00:00,141.8310,143.3000,140.9290,141.1130,2182525
2024-08-18T04:00:00,141.1080,141.9260,140.4620,141.4720,1098887
2024-08-18T08:00:00,141.4710,147.4450,141.2000,144.5200,3753334
2024-08-18T12:00:00,144.5200,146.6400,143.8870,145.7280,2775923
2024-08-18T16:00:00,145.7280,146.5490,144.0220,146.3830,1843211
2024-08-18T20:00:00,146.3720,147.0000,142.2510,142.3540,2189969
2024-08-19T00:00:00,142.3480,143.4460,141.4790,143.1150,2557009
2024-08-19T04:00:00,143.1120,143.4770,141.8230,142.2170,1676359
2024-08-19T08:00:00,142.2210,143.2760,140.2520,142.2750,2449947
2024-08-19T12:00:00,142.2740,144.5780,141.5840,143.8010,3754275
2024-08-19T16:00:00,143.8000,146.2000,142.5000,142.8480,3115055
2024-08-19T20:00:00,142.8640,144.4800,142.6450,144.2010,1773368
2024-08-20T00:00:00,144.2000,147.8800,143.3700,145.4980,2837146
2024-08-20T04:00:00,145.4990,148.7780,145.3100,147.3970,2528612
2024-08-20T08:00:00,147.3990,147.6710,145.0060,145.3320,1940051
2024-08-20T12:00:00,145.3320,146.3650,140.8850,142.0740,4914778
2024-08-20T16:00:00,142.0750,144.2300,141.5180,143.9690,2030717
2024-08-20T20:00:00,143.9690,144.4710,142.1340,142.2100,1408860
2024-08-21T00:00:00,142.2090,143.0320,141.4530,142.4770,1421456
2024-08-21T04:00:00,142.4780,143.7700,142.1510,143.1300,1224939
2024-08-21T08:00:00,143.1260,143.4760,140.8320,141.2380,1769333
2024-08-21T12:00:00,141.2390,142.4200,138.6890,140.2770,5339349
2024-08-21T16:00:00,140.2770,143.5870,139.5720,143.3370,3029964
2024-08-21T20:00:00,143.3440,144.3000,142.0090,142.7260,2312148
2024-08-22T00:00:00,142.7260,143.1940,140.5100,141.6710,1875624
2024-08-22T04:00:00,141.6710,143.6170,141.3610,143.2580,1189186
2024-08-22T08:00:00,143.2590,144.7220,142.5810,144.4310,1583739
2024-08-22T12:00:00,144.4310,144.8280,141.8790,142.5520,2622400
2024-08-22T16:00:00,142.5520,143.5560,142.3300,142.6890,1149520
2024-08-22T20:00:00,142.6880,143.7030,142.6100,143.1590,865434
2024-08-23T00:00:00,143.1580,145.6730,143.0940,144.4140,1962855
2024-08-23T04:00:00,144.4150,145.8790,144.3010,145.0990,1556244
2024-08-23T08:00:00,145.0910,145.4250,143.3180,143.4150,1412146
2024-08-23T12:00:00,143.4140,147.0760,142.5890,144.3380,4746183
2024-08-23T16:00:00,144.3330,150.1900,144.0050,149.6400,4899111
2024-08-23T20:00:00,149.6390,153.9990,149.6130,153.2280,3680379
2024-08-24T00:00:00,153.2280,154.6350,151.8940,153.2020,2185290
2024-08-24T04:00:00,153.2020,155.3550,153.0660,154.5400,1811256
2024-08-24T08:00:00,154.5310,158.6800,154.2270,157.2890,3084347
2024-08-24T12:00:00,157.2890,159.7390,156.8880,159.3720,2347467
2024-08-24T16:00:00,159.3720,162.3250,159.1700,160.4890,4001909
2024-08-24T20:00:00,160.4900,161.0700,157.2200,160.5580,2802750
2024-08-25T00:00:00,160.5590,160.6600,157.2690,158.2220,2382344
2024-08-25T04:00:00,158.2260,159.0210,155.2100,156.0610,2079123
2024-08-25T08:00:00,156.0620,157.9300,155.6600,157.1860,1967417
2024-08-25T12:00:00,157.1780,159.8330,156.8440,159.3000,2264028
2024-08-25T16:00:00,159.3000,160.2770,158.4040,159.0250,1720126
2024-08-25T20:00:00,159.0340,161.8900,158.3580,158.8800,2653044
2024-08-26T00:00:00,158.8810,160.1130,157.3810,160.0420,2000758
2024-08-26T04:00:00,160.0420,161.0820,158.2560,159.0390,2024866
2024-08-26T08:00:00,159.0400,162.0000,158.3640,160.3090,3049794
2024-08-26T12:00:00,160.3080,161.7220,155.8030,157.5310,6110587
2024-08-26T16:00:00,157.5310,159.3330,155.4510,157.9200,3479490
2024-08-26T20:00:00,157.9280,159.2350,156.2760,157.0520,2058066
2024-08-27T00:00:00,157.0530,158.9500,156.9700,158.4560,1706171
2024-08-27T04:00:00,158.4630,159.6220,157.2370,157.6820,1534748
2024-08-27T08:00:00,157.6830,157.9860,153.2300,154.2020,3463138
2024-08-27T12:00:00,154.2020,155.7370,152.5060,153.6980,4105160
2024-08-27T16:00:00,153.6910,155.4500,153.1570,154.8690,2245008
2024-08-27T20:00:00,154.8690,154.9740,145.0000,146.7270,7228763
2024-08-28T00:00:00,146.7330,148.2250,145.3100,148.0820,2401990
2024-08-28T04:00:00,148.0850,148.8460,143.6610,143.9180,2739467
2024-08-28T08:00:00,143.9190,147.9410,142.6800,147.0580,3369039
2024-08-28T12:00:00,147.0440,148.4790,143.0790,144.0410,4933207
2024-08-28T16:00:00,144.0400,145.5730,140.4220,144.2020,5872017
2024-08-28T20:00:00,144.2050,146.3350,141.5080,143.8920,3186039
2024-08-29T00:00:00,143.8920,144.9820,142.8210,143.2470,1737924
2024-08-29T04:00:00,143.2470,145.3000,143.0610,144.5800,2032465
2024-08-29T08:00:00,144.5660,146.7830,144.3030,145.5200,2511776
2024-08-29T12:00:00,145.5190,147.3320,144.6300,145.9680,3473358
2024-08-29T16:00:00,145.9830,146.7190,138.5060,140.1780,5207541
2024-08-29T20:00:00,140.1790,141.3370,137.9520,139.9480,2109412
2024-08-30T00:00:00,139.9480,141.0460,138.3000,138.6970,1939622
2024-08-30T04:00:00,138.6970,139.8780,137.0210,138.9220,2710434
2024-08-30T08:00:00,138.9230,139.9870,138.3100,138.5690,1457270
2024-08-30T12:00:00,138.5680,140.6810,132.4000,133.2600,7208423
2024-08-30T16:00:00,133.2690,137.8900,132.0020,135.9030,5354484
2024-08-30T20:00:00,135.9030,138.4210,135.5580,137.9210,1490573
2024-08-31T00:00:00,137.9210,139.1600,137.4390,138.2120,1194212
2024-08-31T04:00:00,138.2120,138.7200,137.3100,137.5470,799661
2024-08-31T08:00:00,137.5460,137.8130,135.7290,136.9410,1512715
2024-08-31T12:00:00,136.9430,137.2300,135.4890,136.5700,1216021
2024-08-31T16:00:00,136.5700,136.6300,134.5020,134.9260,1458901
2024-08-31T20:00:00,134.9260,136.2580,134.4020,135.2660,957168
2024-09-01T00:00:00,135.2660,135.5760,132.7790,134.0260,1703890
2024-09-01T04:00:00,134.0260,134.0390,130.9560,132.7400,2664927
2024-09-01T08:00:00,132.7410,132.7730,130.1200,131.8190,2773153
2024-09-01T12:00:00,131.8080,134.8300,130.0000,134.1820,4248064
2024-09-01T16:00:00,134.1810,135.8550,131.7770,135.1560,3034228
2024-09-01T20:00:00,135.1570,136.1330,127.6000,128.4110,4677915
2024-09-02T00:00:00,128.4110,130.6680,128.1760,130.1350,3212317
2024-09-02T04:00:00,130.1340,130.3340,126.7560,127.5880,3600687
2024-09-02T08:00:00,127.5880,132.8710,127.2050,131.7750,4580548
2024-09-02T12:00:00,131.7740,133.3990,129.8880,132.4400,3634292
2024-09-02T16:00:00,132.4400,133.8510,131.5910,132.9800,2146455
2024-09-02T20:00:00,132.9800,135.3430,132.7330,134.8650,2173898
2024-09-03T00:00:00,134.8650,137.5000,134.1340,135.4370,2458897
2024-09-03T04:00:00,135.4370,135.8190,133.5000,134.5240,1929171
2024-09-03T08:00:00,134.5240,134.5820,132.7120,134.3070,2010795
2024-09-03T12:00:00,134.3070,135.4540,129.2650,129.7480,4788061
2024-09-03T16:00:00,129.7490,132.1810,129.2320,130.9210,2532468
2024-09-03T20:00:00,130.9220,131.5550,127.0820,127.5060,2346740
2024-09-04T00:00:00,127.5050,128.8240,122.0000,127.6400,6594796
2024-09-04T04:00:00,127.6400,131.3980,126.5410,130.2410,3380569
2024-09-04T08:00:00,130.2520,130.6400,128.0180,128.3590,2492353
2024-09-04T12:00:00,128.3610,134.0790,127.8090,133.7190,6483163
2024-09-04T16:00:00,133.7240,134.9100,132.5000,133.1350,2846546
2024-09-04T20:00:00,133.1390,134.6000,132.8060,133.5640,1245210
2024-09-05T00:00:00,133.5640,134.3350,131.1400,131.5260,2056911
2024-09-05T04:00:00,131.5270,134.2090,130.7350,133.0420,2919242
2024-09-05T08:00:00,133.0420,133.8230,131.6200,132.7800,1982894
2024-09-05T12:00:00,132.7800,135.5110,130.1110,130.5170,6632065
2024-09-05T16:00:00,130.5180,131.1140,127.7770,128.3880,3741123
2024-09-05T20:00:00,128.3860,129.8300,128.0710,129.3370,1684131
2024-09-06T00:00:00,129.3370,131.4930,128.5540,130.6490,2140692
2024-09-06T04:00:00,130.6390,131.1250,127.3900,128.0540,2758246
2024-09-06T08:00:00,128.0550,131.0450,127.9620,130.1850,2804546
2024-09-06T12:00:00,130.1850,134.2200,126.7370,128.0160,10849033
2024-09-06T16:00:00,128.0140,128.2880,123.8400,125.0610,6749333
2024-09-06T20:00:00,125.0470,125.9410,120.4790,124.9590,5504842
2024-09-07T00:00:00,124.9590,125.6870,124.1000,125.0970,1426181
2024-09-07T04:00:00,125.0950,128.4500,125.0210,127.5560,2480889
2024-09-07T08:00:00,127.5560,127.7690,126.6660,126.9280,1452432
2024-09-07T12:00:00,126.9290,129.4000,126.8280,128.7500,2077177
2024-09-07T16:00:00,128.7500,129.0950,126.1900,128.2540,2453463
2024-09-07T20:00:00,128.2530,128.3750,126.3510,127.6560,1218859
2024-09-08T00:00:00,127.6570,128.4860,126.8280,128.2430,1133942
2024-09-08T04:00:00,128.2430,130.0800,127.7880,129.5490,1607392
2024-09-08T08:00:00,129.5500,130.9260,129.1460,130.0280,2149629
2024-09-08T12:00:00,130.0250,130.2190,126.5420,126.7110,3021188
2024-09-08T16:00:00,126.7110,129.3000,126.5740,128.6310,1956084
2024-09-08T20:00:00,128.6340,131.6730,128.2740,130.0730,3050506
2024-09-09T00:00:00,130.0740,130.9500,127.8190,128.5090,2526615
2024-09-09T04:00:00,128.5090,129.3310,127.4320,129.2210,1740269
2024-09-09T08:00:00,129.2210,130.9550,129.1380,129.3760,2287945
2024-09-09T12:00:00,129.3770,130.1600,126.8470,128.3390,4432869
2024-09-09T16:00:00,128.3440,134.9200,128.1910,134.8810,6659008
2024-09-09T20:00:00,134.8880,137.0640,133.6500,135.0140,3204522
2024-09-10T00:00:00,135.0140,135.1720,132.7020,132.8610,1631671
2024-09-10T04:00:00,132.8610,135.2150,132.4340,134.8850,1700386
2024-09-10T08:00:00,134.8840,135.4300,133.9000,135.1370,1771719
2024-09-10T12:00:00,135.1380,136.3280,133.2700,134.0480,3853401
2024-09-10T16:00:00,134.0530,137.9830,133.6680,136.5530,3703532
2024-09-10T20:00:00,136.5560,136.7310,135.0790,135.5630,1285629
2024-09-11T00:00:00,135.5640,135.8150,133.2080,133.5860,2712779
2024-09-11T04:00:00,133.5770,133.5770,131.0050,132.3380,2802732
2024-09-11T08:00:00,132.3380,132.3620,130.3000,131.9250,2194897
2024-09-11T12:00:00,131.9250,133.2820,128.1130,131.1140,6700560
2024-09-11T16:00:00,131.1130,133.4880,131.0230,132.6050,3616285
2024-09-11T20:00:00,132.6140,133.0200,131.9360,132.3460,927798
2024-09-12T00:00:00,132.3450,135.9670,132.2980,135.5370,2987337
2024-09-12T04:00:00,135.5340,136.2000,134.2140,134.8310,1642734
2024-09-12T08:00:00,134.8180,135.3820,134.1350,134.7160,1198961
2024-09-12T12:00:00,134.7110,136.7120,133.3400,133.4990,3864424
2024-09-12T16:00:00,133.4980,135.8120,133.4220,135.6880,1980977
2024-09-12T20:00:00,135.6880,136.6730,134.9610,135.9970,1486005
2024-09-13T00:00:00,135.9970,136.1620,134.2730,134.3750,1302167
2024-09-13T04:00:00,134.3750,134.7890,133.6620,134.5260,1131506
2024-09-13T08:00:00,134.5270,134.6280,132.4220,132.4990,1828660
2024-09-13T12:00:00,132.5000,136.6650,131.6050,136.5570,4996714
2024-09-13T16:00:00,136.5490,138.2240,135.9140,137.9830,3509781
2024-09-13T20:00:00,137.9890,139.8280,137.8500,138.9160,2193730
2024-09-14T00:00:00,138.9160,139.7470,138.4130,139.3410,1336011
2024-09-14T04:00:00,139.3410,139.4990,137.3210,137.4380,1384233
2024-09-14T08:00:00,137.4390,137.5050,136.4350,136.7350,1449879
2024-09-14T12:00:00,136.7460,138.1480,136.5000,137.3120,1413012
2024-09-14T16:00:00,137.3120,137.8070,135.4000,136.5060,1600960
2024-09-14T20:00:00,136.5060,137.2880,136.5060,137.0680,729539
2024-09-15T00:00:00,137.0620,137.8730,136.9800,137.3880,727260
2024-09-15T04:00:00,137.3870,137.5170,136.7500,137.1000,687918
2024-09-15T08:00:00,137.0990,137.1110,135.1270,135.5310,1264972
2024-09-15T12:00:00,135.5300,136.2960,134.5660,135.6860,1982471
2024-09-15T16:00:00,135.6850,135.7500,132.8390,133.3930,2934102
2024-09-15T20:00:00,133.3930,133.4850,130.3220,131.3190,2878653
2024-09-16T00:00:00,131.3200,131.7980,129.1440,130.5430,2537384
2024-09-16T04:00:00,130.5420,131.3500,130.3230,131.1780,1439537
2024-09-16T08:00:00,131.1790,132.3450,130.6000,131.8330,1954612
2024-09-16T12:00:00,131.8330,132.3360,129.8930,131.4110,2972655
2024-09-16T16:00:00,131.4110,131.7290,128.8400,131.0710,3035344
2024-09-16T20:00:00,131.0640,131.8800,129.8880,131.4120,1215480
2024-09-17T00:00:00,131.4110,131.9200,129.8400,131.0740,1622550
2024-09-17T04:00:00,131.0750,132.7820,130.6660,132.2000,1070724
2024-09-17T08:00:00,132.2000,133.2990,131.6660,131.8750,1975788
2024-09-17T12:00:00,131.8740,135.5000,130.8060,134.6050,5196421
2024-09-17T16:00:00,134.6050,134.8800,130.9740,132.1770,3710819
2024-09-17T20:00:00,132.1870,132.6770,131.1070,131.4670,1381320
2024-09-18T00:00:00,131.4680,132.0680,130.1280,131.6140,1802010
2024-09-18T04:00:00,131.6130,131.7890,130.5090,131.2600,1157370
2024-09-18T08:00:00,131.2630,131.2740,128.0370,129.3470,2583516
2024-09-18T12:00:00,129.3480,130.2960,126.9600,127.6180,3565749
2024-09-18T16:00:00,127.6190,132.9960,127.1910,129.4410,7105096
2024-09-18T20:00:00,129.4380,134.3870,128.3730,134.2990,2571623
2024-09-19T00:00:00,134.3000,138.6230,134.1300,137.9630,4742193
2024-09-19T04:00:00,137.9630,139.0820,137.5560,138.5110,2608859
2024-09-19T08:00:00,138.5140,139.6000,138.2070,139.3680,2227947
2024-09-19T12:00:00,139.3670,142.9750,139.3420,142.8930,4699819
2024-09-19T16:00:00,142.8930,144.0000,142.3860,143.0050,3615730
2024-09-19T20:00:00,143.0090,143.8980,141.0000,142.8200,2280410
2024-09-20T00:00:00,142.8190,144.7000,141.1310,144.6100,2513034
2024-09-20T04:00:00,144.6100,152.5000,144.3740,151.0230,8295816
2024-09-20T08:00:00,151.0230,151.8100,149.9640,150.5080,3231321
2024-09-20T12:00:00,150.5030,151.1100,145.9000,147.7910,6141565
2024-09-20T16:00:00,147.7920,148.3440,144.7700,146.6330,3282691
2024-09-20T20:00:00,146.6310,147.9260,146.2030,146.6270,1401830
2024-09-21T00:00:00,146.6260,147.9570,144.9370,145.9250,1833095
2024-09-21T04:00:00,145.9210,147.6990,144.5400,147.3710,1554858
2024-09-21T08:00:00,147.3710,147.8750,146.3770,147.1420,1189046
2024-09-21T12:00:00,147.1410,149.3550,146.6260,147.5600,2341474
2024-09-21T16:00:00,147.5600,148.6900,147.0830,147.3130,1441395
2024-09-21T20:00:00,147.3090,149.7750,147.1430,149.3720,1048433
2024-09-22T00:00:00,149.3720,149.8710,147.0140,148.0080,1641678
2024-09-22T04:00:00,148.0080,148.9590,146.3000,147.1480,1364472
2024-09-22T08:00:00,147.1470,147.5490,144.0800,144.7750,2701430
2024-09-22T12:00:00,144.7740,145.1400,142.6020,143.0600,2302733
2024-09-22T16:00:00,143.0590,145.4000,142.3720,144.6040,2416356
2024-09-22T20:00:00,144.6030,145.7080,140.9350,144.5870,3764639
2024-09-23T00:00:00,144.5880,149.0000,142.0240,147.6690,4507255
2024-09-23T04:00:00,147.6700,148.1710,145.1100,145.4180,2143514
2024-09-23T08:00:00,145.4190,145.5780,143.0460,143.5320,2557333
2024-09-23T12:00:00,143.5320,145.4530,142.5350,144.1230,3777563
2024-09-23T16:00:00,144.1230,144.9690,142.6800,143.2710,1863040
2024-09-23T20:00:00,143.2760,145.2120,142.3030,144.6910,1772794
2024-09-24T00:00:00,144.6910,146.8740,143.0060,146.5680,3217424
2024-09-24T04:00:00,146.5680,147.3260,145.2570,147.1420,2037989
2024-09-24T08:00:00,147.1430,148.7200,145.8520,146.3800,2941829
2024-09-24T12:00:00,146.3800,148.4430,144.1010,145.4670,4797516
2024-09-24T16:00:00,145.4660,148.4500,145.2000,148.1820,3080305
2024-09-24T20:00:00,148.1860,154.0740,147.9200,152.7120,5009640
2024-09-25T00:00:00,152.7120,153.8680,151.0000,151.9060,2811567
2024-09-25T04:00:00,151.9070,152.1800,148.9100,149.7260,2380441
2024-09-25T08:00:00,149.7260,150.9600,149.3700,150.8860,1610547
2024-09-25T12:00:00,150.8860,152.9800,149.6180,150.3470,2909479
2024-09-25T16:00:00,150.3470,151.9150,148.7650,149.9190,2507010
2024-09-25T20:00:00,149.9190,150.8400,147.2100,147.8800,1771972
2024-09-26T00:00:00,147.8950,149.5300,146.5050,149.1590,2245144
2024-09-26T04:00:00,149.1600,151.8080,148.6240,151.7640,1954636
2024-09-26T08:00:00,151.7640,153.1410,150.4110,152.8700,2807378
2024-09-26T12:00:00,152.8710,158.2650,151.2150,157.0950,7743864
2024-09-26T16:00:00,157.0950,158.0000,155.3030,155.4490,3079209
2024-09-26T20:00:00,155.4490,156.3570,153.6920,155.4800,2287579
2024-09-27T00:00:00,155.4800,156.3270,153.7560,155.6390,1912574
2024-09-27T04:00:00,155.6400,158.8320,155.5500,157.3990,2883238
2024-09-27T08:00:00,157.3990,159.2230,155.6270,155.9680,2836115
2024-09-27T12:00:00,155.9670,161.2880,155.3720,158.9960,6085048
2024-09-27T16:00:00,158.9950,159.6080,156.8800,157.5030,2819262
2024-09-27T20:00:00,157.5010,158.5280,157.2290,157.5910,825064
2024-09-28T00:00:00,157.5910,159.3760,157.5350,158.5840,1086541
2024-09-28T04:00:00,158.5850,158.8300,156.0070,156.3250,1777002
2024-09-28T08:00:00,156.3260,157.6570,154.8310,157.1370,2279202
2024-09-28T12:00:00,157.1380,157.9680,156.1250,156.8080,1682008
2024-09-28T16:00:00,156.8090,157.4330,156.3000,156.7920,891004
2024-09-28T20:00:00,156.7930,156.9800,155.5370,156.6820,839187
2024-09-29T00:00:00,156.6830,158.4990,156.1490,157.7870,1674280
2024-09-29T04:00:00,157.7870,158.1370,155.0000,155.4310,1951288
2024-09-29T08:00:00,155.4310,156.8330,155.0230,156.6890,1288208
2024-09-29T12:00:00,156.6900,157.5000,155.5520,157.2100,1972418
2024-09-29T16:00:00,157.2100,159.7010,156.6050,159.4000,1691131
2024-09-29T20:00:00,159.4000,161.7610,157.8160,158.3850,3582249
2024-09-30T00:00:00,158.3860,159.7440,155.1600,156.1070,4114365
2024-09-30T04:00:00,156.1070,157.7180,155.0990,156.8120,1861767
2024-09-30T08:00:00,156.8120,156.8950,153.7100,155.5600,3491891
2024-09-30T12:00:00,155.5600,157.3640,154.0080,154.1000,3060175
2024-09-30T16:00:00,154.0990,155.7200,153.8900,155.0430,2323827
2024-09-30T20:00:00,155.0440,156.9000,151.6580,152.4280,2777390
2024-10-01T00:00:00,152.4280,155.2320,151.4140,155.0440,2223089
2024-10-01T04:00:00,155.0450,157.0980,154.7500,156.7570,1712045
2024-10-01T08:00:00,156.7570,157.2880,155.8900,156.4550,1429606
2024-10-01T12:00:00,156.4550,156.6600,146.1200,149.5260,8843368
2024-10-01T16:00:00,149.5260,149.9330,142.4400,145.3790,7609301
2024-10-01T20:00:00,145.3910,146.3560,142.2000,145.0710,4283637
2024-10-02T00:00:00,145.0690,147.9750,143.3500,147.1320,2668231
2024-10-02T04:00:00,147.1320,148.8830,146.1200,147.6720,2029829
2024-10-02T08:00:00,147.6720,148.3930,145.1070,146.0730,2611206
2024-10-02T12:00:00,146.0730,147.6170,142.6600,147.3670,4857387
2024-10-02T16:00:00,147.3680,148.3650,138.5000,139.8880,6053470
2024-10-02T20:00:00,139.8880,141.6490,138.5520,140.0820,2619529
2024-10-03T00:00:00,140.0830,142.8750,138.5870,142.8100,3116536
2024-10-03T04:00:00,142.8100,142.8100,139.8150,139.8400,1773280
2024-10-03T08:00:00,139.8400,140.0080,135.1140,136.7830,4955230
2024-10-03T12:00:00,136.7830,138.4870,133.0020,135.4990,7691809
2024-10-03T16:00:00,135.5030,137.3730,133.5600,137.2480,3895477
2024-10-03T20:00:00,137.2470,137.8000,135.1920,136.7330,1601025
2024-10-04T00:00:00,136.7270,138.6260,135.8640,137.2620,2175351
2024-10-04T04:00:00,137.2620,139.7000,137.2010,139.4640,1692901
2024-10-04T08:00:00,139.4630,140.9840,139.0960,140.0240,1930156
2024-10-04T12:00:00,140.0220,142.5980,138.0420,142.3640,5850346
2024-10-04T16:00:00,142.3630,144.4980,141.7610,143.8160,2948159
2024-10-04T20:00:00,143.8160,144.4870,142.5270,143.1590,1294372
2024-10-05T00:00:00,143.1580,144.0000,141.6140,141.7710,1539766
2024-10-05T04:00:00,141.7710,144.4890,141.5000,143.7640,1519875
2024-10-05T08:00:00,143.7650,144.8930,143.2140,143.3560,1262682
2024-10-05T12:00:00,143.3560,144.0960,142.4010,142.8140,1387409
2024-10-05T16:00:00,142.8140,142.9590,141.9190,142.1170,1124993
2024-10-05T20:00:00,142.1170,142.9500,141.0040,142.5380,1219274
2024-10-06T00:00:00,142.5410,143.6440,141.9290,142.6290,927817
2024-10-06T04:00:00,142.6340,143.3840,142.0240,142.9260,692749
2024-10-06T08:00:00,142.9260,144.2720,142.5540,143.9640,1092641
2024-10-06T12:00:00,143.9650,146.5940,143.8880,145.9040,2453387
2024-10-06T16:00:00,145.9030,146.4380,144.8000,145.3400,1495835
2024-10-06T20:00:00,145.3390,146.7440,144.2280,146.4120,1364317
2024-10-07T00:00:00,146.3990,150.9920,145.8000,149.8700,3595333
2024-10-07T04:00:00,149.8700,150.4410,147.8930,147.9820,1841398
2024-10-07T08:00:00,147.9820,149.1460,145.5370,147.3330,2725548
2024-10-07T12:00:00,147.3330,152.2800,146.2880,148.6250,5172619
2024-10-07T16:00:00,148.6300,149.3480,145.3450,147.0290,3088272
2024-10-07T20:00:00,147.0280,147.2200,143.3530,143.9090,2381479
2024-10-08T00:00:00,143.9090,145.5210,143.3880,144.6460,1700305
2024-10-08T04:00:00,144.6450,144.9870,142.0900,143.0200,2381261
2024-10-08T08:00:00,143.0200,144.5530,142.6540,144.4010,1513764
2024-10-08T12:00:00,144.4000,145.4720,141.0400,142.7280,3868115
2024-10-08T16:00:00,142.7280,143.9790,141.6360,143.6580,1855616
2024-10-08T20:00:00,143.6610,144.6580,142.5800,143.4170,965328
2024-10-09T00:00:00,143.4170,145.2850,143.0000,143.8560,1532258
2024-10-09T04:00:00,143.8520,144.2370,142.5760,143.1000,1100183
2024-10-09T08:00:00,143.1010,143.4440,142.4200,143.1440,1201206
2024-10-09T12:00:00,143.1440,143.2950,140.0210,142.7280,3845581
2024-10-09T16:00:00,142.7280,142.8050,139.7060,141.0660,2584765
2024-10-09T20:00:00,141.0660,141.0660,138.6110,139.2660,2053019
2024-10-10T00:00:00,139.2650,140.3230,137.5440,139.8190,1670463
2024-10-10T04:00:00,139.8190,140.9000,139.4130,139.6200,1221443
2024-10-10T08:00:00,139.6210,140.4420,137.3330,140.3480,2132656
2024-10-10T12:00:00,140.3470,140.7000,136.1200,138.5980,4356924
2024-10-10T16:00:00,138.5990,139.0240,135.4270,138.0300,3349261
2024-10-10T20:00:00,138.0300,138.9990,137.1030,138.9630,1252306
2024-10-11T00:00:00,138.9620,141.4720,138.6480,140.7830,1755920
2024-10-11T04:00:00,140.7830,141.9830,140.5870,141.1090,1442918
2024-10-11T08:00:00,141.1090,142.6000,140.8500,141.8930,1631425
2024-10-11T12:00:00,141.8940,145.4810,141.7860,144.3030,3482772
2024-10-11T16:00:00,144.3030,146.4480,143.8560,145.3560,2749879
2024-10-11T20:00:00,145.3550,146.3450,145.0580,145.4700,1170416
2024-10-12T00:00:00,145.4690,146.5430,144.6390,145.0830,1028452
2024-10-12T04:00:00,145.0830,145.9230,145.0830,145.4820,750800
2024-10-12T08:00:00,145.4810,147.1540,145.3870,146.1720,1325200
2024-10-12T12:00:00,146.1730,147.2000,145.6070,146.0120,1762804
2024-10-12T16:00:00,146.0130,147.1420,146.0120,146.7190,1012879
2024-10-12T20:00:00,146.7190,147.1460,146.2440,146.3180,781037
2024-10-13T00:00:00,146.3180,146.9690,145.0670,145.2590,1166195
2024-10-13T04:00:00,145.2600,146.9210,145.2080,146.3780,684131
2024-10-13T08:00:00,146.3770,148.3490,146.3280,146.3920,1755045
2024-10-13T12:00:00,146.3920,147.9940,144.3820,145.2620,2616401
2024-10-13T16:00:00,145.2600,146.4610,144.6080,145.9470,1681574
2024-10-13T20:00:00,145.9480,148.8290,145.5640,147.6450,1614391
2024-10-14T00:00:00,147.6460,152.4900,146.7050,152.4310,3357024
2024-10-14T04:00:00,152.4300,153.3060,150.8340,152.9500,2741428
2024-10-14T08:00:00,152.9600,153.9000,151.9000,153.0800,1762760
2024-10-14T12:00:00,153.0900,159.0000,152.4600,156.6500,4293585
2024-10-14T16:00:00,156.6600,156.8500,154.6300,155.5700,1710696
2024-10-14T20:00:00,155.5600,158.0300,155.3100,157.5200,1307204
2024-10-15T00:00:00,157.5200,158.2500,155.0500,155.4400,1940964
2024-10-15T04:00:00,155.4500,156.2900,153.7100,155.0600,1758627
2024-10-15T08:00:00,155.0600,155.4900,151.7000,152.3700,2241513
2024-10-15T12:00:00,152.3800,159.9800,150.1900,153.2300,8635249
2024-10-15T16:00:00,153.2400,156.2800,153.0200,155.1300,2737330
2024-10-15T20:00:00,155.1100,155.2200,152.0100,154.6900,2078883
2024-10-16T00:00:00,154.6800,156.0700,152.9000,154.1400,1685846
2024-10-16T04:00:00,154.1400,154.8700,152.9000,153.5800,1331944
2024-10-16T08:00:00,153.5900,158.3600,153.3200,155.7900,3477391
2024-10-16T12:00:00,155.8000,156.8700,153.7800,155.6300,3492763
2024-10-16T16:00:00,155.6400,155.9200,154.0100,154.2900,1566055
2024-10-16T20:00:00,154.2900,155.1000,153.5100,154.1900,987792
2024-10-17T00:00:00,154.1900,155.7000,153.6500,154.5300,1490823
2024-10-17T04:00:00,154.5300,154.7200,151.5000,152.5300,1815344
2024-10-17T08:00:00,152.5300,153.4000,151.0300,151.2600,1799595
2024-10-17T12:00:00,151.2500,153.2100,150.7200,152.8200,2763612
2024-10-17T16:00:00,152.8200,152.8500,147.6200,149.3300,3247696
2024-10-17T20:00:00,149.3400,150.9200,149.1800,150.4500,923001
2024-10-18T00:00:00,150.4400,153.1640,149.5500,151.8400,1895937
2024-10-18T04:00:00,151.8300,154.1490,151.8300,153.8500,1233757
2024-10-18T08:00:00,153.8500,154.2700,152.8000,152.9600,1029199
2024-10-18T12:00:00,152.9600,155.2100,152.0600,154.6500,2617216
2024-10-18T16:00:00,154.6500,156.6400,153.5200,154.7500,1943730
2024-10-18T20:00:00,154.7500,155.0900,153.6600,154.8600,773737
2024-10-19T00:00:00,154.8600,155.9300,154.1200,154.4900,828518
2024-10-19T04:00:00,154.5000,155.1000,154.0200,154.4700,592251
2024-10-19T08:00:00,154.4700,154.9900,153.5100,153.7700,719979
2024-10-19T12:00:00,153.7600,157.4700,153.7200,156.4100,1800467
2024-10-19T16:00:00,156.4100,156.9200,155.2400,156.3100,1221241
2024-10-19T20:00:00,156.3100,159.7800,156.0400,159.7000,1524535
2024-10-20T00:00:00,159.7000,160.5900,158.0600,158.9600,1812188
2024-10-20T04:00:00,158.9500,160.5600,158.5200,158.7200,1441940
2024-10-20T08:00:00,158.7200,159.3500,158.2800,159.1500,780949
2024-10-20T12:00:00,159.1400,161.5300,157.5400,159.9300,3350449
2024-10-20T16:00:00,159.9400,161.1700,159.1000,160.2900,1256073
2024-10-20T20:00:00,160.2900,167.9500,160.0600,167.4200,5850490
2024-10-21T00:00:00,167.4200,170.1300,167.1900,169.5600,3930300
2024-10-21T04:00:00,169.5600,171.9300,168.6100,168.7200,2782930
2024-10-21T08:00:00,168.7200,169.6900,165.8000,166.4700,3130985
2024-10-21T12:00:00,166.4800,167.1500,161.3500,165.3600,6061949
2024-10-21T16:00:00,165.3500,168.0400,163.0300,167.7500,2967158
2024-10-21T20:00:00,167.7500,168.2200,166.0000,166.1300,1699628
2024-10-22T00:00:00,166.1200,167.8900,162.9600,166.3800,2676715
2024-10-22T04:00:00,166.3800,168.9900,166.0900,167.1100,1887135
2024-10-22T08:00:00,167.1000,169.3700,163.5000,167.8900,4443828
2024-10-22T12:00:00,167.8900,170.9500,164.7900,167.7500,6302126
2024-10-22T16:00:00,167.7500,169.1400,165.9000,168.4100,2143678
2024-10-22T20:00:00,168.4100,169.1400,166.7200,167.5600,1097348
2024-10-23T00:00:00,167.5600,167.9090,164.5000,165.4500,1879313
2024-10-23T04:00:00,165.4400,166.3600,164.2400,165.6700,1723145
2024-10-23T08:00:00,165.6600,166.9200,164.1000,166.3500,2553290
2024-10-23T12:00:00,166.3500,169.5000,164.8700,168.0700,4638142
2024-10-23T16:00:00,168.0700,173.8000,164.6000,173.0200,6617852
2024-10-23T20:00:00,173.0300,174.3200,170.0000,170.8100,2500224
2024-10-24T00:00:00,170.8200,174.9600,170.4600,174.1100,2423066
2024-10-24T04:00:00,174.1000,175.2500,172.7000,173.5000,2217184
2024-10-24T08:00:00,173.4900,174.3900,170.8700,173.7800,2956081
2024-10-24T12:00:00,173.7900,177.2500,173.6200,175.3600,4651405
2024-10-24T16:00:00,175.3600,177.7900,174.4700,177.3530,2438777
2024-10-24T20:00:00,177.3530,179.3000,176.3900,177.1000,2372742
2024-10-25T00:00:00,177.1000,177.4000,174.3100,174.6500,1962042
2024-10-25T04:00:00,174.6500,175.0300,171.4300,171.8500,3045294
2024-10-25T08:00:00,171.8500,174.0700,170.7000,173.5600,2826378
2024-10-25T12:00:00,173.5600,177.5600,171.1300,172.3500,4692340
2024-10-25T16:00:00,172.3400,172.9700,165.0000,167.9000,8762664
2024-10-25T20:00:00,167.9000,168.7900,159.1200,164.8000,6852923
2024-10-26T00:00:00,164.8100,165.9000,162.4100,165.5900,3259537
2024-10-26T04:00:00,165.6000,169.1800,165.2500,167.2500,2295290
2024-10-26T08:00:00,167.2600,170.2800,167.2300,168.6100,2014141
2024-10-26T12:00:00,168.6200,169.4100,167.1000,168.5600,2146929
2024-10-26T16:00:00,168.5600,172.2800,168.2800,171.4400,1889949
2024-10-26T20:00:00,171.4500,173.2000,170.6000,170.8100,1712361
2024-10-27T00:00:00,170.8100,173.1500,170.2000,172.0500,1411711
2024-10-27T04:00:00,172.0400,173.4200,171.5600,173.1700,1112367
2024-10-27T08:00:00,173.1600,175.4600,173.0800,173.9600,2567256
2024-10-27T12:00:00,173.9600,176.9700,173.9500,175.7100,2939277
2024-10-27T16:00:00,175.7100,177.7500,174.6200,177.1300,2751800
2024-10-27T20:00:00,177.1400,178.2200,176.5100,176.5800,1561970
2024-10-28T00:00:00,176.5800,177.1220,174.6600,175.6700,1899574
2024-10-28T04:00:00,175.6700,176.6700,173.0600,175.5900,2961804
2024-10-28T08:00:00,175.6000,178.4700,175.5100,176.8800,2514860
2024-10-28T12:00:00,176.8700,177.9000,173.1600,173.3400,4537971
2024-10-28T16:00:00,173.3400,178.1000,172.3100,176.1700,3804468
2024-10-28T20:00:00,176.5600,179.8000,176.2200,178.2000,2694276
2024-10-29T00:00:00,178.2000,182.2600,177.0600,181.8000,4052387
2024-10-29T04:00:00,181.7900,182.8100,179.4100,180.1300,2120596
2024-10-29T08:00:00,180.1200,181.8100,179.9200,180.7300,1630642
2024-10-29T12:00:00,180.7200,181.0100,178.3100,180.5400,3888775
2024-10-29T16:00:00,180.5400,183.3400,178.0400,178.1300,5318512
2024-10-29T20:00:00,178.1400,180.2400,176.3100,179.4000,2192648
2024-10-30T00:00:00,179.4000,180.9300,176.8800,180.1300,2171532
2024-10-30T04:00:00,180.1200,181.3900,178.1600,178.7100,1652166
2024-10-30T08:00:00,178.7200,179.3600,175.2900,175.6900,2244416
2024-10-30T12:00:00,175.6900,177.2400,173.1100,173.9300,4114805
2024-10-30T16:00:00,173.9200,175.7800,171.7000,174.2500,2121076
2024-10-30T20:00:00,174.2500,177.0000,173.0730,174.8300,2188164
2024-10-31T00:00:00,174.8200,176.5500,174.1100,174.3400,1452870
2024-10-31T04:00:00,174.3400,176.0100,173.1000,174.4900,1446247
2024-10-31T08:00:00,174.5000,176.3400,173.2200,174.9900,1625673
2024-10-31T12:00:00,174.9900,175.4300,169.2000,170.6000,4782317
2024-10-31T16:00:00,170.6000,170.7500,168.4500,168.6800,2915778
2024-10-31T20:00:00,168.6800,170.2400,167.4600,168.6200,2039591
2024-11-01T00:00:00,168.6200,169.4200,165.3300,167.1100,2505082
2024-11-01T04:00:00,167.1000,167.6000,165.0300,165.9300,1457353
2024-11-01T08:00:00,165.9400,168.7200,165.5100,167.8500,1837848
2024-11-01T12:00:00,167.8500,173.9900,163.0000,164.0000,7311313
2024-11-01T16:00:00,164.0000,167.7900,163.5800,166.5100,3841615
2024-11-01T20:00:00,166.5200,167.0900,163.8400,166.0100,1285114
2024-11-02T00:00:00,166.0100,168.5700,165.9300,166.9600,1328228
2024-11-02T04:00:00,166.9600,167.6100,165.5900,167.5400,900975
2024-11-02T08:00:00,167.5400,167.7800,165.7700,165.9200,832525
2024-11-02T12:00:00,165.9200,166.3500,162.1000,163.7300,2665074
2024-11-02T16:00:00,163.7400,165.3500,162.9100,165.0800,1457255
2024-11-02T20:00:00,165.0900,166.8600,164.8300,166.0900,949778
2024-11-03T00:00:00,166.0900,166.5400,160.7100,161.8600,3447740
2024-11-03T04:00:00,161.8700,164.0300,161.6900,163.4700,1419013
2024-11-03T08:00:00,163.4700,164.7700,162.5800,163.5300,1390474
2024-11-03T12:00:00,163.5300,164.5500,157.7700,159.8700,5174871
2024-11-03T16:00:00,159.8700,161.8000,158.0000,161.0000,2911375
2024-11-03T20:00:00,160.9900,163.7500,160.4200,162.4400,2159682
2024-11-04T00:00:00,162.4500,164.9530,160.3600,162.7600,2160637
2024-11-04T04:00:00,162.7500,163.7900,161.2940,161.3200,1269473
2024-11-04T08:00:00,161.3100,164.7800,160.0000,163.9800,2394973
2024-11-04T12:00:00,163.9800,164.9300,161.5200,162.9700,2481428
2024-11-04T16:00:00,162.9600,163.3900,159.0600,159.5400,2628023
2024-11-04T20:00:00,159.5300,159.9400,155.0300,157.8700,3472093
2024-11-05T00:00:00,157.8600,159.6000,156.8100,159.5500,1898353
2024-11-05T04:00:00,159.5600,162.3400,159.2400,161.9200,1645987
2024-11-05T08:00:00,161.9200,163.0200,160.9200,162.2600,1918749
2024-11-05T12:00:00,162.2700,167.7900,161.7400,165.8300,4724772
2024-11-05T16:00:00,165.8400,169.2000,163.3000,163.9700,3946789
2024-11-05T20:00:00,163.9700,167.5800,163.1300,166.5500,2376441
2024-11-06T00:00:00,166.5500,185.0000,166.2700,184.9100,12759805
2024-11-06T04:00:00,184.9100,188.4300,182.6900,184.0800,10663754
2024-11-06T08:00:00,184.0700,186.8700,180.3300,186.7700,5129611
2024-11-06T12:00:00,186.7800,188.7200,184.3300,185.5700,5816498
2024-11-06T16:00:00,185.5700,188.4600,184.7800,188.4600,3365750
2024-11-06T20:00:00,188.4500,190.1800,186.4300,186.6100,4418619
2024-11-07T00:00:00,186.6000,192.0800,185.8000,189.1800,4565651
2024-11-07T04:00:00,189.1700,190.2100,186.1000,188.0800,2383271
2024-11-07T08:00:00,188.0800,189.4200,186.0100,186.1000,1679975
2024-11-07T12:00:00,186.1000,192.8400,185.9800,192.7400,3994090
2024-11-07T16:00:00,192.7400,197.9400,191.0810,197.0600,6980063
2024-11-07T20:00:00,197.0600,197.8900,194.1900,196.4700,2787684
2024-11-08T00:00:00,196.4600,201.2600,195.6900,198.2300,4098501
2024-11-08T04:00:00,198.2200,200.9300,197.3900,200.5000,2803068
2024-11-08T08:00:00,200.5000,205.0000,198.1500,203.1100,4548607
2024-11-08T12:00:00,203.1100,205.3300,198.5000,201.0100,5884478
2024-11-08T16:00:00,201.0100,202.1400,196.2300,199.5700,4292686
2024-11-08T20:00:00,199.5600,200.2300,197.1200,199.9200,1689348
2024-11-09T00:00:00,199.9300,200.3700,197.2400,199.0200,1873594
2024-11-09T04:00:00,199.0200,202.5000,199.0200,200.3100,2090205
2024-11-09T08:00:00,200.3100,203.5600,199.9500,202.2500,2252403
2024-11-09T12:00:00,202.2500,202.6500,197.3100,198.4000,2670428
2024-11-09T16:00:00,198.4000,199.6800,195.0200,197.7700,2772150
2024-11-09T20:00:00,197.7700,202.0600,197.4100,199.9400,2061619
2024-11-10T00:00:00,199.9500,205.0200,198.7400,201.4300,3493667
2024-11-10T04:00:00,201.4300,209.5000,200.9200,205.0800,5674947
2024-11-10T08:00:00,205.0900,207.7000,204.0700,206.7800,2541857
2024-11-10T12:00:00,206.7800,213.7400,203.6000,212.5600,6451201
2024-11-10T16:00:00,212.5600,215.6400,206.2000,208.6000,5789577
2024-11-10T20:00:00,208.6000,214.2500,200.0000,210.2900,6403951
2024-11-11T00:00:00,210.2900,212.7200,208.3000,210.1200,2965180
2024-11-11T04:00:00,210.1300,210.3900,204.2600,208.0800,3408981
2024-11-11T08:00:00,208.0800,217.8800,206.6900,217.8200,5103067
2024-11-11T12:00:00,217.8100,221.3900,214.6600,219.1800,7520826
2024-11-11T16:00:00,219.1800,222.5400,216.4000,217.9600,5430463
2024-11-11T20:00:00,217.9600,224.3500,216.8000,222.3300,5677723
2024-11-12T00:00:00,222.3300,222.7700,215.3000,220.8900,4727548
2024-11-12T04:00:00,220.8900,222.1800,216.3700,222.0200,3345877
2024-11-12T08:00:00,222.0100,225.6900,209.2400,211.5000,9894942
2024-11-12T12:00:00,211.5000,214.3900,205.0100,210.6500,8017013
2024-11-12T16:00:00,210.6600,215.5800,206.8100,213.3600,3723784
2024-11-12T20:00:00,213.3700,215.7100,210.2300,211.7700,2817300
2024-11-13T00:00:00,211.7700,213.4300,203.1100,203.3200,4394932
2024-11-13T04:00:00,203.3100,207.3900,200.8500,205.3700,5296286
2024-11-13T08:00:00,205.3800,209.4500,204.0100,207.8000,3413144
2024-11-13T12:00:00,207.8100,217.5600,206.0400,216.6900,9326353
2024-11-13T16:00:00,216.7000,220.7700,210.4000,211.0100,8071554
2024-11-13T20:00:00,211.0200,215.6600,206.0600,215.2800,4410857
2024-11-14T00:00:00,215.2900,219.6700,212.1900,219.6100,3227760
2024-11-14T04:00:00,219.6100,220.9900,215.2600,218.2300,3409304
2024-11-14T08:00:00,218.2300,223.0400,213.6100,216.1400,4617528
2024-11-14T12:00:00,216.1300,218.0800,208.9600,211.0200,5241828
2024-11-14T16:00:00,211.0200,217.2800,210.0000,215.7200,3024786
2024-11-14T20:00:00,215.7200,215.7200,206.8500,209.6500,3133759
2024-11-15T00:00:00,209.6400,213.0200,208.0600,209.1700,2389767
2024-11-15T04:00:00,209.1600,210.7500,204.5100,209.2900,2797868
2024-11-15T08:00:00,209.3000,213.9840,207.9200,213.6300,2362488
2024-11-15T12:00:00,213.6300,215.4400,206.7500,208.3200,4347607
2024-11-15T16:00:00,208.3200,213.6500,208.1000,212.4600,2645811
2024-11-15T20:00:00,212.4700,221.0500,212.3200,218.6800,3526190
2024-11-16T00:00:00,218.6900,221.8800,216.0500,221.5300,1934835
2024-11-16T04:00:00,221.5200,222.1600,218.6100,219.0800,1844769
2024-11-16T08:00:00,219.0900,219.9500,216.7600,219.1000,1609871
2024-11-16T12:00:00,219.1100,222.1300,213.7400,215.1200,4808046
2024-11-16T16:00:00,215.1200,217.1100,213.4500,216.3300,2056306
2024-11-16T20:00:00,216.3400,217.4900,214.0900,215.8700,1288028
2024-11-17T00:00:00,215.8600,221.6200,212.1800,221.5500,3826154
2024-11-17T04:00:00,221.5500,240.2900,221.5500,237.5000,9303685
2024-11-17T08:00:00,237.4900,242.4900,234.5000,235.0500,5264199
2024-11-17T12:00:00,235.0500,236.3300,229.4400,234.1100,4938638
2024-11-17T16:00:00,234.1200,235.8000,231.4000,235.5500,2479148
2024-11-17T20:00:00,235.5600,238.6100,231.7600,237.6100,2916923
2024-11-18T00:00:00,237.6200,244.5000,234.1200,244.4100,3321838
2024-11-18T04:00:00,244.4400,245.5000,239.5300,242.2200,3505715
2024-11-18T08:00:00,242.2100,248.6600,240.0000,242.7320,5130217
2024-11-18T12:00:00,242.7320,245.1800,238.2000,243.5300,5532550
2024-11-18T16:00:00,243.5300,244.1600,234.3100,236.5100,4552730
2024-11-18T20:00:00,236.5000,241.1000,235.8800,239.9600,2555530
2024-11-19T00:00:00,239.9700,243.5900,237.6500,240.7900,2182290
2024-11-19T04:00:00,240.7900,244.6100,238.8000,243.4900,1933064
2024-11-19T08:00:00,243.4900,247.3700,242.0500,246.2300,3040844
2024-11-19T12:00:00,246.2400,247.8200,238.5000,240.6800,5319095
2024-11-19T16:00:00,240.6800,244.7500,240.1100,243.7300,2355113
2024-11-19T20:00:00,243.7300,244.4500,233.4700,237.6900,3963672
2024-11-20T00:00:00,237.6800,237.9500,230.5600,233.8700,3115497
2024-11-20T04:00:00,233.8600,236.3900,231.4900,235.9100,1768667
2024-11-20T08:00:00,235.9200,238.8200,234.7000,237.5300,2602387
2024-11-20T12:00:00,237.5300,242.5800,235.4500,238.3500,4298507
2024-11-20T16:00:00,238.3200,239.1400,231.0300,232.9700,4237335
2024-11-20T20:00:00,232.9700,238.0000,231.7000,235.4700,2221333
2024-11-21T00:00:00,235.4600,238.7400,229.3500,235.7600,3196400
2024-11-21T04:00:00,235.7600,242.8400,235.6100,241.4400,4570974
2024-11-21T08:00:00,241.4500,243.4600,239.9500,240.0100,2465873
2024-11-21T12:00:00,240.0100,253.4700,239.9800,249.0300,10860847
2024-11-21T16:00:00,249.0300,260.2800,248.4100,254.1900,7399936
2024-11-21T20:00:00,254.1800,257.7500,253.1600,256.5900,2434724
2024-11-22T00:00:00,256.5900,264.6400,252.5200,262.6700,3944314
2024-11-22T04:00:00,262.6700,263.0000,258.0300,259.3900,2716966
2024-11-22T08:00:00,259.3900,261.1700,256.3600,259.4300,2109610
2024-11-22T12:00:00,259.4400,260.5700,252.5800,256.5600,4608617
2024-11-22T16:00:00,256.5700,256.5700,251.5100,254.1900,2509471
2024-11-22T20:00:00,254.1900,258.1800,253.4200,257.1000,1680101
2024-11-23T00:00:00,257.1100,257.9500,253.4300,257.4100,1886947
2024-11-23T04:00:00,257.4200,264.4000,257.0900,258.4500,3665471
2024-11-23T08:00:00,258.4500,259.7200,256.0000,256.2800,1626150
2024-11-23T12:00:00,256.2800,263.8300,256.0400,259.9400,3437463
2024-11-23T16:00:00,259.9400,260.6200,254.2600,254.5800,3982201
2024-11-23T20:00:00,254.5800,256.2800,252.8400,255.0700,2075324
2024-11-24T00:00:00,255.0700,260.0900,254.6100,258.8100,1517529
2024-11-24T04:00:00,258.8100,259.4900,254.3300,256.8400,1060557
2024-11-24T08:00:00,256.8400,257.0000,248.1700,248.6200,2617820
2024-11-24T12:00:00,248.6200,250.3900,241.1000,244.4000,4410864
2024-11-24T16:00:00,244.3900,250.5300,243.8600,248.7100,1896005
2024-11-24T20:00:00,248.7000,254.9400,248.2800,252.9400,1452617
2024-11-25T00:00:00,252.9500,253.4300,245.8100,252.6100,1845813
2024-11-25T04:00:00,252.6000,254.2700,251.8300,253.4700,1279477
2024-11-25T08:00:00,253.4600,257.0400,251.3700,252.3300,1978122
2024-11-25T12:00:00,252.3200,252.7300,235.2500,245.0800,5941204
2024-11-25T16:00:00,245.0700,246.3600,237.4200,239.7700,3310669
2024-11-25T20:00:00,239.7800,241.2400,231.2800,234.2900,3443088
2024-11-26T00:00:00,234.2800,239.5900,233.7100,237.5600,1969571
2024-11-26T04:00:00,237.5600,239.7400,235.0100,235.8300,1313525
2024-11-26T08:00:00,235.8300,236.6700,221.7100,227.7300,6073276
2024-11-26T12:00:00,227.7400,232.4800,225.8000,227.3800,3866758
2024-11-26T16:00:00,227.3900,232.5800,223.4300,229.0900,3085210
2024-11-26T20:00:00,229.0900,232.2400,227.4600,230.7300,1826314
2024-11-27T00:00:00,230.7200,233.8100,228.0700,231.4800,1886067
2024-11-27T04:00:00,231.5000,234.9900,227.4500,234.3100,2028436
2024-11-27T08:00:00,234.3200,237.1800,232.0400,235.0400,2013717
2024-11-27T12:00:00,235.0300,241.0000,232.6500,240.5900,3083515
2024-11-27T16:00:00,240.5900,241.1700,237.7400,239.1000,1883788
2024-11-27T20:00:00,239.1000,243.4200,238.8100,242.0500,2052267
2024-11-28T00:00:00,242.0400,245.3800,238.0900,240.0300,2496289
2024-11-28T04:00:00,240.0400,241.1900,236.5500,238.0600,1435996
2024-11-28T08:00:00,238.0700,239.2500,234.3200,236.9100,1910558
2024-11-28T12:00:00,236.9000,237.7800,232.7800,233.0600,2203773
2024-11-28T16:00:00,233.0600,237.0700,233.0600,235.4800,1340397
2024-11-28T20:00:00,235.4900,238.4000,234.8800,237.6000,858477
2024-11-29T00:00:00,237.6000,243.1900,236.5200,242.0500,1585735
2024-11-29T04:00:00,242.0400,242.2700,237.6000,237.6700,1563919
2024-11-29T08:00:00,237.6700,245.6400,237.6700,245.3400,1713088
2024-11-29T12:00:00,245.3300,246.8800,242.1800,243.5800,3046076
2024-11-29T16:00:00,243.5900,244.6600,240.0800,241.2700,1606637
2024-11-29T20:00:00,241.2700,245.4600,241.1000,243.4400,1179953
2024-11-30T00:00:00,243.4400,243.4500,239.0000,243.0300,1483270
2024-11-30T04:00:00,243.0400,245.2900,241.6800,244.3700,1359104
2024-11-30T08:00:00,244.3800,245.5900,240.1400,241.5700,1638943
2024-11-30T12:00:00,241.5700,243.2500,238.7100,240.0000,1618217
2024-11-30T16:00:00,240.0000,240.7200,238.9100,240.0600,882034
2024-11-30T20:00:00,240.0600,241.3600,237.5500,237.7300,1041093
2024-12-01T00:00:00,237.7300,240.0600,234.1800,235.7600,2475671
2024-12-01T04:00:00,235.7600,237.0600,235.1100,235.6500,719620
2024-12-01T08:00:00,235.6500,239.0300,235.5000,237.2800,1138047
2024-12-01T12:00:00,237.2700,239.5000,236.3300,238.6800,1185341
2024-12-01T16:00:00,238.6800,239.5800,235.1200,236.5000,1454915
2024-12-01T20:00:00,236.4900,239.4000,234.3400,237.0600,1485227
2024-12-02T00:00:00,237.0600,238.5900,228.0000,228.5700,4112161
2024-12-02T04:00:00,228.5600,230.4900,226.0500,228.8000,3230297
2024-12-02T08:00:00,228.7900,229.0100,223.0700,224.9800,3581045
2024-12-02T12:00:00,224.9800,229.7700,221.7100,229.3500,3944914
2024-12-02T16:00:00,229.3600,230.2000,220.1100,224.1800,3404956
2024-12-02T20:00:00,224.1700,226.0000,221.3600,225.8800,1772092
2024-12-03T00:00:00,225.8700,229.5500,223.3700,228.1000,2271769
2024-12-03T04:00:00,228.1000,231.1900,225.2200,227.1200,2404246
2024-12-03T08:00:00,227.1200,228.7300,223.0400,225.7900,2161850
2024-12-03T12:00:00,225.7700,226.5500,215.1100,223.4500,7044859
2024-12-03T16:00:00,223.4500,228.6500,220.5000,228.3700,2942575
2024-12-03T20:00:00,228.3600,239.8100,227.8800,234.1000,5728604
2024-12-04T00:00:00,234.1200,240.8600,234.1200,237.8500,3383188
2024-12-04T04:00:00,237.8500,241.0700,236.0000,236.8500,1624399
2024-12-04T08:00:00,236.8500,238.2000,235.1500,236.2000,1648263
2024-12-04T12:00:00,236.2100,236.3700,230.0700,233.9800,3797677
2024-12-04T16:00:00,233.9900,234.2800,224.8200,232.8300,4483740
2024-12-04T20:00:00,232.8300,236.5000,226.0000,229.3200,3451239
2024-12-05T00:00:00,229.3200,238.9500,223.1100,233.1900,5712221
2024-12-05T04:00:00,233.1900,238.5500,231.6100,234.0700,3027915
2024-12-05T08:00:00,234.0800,242.8600,233.7200,242.1400,3411702
2024-12-05T12:00:00,242.1400,245.1200,236.2900,239.2400,5399135
2024-12-05T16:00:00,239.2400,243.1900,232.5600,233.3200,3553109
2024-12-05T20:00:00,233.3300,240.8800,224.0000,236.0500,6039292
2024-12-06T00:00:00,236.0500,247.3200,234.6200,242.1900,4787640
2024-12-06T04:00:00,242.1900,243.1000,237.8300,239.5000,1692901
2024-12-06T08:00:00,239.5000,240.6900,233.7200,234.2700,2526798
2024-12-06T12:00:00,234.2600,240.0000,231.0300,238.2000,4241400
2024-12-06T16:00:00,238.2000,240.6700,237.2200,239.9700,2510837
2024-12-06T20:00:00,239.9600,240.9900,235.5200,237.0800,1683648
2024-12-07T00:00:00,237.0800,237.6700,234.2100,235.0800,1335647
2024-12-07T04:00:00,235.0800,236.7500,234.5100,236.3700,900180
2024-12-07T08:00:00,236.3700,239.5100,235.1600,238.3400,1500471
2024-12-07T12:00:00,238.3300,243.4700,237.4800,241.0200,2543686
2024-12-07T16:00:00,241.0200,242.8000,239.0800,241.9100,1889727
2024-12-07T20:00:00,241.9200,243.8900,237.9200,238.3000,2023584
2024-12-08T00:00:00,238.2900,241.7600,237.8000,240.8700,1272015
2024-12-08T04:00:00,240.8600,241.2800,236.7200,237.7400,1425911
2024-12-08T08:00:00,237.7400,237.9400,233.3300,236.0800,2092084
2024-12-08T12:00:00,236.0800,237.8400,234.6000,237.5300,1713770
2024-12-08T16:00:00,237.5300,237.9000,234.2000,236.7000,1214782
2024-12-08T20:00:00,236.7000,237.9900,234.7700,237.2400,891917
2024-12-09T00:00:00,237.2300,237.5000,230.3500,232.0000,2665198
2024-12-09T04:00:00,232.0000,232.9800,228.3900,231.6900,2323348
2024-12-09T08:00:00,231.6900,231.9500,225.5000,226.1600,3054990
2024-12-09T12:00:00,226.1600,231.8700,223.0300,224.4700,4656944
2024-12-09T16:00:00,224.4700,226.3200,221.8600,222.1700,2734031
2024-12-09T20:00:00,222.1600,226.1000,200.0000,216.6500,13320356
2024-12-10T00:00:00,216.6600,221.0200,206.9500,215.8300,5749651
2024-12-10T04:00:00,215.8300,218.7100,212.2000,217.3200,2378118
2024-12-10T08:00:00,217.3100,218.5800,215.1000,216.1800,1695865
2024-12-10T12:00:00,216.1700,218.5600,206.2100,206.4900,6320807
2024-12-10T16:00:00,206.5000,212.7040,203.1700,212.0400,7201068
2024-12-10T20:00:00,212.0300,216.2200,211.2400,213.5800,1988857
2024-12-11T00:00:00,213.5800,219.3300,211.4300,219.3100,3302502
2024-12-11T04:00:00,219.3200,220.2600,216.8600,218.4000,1630885
2024-12-11T08:00:00,218.4000,225.3800,218.2300,224.6900,2494317
2024-12-11T12:00:00,224.7000,230.2500,224.0100,228.3600,3896137
2024-12-11T16:00:00,228.3800,230.4700,227.2300,229.7500,2304348
2024-12-11T20:00:00,229.7600,230.6500,226.7800,227.2900,1176443
2024-12-12T00:00:00,227.2900,232.0000,225.6500,230.3300,2343683
2024-12-12T04:00:00,230.3300,232.9300,228.8500,229.9900,1755670
2024-12-12T08:00:00,229.9800,233.4800,228.2900,229.5500,1880943
2024-12-12T12:00:00,229.5600,233.3000,228.5100,231.1800,2859695
2024-12-12T16:00:00,231.1900,234.6600,226.5200,227.1700,3159280
2024-12-12T20:00:00,227.1600,229.6700,225.6500,226.8800,1570305
2024-12-13T00:00:00,226.8800,228.4000,224.1800,227.1100,1617905
2024-12-13T04:00:00,227.1100,227.4400,223.0800,224.7200,1642439
2024-12-13T08:00:00,224.7100,227.2400,223.7900,225.5300,1205565
2024-12-13T12:00:00,225.5300,226.6200,220.6000,221.0200,3033293
2024-12-13T16:00:00,221.0200,223.8400,220.5000,223.2300,2432148
2024-12-13T20:00:00,223.2400,224.8500,223.0100,224.7100,962655
2024-12-14T00:00:00,224.7100,226.9700,223.6100,226.1300,1219567
2024-12-14T04:00:00,226.1300,227.4000,225.0200,225.8800,714601
2024-12-14T08:00:00,225.8800,226.6800,224.0200,224.2900,876668
2024-12-14T12:00:00,224.2900,224.5900,220.3300,222.4600,2032768
2024-12-14T16:00:00,222.4500,222.4800,216.6400,217.9700,2420476
2024-12-14T20:00:00,217.9800,220.8200,215.0400,219.8400,1732218
2024-12-15T00:00:00,219.8500,221.7000,218.7700,219.3500,1023757
2024-12-15T04:00:00,219.3500,221.8100,215.5500,217.1400,1641000
2024-12-15T08:00:00,217.1400,220.1100,216.3800,218.3500,1139355
2024-12-15T12:00:00,218.3600,221.4400,217.2500,220.8200,1572951
2024-12-15T16:00:00,220.8200,222.3900,220.4000,221.1500,975499
2024-12-15T20:00:00,221.1600,225.5100,216.0900,224.2100,2819916
2024-12-16T00:00:00,224.2100,227.4100,220.3200,221.1500,2647724
2024-12-16T04:00:00,221.1500,223.8400,220.5000,223.0800,1018569
2024-12-16T08:00:00,223.0700,223.2700,213.5000,214.0300,2971520
2024-12-16T12:00:00,214.0400,218.0400,213.1200,216.9000,3392521
2024-12-16T16:00:00,216.9000,221.7000,216.7700,218.3300,2836768
2024-12-16T20:00:00,218.3300,218.9200,215.7400,216.0800,1745768
2024-12-17T00:00:00,216.0900,216.6500,211.1500,215.3600,2496058
2024-12-17T04:00:00,215.3500,216.5000,212.9400,215.4900,1563384
2024-12-17T08:00:00,215.4900,223.8100,215.4200,221.5600,3211735
2024-12-17T12:00:00,221.5600,227.5000,216.9500,220.4600,5561427
2024-12-17T16:00:00,220.4500,228.9000,219.8200,227.4500,4626462
2024-12-17T20:00:00,227.4500,228.5300,221.5200,223.1600,2623304
2024-12-18T00:00:00,223.1700,225.9900,217.0100,217.4300,3265454
2024-12-18T04:00:00,217.4200,218.2000,213.3600,215.7900,3032240
2024-12-18T08:00:00,215.8000,218.8400,215.1800,217.7200,1835111
2024-12-18T12:00:00,217.7200,218.7000,214.5300,217.6300,3292607
2024-12-18T16:00:00,217.6300,218.2800,211.5100,211.5200,3696090
2024-12-18T20:00:00,211.5400,212.6300,204.6100,206.4600,7983276
2024-12-19T00:00:00,206.4600,209.1400,199.2300,208.7200,5971046
2024-12-19T04:00:00,208.7200,211.9900,207.1400,211.6700,1925148
2024-12-19T08:00:00,211.6700,211.7100,207.8500,210.3300,2054686
2024-12-19T12:00:00,210.3400,210.9200,202.2900,205.3200,4476461
2024-12-19T16:00:00,205.3200,206.8400,187.0000,191.7400,11106579
2024-12-19T20:00:00,191.7400,197.9800,187.2000,193.7100,5479708
2024-12-20T00:00:00,193.7100,199.6100,191.6000,196.2800,3502035
2024-12-20T04:00:00,196.2800,197.3000,188.0000,191.2300,3978646
2024-12-20T08:00:00,191.2200,191.4600,175.2000,176.0100,14880151
2024-12-20T12:00:00,176.0000,191.1200,175.7900,189.7200,8386997
2024-12-20T16:00:00,189.7300,193.0000,188.0500,191.4600,3592627
2024-12-20T20:00:00,191.4700,194.3500,187.7500,194.2800,2741585
2024-12-21T00:00:00,194.2800,196.4900,192.8600,194.1600,1963202
2024-12-21T04:00:00,194.1700,201.9400,194.0700,198.7300,2755802
2024-12-21T08:00:00,198.7300,198.8800,192.1000,192.8300,2875331
2024-12-21T12:00:00,192.8300,192.9900,183.0900,186.5000,6936728
2024-12-21T16:00:00,186.5100,187.3600,178.3100,181.4100,4632467
2024-12-21T20:00:00,181.4000,183.3200,178.5600,181.3700,2908067
2024-12-22T00:00:00,181.3600,183.7900,179.8200,182.4400,3087397
2024-12-22T04:00:00,182.4300,184.7500,177.6800,184.2000,3298729
2024-12-22T08:00:00,184.2100,186.8600,183.5800,186.5600,2147095
2024-12-22T12:00:00,186.5500,187.7700,179.0000,181.7700,3695757
2024-12-22T16:00:00,181.7800,183.9800,177.7200,178.3900,2557148
2024-12-22T20:00:00,178.3900,182.2900,176.7700,180.4400,2580638
2024-12-23T00:00:00,180.4300,187.3000,176.3600,186.1200,4594302
2024-12-23T04:00:00,186.1200,187.6400,179.7400,182.1500,2911389
2024-12-23T08:00:00,182.1400,186.4600,181.6100,183.5000,2498862
2024-12-23T12:00:00,183.5000,185.6700,180.6500,180.8200,3853210
2024-12-23T16:00:00,180.8200,189.5700,180.6800,187.3400,3596765
2024-12-23T20:00:00,187.3300,193.3800,186.6400,190.0600,3172077
2024-12-24T00:00:00,190.0600,190.3200,186.0500,189.8900,1750869
2024-12-24T04:00:00,189.8900,191.8600,189.1700,191.4200,1393188
2024-12-24T08:00:00,191.4300,193.8600,190.4200,192.8400,2225195
2024-12-24T12:00:00,192.8300,198.9000,191.1500,197.6700,3601462
2024-12-24T16:00:00,197.6800,198.5200,195.0300,195.1700,2641941
2024-12-24T20:00:00,195.1800,197.9600,193.2100,196.9900,1568788
2024-12-25T00:00:00,196.9800,201.7700,196.2800,199.7800,2197882
2024-12-25T04:00:00,199.7800,200.4800,197.5900,198.0300,1198795
2024-12-25T08:00:00,198.0200,200.4400,194.9800,195.7200,1961744
2024-12-25T12:00:00,195.7300,199.3500,194.9500,198.1700,1550809
2024-12-25T16:00:00,198.1800,199.3700,196.0400,199.1400,1175901
2024-12-25T20:00:00,199.1400,200.0400,195.4800,197.3500,1158293
2024-12-26T00:00:00,197.3600,199.6300,195.5800,196.5000,1763913
2024-12-26T04:00:00,196.4900,196.5000,193.2200,193.3800,1622333
2024-12-26T08:00:00,193.3800,193.7800,188.1000,189.7000,3238726
2024-12-26T12:00:00,189.7000,190.0900,187.4400,188.5900,2047433
2024-12-26T16:00:00,188.5800,190.9200,187.3000,189.0500,1736688
2024-12-26T20:00:00,189.0500,189.9900,186.5300,188.3700,1604076
2024-12-27T00:00:00,188.3700,190.3300,187.1500,189.3500,1340918
2024-12-27T04:00:00,189.3400,191.1000,185.6400,186.5400,2016945
2024-12-27T08:00:00,186.5300,194.2900,186.5100,191.2000,2943705
2024-12-27T12:00:00,191.2000,191.3200,183.1900,184.0000,2450020
2024-12-27T16:00:00,184.0000,187.2600,182.6600,186.8200,2131278
2024-12-27T20:00:00,186.8200,186.9000,183.1000,184.1800,1050589
2024-12-28T00:00:00,184.1800,185.9300,183.7100,184.9400,939759
2024-12-28T04:00:00,184.9300,186.2300,184.1800,185.0200,711226
2024-12-28T08:00:00,185.0200,187.3000,184.8700,187.0800,764684
2024-12-28T12:00:00,187.0800,191.2000,186.4000,190.1100,1891550
2024-12-28T16:00:00,190.1100,195.2000,189.5200,193.7000,1763054
2024-12-28T20:00:00,193.7000,195.9800,192.6100,195.3900,1348592
2024-12-29T00:00:00,195.3900,195.6000,192.3400,194.6400,1264178
2024-12-29T04:00:00,194.6400,197.2500,193.9800,195.9300,1345656
2024-12-29T08:00:00,195.9300,197.2800,194.8100,196.0300,1172112
2024-12-29T12:00:00,196.0300,197.6800,192.8200,195.0500,2263763
2024-12-29T16:00:00,195.0500,195.3900,192.0300,192.6500,1369454
2024-12-29T20:00:00,192.6500,192.7300,188.5000,189.8500,1590874
2024-12-30T00:00:00,189.8500,194.3700,189.0000,191.2500,1855604
2024-12-30T04:00:00,191.2500,193.6900,189.5200,192.2800,1201712
2024-12-30T08:00:00,192.2800,194.1100,191.3800,193.4400,1354837
2024-12-30T12:00:00,193.4400,194.7700,185.8700,187.2400,3397648
2024-12-30T16:00:00,187.2300,196.2000,185.8100,196.1100,3037022
2024-12-30T20:00:00,196.1000,196.4000,189.0000,191.2600,2073555
2024-12-31T00:00:00,191.2600,191.9600,188.2400,189.8400,1300007
2024-12-31T04:00:00,189.8300,190.6800,187.9100,189.9500,997648
2024-12-31T08:00:00,189.9500,194.8500,189.8600,193.7300,1916639
2024-12-31T12:00:00,193.7400,198.6800,192.9000,198.3000,2634236
2024-12-31T16:00:00,198.3100,199.1600,193.1300,193.7100,2546062
2024-12-31T20:00:00,193.7000,194.7500,189.0400,189.2200,1629140
2025-01-01T00:00:00,189.2200,192.5800,189.0000,190.3100,1306098
2025-01-01T04:00:00,190.3100,190.5500,189.2500,189.9600,876927
2025-01-01T08:00:00,189.9700,191.7400,187.8200,191.2200,1470127
2025-01-01T12:00:00,191.2300,192.0900,189.0200,191.8100,1451287
2025-01-01T16:00:00,191.8200,193.8600,189.1200,193.0300,1579358
2025-01-01T20:00:00,193.0200,195.2900,193.0200,194.2200,1293949
2025-01-02T00:00:00,194.2200,199.6300,193.3400,198.4600,2365121
2025-01-02T04:00:00,198.4700,206.8400,198.4700,205.8400,3654219
2025-01-02T08:00:00,205.8400,208.7800,205.6200,208.4300,2419782
2025-01-02T12:00:00,208.4200,210.4700,205.3700,206.6800,3655193
2025-01-02T16:00:00,206.6700,208.9900,204.6200,206.6200,2236602
2025-01-02T20:00:00,206.6200,208.3800,205.1400,208.1700,1157434
2025-01-03T00:00:00,208.1700,208.3800,205.5100,207.9300,1130723
2025-01-03T04:00:00,207.9400,209.8700,206.9300,207.8600,2070415
2025-01-03T08:00:00,207.8600,214.9900,207.4500,214.3900,3345969
2025-01-03T12:00:00,214.3800,218.5600,211.9200,217.2600,3736719
2025-01-03T16:00:00,217.2700,219.6900,216.3200,216.9800,2140225
2025-01-03T20:00:00,216.9900,217.9300,215.7000,217.9100,1217694
2025-01-04T00:00:00,217.9200,218.0800,215.5800,216.8800,1254487
2025-01-04T04:00:00,216.8900,217.8900,215.4100,216.6200,1003855
2025-01-04T08:00:00,216.6100,216.6200,214.3000,216.3600,1216516
2025-01-04T12:00:00,216.3600,217.5800,213.4500,214.2400,1966601
2025-01-04T16:00:00,214.2400,215.8800,213.6100,215.4700,897811
2025-01-04T20:00:00,215.4800,217.1900,215.3000,216.5600,756538
2025-01-05T00:00:00,216.5700,218.8100,215.1700,217.8300,1298634
2025-01-05T04:00:00,217.8300,218.9800,215.8300,216.3500,1098447
2025-01-05T08:00:00,216.3500,216.4400,212.8000,213.8500,1574085
2025-01-05T12:00:00,213.8400,214.5400,211.5400,213.4600,1760550
2025-01-05T16:00:00,213.4600,214.2100,211.2700,212.7000,1000551
2025-01-05T20:00:00,212.7000,214.4300,212.4300,213.3000,710872
2025-01-06T00:00:00,213.3100,216.8700,211.4100,215.5000,1912938
2025-01-06T04:00:00,215.5000,216.8000,213.7700,215.1300,1369902
2025-01-06T08:00:00,215.1300,216.1800,213.1000,216.1700,1198271
2025-01-06T12:00:00,216.1800,222.0000,215.6400,221.5100,3950633
2025-01-06T16:00:00,221.5200,223.1400,217.2700,219.9000,2343942
2025-01-06T20:00:00,219.9000,220.3200,217.4000,218.1100,983156
2025-01-07T00:00:00,218.1000,219.0400,216.0900,217.2700,1097173
2025-01-07T04:00:00,217.2700,217.3700,215.3300,215.9700,809357
2025-01-07T08:00:00,215.9600,216.7900,212.7300,213.9500,1787632
2025-01-07T12:00:00,213.9600,214.2800,205.0000,207.6500,6375245
2025-01-07T16:00:00,207.6400,208.9900,203.4300,204.4600,3773116
2025-01-07T20:00:00,204.4700,204.8900,201.3600,202.0700,2329599
2025-01-08T00:00:00,202.0600,203.2000,196.6200,198.6200,3612738
2025-01-08T04:00:00,198.6200,199.5300,193.0400,195.5600,4096236
2025-01-08T08:00:00,195.5600,197.9600,194.3800,195.4100,2869076
2025-01-08T12:00:00,195.4000,199.4800,194.7300,197.6900,3447267
2025-01-08T16:00:00,197.6800,197.9100,188.2300,194.1800,5784622
2025-01-08T20:00:00,194.1700,198.2100,193.5300,197.3700,1649291
2025-01-09T00:00:00,197.3700,198.9800,194.0600,194.2800,1880723
2025-01-09T04:00:00,194.2800,195.4500,189.6400,190.0600,2061884
2025-01-09T08:00:00,190.0600,192.7500,189.0000,191.0800,1944113
2025-01-09T12:00:00,191.0800,192.9000,185.0200,192.0900,4447942
2025-01-09T16:00:00,192.0900,192.7000,185.6100,185.8400,2872008
2025-01-09T20:00:00,185.8300,187.5100,181.8500,184.8800,3234797
2025-01-10T00:00:00,184.8700,189.3900,184.8600,189.0200,1614444
2025-01-10T04:00:00,189.0100,192.9300,188.2700,191.6300,1765693
2025-01-10T08:00:00,191.6300,192.7700,191.0000,191.8200,1580382
2025-01-10T12:00:00,191.8300,192.0700,183.3800,187.2000,5305154
2025-01-10T16:00:00,187.2000,192.0000,183.7600,190.1200,3216559
2025-01-10T20:00:00,190.1300,190.4700,186.5900,187.5900,1182744
2025-01-11T00:00:00,187.5900,188.7100,185.5000,186.2800,969454
2025-01-11T04:00:00,186.2800,187.0800,185.0500,186.1300,953933
2025-01-11T08:00:00,186.1300,186.8000,184.0100,186.5800,1696774
2025-01-11T12:00:00,186.5700,188.1300,185.7500,186.8400,1240604
2025-01-11T16:00:00,186.8500,187.9300,185.5500,187.6500,905943
2025-01-11T20:00:00,187.6500,191.8200,187.3800,187.9900,1552131
2025-01-12T00:00:00,187.9900,188.5000,186.4100,187.2000,947279
2025-01-12T04:00:00,187.1900,187.3400,185.4700,186.4700,690475
2025-01-12T08:00:00,186.4800,186.9100,185.0400,186.5600,1063170
2025-01-12T12:00:00,186.5600,190.9800,186.0500,190.3800,1494532
2025-01-12T16:00:00,190.3800,190.7000,188.5600,188.8300,1021500
2025-01-12T20:00:00,188.8400,189.9300,186.4400,188.4300,1197679
2025-01-13T00:00:00,188.4300,191.9400,184.0800,184.9500,3093655
2025-01-13T04:00:00,184.9400,186.9500,181.3800,182.3900,2660458
2025-01-13T08:00:00,182.3900,182.4700,175.1200,175.3300,4704709
2025-01-13T12:00:00,175.3300,180.2200,167.7100,178.6800,9070043
2025-01-13T16:00:00,178.6900,179.7200,174.3500,177.5100,2986029
2025-01-13T20:00:00,177.5000,183.7100,176.5100,182.7800,2394263
2025-01-14T00:00:00,182.7700,184.5500,181.7700,184.1100,1488625
2025-01-14T04:00:00,184.1100,186.8800,184.1000,185.5200,1531893
2025-01-14T08:00:00,185.5200,189.9800,185.5000,186.9700,2495754
2025-01-14T12:00:00,186.9700,190.0800,185.5300,186.7400,2976541
2025-01-14T16:00:00,186.7300,187.8400,185.6400,186.9900,1765282
2025-01-14T20:00:00,186.9900,188.7400,185.7200,187.4600,949509
2025-01-15T00:00:00,187.4500,189.6600,186.9000,189.6400,1344824
2025-01-15T04:00:00,189.6400,190.6900,188.2100,189.8800,1200154
2025-01-15T08:00:00,189.8800,190.5900,185.7600,186.8800,2131192
2025-01-15T12:00:00,186.8800,197.9800,185.9000,196.3900,5853343
2025-01-15T16:00:00,196.3900,202.3200,196.2900,201.8200,3174957
2025-01-15T20:00:00,201.8300,205.9400,201.8300,205.7600,2576933
2025-01-16T00:00:00,205.7600,206.2100,201.2800,201.9300,2137095
2025-01-16T04:00:00,201.9300,203.4600,201.4200,203.0600,884573
2025-01-16T08:00:00,203.0600,212.6800,198.4200,212.6700,5617938
2025-01-16T12:00:00,212.6600,217.1400,205.4200,208.9900,8650237
2025-01-16T16:00:00,208.9900,215.4100,208.7700,214.1100,3499321
2025-01-16T20:00:00,214.1200,214.4900,208.4000,211.0200,1810281
2025-01-17T00:00:00,211.0300,215.2300,209.7100,211.0400,2209711
2025-01-17T04:00:00,211.0400,213.7500,210.8800,213.2000,1412776
2025-01-17T08:00:00,213.2000,219.6400,213.1500,218.7200,3795238
2025-01-17T12:00:00,218.7100,222.0900,216.2600,218.5300,5383710
2025-01-17T16:00:00,218.5300,221.9200,215.5500,217.0500,2991625
2025-01-17T20:00:00,217.0400,221.1500,216.3300,219.4600,2542787
2025-01-18T00:00:00,219.4600,228.6300,217.1800,220.3200,6583790
2025-01-18T04:00:00,220.3200,238.0000,219.6900,232.8100,12314161
2025-01-18T08:00:00,232.8100,244.8800,230.6500,238.8500,10062925
2025-01-18T12:00:00,238.8500,260.0000,238.8000,257.6700,10351174
2025-01-18T16:00:00,257.6800,270.7000,242.3300,255.2800,19381549
2025-01-18T20:00:00,255.2800,264.6400,247.1400,261.9000,5782982
2025-01-19T00:00:00,261.9100,265.0000,252.0400,255.4500,5778835
2025-01-19T04:00:00,255.4600,277.8500,254.0600,271.3300,12715327
2025-01-19T08:00:00,271.3200,295.6000,265.7900,286.0900,15451106
2025-01-19T12:00:00,286.0900,289.5200,263.2600,270.5100,12926418
2025-01-19T16:00:00,270.5100,275.2500,263.8900,269.3900,5189696
2025-01-19T20:00:00,269.3900,278.0900,237.6900,252.5200,21409440
2025-01-20T00:00:00,252.4900,252.6900,229.2700,241.3500,13240907
2025-01-20T04:00:00,241.3400,264.2100,238.8500,261.7700,9019598
2025-01-20T08:00:00,261.7700,273.0000,256.6700,260.5900,7379509
2025-01-20T12:00:00,260.5900,261.6400,250.0200,253.8200,7753025
2025-01-20T16:00:00,253.8500,256.5900,234.5100,246.0800,10613956
2025-01-20T20:00:00,246.0800,250.8800,241.1300,241.8900,3775052
2025-01-21T00:00:00,241.8800,244.7200,232.0100,237.7900,5698273
2025-01-21T04:00:00,237.7900,239.1100,230.3000,236.7200,4278890
2025-01-21T08:00:00,236.7100,242.1200,235.4700,239.3400,3926870
2025-01-21T12:00:00,239.3500,244.6700,235.7000,240.8300,4831959
2025-01-21T16:00:00,240.8200,259.8900,239.7000,253.3300,6068593
2025-01-21T20:00:00,253.3400,255.9000,246.5600,250.2600,3033146
2025-01-22T00:00:00,250.2500,256.8100,248.2400,253.9700,2184014
2025-01-22T04:00:00,253.9700,259.6800,252.2500,258.4300,2512541
2025-01-22T08:00:00,258.4200,258.8000,252.0800,257.6700,2842407
2025-01-22T12:00:00,257.6800,264.9000,254.1800,257.2100,6670365
2025-01-22T16:00:00,257.2100,266.3100,253.2100,265.2100,4985365
2025-01-22T20:00:00,265.2200,272.0500,255.6200,257.3000,6356958
2025-01-23T00:00:00,257.3100,258.3500,246.3200,248.7500,3926874
2025-01-23T04:00:00,248.7400,250.6000,245.0400,249.3900,2806538
2025-01-23T08:00:00,249.3700,249.7800,242.2000,244.0600,2861823
2025-01-23T12:00:00,244.0500,254.5500,242.0100,249.1700,6098289
2025-01-23T16:00:00,249.1900,256.1400,245.1500,246.7200,4268505
2025-01-23T20:00:00,246.7200,258.3800,243.4900,253.0100,6835611
2025-01-24T00:00:00,253.0100,256.3200,247.0900,252.1200,2948902
2025-01-24T04:00:00,252.1000,264.3200,250.5000,259.6400,3714180
2025-01-24T08:00:00,259.6300,267.2100,259.6300,266.7000,3426280
2025-01-24T12:00:00,266.7000,270.1100,260.7100,262.1100,4431778
2025-01-24T16:00:00,262.1200,265.3900,260.2400,261.9300,2345640
2025-01-24T20:00:00,261.9300,262.2900,252.6000,253.2200,3691862
2025-01-25T00:00:00,253.2200,253.5700,247.9500,252.5500,2782468
2025-01-25T04:00:00,252.5600,252.5600,246.0900,247.1500,2012483
2025-01-25T08:00:00,247.1500,250.7300,246.1100,249.8100,1952556
2025-01-25T12:00:00,249.8100,254.4700,248.0700,253.4800,2516252
2025-01-25T16:00:00,253.4800,260.7600,252.8700,258.4200,3413334
2025-01-25T20:00:00,258.4100,259.6700,255.4800,256.3200,1707663
2025-01-26T00:00:00,256.3200,259.7800,253.4900,258.2900,1926626
2025-01-26T04:00:00,258.2900,259.9900,257.2100,258.8400,1275727
2025-01-26T08:00:00,258.8300,258.8300,252.6700,255.4000,2005489
2025-01-26T12:00:00,255.4100,257.4600,253.1600,254.4500,1904092
2025-01-26T16:00:00,254.4500,257.4700,253.6200,256.1700,1243906
2025-01-26T20:00:00,256.1700,256.5000,240.1600,240.3200,4071293
2025-01-27T00:00:00,240.3200,242.5300,232.7500,235.6400,6036365
2025-01-27T04:00:00,235.6400,235.6400,221.7100,227.3900,7558936
2025-01-27T08:00:00,227.3900,227.8700,220.7600,225.7300,4988096
2025-01-27T12:00:00,225.7400,237.5000,223.5600,233.5200,7455646
2025-01-27T16:00:00,233.5200,235.7700,223.8000,226.4700,5277760
2025-01-27T20:00:00,226.4600,237.7400,226.4000,234.7700,3554291
2025-01-28T00:00:00,234.7900,237.6800,232.8800,236.5200,2255935
2025-01-28T04:00:00,236.5200,243.7700,236.4900,238.6900,3105330
2025-01-28T08:00:00,238.6900,239.5500,235.3000,238.1600,2017723
2025-01-28T12:00:00,238.1600,239.9800,233.6300,237.3400,3682775
2025-01-28T16:00:00,237.3300,237.6400,230.2000,232.0500,3255016
2025-01-28T20:00:00,232.0500,232.4900,225.0000,226.9100,3437898
2025-01-29T00:00:00,226.9200,231.9200,226.6400,231.0700,2003742
2025-01-29T04:00:00,231.0700,234.7000,229.7200,234.3200,1395118
2025-01-29T08:00:00,234.3300,235.8000,230.0500,231.8700,1853004
2025-01-29T12:00:00,231.8600,231.9200,225.8800,228.3000,3262031
2025-01-29T16:00:00,228.3100,236.0900,222.4500,231.5600,6080825
2025-01-29T20:00:00,231.5500,238.5900,227.4300,228.0400,5171959
2025-01-30T00:00:00,228.0400,240.8700,226.7100,240.1600,3380071
2025-01-30T04:00:00,240.1600,241.9700,237.0600,238.8100,2645626
2025-01-30T08:00:00,238.8100,241.8100,237.9100,241.6300,1740508
2025-01-30T12:00:00,241.6300,244.5900,239.0000,240.9800,3334416
2025-01-30T16:00:00,240.9800,243.2900,238.5400,240.9700,1731316
2025-01-30T20:00:00,240.9700,242.0800,238.1100,238.1500,1230462
2025-01-31T00:00:00,238.1500,239.0600,235.0000,235.8300,1637152
2025-01-31T04:00:00,235.8400,238.2800,234.8000,235.5700,1454427
2025-01-31T08:00:00,235.5700,238.9500,234.0900,238.6900,1639177
2025-01-31T12:00:00,238.6900,241.8000,235.9500,240.0300,3237477
2025-01-31T16:00:00,240.0200,240.1300,230.0100,230.3400,3261539
2025-01-31T20:00:00,230.3400,231.7000,228.1000,231.5900,2017689
2025-02-01T00:00:00,231.6000,234.0200,230.4900,231.3700,1603107
2025-02-01T04:00:00,231.3700,232.9700,229.8000,230.5500,866569
2025-02-01T08:00:00,230.5600,230.8500,226.2200,227.9800,1811945
2025-02-01T12:00:00,227.9800,229.3500,224.6700,226.2500,1910369
2025-02-01T16:00:00,226.2400,227.5000,220.6100,221.6300,2243370
2025-02-01T20:00:00,221.6200,221.6300,212.5800,212.8900,4052635
2025-02-02T00:00:00,212.8800,218.7100,206.7400,206.9900,4636190
2025-02-02T04:00:00,206.9800,213.9300,206.6200,211.6800,3437621
2025-02-02T08:00:00,211.6800,215.6500,207.6000,208.6200,3106334
2025-02-02T12:00:00,208.6200,214.0300,208.1400,211.9200,3271653
2025-02-02T16:00:00,211.9200,212.0000,194.7500,203.4500,11062405
2025-02-02T20:00:00,203.4500,206.6600,191.8500,203.4200,7325721
2025-02-03T00:00:00,203.4200,203.7900,173.3300,197.7300,19214591
2025-02-03T04:00:00,197.7400,199.7700,189.1400,198.9700,5799876
2025-02-03T08:00:00,198.9700,201.9500,193.2200,198.4800,4919944
2025-02-03T12:00:00,198.4900,209.9200,189.7200,206.9000,9305787
2025-02-03T16:00:00,206.9000,214.8100,203.2600,214.6800,5392704
2025-02-03T20:00:00,214.6800,218.4200,209.7700,216.2000,3655550
2025-02-04T00:00:00,216.1900,219.8900,213.8100,215.4000,2727221
2025-02-04T04:00:00,215.3900,215.9900,201.7560,204.1200,5589498
2025-02-04T08:00:00,204.1200,210.6900,202.3300,207.5900,3033685
2025-02-04T12:00:00,207.5800,216.7100,207.5800,215.5800,5423870
2025-02-04T16:00:00,215.5800,218.3000,208.1400,208.1500,4984661
2025-02-04T20:00:00,208.1500,210.3100,202.4600,206.4800,5480988
2025-02-05T00:00:00,206.4900,209.2600,205.0200,207.2400,2194479
2025-02-05T04:00:00,207.2300,208.2000,203.4000,204.9700,2096060
2025-02-05T08:00:00,204.9600,206.8360,202.7700,206.1700,2067439
2025-02-05T12:00:00,206.1700,207.5300,201.2700,201.6400,3191770
2025-02-05T16:00:00,201.6400,202.0300,196.2700,199.4200,4278104
2025-02-05T20:00:00,199.4200,200.4800,195.0500,196.0300,1944639
2025-02-06T00:00:00,196.0300,201.1600,196.0000,200.5500,2111453
2025-02-06T04:00:00,200.5600,203.8600,200.1300,201.9300,1935399
2025-02-06T08:00:00,201.9300,202.8400,198.5200,200.1600,2028745
2025-02-06T12:00:00,200.1600,200.5600,190.4800,191.1400,4500843
2025-02-06T16:00:00,191.1400,192.9000,188.1400,189.7900,4210447
2025-02-06T20:00:00,189.7900,194.7300,187.1600,189.4500,2761716
2025-02-07T00:00:00,189.4500,195.8000,189.0500,193.2000,2673365
2025-02-07T04:00:00,193.2000,195.2700,189.1000,192.4200,2285755
2025-02-07T08:00:00,192.4200,198.5800,191.5400,198.3600,2212947
2025-02-07T12:00:00,198.3600,203.3100,195.8100,197.9900,6286611
2025-02-07T16:00:00,198.0000,199.1000,194.5700,195.3500,3033020
2025-02-07T20:00:00,195.3400,195.5600,188.0000,191.8400,3177271
2025-02-08T00:00:00,191.8400,194.1700,191.2400,192.8800,1749710
2025-02-08T04:00:00,192.8800,193.2600,189.6700,192.6900,1655391
2025-02-08T08:00:00,192.6900,194.8800,191.5600,194.3100,1418674
2025-02-08T12:00:00,194.3100,196.3200,192.6700,193.3200,1786481
2025-02-08T16:00:00,193.3200,198.2800,193.1200,196.7800,1735707
2025-02-08T20:00:00,196.7900,200.7500,196.6000,199.2100,1170853
2025-02-09T00:00:00,199.2200,206.8700,198.3600,206.8400,2125794
2025-02-09T04:00:00,206.8500,207.2600,203.6900,203.8700,1995124
2025-02-09T08:00:00,203.8800,204.4000,201.1100,201.3000,2412920
2025-02-09T12:00:00,201.3000,202.6800,196.3000,200.5100,2874191
2025-02-09T16:00:00,200.5000,202.0000,197.6200,198.9600,1527678
2025-02-09T20:00:00,198.9600,200.9100,193.2200,200.3200,3149768
2025-02-10T00:00:00,200.3100,205.0000,195.7100,201.8500,4245395
2025-02-10T04:00:00,201.8500,204.5700,199.8000,202.7000,1963238
2025-02-10T08:00:00,202.6900,205.9100,202.4600,204.3600,1876497
2025-02-10T12:00:00,204.3600,208.9000,201.2900,202.9700,4220580
2025-02-10T16:00:00,202.9600,204.3000,200.8000,201.2400,1710530
2025-02-10T20:00:00,201.2500,202.6400,199.1400,200.3200,1316725
2025-02-11T00:00:00,200.3200,204.5600,199.7900,200.9700,2405118
2025-02-11T04:00:00,200.9700,206.0700,200.8800,204.3100,2285877
2025-02-11T08:00:00,204.3100,205.8300,201.0600,203.2600,2322832
2025-02-11T12:00:00,203.2700,203.2700,197.6200,199.2900,2843083
2025-02-11T16:00:00,199.2800,199.9500,194.9400,195.5200,2562614
2025-02-11T20:00:00,195.5100,199.3000,195.3300,197.8700,1800442
2025-02-12T00:00:00,197.8600,198.4500,193.6500,194.2200,1709300
2025-02-12T04:00:00,194.2300,196.1400,193.0100,195.1200,1730836
2025-02-12T08:00:00,195.1100,197.9400,195.0000,197.2900,1305687
2025-02-12T12:00:00,197.2900,198.4900,188.3000,191.9100,6231774
2025-02-12T16:00:00,191.9100,196.5900,189.1800,193.6200,3662659
2025-02-12T20:00:00,193.6200,198.3200,192.9000,196.7100,1998875
2025-02-13T00:00:00,196.7100,198.1100,194.8700,198.0700,1338694
2025-02-13T04:00:00,198.0800,198.4000,192.5700,192.9800,1934225
2025-02-13T08:00:00,192.9700,193.4100,191.0100,191.7800,1615382
2025-02-13T12:00:00,191.7800,193.0500,188.7000,191.8400,2947626
2025-02-13T16:00:00,191.8400,194.5400,189.8700,192.5600,2064933
2025-02-13T20:00:00,192.5600,195.3800,192.4700,194.1200,1242662
2025-02-14T00:00:00,194.1200,197.2900,194.0200,196.9200,1289057
2025-02-14T04:00:00,196.9200,197.3000,194.6200,196.5000,1135919
2025-02-14T08:00:00,196.5000,201.3500,196.2800,199.5100,2668464
2025-02-14T12:00:00,199.5100,202.0800,196.3400,200.7900,3250076
2025-02-14T16:00:00,200.7800,205.3000,198.7300,201.4900,3091455
2025-02-14T20:00:00,201.4800,202.1500,197.9300,199.3100,1818406
2025-02-15T00:00:00,199.3100,200.2100,196.6400,198.2800,1463391
2025-02-15T04:00:00,198.2800,198.8000,195.1300,195.7700,1144061
2025-02-15T08:00:00,195.7700,196.6500,193.7700,194.7200,1562322
2025-02-15T12:00:00,194.7300,195.9700,193.1500,194.5300,1577767
2025-02-15T16:00:00,194.5400,195.0000,193.2000,194.0900,883251
2025-02-15T20:00:00,194.0900,194.9500,192.3000,194.3500,901337
2025-02-16T00:00:00,194.3500,195.4100,192.9300,194.6200,1042779
2025-02-16T04:00:00,194.6300,196.1800,192.1600,192.7900,1543041
2025-02-16T08:00:00,192.8000,193.9500,192.0600,193.6000,1068922
2025-02-16T12:00:00,193.5900,193.6900,189.0800,190.2000,2838725
2025-02-16T16:00:00,190.2100,191.1600,187.2300,189.1000,2561676
2025-02-16T20:00:00,189.0900,189.7600,186.0000,188.1400,1917110
2025-02-17T00:00:00,188.1500,189.6100,185.1000,186.2200,1636534
2025-02-17T04:00:00,186.2300,186.3900,180.5000,181.2500,5004412
2025-02-17T08:00:00,181.2500,185.4400,180.6400,184.1700,2860805
2025-02-17T12:00:00,184.1800,186.8500,179.1200,180.2500,4154243
2025-02-17T16:00:00,180.2500,181.2900,174.5500,176.9700,5412854
2025-02-17T20:00:00,176.9700,181.2300,176.8700,177.4700,2464505
2025-02-18T00:00:00,177.4700,178.9900,175.3200,177.9000,2096238
2025-02-18T04:00:00,177.8900,177.9500,163.8100,165.6200,10768993
2025-02-18T08:00:00,165.6300,170.8500,163.0400,168.6500,6478778
2025-02-18T12:00:00,168.6500,171.4800,164.2400,165.8500,5735194
2025-02-18T16:00:00,165.8600,167.0500,160.7700,165.1900,6526989
2025-02-18T20:00:00,165.2000,169.7100,163.8400,169.2100,3371573
2025-02-19T00:00:00,169.2200,170.7600,166.5200,167.3900,3079158
2025-02-19T04:00:00,167.3900,169.7400,163.6400,168.8300,4050356
2025-02-19T08:00:00,168.8200,174.2400,168.3000,173.8100,3918025
2025-02-19T12:00:00,173.8000,174.0600,168.0300,169.6500,4786825
2025-02-19T16:00:00,169.6400,173.3800,168.0800,168.6200,2939192
2025-02-19T20:00:00,168.6100,169.8800,166.3100,168.8500,2794053
2025-02-20T00:00:00,168.8600,172.7600,167.5200,172.3100,2644140
2025-02-20T04:00:00,172.3100,174.8900,170.7300,171.6300,2457726
2025-02-20T08:00:00,171.6400,175.0900,170.8000,173.8800,2252224
2025-02-20T12:00:00,173.8700,176.5900,171.1000,171.5100,4294387
2025-02-20T16:00:00,171.5200,175.4000,171.1500,174.9000,2432639
2025-02-20T20:00:00,174.9000,176.4700,173.1000,175.9000,1595757
2025-02-21T00:00:00,175.9000,176.3700,172.8300,173.2100,1929978
2025-02-21T04:00:00,173.2100,176.7600,173.2000,175.7600,2008513
2025-02-21T08:00:00,175.7500,180.3300,175.7200,177.1000,4099482
2025-02-21T12:00:00,177.0900,180.4800,170.3400,173.0400,6757594
2025-02-21T16:00:00,173.0300,175.4900,168.1700,168.3600,6269714
2025-02-21T20:00:00,168.3600,169.9200,167.1000,168.8300,2548937
2025-02-22T00:00:00,168.8400,172.6800,167.9800,170.2900,2184273
2025-02-22T04:00:00,170.2800,172.7500,170.0200,171.6500,1423343
2025-02-22T08:00:00,171.6500,174.0900,171.2600,173.4500,1694057
2025-02-22T12:00:00,173.4500,174.5600,172.5300,174.1200,1851858
2025-02-22T16:00:00,174.1200,174.6700,172.2100,172.5800,1482126
2025-02-22T20:00:00,172.5700,173.5500,171.8000,171.9800,903755
2025-02-23T00:00:00,171.9900,172.2100,170.1000,170.5400,1194016
2025-02-23T04:00:00,170.5400,172.9900,169.8500,172.7900,1152007
2025-02-23T08:00:00,172.7900,172.8500,169.0100,169.5100,1265026
2025-02-23T12:00:00,169.5100,169.8400,166.5100,166.6900,2347491
2025-02-23T16:00:00,166.6900,168.6100,166.6700,167.6100,1486689
2025-02-23T20:00:00,167.6100,168.8000,166.3200,167.8400,1077402
2025-02-24T00:00:00,167.8400,169.5800,160.4600,160.9300,4697945
2025-02-24T04:00:00,160.9200,161.6700,157.0500,160.9000,4972822
2025-02-24T08:00:00,160.9000,161.0100,155.3100,159.2100,5138111
2025-02-24T12:00:00,159.2100,160.3400,150.5300,152.6100,8276962
2025-02-24T16:00:00,152.6200,155.1200,147.7100,150.0600,5788867
2025-02-24T20:00:00,150.0700,152.6500,137.1600,141.7300,11863703
2025-02-25T00:00:00,141.7300,144.4000,138.0300,138.8200,11534922
2025-02-25T04:00:00,138.8300,141.6400,132.5300,136.1700,13345586
2025-02-25T08:00:00,136.1800,141.2700,131.7200,141.1700,10879760
2025-02-25T12:00:00,141.1700,141.7600,134.4000,138.8300,10007657
2025-02-25T16:00:00,138.8400,145.5000,137.8900,145.3300,8368906
2025-02-25T20:00:00,145.3300,147.0000,143.1200,144.2400,4288137
2025-02-26T00:00:00,144.2500,145.1600,141.5600,143.2500,3481692
2025-02-26T04:00:00,143.2500,144.6500,139.5200,140.1100,3147919
2025-02-26T08:00:00,140.1100,142.1800,137.9200,138.0700,3408408
2025-02-26T12:00:00,138.0800,140.4200,134.5800,139.2200,8795671
2025-02-26T16:00:00,139.2200,139.7400,130.5400,131.8900,10437760
2025-02-26T20:00:00,131.9000,137.8400,130.8200,135.2700,6190071
2025-02-27T00:00:00,135.2800,139.0000,134.8500,138.4900,3802318
2025-02-27T04:00:00,138.4800,142.8000,136.9600,140.9400,3775615
2025-02-27T08:00:00,140.9400,142.4500,139.2000,140.4100,3993755
2025-02-27T12:00:00,140.4200,141.2200,136.2700,139.5700,6004917
2025-02-27T16:00:00,139.5800,140.1200,135.5600,136.2300,3623589
2025-02-27T20:00:00,136.2300,138.1700,134.6100,137.6000,3990178
2025-02-28T00:00:00,137.6000,137.8900,127.0100,127.5900,11735107
2025-02-28T04:00:00,127.5900,129.5700,125.5200,128.4500,9066224
2025-02-28T08:00:00,128.4600,134.7000,127.8600,133.4800,6541064
2025-02-28T12:00:00,133.4900,147.7900,132.8900,145.6300,15237783
2025-02-28T16:00:00,145.6200,147.2300,143.6500,146.2900,5129445
2025-02-28T20:00:00,146.2800,148.6900,144.5500,148.1000,3136666
2025-03-01T00:00:00,148.1000,151.1500,145.4700,145.6100,6231962
2025-03-01T04:00:00,145.6100,147.1400,142.1500,142.4700,3720592
2025-03-01T08:00:00,142.4600,144.1700,139.4700,140.2700,4012048
2025-03-01T12:00:00,140.2700,141.6600,138.5000,140.3100,3672334
2025-03-01T16:00:00,140.3100,141.4400,138.6600,140.4400,2564905
2025-03-01T20:00:00,140.4400,143.7600,139.8000,143.5800,2522064
2025-03-02T00:00:00,143.5700,145.8900,142.6800,143.7900,3569813
2025-03-02T04:00:00,143.7900,145.1000,142.1700,143.7200,2170034
2025-03-02T08:00:00,143.7200,144.8500,142.3900,143.4500,1996580
2025-03-02T12:00:00,143.4500,163.0000,139.9600,157.3500,16060739
2025-03-02T16:00:00,157.3600,180.0000,157.3600,172.0500,26718922
2025-03-02T20:00:00,172.0400,179.2800,171.5100,178.6400,6390040
2025-03-03T00:00:00,178.6400,179.4400,168.0400,169.8200,5854731
2025-03-03T04:00:00,169.8100,170.5300,159.6800,162.1700,6279419
2025-03-03T08:00:00,162.1800,163.2500,156.6800,161.0000,5775988
2025-03-03T12:00:00,160.9900,166.9400,153.6900,157.7100,12789822
2025-03-03T16:00:00,157.7100,159.4900,140.0000,141.8000,15061895
2025-03-03T20:00:00,141.8100,144.8600,139.1900,142.0500,8403879
2025-03-04T00:00:00,142.0500,144.9900,132.3600,136.2800,10297490
2025-03-04T04:00:00,136.2900,139.5000,135.5600,135.9800,4701217
2025-03-04T08:00:00,135.9800,138.5100,134.5100,136.8900,4888504
2025-03-04T12:00:00,136.8800,143.2600,132.5500,138.5000,14227521
2025-03-04T16:00:00,138.5100,144.7500,130.5200,143.0400,11717712
2025-03-04T20:00:00,143.0400,146.8000,141.4700,144.7000,5056338
2025-03-05T00:00:00,144.6900,145.5000,141.6600,141.7700,3396675
2025-03-05T04:00:00,141.7800,144.0600,140.7500,142.8000,3114632
2025-03-05T08:00:00,142.8000,149.6600,142.6500,147.0000,5065389
2025-03-05T12:00:00,147.0200,149.1700,140.2100,141.5500,7356956
2025-03-05T16:00:00,141.5500,146.4000,140.1200,144.7100,4833512
2025-03-05T20:00:00,144.7200,146.7000,143.7900,146.1600,1965083
2025-03-06T00:00:00,146.1700,150.6100,144.4500,148.6500,3909793
2025-03-06T04:00:00,148.6500,150.5700,147.5500,148.5700,2925382
2025-03-06T08:00:00,148.5700,152.8500,148.2400,151.5900,4406396
2025-03-06T12:00:00,151.5900,151.8100,144.9300,148.9600,5906787
2025-03-06T16:00:00,148.9600,149.3600,142.3200,143.5000,4249336
2025-03-06T20:00:00,143.5000,145.8500,143.0800,143.2200,2571074
2025-03-07T00:00:00,143.2200,145.5000,135.0000,140.7400,8790069
2025-03-07T04:00:00,140.7400,144.5400,140.5400,144.2300,2467876
2025-03-07T08:00:00,144.2300,146.1300,142.5300,143.5100,3308541
2025-03-07T12:00:00,143.5200,148.1000,141.6200,144.8400,7329343
2025-03-07T16:00:00,144.8400,150.8600,141.2300,146.3000,8093702
2025-03-07T20:00:00,146.2900,147.5900,137.2500,139.3100,6729723
2025-03-08T00:00:00,139.3100,140.9900,137.7300,139.5900,2533773
2025-03-08T04:00:00,139.5800,140.9200,138.2200,138.6900,1792186
2025-03-08T08:00:00,138.6900,139.1300,136.5100,137.5000,2001802
2025-03-08T12:00:00,137.4900,138.6800,136.0200,137.1200,2136019
2025-03-08T16:00:00,137.1200,138.8200,135.1900,138.3500,2338605
2025-03-08T20:00:00,138.3400,138.5000,136.2700,136.9200,1231203
2025-03-09T00:00:00,136.9300,138.4500,136.4400,137.8500,1310493
2025-03-09T04:00:00,137.8500,139.7900,137.6000,139.5500,1599410
2025-03-09T08:00:00,139.5500,139.7200,135.5500,136.2300,2686575
2025-03-09T12:00:00,136.2300,136.3700,129.7600,130.1000,4963867
2025-03-09T16:00:00,130.1000,131.5000,125.7100,129.0900,7634905
2025-03-09T20:00:00,129.1000,130.4900,125.3700,126.4200,3843907
2025-03-10T00:00:00,126.4200,129.0600,124.0000,126.5000,4647651
2025-03-10T04:00:00,126.5000,129.1000,126.3600,128.0100,2363282
2025-03-10T08:00:00,128.0100,131.5000,125.8500,129.8600,5608412
2025-03-10T12:00:00,129.8700,130.8200,120.1500,121.8800,10757274
2025-03-10T16:00:00,121.8700,122.2800,115.4300,119.6300,11452065
2025-03-10T20:00:00,119.6400,120.1900,117.4800,118.2600,3874662
2025-03-11T00:00:00,118.2700,121.8300,111.8300,119.9100,10890888
2025-03-11T04:00:00,119.9100,123.9700,119.7000,123.0500,4005825
2025-03-11T08:00:00,123.0400,125.7800,122.9100,124.6300,3515063
2025-03-11T12:00:00,124.6400,126.2700,118.5300,124.9400,10857308
2025-03-11T16:00:00,124.9300,128.3600,122.7600,128.0600,5714244
2025-03-11T20:00:00,128.0500,128.1700,125.0200,125.2800,2489335
2025-03-12T00:00:00,125.2700,126.9700,122.3800,122.4800,3332775
2025-03-12T04:00:00,122.4700,123.4600,121.1600,123.1100,4159470
2025-03-12T08:00:00,123.1100,126.7700,122.7700,126.6800,3751595
2025-03-12T12:00:00,126.6800,131.2600,122.9900,124.4500,9468118
2025-03-12T16:00:00,124.4400,126.2300,123.2100,124.9500,4678880
2025-03-12T20:00:00,124.9500,127.0800,123.8500,126.5500,3100897
2025-03-13T00:00:00,126.5400,127.3800,124.6300,124.9000,2486744
2025-03-13T04:00:00,124.9000,125.2900,122.9100,124.1800,2798906
2025-03-13T08:00:00,124.1900,127.9900,123.5500,126.8300,3822218
2025-03-13T12:00:00,126.8200,128.7900,123.5400,124.2600,5999373
2025-03-13T16:00:00,124.2600,124.3500,121.0400,121.4100,4095182
2025-03-13T20:00:00,121.4000,124.3100,120.6600,123.3200,2439862
2025-03-14T00:00:00,123.3200,125.4300,122.8900,124.4400,2345731
2025-03-14T04:00:00,124.4400,125.5600,124.3600,124.6100,1456154
2025-03-14T08:00:00,124.6100,126.5500,124.5600,126.0700,1791648
2025-03-14T12:00:00,126.0700,133.6800,125.3700,132.0900,8857131
2025-03-14T16:00:00,132.0900,134.6500,130.7700,134.2200,3922162
2025-03-14T20:00:00,134.2300,136.0700,132.2900,133.4900,3094694
2025-03-15T00:00:00,133.4800,135.2500,132.8100,134.9700,2075309
2025-03-15T04:00:00,134.9600,135.6000,132.6700,132.8500,2206264
2025-03-15T08:00:00,132.8400,133.6400,132.3600,133.2900,1379399
2025-03-15T12:00:00,133.2900,135.7300,133.0100,135.0400,2503919
2025-03-15T16:00:00,135.0500,136.4700,133.5100,134.4000,2323593
2025-03-15T20:00:00,134.4000,136.4700,134.2800,135.7900,1250500
2025-03-16T00:00:00,135.8000,136.6800,134.0300,135.4300,2229794
2025-03-16T04:00:00,135.4300,136.2000,133.7500,134.5800,1744082
2025-03-16T08:00:00,134.5700,134.9000,129.5900,129.8900,4328131
2025-03-16T12:00:00,129.8800,130.8000,127.3900,128.6800,4412355
2025-03-16T16:00:00,128.6800,131.1700,125.9800,126.8500,4981857
2025-03-16T20:00:00,126.8600,127.6900,125.1100,126.0500,2408823
2025-03-17T00:00:00,126.0500,129.1700,125.7900,128.8700,3765369
2025-03-17T04:00:00,128.8800,129.4400,126.3900,129.1900,2312055
2025-03-17T08:00:00,129.2000,129.5700,128.3300,129.0900,1689651
2025-03-17T12:00:00,129.0800,130.1400,125.4400,127.4500,5213858
2025-03-17T16:00:00,127.4500,130.5600,126.5600,129.7400,3895347
2025-03-17T20:00:00,129.7400,129.8600,127.6800,127.9300,1826591
2025-03-18T00:00:00,127.9200,128.1000,123.4800,124.0600,4170278
2025-03-18T04:00:00,124.0700,125.1800,123.1500,125.1000,3323707
2025-03-18T08:00:00,125.1000,125.8800,123.1300,123.4800,2500067
2025-03-18T12:00:00,123.4700,123.7400,121.6600,122.4800,4000200
2025-03-18T16:00:00,122.4900,124.4600,122.3700,124.1300,2289184
2025-03-18T20:00:00,124.1300,125.6500,123.4300,125.2500,1480697
2025-03-19T00:00:00,125.2500,126.7000,124.1400,126.4200,2300493
2025-03-19T04:00:00,126.4200,126.8400,125.3300,125.6700,2168637
2025-03-19T08:00:00,125.6600,129.4700,125.6300,128.6100,3357895
2025-03-19T12:00:00,128.6100,132.7100,126.9000,132.2700,7422101
2025-03-19T16:00:00,132.2600,134.3400,128.1200,132.9800,6408371
2025-03-19T20:00:00,132.9800,136.0600,132.9400,135.3000,2708089
2025-03-20T00:00:00,135.3000,136.0800,132.7800,133.8700,2331852
2025-03-20T04:00:00,133.8700,134.9300,132.7300,133.9400,1713665
2025-03-20T08:00:00,133.9300,134.5000,130.2300,130.5900,3570946
2025-03-20T12:00:00,130.5900,132.2200,128.4500,128.8600,4572334
2025-03-20T16:00:00,128.8500,129.3100,126.5600,127.8700,3062908
2025-03-20T20:00:00,127.8600,128.4200,127.1200,127.5300,1148591
2025-03-21T00:00:00,127.5300,129.0200,127.2700,127.8800,1594144
2025-03-21T04:00:00,127.8700,128.7200,127.3100,128.0100,1464449
2025-03-21T08:00:00,128.0000,129.0500,125.6500,126.3400,2878811
2025-03-21T12:00:00,126.3500,127.7300,125.2800,125.9100,2962847
2025-03-21T16:00:00,125.9000,130.3800,124.7400,128.1900,5413592
2025-03-21T20:00:00,128.2000,130.1300,127.4700,128.3800,1840093
2025-03-22T00:00:00,128.3900,129.3500,127.7100,128.8100,1565226
2025-03-22T04:00:00,128.8200,129.6800,128.4100,128.7400,1242466
2025-03-22T08:00:00,128.7400,131.7700,128.6700,130.2800,2756543
2025-03-22T12:00:00,130.2800,130.4800,128.5500,129.1400,1994906
2025-03-22T16:00:00,129.1400,130.2000,128.8000,129.9000,960902
2025-03-22T20:00:00,129.9000,130.0000,128.0300,128.4400,1176362
2025-03-23T00:00:00,128.4300,130.7900,128.1200,130.7800,1236127
2025-03-23T04:00:00,130.7800,131.4500,129.6500,131.0800,1534190
2025-03-23T08:00:00,131.0900,133.9900,130.8500,133.0400,2609879
2025-03-23T12:00:00,133.0300,133.7900,131.9500,132.4300,2851927
2025-03-23T16:00:00,132.4400,132.6900,130.2500,130.4600,1582136
2025-03-23T20:00:00,130.4700,132.7800,130.1000,132.7700,1404398
2025-03-24T00:00:00,132.7700,138.4400,131.9500,138.1100,5451512
2025-03-24T04:00:00,138.1100,139.3200,137.6800,138.8200,3726001
2025-03-24T08:00:00,138.8300,144.0700,138.5300,143.3400,5002549
2025-03-24T12:00:00,143.3400,144.9000,142.2300,143.1600,6108239
2025-03-24T16:00:00,143.1700,143.3600,141.2200,142.7000,2860076
2025-03-24T20:00:00,142.7000,143.6000,139.5500,140.9500,2707740
2025-03-25T00:00:00,140.9500,142.2400,138.1000,138.5000,3430964
2025-03-25T04:00:00,138.5000,140.2800,138.0900,139.3900,2216022
2025-03-25T08:00:00,139.4000,143.3800,139.3600,142.0700,3841988
2025-03-25T12:00:00,142.0600,147.4100,140.7100,145.2000,8047021
2025-03-25T16:00:00,145.2000,146.1900,143.5600,144.9300,3083971
2025-03-25T20:00:00,144.9300,146.0300,142.4100,143.5900,2591949
2025-03-26T00:00:00,143.6000,144.5300,141.4000,141.8000,2368228
2025-03-26T04:00:00,141.8000,144.8000,141.5800,144.4400,2642977
2025-03-26T08:00:00,144.4300,145.4100,143.7200,144.5200,2134867
2025-03-26T12:00:00,144.5300,145.0000,138.8300,139.2300,6719318
2025-03-26T16:00:00,139.2300,140.1300,136.1300,137.3600,4081023
2025-03-26T20:00:00,137.3500,138.4400,135.7800,137.2600,2599908
2025-03-27T00:00:00,137.2700,140.1400,136.7100,139.8200,2949168
2025-03-27T04:00:00,139.8300,139.9900,137.8200,138.8000,2073794
2025-03-27T08:00:00,138.8000,139.2000,137.0200,137.3500,2733174
2025-03-27T12:00:00,137.3400,139.7500,135.5000,137.7000,4804437
2025-03-27T16:00:00,137.6900,139.6400,137.2300,139.0000,2081347
2025-03-27T20:00:00,139.0000,139.8900,138.0200,138.3700,1396427
2025-03-28T00:00:00,138.3600,138.9800,135.9900,136.7200,2928100
2025-03-28T04:00:00,136.7200,137.2400,131.2800,131.5300,5904774
2025-03-28T08:00:00,131.5400,132.6200,130.3000,131.8300,4027775
2025-03-28T12:00:00,131.8200,132.3300,129.0500,129.8400,4913269
2025-03-28T16:00:00,129.8500,130.2500,128.9600,129.3400,2405487
2025-03-28T20:00:00,129.3300,130.4100,127.4800,129.3900,2375731
2025-03-29T00:00:00,129.3900,130.4500,126.3900,128.7600,3111741
2025-03-29T04:00:00,128.7600,129.0700,125.3400,126.3200,2839799
2025-03-29T08:00:00,126.3300,127.0300,124.2400,125.2300,3527520
2025-03-29T12:00:00,125.2300,126.7400,124.9100,126.2500,2522747
2025-03-29T16:00:00,126.2600,126.7100,123.4500,125.2100,3641873
2025-03-29T20:00:00,125.2100,125.3500,122.5200,124.5000,2702804
2025-03-30T00:00:00,124.4900,126.4900,123.3800,125.5900,2297362
2025-03-30T04:00:00,125.5900,126.4500,125.0200,125.3800,1567852
2025-03-30T08:00:00,125.3900,126.3300,124.5100,125.0000,1866169
2025-03-30T12:00:00,125.0000,125.5400,123.0000,124.8500,2673162
2025-03-30T16:00:00,124.8400,127.0100,122.8100,125.7700,3005272
2025-03-30T20:00:00,125.7600,126.3000,123.0300,124.7300,2519003
2025-03-31T00:00:00,124.7400,127.5900,122.5800,124.5000,4312246
2025-03-31T04:00:00,124.5000,126.9800,124.2400,125.8300,2729745
2025-03-31T08:00:00,125.8300,126.6300,122.9400,124.2200,3759295
2025-03-31T12:00:00,124.2100,127.8100,123.1200,126.7100,6141924
2025-03-31T16:00:00,126.7200,127.3200,123.7200,125.1600,3499848
2025-03-31T20:00:00,125.1700,126.2000,124.4400,124.4800,1935677
2025-04-01T00:00:00,124.4700,126.6600,123.6500,126.0000,2465176
2025-04-01T04:00:00,126.0100,126.7200,125.5200,126.6200,1720960
2025-04-01T08:00:00,126.6300,129.9400,126.6200,127.5300,4263558
2025-04-01T12:00:00,127.5300,130.3900,124.5500,129.2000,7179532
2025-04-01T16:00:00,129.2200,129.5900,125.3600,126.7200,3525228
2025-04-01T20:00:00,126.7200,127.5000,125.2100,126.6000,1852377
2025-04-02T00:00:00,126.6000,126.9100,124.0000,124.2400,2654071
2025-04-02T04:00:00,124.2300,124.9700,123.3700,124.4500,2245001
2025-04-02T08:00:00,124.4600,126.7000,124.2000,125.6300,2916648
2025-04-02T12:00:00,125.6200,130.9900,125.0400,130.3500,7494035
2025-04-02T16:00:00,130.3500,131.7600,129.0900,131.3500,4092275
2025-04-02T20:00:00,131.3600,136.2000,117.0200,117.3400,14600888
2025-04-03T00:00:00,117.3600,120.8800,116.1600,119.7500,5679121
2025-04-03T04:00:00,119.7600,120.8900,117.7700,118.5800,3131165
2025-04-03T08:00:00,118.5700,119.1600,115.0300,115.6900,4892903
2025-04-03T12:00:00,115.6800,115.9700,112.1700,114.1000,9220574
2025-04-03T16:00:00,114.0900,115.9000,113.1700,115.3200,4155313
2025-04-03T20:00:00,115.3300,117.3700,114.9500,117.0800,2824632
2025-04-04T00:00:00,117.0900,117.3300,114.5700,115.3300,2774999
2025-04-04T04:00:00,115.3300,118.3100,114.6500,118.1100,2956838
2025-04-04T08:00:00,118.1200,119.8700,113.1900,114.4600,7938500
2025-04-04T12:00:00,114.4600,120.9700,113.9000,118.5300,11725315
2025-04-04T16:00:00,118.5400,123.9600,118.1700,122.5300,8144658
2025-04-04T20:00:00,122.5300,123.9600,121.7200,122.7200,2548436
2025-04-05T00:00:00,122.7200,122.8000,120.6000,120.6700,1993808
2025-04-05T04:00:00,120.6800,121.2800,120.1200,121.0100,1483719
2025-04-05T08:00:00,121.0200,121.8900,119.7600,120.2200,2176957
2025-04-05T12:00:00,120.2100,120.2700,117.0800,117.4800,3813682
2025-04-05T16:00:00,117.4700,119.3000,117.4400,118.5700,1959422
2025-04-05T20:00:00,118.5600,120.5600,118.3000,120.2400,1599946
2025-04-06T00:00:00,120.2500,121.0800,119.3600,119.9400,1905711
2025-04-06T04:00:00,119.9400,120.5600,118.7600,119.1400,1609460
2025-04-06T08:00:00,119.1400,120.1300,118.1000,118.5600,1993064
2025-04-06T12:00:00,118.5500,118.8000,114.2000,114.9000,6165215
2025-04-06T16:00:00,114.8900,115.2000,106.1700,108.0000,14344498
2025-04-06T20:00:00,107.9900,108.5000,103.7600,105.8400,9518024
2025-04-07T00:00:00,105.8400,107.7400,102.1300,103.2000,9135666
2025-04-07T04:00:00,103.2000,103.7100,95.1900,97.0800,15348273
2025-04-07T08:00:00,97.0700,102.5700,96.8500,100.2200,12100821
2025-04-07T12:00:00,100.2200,113.1800,99.6800,106.6100,27330753
2025-04-07T16:00:00,106.6100,107.9000,103.4700,105.6800,7737552
2025-04-07T20:00:00,105.6800,109.2400,105.6500,106.9100,3837685
2025-04-08T00:00:00,106.9100,112.5000,106.5600,111.2500,6103901
2025-04-08T04:00:00,111.2500,112.0900,107.8900,108.6200,4010760
2025-04-08T08:00:00,108.6200,111.7500,107.1000,111.4800,4218549
2025-04-08T12:00:00,111.4900,112.1400,106.6100,107.1300,9612561
2025-04-08T16:00:00,107.1200,107.2400,102.8700,104.0200,10451137
2025-04-08T20:00:00,104.0300,106.4300,103.6000,105.3200,4129091
2025-04-09T00:00:00,105.3200,106.5000,101.2300,103.0900,8812782
2025-04-09T04:00:00,103.0800,107.9800,102.9800,107.3200,6994994
2025-04-09T08:00:00,107.3100,108.2400,102.6900,103.3800,7222265.85
2025-04-09T12:00:00,103.3800,107.4000,102.2200,106.4900,8379069.62
2025-04-09T16:00:00,106.4900,120.6900,106.1700,118.8700,20218277.72
2025-04-09T20:00:00,118.8800,120.4500,118.0100,119.0100,4308580.48
2025-04-10T00:00:00,119.0000,119.2900,114.4200,115.4400,4242086.35
2025-04-10T04:00:00,115.4400,116.9100,113.8800,114.7500,4002496.36
2025-04-10T08:00:00,114.7500,115.1900,113.3400,113.8900,2788912.62
2025-04-10T12:00:00,113.8800,116.0000,109.3100,109.5500,9104936.57
2025-04-10T16:00:00,109.5500,111.8500,108.2100,111.2600,5604614.21
2025-04-10T20:00:00,111.2700,113.3300,111.1800,112.7300,2384471.75
2025-04-11T00:00:00,112.7300,115.7200,112.0900,115.3400,3887343.49
2025-04-11T04:00:00,115.3400,117.7000,114.9300,116.5400,3265154.73
2025-04-11T08:00:00,116.5300,119.3400,115.7700,117.9900,5436734.97
2025-04-11T12:00:00,118.0000,121.5400,117.5400,119.8600,7761312.94
2025-04-11T16:00:00,119.8600,121.9900,118.6100,120.8100,4314068.97
2025-04-11T20:00:00,120.8000,122.6500,119.9100,121.3300,2615014.22
2025-04-12T00:00:00,121.3300,122.1800,119.2900,120.1300,2841027.89
2025-04-12T04:00:00,120.1300,124.5000,119.7500,124.1700,4266756.06
2025-04-12T08:00:00,124.1600,125.4800,123.9200,124.5100,3036485.77
2025-04-12T12:00:00,124.5200,131.7000,124.3000,130.4200,8603565.08
2025-04-12T16:00:00,130.4200,131.4900,128.1600,130.6300,5315806.34
2025-04-12T20:00:00,130.6400,134.0000,130.5800,132.1700,4506339.88
2025-04-13T00:00:00,132.1600,133.9400,130.8300,131.7400,4159775.02
2025-04-13T04:00:00,131.7400,131.9800,128.1100,128.5000,3887578.53
2025-04-13T08:00:00,128.4900,131.5300,128.1500,129.7600,4176564.37
2025-04-13T12:00:00,129.7600,130.4000,126.7200,128.6500,5183685.79
2025-04-13T16:00:00,128.6500,132.5900,126.9500,128.1600,5304465.76
2025-04-13T20:00:00,128.1700,129.7900,125.2800,128.3000,4682642.45
2025-04-14T00:00:00,128.3000,136.0900,127.9000,131.6600,7100061.55
2025-04-14T04:00:00,131.6600,134.2800,131.0200,132.2200,3742635.30
2025-04-14T08:00:00,132.2300,134.1400,131.4300,133.4100,4234981.96
2025-04-14T12:00:00,133.4000,134.7400,128.0300,128.7000,8839591.34
2025-04-14T16:00:00,128.7100,131.9300,127.9900,131.0200,3995434.17
2025-04-14T20:00:00,131.0100,131.1300,128.5300,129.3400,2036618.75
2025-04-15T00:00:00,129.3300,130.6800,127.6200,130.4300,3498244.82
2025-04-15T04:00:00,130.4400,132.2600,129.5800,131.4800,2389865.59
2025-04-15T08:00:00,131.4700,133.8700,131.2800,132.1000,3783960.11
2025-04-15T12:00:00,132.1100,134.4100,129.0300,129.5300,6677426.16
2025-04-15T16:00:00,129.5400,130.5300,127.2100,127.7900,4032549.91
2025-04-15T20:00:00,127.7900,128.5100,125.7300,126.0500,3057380.97
2025-04-16T00:00:00,126.0500,127.2900,124.6800,126.3600,3954194.08
2025-04-16T04:00:00,126.3600,126.6200,124.2500,124.7100,3198302.96
2025-04-16T08:00:00,124.7100,126.5900,123.4100,126.1700,4838529.68
2025-04-16T12:00:00,126.1800,129.7600,124.3900,128.3400,6648891.58
2025-04-16T16:00:00,128.3400,133.8800,124.7300,132.4000,11114555.70
2025-04-16T20:00:00,132.4000,133.6600,130.7300,131.3000,3710675.25
2025-04-17T00:00:00,131.2900,132.6600,129.4000,129.7000,2993650.55
2025-04-17T04:00:00,129.7000,135.6000,129.5300,134.2100,4739676.08
2025-04-17T08:00:00,134.2200,134.9600,132.3300,133.0300,3497801.88
2025-04-17T12:00:00,133.0300,134.4300,130.4800,133.3900,5543138.60
2025-04-17T16:00:00,133.3900,136.2600,131.8800,132.8300,6550228.85
2025-04-17T20:00:00,132.8200,135.2500,132.8100,134.7600,2521981.77
2025-04-18T00:00:00,134.7700,135.9500,133.6900,134.4300,2824943.29
2025-04-18T04:00:00,134.4200,134.9800,133.1800,134.8700,2296998.50
2025-04-18T08:00:00,134.8600,135.5000,133.4700,134.1800,2637426.39
2025-04-18T12:00:00,134.1900,135.1200,132.3600,132.8100,3612570.51
2025-04-18T16:00:00,132.8100,134.4200,132.6000,134.1500,1926474.28
2025-04-18T20:00:00,134.1400,134.3400,133.1200,133.9700,1227910.12
2025-04-19T00:00:00,133.9700,139.1400,133.5000,138.7100,4889219.58
2025-04-19T04:00:00,138.7100,139.4200,137.6600,138.6800,2714761.00
2025-04-19T08:00:00,138.6700,139.8900,138.3600,138.7000,3042234.81
2025-04-19T12:00:00,138.7100,140.7100,138.3900,138.8700,3006654.04
2025-04-19T16:00:00,138.8700,139.4300,137.5700,138.6200,2878987.15
2025-04-19T20:00:00,138.6100,139.8300,138.2200,139.7700,1242448.25
2025-04-20T00:00:00,139.7700,141.8700,139.3100,140.8700,3234718.46
2025-04-20T04:00:00,140.8700,141.4800,138.5100,139.5000,2691346.40
2025-04-20T08:00:00,139.5100,139.7400,135.7100,136.3200,4974114.66
2025-04-20T12:00:00,136.3200,137.9800,135.5000,135.8700,3475738.23
2025-04-20T16:00:00,135.8600,137.1800,135.6200,137.0900,1708098.43
2025-04-20T20:00:00,137.0800,138.4800,136.2400,137.7600,2281948.89
2025-04-21T00:00:00,137.7700,143.2500,137.5600,139.3000,6920413.65
2025-04-21T04:00:00,139.2900,141.7700,139.0900,140.0800,2952337.62
2025-04-21T08:00:00,140.0900,141.0500,138.2100,138.9100,2840188.30
2025-04-21T12:00:00,138.9000,140.0300,136.6500,138.2500,6677679.41
2025-04-21T16:00:00,138.2500,138.6900,133.7500,136.8000,6744928.13
2025-04-21T20:00:00,136.8000,137.2800,135.2400,136.4400,2082561.88
2025-04-22T00:00:00,136.4400,139.8200,134.4000,139.2800,5127347.20
2025-04-22T04:00:00,139.2900,140.5800,138.3700,140.1100,2938260.26
2025-04-22T08:00:00,140.1100,140.7300,138.8800,140.3800,2500206.02
2025-04-22T12:00:00,140.3700,145.4600,139.9900,145.2700,8960044.37
2025-04-22T16:00:00,145.2800,147.6900,143.4700,144.1700,4363983.26
2025-04-22T20:00:00,144.1700,150.2900,143.3900,148.7100,6075261.94
2025-04-23T00:00:00,148.7200,149.3800,147.0000,149.1500,3580587.67
2025-04-23T04:00:00,149.1500,152.2400,148.4800,151.5100,4375090.43
2025-04-23T08:00:00,151.5100,153.7000,150.8800,152.0100,4049379.29
2025-04-23T12:00:00,152.0200,154.1400,148.6500,151.3500,9952200.17
2025-04-23T16:00:00,151.3500,152.4500,148.8700,150.1000,3748426.44
2025-04-23T20:00:00,150.1100,151.7700,149.7800,151.0500,1637849.75
2025-04-24T00:00:00,151.0500,151.4500,147.6200,147.7300,2971469.30
2025-04-24T04:00:00,147.7200,149.1500,146.9200,147.1100,2688215.30
2025-04-24T08:00:00,147.1100,147.6900,145.0600,147.6200,3576772.01
2025-04-24T12:00:00,147.6100,151.4000,147.0000,149.2800,6467912.21
2025-04-24T16:00:00,149.2800,152.4300,148.7400,151.5100,4364300.60
2025-04-24T20:00:00,151.5200,152.9600,149.8500,152.4800,2182389.76
2025-04-25T00:00:00,152.4800,154.5000,150.4500,151.6800,3533823.45
2025-04-25T04:00:00,151.6800,155.0000,150.6700,154.8000,3409086.67
2025-04-25T08:00:00,154.8000,154.9800,152.8500,154.7000,3675417.93
2025-04-25T12:00:00,154.7000,157.2400,152.0700,152.8300,7577456.27
2025-04-25T16:00:00,152.8400,153.1400,150.3100,151.3100,3845546.70
2025-04-25T20:00:00,151.3000,152.4700,149.7500,150.7600,2436840.31
2025-04-26T00:00:00,150.7500,153.1500,150.7500,151.2800,1985538.42
2025-04-26T04:00:00,151.2800,152.2700,149.8700,151.2800,2073941.40
2025-04-26T08:00:00,151.2700,152.2900,147.8600,148.4400,3573740.20
2025-04-26T12:00:00,148.4300,149.4900,147.6600,149.2100,2288767.66
2025-04-26T16:00:00,149.2200,149.3800,148.2400,149.1600,1088195.52
2025-04-26T20:00:00,149.1700,149.6200,148.2500,149.1400,1065762.22
2025-04-27T00:00:00,149.1500,150.3700,146.0000,147.4500,3535963.67
2025-04-27T04:00:00,147.4500,147.7900,145.3900,147.3600,1900136.24
2025-04-27T08:00:00,147.3500,148.6900,147.2600,147.8900,1430190.04
2025-04-27T12:00:00,147.8900,149.7100,146.8700,148.9500,2940651.61
2025-04-27T16:00:00,148.9400,150.2300,148.1200,149.9400,1664493.69
2025-04-27T20:00:00,149.9300,150.0100,147.7300,147.9100,1521716.98
2025-04-28T00:00:00,147.9000,149.5500,144.5300,148.3200,4613392.04
2025-04-28T04:00:00,148.3100,151.4500,148.3100,151.0300,2927483.07
2025-04-28T08:00:00,151.0400,153.3500,148.9200,151.6000,5753401.87
2025-04-28T12:00:00,151.6100,151.7700,145.4100,146.2200,5672135.02
2025-04-28T16:00:00,146.2100,148.8000,145.2200,148.3000,3214676.85
2025-04-28T20:00:00,148.2900,148.3500,146.4100,147.7600,1721917.57
2025-04-29T00:00:00,147.7600,149.1300,146.8300,147.3800,2288412.50
2025-04-29T04:00:00,147.3900,148.8700,145.3700,148.8200,2667899.94
2025-04-29T08:00:00,148.8300,149.4400,147.5200,148.9300,2320620.21
2025-04-29T12:00:00,148.9200,149.1900,146.7700,147.9200,3121859.42
2025-04-29T16:00:00,147.9200,150.3700,147.5800,149.1900,2886364.36
2025-04-29T20:00:00,149.2000,149.4600,144.7900,146.1800,3587826.72
2025-04-30T00:00:00,146.1900,148.6400,144.9300,148.1100,3019403.21
2025-04-30T04:00:00,148.1000,148.3000,146.0100,146.3100,1713629.87
2025-04-30T08:00:00,146.3100,147.9200,145.9200,147.8400,1341638.60
2025-04-30T12:00:00,147.8400,147.9100,140.2500,142.1000,9204762.54
2025-04-30T16:00:00,142.1000,145.9900,141.2700,145.5500,3930422.88
2025-04-30T20:00:00,145.5600,148.0900,145.2700,147.4700,2691720.84
2025-05-01T00:00:00,147.4700,149.5800,147.4700,148.6500,2614736.17
2025-05-01T04:00:00,148.6500,150.2000,147.9100,149.7000,2121534.26
2025-05-01T08:00:00,149.7000,152.3800,149.4600,151.6700,3981020.91
2025-05-01T12:00:00,151.6800,153.8800,150.5000,151.7700,5204073.19
2025-05-01T16:00:00,151.7700,152.8000,150.0100,150.2100,3438040.97
2025-05-01T20:00:00,150.2000,150.8900,149.8000,150.7300,1386406.27
2025-05-02T00:00:00,150.7300,151.6200,149.9800,150.7000,1747050.70
2025-05-02T04:00:00,150.7000,150.9700,148.2900,148.4300,2526544.98
2025-05-02T08:00:00,148.4400,150.7300,148.3000,150.6300,1965243.27
2025-05-02T12:00:00,150.6300,151.8600,149.2000,149.8200,4315182.83
2025-05-02T16:00:00,149.8200,151.3700,147.6000,147.9700,3076544.42
2025-05-02T20:00:00,147.9800,148.6000,147.2000,147.9300,1578970.37
2025-05-03T00:00:00,147.9300,149.0000,147.4200,148.2200,1601244.51
2025-05-03T04:00:00,148.2200,148.5000,147.2600,148.0200,1176501.31
2025-05-03T08:00:00,148.0300,148.3000,146.6000,147.0300,1895514.53
2025-05-03T12:00:00,147.0200,149.0000,147.0200,148.3700,2076863.53
2025-05-03T16:00:00,148.3700,148.3900,145.7400,147.3600,2436248.26
2025-05-03T20:00:00,147.3600,147.8500,146.5400,146.6200,982050.58
2025-05-04T00:00:00,146.6200,147.6600,145.4000,145.5300,2052884.60
2025-05-04T04:00:00,145.5200,146.4800,145.1000,145.5600,1826155.60
2025-05-04T08:00:00,145.5600,145.9000,144.5700,145.3400,1757621.62
2025-05-04T12:00:00,145.3300,147.1800,144.8600,146.7300,2173661.66
2025-05-04T16:00:00,146.7300,147.7900,145.8900,146.0800,1914824.77
2025-05-04T20:00:00,146.0800,147.0700,143.5500,143.8700,2448829.91
2025-05-05T00:00:00,143.8600,145.3900,142.4200,144.8300,3113131.71
2025-05-05T04:00:00,144.8400,147.3100,144.8200,146.8000,2260991.53
2025-05-05T08:00:00,146.7900,146.9900,143.4700,144.1000,2670271.14
2025-05-05T12:00:00,144.1000,145.4000,143.0000,143.6600,3408450.93
2025-05-05T16:00:00,143.6700,147.0900,143.5600,146.4100,2822029.79
2025-05-05T20:00:00,146.4100,147.6700,144.8600,146.6600,2211878.59
2025-05-06T00:00:00,146.6600,146.7800,143.6900,144.5600,2552527.62
2025-05-06T04:00:00,144.5700,145.8300,144.2400,145.1700,1615515.18
2025-05-06T08:00:00,145.1700,145.2000,141.7900,142.4900,3054633.11
2025-05-06T12:00:00,142.4900,143.9000,141.3000,143.1300,3794228.17
2025-05-06T16:00:00,143.1200,145.2400,142.3400,144.7800,2584052.84
2025-05-06T20:00:00,144.7900,147.1700,143.4300,146.8300,3512527.18
2025-05-07T00:00:00,146.8300,149.4700,145.3400,146.1700,4400129.78
2025-05-07T04:00:00,146.1700,147.2400,145.3400,147.1800,1836149.73
2025-05-07T08:00:00,147.1800,148.2400,146.8500,147.5400,2280296.81
2025-05-07T12:00:00,147.5400,147.6900,145.3500,145.6800,3312173.01
2025-05-07T16:00:00,145.6800,147.2900,144.5900,145.6800,4614780.92
2025-05-07T20:00:00,145.6800,148.2500,145.3800,147.2700,2328155.38
2025-05-08T00:00:00,147.2700,151.1700,147.0100,150.7900,3753426.22
2025-05-08T04:00:00,150.8000,151.9100,149.9000,151.5100,3622086.82
2025-05-08T08:00:00,151.5000,155.2300,151.4600,154.5200,4348692.51
2025-05-08T12:00:00,154.5200,163.0800,154.1400,160.1800,9408275.63
2025-05-08T16:00:00,160.1900,161.0500,158.5100,160.5000,4675065.89
2025-05-08T20:00:00,160.5000,164.6100,159.6800,164.4200,5490859.76
2025-05-09T00:00:00,164.4100,164.4300,161.3000,161.3400,3101727.10
2025-05-09T04:00:00,161.3300,167.0100,161.0200,165.0300,4661505.20
2025-05-09T08:00:00,165.0400,176.1600,164.2500,172.2600,12763202.47
2025-05-09T12:00:00,172.2600,173.4200,167.4000,170.7400,7948938.68
2025-05-09T16:00:00,170.7400,172.5800,168.5500,171.8800,4048415.65
2025-05-09T20:00:00,171.8900,173.7900,171.0900,172.7400,1901895.45
2025-05-10T00:00:00,172.7400,175.1800,170.6200,171.5600,2821870.62
2025-05-10T04:00:00,171.5600,172.5000,169.6200,172.2500,2270871.56
2025-05-10T08:00:00,172.2600,173.3600,168.6800,168.9100,4000048.01
2025-05-10T12:00:00,168.9100,171.9700,168.9100,171.0200,2520153.00
2025-05-10T16:00:00,171.0200,173.8000,170.7900,172.1500,2974468.45
2025-05-10T20:00:00,172.1400,178.9300,171.2500,177.8600,4678581.19
2025-05-11T00:00:00,177.8500,180.2900,172.7800,175.7800,7025517.63
2025-05-11T04:00:00,175.7800,177.6600,172.1400,172.5500,3477906.13
2025-05-11T08:00:00,172.5400,174.9900,172.5200,174.6900,2476937.17
2025-05-11T12:00:00,174.6800,175.1900,169.1300,170.4100,4391578.63
2025-05-11T16:00:00,170.4100,173.3800,169.3100,172.6400,3232688.54
2025-05-11T20:00:00,172.6300,173.7600,171.1600,173.1100,1706820.37
2025-05-12T00:00:00,173.1000,176.8600,171.6200,174.8000,4422298.43
2025-05-12T04:00:00,174.8000,180.0000,173.5200,176.0100,6607993.28
2025-05-12T08:00:00,176.0100,177.1400,173.5500,174.0100,3791376.97
2025-05-12T12:00:00,174.0100,181.4400,173.8900,174.3400,10701037.84
2025-05-12T16:00:00,174.3400,176.6100,168.2700,171.1300,6354298.37
2025-05-12T20:00:00,171.1300,174.7900,170.3300,174.1400,1833594.07
2025-05-13T00:00:00,174.1500,174.3100,166.8400,166.9200,4843702.60
2025-05-13T04:00:00,166.9200,172.3600,166.1200,171.4300,3227241.73
2025-05-13T08:00:00,171.4300,175.1000,170.8600,173.9300,3203975.16
2025-05-13T12:00:00,173.9300,176.2200,172.0400,175.9600,5287525.53
2025-05-13T16:00:00,175.9600,184.3600,175.6100,182.0200,6637928.42
2025-05-13T20:00:00,182.0100,184.8000,180.2700,183.7000,3694507.43
2025-05-14T00:00:00,183.7000,184.8700,178.9900,180.2500,4672038.17
2025-05-14T04:00:00,180.2500,183.9600,179.8000,181.6600,2981454.65
2025-05-14T08:00:00,181.6600,182.6100,177.5100,180.9400,4585196.12
2025-05-14T12:00:00,180.9500,181.8200,175.4700,177.2600,5232101.00
2025-05-14T16:00:00,177.2600,177.6100,173.1500,176.9800,3472657.94
2025-05-14T20:00:00,176.9900,177.6000,175.1000,176.5100,1667132.49
2025-05-15T00:00:00,176.5100,178.2300,173.9400,173.9500,2889010.87
2025-05-15T04:00:00,173.9400,175.2100,169.6400,170.3300,3970671.60
2025-05-15T08:00:00,170.3200,172.9600,168.6000,170.9900,3639186.25
2025-05-15T12:00:00,170.9900,172.7900,166.8400,172.1400,6423088.95
2025-05-15T16:00:00,172.1300,174.3800,167.6000,169.6700,5354309.42
2025-05-15T20:00:00,169.6800,170.6000,166.5500,169.0600,3215665.57
2025-05-16T00:00:00,169.0600,173.6100,168.5800,172.5400,3750494.44
2025-05-16T04:00:00,172.5500,173.4800,171.0400,172.0700,1914722.44
2025-05-16T08:00:00,172.0600,174.1600,169.2500,172.7500,3252241.71
2025-05-16T12:00:00,172.7400,174.0000,170.7200,172.0000,3771519.26
2025-05-16T16:00:00,172.0000,172.6900,169.6000,171.3200,2609887.57
2025-05-16T20:00:00,171.3100,171.3200,166.2200,167.3300,2762199.29
2025-05-17T00:00:00,167.3300,168.5400,163.9100,168.1700,4537906.43
2025-05-17T04:00:00,168.1700,169.9500,167.1200,168.4700,2598398.58
2025-05-17T08:00:00,168.4700,169.3400,166.6300,167.5300,2363806.60
2025-05-17T12:00:00,167.5300,168.1600,165.7300,167.2000,1994029.32
2025-05-17T16:00:00,167.2000,167.4400,164.2900,165.1600,3014997.68
2025-05-17T20:00:00,165.1600,167.9200,164.2500,165.8700,2234863.75
2025-05-18T00:00:00,165.8700,167.8500,165.7900,166.8300,1789522.34
2025-05-18T04:00:00,166.8300,170.6700,166.8000,170.6000,1925704.78
2025-05-18T08:00:00,170.6100,171.9500,170.4000,170.7100,2084139.49
2025-05-18T12:00:00,170.7100,176.6100,170.1100,176.2000,4059936.56
2025-05-18T16:00:00,176.2000,176.7300,166.2900,166.5300,6897190.07
2025-05-18T20:00:00,166.5400,174.2400,164.5000,173.2400,5367564.27
2025-05-19T00:00:00,173.2500,173.8700,164.8600,165.2300,5591508.28
2025-05-19T04:00:00,165.2400,166.7500,159.2800,161.7800,6388267.60
2025-05-19T08:00:00,161.7800,162.6000,160.3000,162.0700,2989457.91
2025-05-19T12:00:00,162.0700,164.6700,160.0500,164.0800,5190227.98
2025-05-19T16:00:00,164.0900,167.3000,162.6700,166.5400,4970510.43
2025-05-19T20:00:00,166.5400,167.7300,165.0500,166.7600,2114557.33
2025-05-20T00:00:00,166.7600,173.0600,166.6700,169.1300,5305720.13
2025-05-20T04:00:00,169.1400,170.5900,166.9800,167.2700,2713288.77
2025-05-20T08:00:00,167.2700,168.0700,165.1300,166.3800,2898896.80
2025-05-20T12:00:00,166.3800,167.2800,164.4000,166.5300,3678528.28
2025-05-20T16:00:00,166.5300,169.0900,164.4500,168.1100,4314053.03
2025-05-20T20:00:00,168.1200,169.3300,166.1700,168.5100,3036639.46
2025-05-21T00:00:00,168.5100,170.8700,166.7100,169.9100,3191382.99
2025-05-21T04:00:00,169.9100,171.7000,168.2100,168.7500,4202036.92
2025-05-21T08:00:00,168.7600,169.6000,167.2800,169.2600,2283042.21
2025-05-21T12:00:00,169.2700,173.6600,168.1700,172.1200,5547102.10
2025-05-21T16:00:00,172.1200,174.9100,165.3400,171.0800,13539370.08
2025-05-21T20:00:00,171.0700,175.9200,169.0200,173.5000,4302547.11
2025-05-22T00:00:00,173.5000,177.4800,172.4000,176.7800,4945015.56
2025-05-22T04:00:00,176.7700,178.7500,175.1900,178.4600,4904581.73
2025-05-22T08:00:00,178.4600,180.8200,177.1600,178.0100,4796923.26
2025-05-22T12:00:00,178.0000,179.8300,176.9200,178.9400,4083155.66
2025-05-22T16:00:00,178.9500,180.3200,177.4400,177.7900,2700646.10
2025-05-22T20:00:00,177.7900,179.9700,177.2300,179.6000,1774798.23
2025-05-23T00:00:00,179.6100,185.4000,179.1700,184.9400,5125120.21
2025-05-23T04:00:00,184.9400,185.3000,180.0000,182.4800,4157625.41
2025-05-23T08:00:00,182.4800,187.6700,177.1000,177.8800,8245446.78
2025-05-23T12:00:00,177.8700,183.7000,173.2900,180.6300,11687690.74
2025-05-23T16:00:00,180.6200,182.1900,178.2700,179.0700,4266622.14
2025-05-23T20:00:00,179.0600,179.2000,173.1800,173.9200,3868650.75
2025-05-24T00:00:00,173.9200,175.9200,172.5200,175.0300,3485721.52
2025-05-24T04:00:00,175.0300,176.2900,173.3500,173.8500,2538360.65
2025-05-24T08:00:00,173.8400,178.2200,173.1200,176.8000,3216691.90
2025-05-24T12:00:00,176.8000,177.0400,174.9500,176.2200,2237101.49
2025-05-24T16:00:00,176.2200,177.6300,175.1800,177.0500,1321821.39
2025-05-24T20:00:00,177.0400,177.8500,175.2500,175.8100,1465632.53
2025-05-25T00:00:00,175.8200,176.8200,170.1300,173.5300,5013029.19
2025-05-25T04:00:00,173.5300,174.3200,171.8100,172.2700,1946707.46
2025-05-25T08:00:00,172.2700,172.3000,170.0000,171.8600,2812666.76
2025-05-25T12:00:00,171.8600,172.5800,169.0500,170.2100,3547686.85
2025-05-25T16:00:00,170.2000,172.7200,169.0900,172.4300,2011018.16
2025-05-25T20:00:00,172.4400,175.7700,170.8200,175.6500,2796312.14
2025-05-26T00:00:00,175.6400,177.7800,175.0000,176.9400,3047888.49
2025-05-26T04:00:00,176.9300,178.9600,176.4900,178.0700,2235333.30
2025-05-26T08:00:00,178.0800,178.2600,176.3200,177.8200,1927456.22
2025-05-26T12:00:00,177.8200,178.8000,175.8100,177.4100,3158937.65
2025-05-26T16:00:00,177.4100,177.9700,173.3700,173.9500,3041017.90
2025-05-26T20:00:00,173.9400,175.9800,173.5300,174.8000,1402439.33
2025-05-27T00:00:00,174.8000,175.6800,171.0600,173.4200,3463466.66
2025-05-27T04:00:00,173.4200,175.8600,172.3700,175.4000,2601996.78
2025-05-27T08:00:00,175.4000,177.1400,174.9100,176.7300,2507752.30
2025-05-27T12:00:00,176.7200,179.3700,174.9900,178.4100,5310347.78
2025-05-27T16:00:00,178.4100,179.2700,177.3200,177.4500,2962570.17
2025-05-27T20:00:00,177.4500,178.6000,175.5000,176.6400,1888118.15
2025-05-28T00:00:00,176.6400,177.3800,174.1300,175.0300,2302942.06
2025-05-28T04:00:00,175.0200,175.2700,173.5800,173.8100,1497670.66
2025-05-28T08:00:00,173.8200,174.4200,172.7200,174.4200,2114330.52
2025-05-28T12:00:00,174.4200,175.0500,168.8000,169.6000,6055652.68
2025-05-28T16:00:00,169.6100,171.9200,169.0400,169.3100,2809150.06
2025-05-28T20:00:00,169.3200,172.5900,169.1100,172.1100,2135928.22
2025-05-29T00:00:00,172.1200,175.2800,171.2300,173.6200,3611042.99
2025-05-29T04:00:00,173.6100,173.8900,169.9600,172.1600,2889222.41
2025-05-29T08:00:00,172.1700,173.4000,171.5500,172.7800,1864535.82
2025-05-29T12:00:00,172.7800,172.8700,168.8000,169.6500,4247079.50
2025-05-29T16:00:00,169.6500,170.2100,165.9000,166.7500,4167225.52
2025-05-29T20:00:00,166.7500,168.4500,165.8700,166.6200,1748514.60
2025-05-30T00:00:00,166.6100,167.4100,159.8500,165.0300,5695273.25
2025-05-30T04:00:00,165.0300,165.7700,162.5000,162.6200,2895193.58
2025-05-30T08:00:00,162.6200,164.1000,161.3700,163.7300,3153833.87
2025-05-30T12:00:00,163.7400,163.8800,160.0000,161.1300,4253329.26
2025-05-30T16:00:00,161.1400,161.6800,156.0400,160.7300,5687711.09
2025-05-30T20:00:00,160.7200,160.9200,155.0100,156.1200,3580154.10
2025-05-31T00:00:00,156.1100,157.1800,152.0600,154.0800,5975175.30
2025-05-31T04:00:00,154.0800,155.7900,152.9300,154.7600,1885130.78
2025-05-31T08:00:00,154.7700,155.1900,152.5100,152.8500,2241318.07
2025-05-31T12:00:00,152.8500,156.6700,152.5500,155.5100,3241217.41
2025-05-31T16:00:00,155.5100,157.8900,155.0700,157.4100,1945148.83
2025-05-31T20:00:00,157.4100,157.9200,156.2100,156.3500,1315656.68
2025-06-01T00:00:00,156.3600,156.6500,153.2600,154.6200,2220297.44
2025-06-01T04:00:00,154.6300,155.8700,154.0200,154.3500,1308315.68
2025-06-01T08:00:00,154.3500,154.5500,150.4800,151.9500,3821051.44
2025-06-01T12:00:00,151.9500,154.5100,150.5100,154.0700,2873663.60
2025-06-01T16:00:00,154.0700,156.6600,153.3200,155.8100,3637272.37
2025-06-01T20:00:00,155.8000,157.8500,155.0800,157.6200,1668703.05
2025-06-02T00:00:00,157.6100,158.8400,155.3000,155.3900,2801520.80
2025-06-02T04:00:00,155.3800,156.6400,154.5800,155.4400,2052502.50
2025-06-02T08:00:00,155.4400,156.5000,152.8200,153.3700,3438984.25
2025-06-02T12:00:00,153.3600,154.4200,151.5200,153.0900,4747845.46
2025-06-02T16:00:00,153.0900,155.0800,151.6600,152.8600,3130087.67
2025-06-02T20:00:00,152.8700,157.1700,152.8400,156.7400,2841317.52
2025-06-03T00:00:00,156.7500,162.3100,156.2600,159.3400,5150692.14
2025-06-03T04:00:00,159.3500,160.1300,158.1200,159.7500,1764069.20
2025-06-03T08:00:00,159.7400,161.5900,158.2200,160.4900,2494206.03
2025-06-03T12:00:00,160.4900,163.5700,159.3500,162.1200,4887314.46
2025-06-03T16:00:00,162.1200,162.3400,159.8200,160.4900,2879740.41
2025-06-03T20:00:00,160.4800,160.5300,154.0000,155.0800,4545000.75
2025-06-04T00:00:00,155.0800,157.5600,154.0800,156.5000,3184401.91
2025-06-04T04:00:00,156.5000,156.9600,155.6100,156.3400,1405093.78
2025-06-04T08:00:00,156.3400,157.8200,155.5600,155.8300,2071760.92
2025-06-04T12:00:00,155.8300,157.9300,154.5100,157.0500,4010058.13
2025-06-04T16:00:00,157.0500,157.5000,155.1800,155.2700,2313957.09
2025-06-04T20:00:00,155.2700,155.5500,152.7800,153.1800,2724495.03
2025-06-05T00:00:00,153.1800,154.5900,152.8900,153.7500,1819366.64
2025-06-05T04:00:00,153.7400,154.0900,151.7500,152.3600,2613362.93
2025-06-05T08:00:00,152.3600,152.9700,151.1600,152.3000,2061681.23
2025-06-05T12:00:00,152.3100,154.3500,148.3200,150.8100,7162073.52
2025-06-05T16:00:00,150.8000,151.0200,144.0500,146.1300,7124773.28
2025-06-05T20:00:00,146.1200,146.5200,141.4300,144.2100,7517331.89
2025-06-06T00:00:00,144.2000,146.7900,144.0200,146.7300,2669191.66
2025-06-06T04:00:00,146.7400,148.1900,146.5400,147.2900,2518434.64
2025-06-06T08:00:00,147.2900,149.5500,147.1200,149.0000,2680854.08
2025-06-06T12:00:00,149.0000,152.5600,149.0000,151.0100,5893758.56
2025-06-06T16:00:00,151.0200,151.5000,148.3200,149.0400,3120729.03
2025-06-06T20:00:00,149.0300,149.9100,147.6000,147.7600,1475737.26
2025-06-07T00:00:00,147.7700,149.6500,146.8400,149.3900,2323100.05
2025-06-07T04:00:00,149.4000,152.8000,148.9000,152.3000,2690357.14
2025-06-07T08:00:00,152.3000,152.6400,151.1500,151.3600,1616189.05
2025-06-07T12:00:00,151.3600,152.3400,150.6100,150.9200,1968932.62
2025-06-07T16:00:00,150.9100,151.5300,150.0200,150.5100,1612829.69
2025-06-07T20:00:00,150.5000,151.4400,149.6400,149.9800,1133194.82
2025-06-08T00:00:00,149.9700,150.3100,149.0500,149.7900,1262678.36
2025-06-08T04:00:00,149.7900,150.4600,149.0000,149.2200,1284515.88
2025-06-08T08:00:00,149.2300,149.6300,147.5900,149.5500,2114640.89
2025-06-08T12:00:00,149.5500,151.3600,148.9300,150.6300,2164588.41
2025-06-08T16:00:00,150.6400,154.4800,150.5400,154.3800,3258235.20
2025-06-08T20:00:00,154.3800,155.3000,152.0600,152.3700,2466828.85
2025-06-09T00:00:00,152.3700,153.1100,150.7100,151.4700,2174142.79
2025-06-09T04:00:00,151.4600,151.8100,149.5000,150.7700,2307755.42
2025-06-09T08:00:00,150.7800,156.6000,150.3100,155.5400,5388194.97
2025-06-09T12:00:00,155.5400,155.7700,152.9300,154.9300,4055150.66
2025-06-09T16:00:00,154.9300,156.9400,154.9000,155.6600,2861084.55
2025-06-09T20:00:00,155.6600,161.7000,155.6200,161.0900,4149859.01
2025-06-10T00:00:00,161.0900,161.7700,158.6400,159.1100,2861667.45
2025-06-10T04:00:00,159.1100,159.5700,157.3300,158.4000,2597524.01
2025-06-10T08:00:00,158.4000,161.4300,157.0200,160.7500,4356148.81
2025-06-10T12:00:00,160.7400,161.9400,156.2300,157.9600,6680575.64
2025-06-10T16:00:00,157.9700,165.4600,157.0100,163.5300,7918031.45
2025-06-10T20:00:00,163.5300,165.6200,162.8200,165.0600,3945036.40
2025-06-11T00:00:00,165.0600,167.4400,163.3900,166.6300,4571532.17
2025-06-11T04:00:00,166.6400,167.1000,164.2800,166.5800,3196020.14
2025-06-11T08:00:00,166.5900,167.1600,163.9300,164.4400,3206172.78
2025-06-11T12:00:00,164.4400,168.3000,163.6600,167.1800,7048286.29
2025-06-11T16:00:00,167.1800,167.3700,162.2800,162.5500,4349300.21
2025-06-11T20:00:00,162.5400,163.8100,159.1400,160.8800,4057834.36
2025-06-12T00:00:00,160.8800,161.2400,159.2000,159.7800,2878821.86
2025-06-12T04:00:00,159.7800,160.5200,158.1500,158.6900,2703119.48
2025-06-12T08:00:00,158.6900,159.8700,157.3300,157.6600,2693421.31
2025-06-12T12:00:00,157.6600,160.5500,156.3400,156.9400,4989262.98
2025-06-12T16:00:00,156.9500,160.3900,154.3800,154.7500,4477971.17
2025-06-12T20:00:00,154.7400,155.3600,151.9200,152.2300,4838960.28
2025-06-13T00:00:00,152.2400,152.5500,140.7300,144.6600,14791026.22
2025-06-13T04:00:00,144.6500,145.3900,142.4900,144.9200,3887649.19
2025-06-13T08:00:00,144.9200,146.6100,143.5500,145.3800,4412463.36
2025-06-13T12:00:00,145.3800,147.7100,143.8300,147.1000,5344565.81
2025-06-13T16:00:00,147.0900,148.4400,144.2300,145.0800,4672896.76
2025-06-13T20:00:00,145.0900,148.8700,144.6800,148.5400,2460909.40
2025-06-14T00:00:00,148.5400,148.6500,146.3500,146.6300,1857685.23
2025-06-14T04:00:00,146.6300,147.0700,145.4700,146.1100,1470955.91
2025-06-14T08:00:00,146.1000,146.1500,144.8700,145.7800,1490166.46
2025-06-14T12:00:00,145.7700,145.8800,143.7100,144.4700,2045892.05
2025-06-14T16:00:00,144.4600,145.0800,142.8400,143.4300,2830182.59
2025-06-14T20:00:00,143.4300,144.9400,141.8700,144.5500,2267993.07
2025-06-15T00:00:00,144.5500,145.9900,144.4900,145.6700,1347739.38
2025-06-15T04:00:00,145.6700,148.0600,145.6100,145.8100,2854106.74
2025-06-15T08:00:00,145.8200,146.7300,144.1500,146.2600,2413078.15
2025-06-15T12:00:00,146.2700,152.9200,146.0700,150.7600,7242300.86
2025-06-15T16:00:00,150.7600,153.6600,150.1300,152.1700,3554074.52
2025-06-15T20:00:00,152.1800,152.9500,148.0700,152.8900,4279610.55
2025-06-16T00:00:00,152.8800,157.3800,150.9200,155.5400,5448292.53
2025-06-16T04:00:00,155.5300,157.9400,155.4500,157.1900,2956461.81
2025-06-16T08:00:00,157.2000,157.4400,154.7500,156.3900,3141870.51
2025-06-16T12:00:00,156.3900,157.7100,154.5800,156.4900,4822656.34
2025-06-16T16:00:00,156.5000,158.6800,156.2500,157.7300,2591513.05
2025-06-16T20:00:00,157.7300,157.7800,150.2400,150.6700,5665709.85
2025-06-17T00:00:00,150.6700,153.9200,147.4100,153.3000,6468269.18
2025-06-17T04:00:00,153.3100,154.2900,152.3100,152.6100,2771333.17
2025-06-17T08:00:00,152.6200,152.8500,150.1100,150.4900,3009597.31
2025-06-17T12:00:00,150.4900,151.3500,146.4500,147.5500,5877075.70
2025-06-17T16:00:00,147.5500,150.3500,145.5500,148.8300,6491963.72
2025-06-17T20:00:00,148.8200,149.2100,146.2100,147.4900,3277535.58
2025-06-18T00:00:00,147.5000,149.0400,146.4700,148.2800,2257547.49
2025-06-18T04:00:00,148.2700,149.2000,146.7900,147.9100,1988175.36
2025-06-18T08:00:00,147.9100,148.5000,145.2700,146.4300,3267008.08
2025-06-18T12:00:00,146.4300,146.6800,143.6900,145.6800,5361791.88
2025-06-18T16:00:00,145.6700,146.4300,143.5800,144.6700,4307991.46
2025-06-18T20:00:00,144.6600,147.8400,144.0300,146.2800,2904824.54
2025-06-19T00:00:00,146.2900,147.8300,144.9000,146.5300,2372784.70
2025-06-19T04:00:00,146.5200,147.1000,144.9300,145.0000,1927992.04
2025-06-19T08:00:00,145.0100,146.4500,144.7500,145.0100,1913820.81
2025-06-19T12:00:00,145.0100,145.4300,142.8300,143.0800,3213255.28
2025-06-19T16:00:00,143.0700,146.0000,143.0200,145.4200,3044075.80
2025-06-19T20:00:00,145.4200,147.4400,144.9500,146.9600,2110458.08
2025-06-20T00:00:00,146.9600,147.4600,145.3500,145.3900,1802616.86
2025-06-20T04:00:00,145.3800,147.7500,144.2100,147.4100,2638918.95
2025-06-20T08:00:00,147.4000,148.7500,146.8400,148.1100,3298850.00
2025-06-20T12:00:00,148.1100,148.3000,142.2600,142.7600,6153702.72
2025-06-20T16:00:00,142.7700,142.9200,135.5700,139.7900,10945385.79
2025-06-20T20:00:00,139.7900,141.6500,138.5900,140.0200,3205217.56
2025-06-21T00:00:00,140.0100,141.2600,139.4400,140.6900,2823463.77
2025-06-21T04:00:00,140.6900,140.9100,139.7500,140.5500,1129194.08
2025-06-21T08:00:00,140.5500,142.5300,140.2000,141.9900,2511126.25
2025-06-21T12:00:00,141.9800,142.3900,139.0700,140.2300,3401710.29
2025-06-21T16:00:00,140.2300,140.9700,137.1400,137.2400,3873927.87
2025-06-21T20:00:00,137.2300,138.8500,130.4600,135.3200,8727813.61
2025-06-22T00:00:00,135.3200,137.5200,133.0900,135.0300,6085873.09
2025-06-22T04:00:00,135.0300,136.4400,134.5400,134.7500,2302539.82
2025-06-22T08:00:00,134.7500,135.2900,131.8800,133.1800,3593011.01
2025-06-22T12:00:00,133.1800,133.8100,126.4100,128.5200,12548630.54
2025-06-22T16:00:00,128.5100,131.4200,128.2100,129.0200,4335130.21
2025-06-22T20:00:00,129.0200,132.5100,125.8300,131.6400,6096941.95
2025-06-23T00:00:00,131.6400,133.4400,131.4600,132.5900,2574732.49
2025-06-23T04:00:00,132.6000,134.9900,132.2700,134.3100,3330607.48
2025-06-23T08:00:00,134.3100,134.8200,133.1800,134.0400,2393612.40
2025-06-23T12:00:00,134.0500,137.4600,132.7900,133.3500,7854203.97
2025-06-23T16:00:00,133.3500,140.1900,130.6000,139.7100,11103885.81
2025-06-23T20:00:00,139.7200,146.8800,139.1600,144.4100,8806140.75
2025-06-24T00:00:00,144.4100,144.6800,142.2100,143.1600,3208476.48
2025-06-24T04:00:00,143.1600,146.6600,142.7600,143.9400,3540986.48
2025-06-24T08:00:00,143.9300,145.7300,142.9300,144.4800,3612921.85
2025-06-24T12:00:00,144.4900,145.6400,143.3500,144.2400,3775747.24
2025-06-24T16:00:00,144.2400,146.5600,142.7100,143.5200,3602083.67
2025-06-24T20:00:00,143.5200,145.8600,143.1000,145.8300,1634698.47
2025-06-25T00:00:00,145.8300,146.9200,144.9500,145.4400,1993294.62
2025-06-25T04:00:00,145.4400,147.6100,144.7800,146.9500,1967025.91
2025-06-25T08:00:00,146.9500,147.0600,144.9400,146.2000,3010508.95
2025-06-25T12:00:00,146.2000,147.9300,143.0200,143.6100,5652572.28
2025-06-25T16:00:00,143.6000,144.6900,142.7100,144.6700,2911118.09
2025-06-25T20:00:00,144.6700,145.5700,142.1200,143.4800,2221475.01
2025-06-26T00:00:00,143.4900,147.9900,143.3000,145.8700,3948342.86
2025-06-26T04:00:00,145.8700,146.0200,143.9300,145.0800,2406599.23
2025-06-26T08:00:00,145.0700,145.7400,143.0400,143.5500,2229818.92
2025-06-26T12:00:00,143.5600,143.9000,141.3000,142.9200,5216706.67
2025-06-26T16:00:00,142.9200,143.1900,140.8000,142.2100,2678923.75
2025-06-26T20:00:00,142.2000,143.8900,138.5400,138.9800,4351718.03
2025-06-27T00:00:00,138.9800,141.5100,137.0000,141.2600,3324762.42
2025-06-27T04:00:00,141.2600,142.1600,140.1200,140.2700,2401663.73
2025-06-27T08:00:00,140.2700,142.7300,140.2600,142.0600,2771076.03
2025-06-27T12:00:00,142.0700,143.8000,141.0600,143.4200,4690109.65
2025-06-27T16:00:00,143.4200,145.0000,140.0400,141.7200,4261536.43
2025-06-27T20:00:00,141.7200,143.3100,141.5600,142.0500,1660048.84
2025-06-28T00:00:00,142.0500,143.5000,141.0700,143.3400,2052917.30
2025-06-28T04:00:00,143.3400,146.7700,143.0100,146.5200,2357655.47
2025-06-28T08:00:00,146.5200,147.5500,145.5500,147.0700,3579927.27
2025-06-28T12:00:00,147.0800,148.7800,145.8100,148.1100,2898215.44
2025-06-28T16:00:00,148.1000,152.6800,148.0100,150.6200,5493510.43
2025-06-28T20:00:00,150.6200,151.3100,149.9800,150.6700,1338542.35
2025-06-29T00:00:00,150.6700,151.0300,149.3600,149.4300,1724449.17
2025-06-29T04:00:00,149.4200,150.2700,149.3000,150.2700,1278348.43
2025-06-29T08:00:00,150.2600,152.2600,149.8700,151.5900,2547653.88
2025-06-29T12:00:00,151.5900,152.4900,150.6200,150.6800,2737829.51
2025-06-29T16:00:00,150.6900,152.1800,149.6400,151.1300,2280356.37
2025-06-29T20:00:00,151.1200,154.7700,150.2300,153.2100,3601837.18
2025-06-30T00:00:00,153.2200,154.0200,151.1100,151.7000,2847983.06
2025-06-30T04:00:00,151.7000,151.9400,149.6200,150.5700,2765371.40
2025-06-30T08:00:00,150.5800,150.9700,149.3600,150.2700,2409470.90
2025-06-30T12:00:00,150.2700,160.0000,149.6300,157.7800,12329152.03
2025-06-30T16:00:00,157.7700,158.3800,155.2800,157.7100,5658761.97
2025-06-30T20:00:00,157.7200,157.7700,154.4100,154.7300,2541729.89
2025-07-01T00:00:00,154.7400,155.5800,153.0700,153.8500,2452232.43
2025-07-01T04:00:00,153.8500,153.8600,148.6200,149.9800,4629646.99
2025-07-01T08:00:00,149.9700,149.9700,148.0300,148.7600,3443343.06
2025-07-01T12:00:00,148.7600,149.2000,146.1000,147.1300,5830924.22
2025-07-01T16:00:00,147.1300,148.3700,145.2300,145.3800,3531234.52
2025-07-01T20:00:00,145.3800,146.9500,144.6700,146.7900,2073082.19
2025-07-02T00:00:00,146.7800,149.1700,145.6400,148.7900,2572318.63
2025-07-02T04:00:00,148.7900,149.8400,148.2200,149.0200,2382125.51
2025-07-02T08:00:00,149.0200,149.9100,148.3400,148.5500,2517594.38
2025-07-02T12:00:00,148.5400,151.5600,147.0300,151.2200,6060875.93
2025-07-02T16:00:00,151.2300,153.5400,150.2200,152.9100,6499918.08
2025-07-02T20:00:00,152.9000,154.4400,151.8900,152.2100,2741755.62
2025-07-03T00:00:00,152.2100,153.9600,151.6600,153.3100,2047209.25
2025-07-03T04:00:00,153.3100,155.8900,153.1300,155.5300,3163439.95
2025-07-03T08:00:00,155.5300,156.3300,154.0600,154.4500,2583599.53
2025-07-03T12:00:00,154.4400,155.3000,149.5900,150.0900,7900012.29
2025-07-03T16:00:00,150.0900,151.9700,149.8000,151.7100,2820262.24
2025-07-03T20:00:00,151.7000,153.1800,151.7000,152.2900,1479539.76
2025-07-04T00:00:00,152.2900,153.1100,150.8600,151.6300,2219685.39
2025-07-04T04:00:00,151.6300,153.8400,150.2000,150.4300,3537758.56
2025-07-04T08:00:00,150.4200,150.9100,148.9200,150.1400,2420136.07
2025-07-04T12:00:00,150.1300,151.1700,146.2000,146.4900,4570084.47
2025-07-04T16:00:00,146.4900,146.9300,145.1100,146.6200,3239464.18
2025-07-04T20:00:00,146.6300,148.2400,146.2700,147.6000,1747515.06
2025-07-05T00:00:00,147.6000,148.3600,147.0500,147.6700,1229825.32
2025-07-05T04:00:00,147.6800,148.4600,146.6300,147.7800,1733995.61
2025-07-05T08:00:00,147.7800,148.4600,146.7000,148.1000,1521251.83
2025-07-05T12:00:00,148.1000,148.6300,146.9700,147.0500,1321443.41
2025-07-05T16:00:00,147.0400,147.1900,145.7900,146.7900,2036410.37
2025-07-05T20:00:00,146.7900,147.9600,146.3600,147.5000,903228.66
2025-07-06T00:00:00,147.5000,147.5900,146.7400,147.2600,853764.98
2025-07-06T04:00:00,147.2700,148.4400,146.9700,147.8100,1275000.99
2025-07-06T08:00:00,147.8100,147.9400,146.6600,147.8800,1533138.68
2025-07-06T12:00:00,147.8800,152.0300,147.7500,151.4800,5894299.87
2025-07-06T16:00:00,151.4800,153.2000,150.6200,151.2200,3396496.33
2025-07-06T20:00:00,151.2100,154.0000,151.1700,151.8000,2638526.63
2025-07-07T00:00:00,151.8000,152.8400,150.1500,151.8100,2235815.85
2025-07-07T04:00:00,151.8100,152.3900,150.8000,152.3000,1453429.35
2025-07-07T08:00:00,152.3000,153.5500,151.5700,152.7300,2151389.71
2025-07-07T12:00:00,152.7200,153.3700,150.9100,150.9700,3997575.76
2025-07-07T16:00:00,150.9700,151.4800,148.4000,148.8900,5579601.51
2025-07-07T20:00:00,148.8800,148.9100,147.6000,148.8200,2934637.26
2025-07-08T00:00:00,148.8200,150.0500,147.7500,148.5600,2254528.37
2025-07-08T04:00:00,148.5700,149.7200,148.1100,149.5800,1378463.75
2025-07-08T08:00:00,149.5700,151.5800,149.4400,151.1900,2569318.69
2025-07-08T12:00:00,151.1900,152.8300,149.6900,149.7900,4198861.76
2025-07-08T16:00:00,149.7800,152.7700,149.3700,151.5800,3901414.90
2025-07-08T20:00:00,151.5800,151.8500,149.8900,151.5900,1934091.69
2025-07-09T00:00:00,151.5900,152.2900,151.0000,151.2000,1810162.01
2025-07-09T04:00:00,151.2100,153.8500,150.4400,152.9400,2866054.29
2025-07-09T08:00:00,152.9400,154.4600,152.2300,153.6400,2078671.95
2025-07-09T12:00:00,153.6500,155.4800,152.8000,153.9100,5441547.19
2025-07-09T16:00:00,153.9200,157.8000,153.1500,157.2200,5228187.96
2025-07-09T20:00:00,157.2300,157.9000,155.3900,156.9900,3501564.58
2025-07-10T00:00:00,157.0000,159.3300,155.8800,157.2800,2702630.80
2025-07-10T04:00:00,157.2800,158.5800,156.5800,157.8200,2169137.41
2025-07-10T08:00:00,157.8200,159.1100,157.1100,157.5500,2220277.48
2025-07-10T12:00:00,157.5600,158.3100,155.5000,156.3800,3588867.88
2025-07-10T16:00:00,156.3800,161.2000,156.0700,159.2600,6281843.31
2025-07-10T20:00:00,159.2500,165.3600,159.1400,164.2900,6284337.67
2025-07-11T00:00:00,164.3000,165.3200,161.8900,165.1100,3413565.94
2025-07-11T04:00:00,165.1100,166.7300,163.0400,163.2100,4738544.06
2025-07-11T08:00:00,163.2000,165.3000,163.2000,163.8100,2919261.53
2025-07-11T12:00:00,163.8100,168.1800,161.7700,162.2600,9192230.31
2025-07-11T16:00:00,162.2700,164.9700,161.1700,164.5200,4808544.62
2025-07-11T20:00:00,164.5200,164.8100,159.4900,162.8700,3904160.77
2025-07-12T00:00:00,162.8700,163.8700,161.6400,163.4100,1964437.56
2025-07-12T04:00:00,163.4200,163.7700,161.9600,163.1600,1598232.32
2025-07-12T08:00:00,163.1500,163.3800,161.3000,161.5600,1849609.49
2025-07-12T12:00:00,161.5500,161.7400,157.6600,158.0600,5206616.78
2025-07-12T16:00:00,158.0600,160.7200,157.8300,160.6700,2247140.91
2025-07-12T20:00:00,160.6800,160.9000,158.8700,160.6300,1227385.96
2025-07-13T00:00:00,160.6400,161.7600,160.1200,161.1500,1409115.36
2025-07-13T04:00:00,161.1500,162.7000,160.9700,162.5700,1422712.83
2025-07-13T08:00:00,162.5700,162.6800,161.5000,161.9900,1380812.88
2025-07-13T12:00:00,161.9800,164.1200,161.7000,161.9400,3120203.50
2025-07-13T16:00:00,161.9500,163.4900,160.5000,162.4600,2550058.25
2025-07-13T20:00:00,162.4500,163.0200,159.5500,161.0400,2405834.14
2025-07-14T00:00:00,161.0500,168.2700,160.5300,167.0800,4516194.99
2025-07-14T04:00:00,167.0700,169.7600,165.2800,167.2100,5500615.30
2025-07-14T08:00:00,167.2200,168.1100,166.0000,166.5100,3232679.04
2025-07-14T12:00:00,166.5000,168.6400,163.0000,163.9100,5672607.71
2025-07-14T16:00:00,163.9000,165.2900,162.3700,164.2200,3533187.83
2025-07-14T20:00:00,164.2200,164.2200,161.5700,162.1300,2029393.50
2025-07-15T00:00:00,162.1200,162.8200,158.0400,159.0600,4619582.81
2025-07-15T04:00:00,159.0600,160.7900,158.1900,159.4600,2577911.86
2025-07-15T08:00:00,159.4600,160.0900,158.3100,159.7900,2067169.87
2025-07-15T12:00:00,159.7800,162.1300,157.1100,160.4000,6841625.54
2025-07-15T16:00:00,160.3900,163.6600,159.8600,160.1400,4654941.92
2025-07-15T20:00:00,160.1300,164.2600,159.6200,163.9900,2328637.29
2025-07-16T00:00:00,163.9900,165.2900,161.5000,162.5300,2953210.41
2025-07-16T04:00:00,162.5200,164.6500,161.7500,164.0200,2090633.56
2025-07-16T08:00:00,164.0200,167.5900,163.8000,166.6600,5211432.35
2025-07-16T12:00:00,166.6700,168.8200,165.3400,168.4200,6589514.26
2025-07-16T16:00:00,168.4100,174.7400,168.3300,174.1300,9032944.22
2025-07-16T20:00:00,174.1300,176.0000,172.4000,173.6400,4774347.00
2025-07-17T00:00:00,173.6500,174.9100,168.7100,169.5500,4672278.73
2025-07-17T04:00:00,169.5400,174.1200,169.2500,173.9900,4467380.49
2025-07-17T08:00:00,173.9900,178.1700,172.6200,176.1400,6269795.02
2025-07-17T12:00:00,176.1400,177.5600,172.6700,174.0900,6800025.90
2025-07-17T16:00:00,174.0800,175.3600,171.1500,173.0000,4580603.49
2025-07-17T20:00:00,173.0100,177.4000,171.2800,175.8200,5317174.93
2025-07-18T00:00:00,175.8100,181.2500,175.2200,180.8300,6342632.97
2025-07-18T04:00:00,180.8300,185.0000,179.8900,181.1400,7655656.64
2025-07-18T08:00:00,181.1400,182.1900,177.0000,178.5200,4768031.08
2025-07-18T12:00:00,178.5300,182.0600,174.8700,177.0000,7487591.15
2025-07-18T16:00:00,176.9900,179.1000,176.1200,176.9200,3661206.92
2025-07-18T20:00:00,176.9300,177.5000,173.1360,177.2100,3992414.44
2025-07-19T00:00:00,177.2200,177.7200,173.9400,177.4400,2341329.07
2025-07-19T04:00:00,177.4500,177.7900,176.1000,176.9800,1818018.95
2025-07-19T08:00:00,176.9800,177.7900,175.3500,176.5800,1707652.31
2025-07-19T12:00:00,176.5700,177.8700,174.7300,177.3700,3094580.90
2025-07-19T16:00:00,177.3700,178.1000,176.1100,177.0400,2272064.08
2025-07-19T20:00:00,177.0400,178.6200,175.0500,176.9300,3503830.91
2025-07-20T00:00:00,176.9300,179.7800,176.3000,177.9300,9624030.17
2025-07-20T04:00:00,177.9300,178.6500,176.9000,177.9100,1948597.84
2025-07-20T08:00:00,177.9100,181.5800,177.9100,180.4300,3754064.22
2025-07-20T12:00:00,180.4300,183.1700,179.9400,181.9200,5064878.34
2025-07-20T16:00:00,181.9300,183.6700,180.1300,181.9500,4409535.29
2025-07-20T20:00:00,181.9400,182.3600,177.6100,181.4200,3922390.74
2025-07-21T00:00:00,181.4200,187.1100,178.1800,186.7200,6543569.80
2025-07-21T04:00:00,186.7100,191.1000,185.0700,190.1000,5712215.74
2025-07-21T08:00:00,190.0900,193.2700,189.6800,191.5800,6497959.41
2025-07-21T12:00:00,191.5800,199.4800,190.3200,196.8800,10029135.28
2025-07-21T16:00:00,196.8900,197.4200,193.0000,194.6900,7782155.98
2025-07-21T20:00:00,194.6900,197.8800,193.6500,195.7500,3553096.28
2025-07-22T00:00:00,195.7500,204.7600,193.7400,200.1100,13345377.31
2025-07-22T04:00:00,200.1100,201.2900,194.1000,198.1000,8668119.57
2025-07-22T08:00:00,198.1000,200.2800,194.0300,199.9500,6571580.67
2025-07-22T12:00:00,199.9400,205.1700,196.8900,201.8600,12347650.35
2025-07-22T16:00:00,201.8500,204.3500,198.4000,198.9300,6626552.94
2025-07-22T20:00:00,198.9400,206.4400,198.4100,205.7800,4045745.71
2025-07-23T00:00:00,205.7900,205.8600,201.0400,201.5200,3973712.33
2025-07-23T04:00:00,201.5100,202.3500,198.8900,199.5000,3290760.96
2025-07-23T08:00:00,199.5000,200.0800,196.0000,197.4400,4019381.23
2025-07-23T12:00:00,197.4500,197.6200,187.6100,192.7200,13050161.42
2025-07-23T16:00:00,192.7300,192.7400,186.0000,188.0600,7309967.46
2025-07-23T20:00:00,188.0700,190.0700,184.0000,189.4000,5689755.24
2025-07-24T00:00:00,189.4000,191.8700,188.4900,189.8700,3200627.40
2025-07-24T04:00:00,189.8700,190.1400,179.2000,184.1500,10703871.33
2025-07-24T08:00:00,184.1500,186.9400,182.9200,186.3800,5424690.28
2025-07-24T12:00:00,186.3700,191.7000,183.3400,188.4700,7879903.74
2025-07-24T16:00:00,188.4800,190.0000,184.7700,187.9400,4985067.61
2025-07-24T20:00:00,187.9300,189.0200,181.9200,182.8000,3765860.11
2025-07-25T00:00:00,182.8100,183.4800,175.5000,177.6400,7496276.01
2025-07-25T04:00:00,177.6300,179.7000,175.8000,177.4300,5337220.66
2025-07-25T08:00:00,177.4400,182.0300,176.7500,181.0300,5091459.76
2025-07-25T12:00:00,181.0200,181.8400,176.1400,178.1300,6394387.61
2025-07-25T16:00:00,178.1300,182.8300,177.3900,182.1200,3800509.13
2025-07-25T20:00:00,182.1200,186.7900,182.0200,186.6900,2571938.46
2025-07-26T00:00:00,186.6900,186.9000,184.4400,185.9600,2128665.64
2025-07-26T04:00:00,185.9600,187.1400,185.6000,186.4100,1186495.24
2025-07-26T08:00:00,186.4100,189.7500,186.4100,187.6900,3295328.76
2025-07-26T12:00:00,187.6900,188.4400,185.9600,187.5000,2452557.04
2025-07-26T16:00:00,187.5000,187.7700,184.9900,186.3800,2057246.74
2025-07-26T20:00:00,186.3800,186.7500,184.1900,184.8200,1699960.32
2025-07-27T00:00:00,184.8200,187.6000,184.4700,187.1400,1693205.58
2025-07-27T04:00:00,187.1500,188.3000,186.5300,187.1500,1601750.71
2025-07-27T08:00:00,187.1500,188.5300,186.1100,186.9400,2174609.76
2025-07-27T12:00:00,186.9500,187.3000,184.8000,186.3800,2352921.04
2025-07-27T16:00:00,186.3800,189.7000,185.8700,186.8900,3944361.47
2025-07-27T20:00:00,186.8900,190.6700,186.2700,188.5500,2729995.47
2025-07-28T00:00:00,188.5600,193.7900,187.5500,193.2900,4464745.12
2025-07-28T04:00:00,193.2900,195.3200,191.5600,192.2900,3801510.27
2025-07-28T08:00:00,192.2900,193.3100,190.6000,191.9600,2364388.41
2025-07-28T12:00:00,191.9600,193.4900,186.4800,187.1400,6528034.26
2025-07-28T16:00:00,187.1300,187.9500,183.3600,185.2000,5451678.00
2025-07-28T20:00:00,185.2100,185.4900,182.0600,183.0300,3330102.82
2025-07-29T00:00:00,183.0300,184.6600,180.5000,184.2700,3828230.43
2025-07-29T04:00:00,184.2700,186.5000,183.1300,185.9600,2617524.62
2025-07-29T08:00:00,185.9600,186.4400,182.1600,182.8300,2487943.54
2025-07-29T12:00:00,182.8400,184.9300,179.1000,180.7100,5930677.30
2025-07-29T16:00:00,180.7000,182.3300,178.1800,181.0000,4002943.32
2025-07-29T20:00:00,180.9900,181.9000,179.2000,181.3900,2133501.07
2025-07-30T00:00:00,181.3800,182.2900,178.7100,181.6000,2369496.52
2025-07-30T04:00:00,181.6000,182.4800,179.2300,180.7400,2396470.92
2025-07-30T08:00:00,180.7400,181.4400,176.3100,177.2100,4235567.10
2025-07-30T12:00:00,177.2000,180.5000,176.5600,179.1200,4404392.30
2025-07-30T16:00:00,179.1100,180.0900,170.0000,176.0300,7617226.57
2025-07-30T20:00:00,176.0300,178.0000,174.6700,177.6800,2685025.70
2025-07-31T00:00:00,177.6700,180.4700,177.5200,180.2300,1993411.91
2025-07-31T04:00:00,180.2200,181.5500,179.6900,181.1500,1662801.61
2025-07-31T08:00:00,181.1600,182.6600,180.1300,180.6600,2239364.42
2025-07-31T12:00:00,180.6600,180.8300,175.1400,177.2100,5963694.14
2025-07-31T16:00:00,177.2200,179.7000,174.6600,175.2200,4469528.22
2025-07-31T20:00:00,175.2200,175.6600,171.3600,172.1500,4472469.06
2025-08-01T00:00:00,172.1500,172.1900,167.2400,171.0200,6518611.59
2025-08-01T04:00:00,171.0300,171.0300,167.8600,169.3300,3899370.00
2025-08-01T08:00:00,169.3300,169.3300,166.0000,169.1000,4472684.41
2025-08-01T12:00:00,169.1000,170.2800,164.4200,168.5000,7708660.38
2025-08-01T16:00:00,168.5000,169.7000,164.9000,166.4100,5409268.03
2025-08-01T20:00:00,166.4000,166.7800,159.0200,162.6100,6951646.32
2025-08-02T00:00:00,162.6100,164.9500,162.4500,164.3100,2037891.55
2025-08-02T04:00:00,164.3000,165.1900,161.7300,164.3700,2356287.55
2025-08-02T08:00:00,164.3700,165.0300,162.1300,164.4000,2600398.67
2025-08-02T12:00:00,164.3900,164.8800,160.9500,161.4500,2812795.75
2025-08-02T16:00:00,161.4500,162.1300,155.7200,157.3400,7505974.14
2025-08-02T20:00:00,157.3400,159.7000,156.9100,158.4000,2971993.23
2025-08-03T00:00:00,158.4000,160.9800,156.1700,160.7400,2936444.79
2025-08-03T04:00:00,160.7400,161.4900,159.9000,161.2500,1393117.40
2025-08-03T08:00:00,161.2600,162.7800,160.5800,161.3700,1874271.98
2025-08-03T12:00:00,161.3700,162.2500,160.2700,162.0100,2544521.36
2025-08-03T16:00:00,162.0100,162.6500,161.0300,161.5200,1906324.76
2025-08-03T20:00:00,161.5300,163.0700,160.6300,161.8400,2137135.17
2025-08-04T00:00:00,161.8500,164.8600,161.3100,162.8800,2884742.85
2025-08-04T04:00:00,162.8800,163.3500,161.1600,162.9500,2103166.83
2025-08-04T08:00:00,162.9600,163.9900,161.5400,162.2700,2253008.70
2025-08-04T12:00:00,162.2800,166.8100,162.0400,165.3900,5496263.44
2025-08-04T16:00:00,165.3800,169.7300,164.9200,165.5500,4779638.03
2025-08-04T20:00:00,165.5600,169.7000,165.2100,169.4600,3304796.81
2025-08-05T00:00:00,169.4700,169.9400,167.4900,167.8400,2669711.07
2025-08-05T04:00:00,167.8500,169.1900,165.7000,166.1200,2646410.46
2025-08-05T08:00:00,166.1100,171.6600,165.5500,170.8100,3716416.50
2025-08-05T12:00:00,170.8200,170.9700,162.9000,163.6800,8510641.07
2025-08-05T16:00:00,163.6700,164.8400,162.1600,162.6600,2990339.01
2025-08-05T20:00:00,162.6500,164.4300,161.1700,163.9900,2132929.71
2025-08-06T00:00:00,163.9900,164.0600,161.0400,161.7600,2023829.17
2025-08-06T04:00:00,161.7600,164.7100,161.1500,164.1600,2300557.88
2025-08-06T08:00:00,164.1600,164.5600,162.6300,164.1000,2140187.87
2025-08-06T12:00:00,164.1000,169.4700,162.5000,168.9600,6131613.82
2025-08-06T16:00:00,168.9600,169.8800,167.0800,168.7300,3306477.86
2025-08-06T20:00:00,168.7400,168.7900,167.2500,168.0300,1175195.82
2025-08-07T00:00:00,168.0400,168.9500,166.6100,166.8000,1951002.40
2025-08-07T04:00:00,166.8100,170.3700,166.6900,169.9200,2124167.67
2025-08-07T08:00:00,169.9100,173.4300,169.0000,172.7500,4730852.33
2025-08-07T12:00:00,172.7600,173.1200,169.6000,170.3800,4526509.74
2025-08-07T16:00:00,170.3900,171.8200,166.9300,171.6600,3950981.17
2025-08-07T20:00:00,171.6600,175.4500,171.4400,175.2600,3306410.01
2025-08-08T00:00:00,175.2700,175.8800,173.3600,174.6300,4162336.51
2025-08-08T04:00:00,174.6300,177.7700,173.7600,177.0500,2552255.44
2025-08-08T08:00:00,177.0400,177.9100,174.7800,177.5600,2955868.64
2025-08-08T12:00:00,177.5600,179.0400,174.1200,175.1500,6295036.40
2025-08-08T16:00:00,175.1500,179.6100,175.1300,178.4200,4673004.50
2025-08-08T20:00:00,178.4100,178.7000,176.5100,176.7000,1605009.54
2025-08-09T00:00:00,176.6900,178.9600,176.5300,177.1600,1628724.86
2025-08-09T04:00:00,177.1600,182.1000,176.8200,180.5400,4759407.03
2025-08-09T08:00:00,180.5400,183.2600,180.3100,180.6900,3217553.26
2025-08-09T12:00:00,180.6900,182.4100,178.7900,180.0100,3688683.40
2025-08-09T16:00:00,180.0100,182.6500,179.3500,182.0600,2392828.80
2025-08-09T20:00:00,182.0700,183.4900,179.6100,179.8500,3100978.23
2025-08-10T00:00:00,179.8600,185.9500,179.7300,184.9000,5087007.80
2025-08-10T04:00:00,184.9100,186.1300,177.6900,178.8600,5437285.45
2025-08-10T08:00:00,178.8700,180.9800,177.4200,179.9000,3555390.49
2025-08-10T12:00:00,179.9000,182.3400,178.4400,181.4600,3398340.82
2025-08-10T16:00:00,181.4600,183.3100,181.1400,182.7300,1864408.79
2025-08-10T20:00:00,182.7300,183.8600,181.2000,182.5900,3508796.10
2025-08-11T00:00:00,182.5800,185.7300,181.1600,185.0900,4678159.99
2025-08-11T04:00:00,185.0900,186.7600,182.7210,182.9200,3559982.94
2025-08-11T08:00:00,182.9200,184.6300,178.2300,178.9900,5235937.22
2025-08-11T12:00:00,178.9800,180.4500,177.1400,180.1100,6775827.31
2025-08-11T16:00:00,180.1000,181.7000,175.4500,176.5400,5040374.50
2025-08-11T20:00:00,176.5500,176.8000,173.3400,174.7500,3439113.23
2025-08-12T00:00:00,174.7400,176.6700,174.5500,175.4700,2404477.33
2025-08-12T04:00:00,175.4700,176.5700,173.4900,175.8100,2806118.27
2025-08-12T08:00:00,175.8200,176.4100,173.6000,175.1400,2459676.52
2025-08-12T12:00:00,175.1300,182.0000,174.6400,181.6100,8345637.11
2025-08-12T16:00:00,181.6100,191.1000,180.6800,190.6100,9925590.78
2025-08-12T20:00:00,190.6200,193.7900,189.5700,191.7600,5944050.20
2025-08-13T00:00:00,191.7700,199.5900,191.4700,197.7300,9715936.04
2025-08-13T04:00:00,197.7400,200.1500,195.2000,198.7900,6128457.67
2025-08-13T08:00:00,198.7900,202.8100,197.6500,201.0600,6635468.86
2025-08-13T12:00:00,201.0500,205.0700,194.6000,197.4900,15188567.65
2025-08-13T16:00:00,197.4900,202.3000,197.0600,202.1500,6054891.34
2025-08-13T20:00:00,202.1400,203.4100,199.8600,201.5800,3863218.07
2025-08-14T00:00:00,201.5700,209.3600,200.6400,208.1100,8273577.05
2025-08-14T04:00:00,208.1100,210.1000,204.2000,205.8000,8158301.37
2025-08-14T08:00:00,205.7900,205.9900,202.0000,203.7500,6766020.15
2025-08-14T12:00:00,203.7400,205.6400,186.4700,194.8400,24328780.96
2025-08-14T16:00:00,194.8400,195.5000,190.5000,192.8900,6865522.53
2025-08-14T20:00:00,192.8900,193.2100,187.2500,192.3900,5227936.38
2025-08-15T00:00:00,192.4000,195.5800,191.8700,195.0900,3669278.90
2025-08-15T04:00:00,195.0900,197.9800,194.3300,196.8800,3825880.63
2025-08-15T08:00:00,196.8700,197.5400,193.5900,194.2400,3457277.79
2025-08-15T12:00:00,194.2500,196.1000,184.2700,185.4500,11874154.63
2025-08-15T16:00:00,185.4400,186.8300,183.2300,183.8000,6742252.63
2025-08-15T20:00:00,183.8000,188.1800,183.2600,185.6200,3589824.39
2025-08-16T00:00:00,185.6100,188.2500,185.2100,187.0200,2705779.30
2025-08-16T04:00:00,187.0300,189.5300,186.0100,189.0200,2752549.86
2025-08-16T08:00:00,189.0200,189.1600,185.2800,185.6600,3274773.21
2025-08-16T12:00:00,185.6600,189.3900,185.0900,188.7200,3667557.42
2025-08-16T16:00:00,188.7200,189.3100,187.0000,188.5900,1852018.36
2025-08-16T20:00:00,188.6000,190.0000,187.8300,189.5200,1385765.92
2025-08-17T00:00:00,189.5300,191.9000,187.2600,191.5400,3332169.06
2025-08-17T04:00:00,191.5300,193.4400,191.2200,191.7900,2972831.89
2025-08-17T08:00:00,191.8000,193.5700,191.4300,193.4600,3272473.75
2025-08-17T12:00:00,193.4600,195.4200,191.8100,195.3800,3323514.16
2025-08-17T16:00:00,195.3800,195.7500,190.3400,191.1300,4180484.49
2025-08-17T20:00:00,191.1200,193.3400,190.7800,190.9200,2205638.45
2025-08-18T00:00:00,190.9200,191.2600,181.7100,182.5600,7726678.34
2025-08-18T04:00:00,182.5700,183.3900,180.1200,180.5400,5454053.12
2025-08-18T08:00:00,180.5300,181.9000,179.8400,181.2400,3438177.86
2025-08-18T12:00:00,181.2400,183.2300,180.3900,182.9800,4731013.29
2025-08-18T16:00:00,182.9900,185.6000,181.6600,183.0800,4292453.73
2025-08-18T20:00:00,183.0800,184.9000,181.9700,182.8400,2516069.52
2025-08-19T00:00:00,182.8400,185.7900,178.0700,178.4700,5290414.55
2025-08-19T04:00:00,178.4600,180.5000,177.2500,180.0400,3573413.46
2025-08-19T08:00:00,180.0500,182.7700,179.0000,182.5700,2775602.06
2025-08-19T12:00:00,182.5700,183.3700,177.3200,177.9000,7427084.12
2025-08-19T16:00:00,177.9000,178.7300,175.5700,176.6400,5230882.41
2025-08-19T20:00:00,176.6500,179.4400,175.7600,176.1300,2938377.69
2025-08-20T00:00:00,176.1200,181.4000,175.9200,180.4200,4286724.28
2025-08-20T04:00:00,180.4200,181.7200,179.7500,180.4500,2208230.67
2025-08-20T08:00:00,180.4600,182.2300,178.2500,180.2100,3496556.17
2025-08-20T12:00:00,180.2000,185.0000,177.4400,182.9500,8708446.45
2025-08-20T16:00:00,182.9400,187.9000,182.5000,187.5300,6378451.14
2025-08-20T20:00:00,187.5200,187.9100,185.7500,187.9000,2997682.60
2025-08-21T00:00:00,187.8900,190.0800,185.4500,188.3600,5667729.49
2025-08-21T04:00:00,188.3500,188.6400,185.8000,186.9300,3008433.32
2025-08-21T08:00:00,186.9300,186.9800,183.3600,183.9500,3672321.22
2025-08-21T12:00:00,183.9400,186.3600,181.3500,181.5700,7021626.50
2025-08-21T16:00:00,181.5800,182.8100,179.8200,180.0600,4877556.74
2025-08-21T20:00:00,180.0600,181.8100,179.3300,180.2500,2430452.11
2025-08-22T00:00:00,180.2400,183.4600,179.9000,181.6700,3089031.77
2025-08-22T04:00:00,181.6700,184.2900,181.6500,183.8800,2484616.66
2025-08-22T08:00:00,183.8800,185.0000,179.5000,179.5400,3477485.93
2025-08-22T12:00:00,179.5500,195.3900,177.1400,193.4500,20411381.17
2025-08-22T16:00:00,193.4600,199.7400,193.4500,198.9600,9319401.82
2025-08-22T20:00:00,198.9700,202.5000,198.3700,200.6800,5340502.43
2025-08-23T00:00:00,200.6800,200.8300,195.3100,198.1900,4822361.83
2025-08-23T04:00:00,198.2000,208.8200,198.1200,205.2900,9663442.65
2025-08-23T08:00:00,205.3000,205.7600,201.6400,202.0800,4940065.75
2025-08-23T12:00:00,202.0900,203.9100,200.6500,202.6900,4863042.98
2025-08-23T16:00:00,202.6800,204.6600,202.2200,204.1700,2339458.72
2025-08-23T20:00:00,204.1700,205.0000,202.8900,204.2100,1701223.08
2025-08-24T00:00:00,204.2200,212.2200,204.2100,209.2100,7663316.85
2025-08-24T04:00:00,209.2000,210.9000,206.7200,206.7900,4813999.62
2025-08-24T08:00:00,206.7900,209.1600,203.4800,204.6200,5531417.65
2025-08-24T12:00:00,204.6300,209.4800,203.6700,205.7400,5940118.98
2025-08-24T16:00:00,205.7300,212.1000,201.3700,205.1100,11295921.60
2025-08-24T20:00:00,205.1100,207.2800,201.0100,206.0900,7601206.52
2025-08-25T00:00:00,206.0900,213.6600,202.3200,209.3700,10056518.19
2025-08-25T04:00:00,209.3700,209.8200,198.5000,199.8600,10388446.85
2025-08-25T08:00:00,199.8600,200.8800,195.0000,197.5400,8900968.32
2025-08-25T12:00:00,197.5300,199.4400,195.5400,196.4900,8367438.70
2025-08-25T16:00:00,196.5000,198.3000,190.9200,191.4200,6566476.26
2025-08-25T20:00:00,191.4200,192.0600,185.1200,187.0900,8931057.18
2025-08-26T00:00:00,187.0800,189.2200,185.4400,186.8400,5285698.16
2025-08-26T04:00:00,186.8400,189.8500,186.8400,188.8100,3734313.44
2025-08-26T08:00:00,188.8000,190.2600,186.5400,187.8700,3453898.31
2025-08-26T12:00:00,187.8800,192.4700,187.0600,190.6800,9092573.71
2025-08-26T16:00:00,190.6800,197.5500,190.5000,197.3700,5157203.37
2025-08-26T20:00:00,197.3600,198.0700,195.3100,195.7700,3313662.96
2025-08-27T00:00:00,195.7800,202.8800,193.7100,201.9100,6275840.41
2025-08-27T04:00:00,201.9000,205.8600,200.7300,202.3700,7449298.74
2025-08-27T08:00:00,202.3800,205.3700,201.4900,204.9500,4861373.99
2025-08-27T12:00:00,204.9400,209.4300,202.4800,208.6000,9230917.84
2025-08-27T16:00:00,208.6100,212.1100,205.9500,206.3800,8238391.94
2025-08-27T20:00:00,206.3800,209.4200,202.5000,202.9400,11243272.50
2025-08-28T00:00:00,202.9400,208.2800,201.6600,208.0700,5626600.66
2025-08-28T04:00:00,208.0700,213.3600,207.3900,213.0400,7686702.24
2025-08-28T08:00:00,213.0300,216.4900,211.3400,213.0700,7697607.65
2025-08-28T12:00:00,213.0800,216.8700,210.1000,210.9900,12189897.96
2025-08-28T16:00:00,210.9900,213.9100,207.0300,209.8800,8219044.06
2025-08-28T20:00:00,209.8800,215.7300,209.5600,214.2900,4494568.16
2025-08-29T00:00:00,214.3000,217.9500,212.0000,216.7700,7769652.72
2025-08-29T04:00:00,216.7600,217.8600,207.7300,208.7300,9926031.01
2025-08-29T08:00:00,208.7300,209.9600,205.2400,207.5500,8379348.30
2025-08-29T12:00:00,207.5500,215.0000,203.6700,204.3300,15496186.27
2025-08-29T16:00:00,204.3400,205.4000,201.2200,202.8700,8212949.94
2025-08-29T20:00:00,202.8700,205.4200,199.7400,204.9800,5268544.12
2025-08-30T00:00:00,204.9700,206.5700,200.6000,205.5200,5396714.53
2025-08-30T04:00:00,205.5200,206.9900,204.3000,205.0000,3509025.82
2025-08-30T08:00:00,205.0000,205.4600,201.5300,202.5200,3723016.54
2025-08-30T12:00:00,202.5200,202.6100,197.4300,200.9400,6381014.86
2025-08-30T16:00:00,200.9500,201.5100,199.6400,201.1600,2370504.74
2025-08-30T20:00:00,201.1600,203.2100,199.6200,202.5900,2068069.07
2025-08-31T00:00:00,202.5900,206.6400,202.5800,205.4800,4436602.18
2025-08-31T04:00:00,205.4800,205.5700,202.6600,203.4400,2540429.87
2025-08-31T08:00:00,203.4400,205.7700,202.0600,203.5500,3178529.23
2025-08-31T12:00:00,203.5600,204.8000,201.3900,204.4800,3684150.02
2025-08-31T16:00:00,204.4900,205.9700,203.5900,204.5300,2590887.42
2025-08-31T20:00:00,204.5300,205.7200,200.2000,200.5700,3089630.17
2025-09-01T00:00:00,200.5700,202.4300,195.8100,198.3000,7848228.50
2025-09-01T04:00:00,198.3000,202.8500,196.5500,202.8400,5266187.51
2025-09-01T08:00:00,202.8300,204.4500,198.2300,199.2900,5548932.59
2025-09-01T12:00:00,199.3000,201.0800,197.5500,198.2600,3803786.50
2025-09-01T16:00:00,198.2500,200.0900,197.2000,200.0800,2758253.03
2025-09-01T20:00:00,200.0800,200.1000,194.0600,197.2200,5748985.94
2025-09-02T00:00:00,197.2100,203.3000,196.6700,201.7800,5058166.91
2025-09-02T04:00:00,201.7900,204.3700,201.3300,202.0300,3965693.28
2025-09-02T08:00:00,202.0300,204.3600,201.6000,201.9000,3637742.40
2025-09-02T12:00:00,201.9000,205.0600,197.2500,200.2000,12267267.48
2025-09-02T16:00:00,200.1900,206.9900,199.3700,205.4400,7253600.52
2025-09-02T20:00:00,205.4400,209.5900,204.8200,209.5400,4291923.88
2025-09-03T00:00:00,209.5400,211.9100,207.2900,209.9400,6187919.22
2025-09-03T04:00:00,209.9300,210.3900,207.8400,209.2500,3107736.79
2025-09-03T08:00:00,209.2500,211.2600,208.0300,210.2500,3939931.98
2025-09-03T12:00:00,210.2600,212.9500,208.6800,211.2700,7018279.67
2025-09-03T16:00:00,211.2600,211.8800,208.7200,210.2900,3092875.69
2025-09-03T20:00:00,210.2900,210.8600,208.2800,210.6500,2033112.01
2025-09-04T00:00:00,210.6500,211.8700,207.3600,208.1000,3430198.84
2025-09-04T04:00:00,208.0900,208.4500,205.5600,206.5500,3374051.91
2025-09-04T08:00:00,206.5600,208.6900,206.4700,207.1200,2522833.38
2025-09-04T12:00:00,207.1200,208.4100,203.2800,203.7100,6328381.89
2025-09-04T16:00:00,203.6800,205.0800,201.7000,202.0300,3613024.75
2025-09-04T20:00:00,202.0200,204.7800,201.8000,202.2300,2954539.14
2025-09-05T00:00:00,202.2200,203.9900,200.8000,203.4600,2963343.70
2025-09-05T04:00:00,203.4700,208.3600,202.9200,207.7700,3908984.01
2025-09-05T08:00:00,207.7700,207.8800,204.4300,206.5500,3850874.96
2025-09-05T12:00:00,206.5500,209.9500,201.5000,203.4300,13031945.74
2025-09-05T16:00:00,203.4400,205.4800,201.8100,205.3600,3634720.78
2025-09-05T20:00:00,205.3600,205.6500,202.6000,203.3000,2318085.47
2025-09-06T00:00:00,203.2900,204.6000,203.0500,203.9800,1198951.72
2025-09-06T04:00:00,203.9900,203.9900,202.0200,202.9200,1427735.05
2025-09-06T08:00:00,202.9200,203.4800,201.8000,202.2900,1365553.28
2025-09-06T12:00:00,202.3000,202.7900,200.8200,201.1500,1981589.21
2025-09-06T16:00:00,201.1500,202.2700,199.1300,199.6500,3163880.68
2025-09-06T20:00:00,199.6400,201.1300,199.6100,200.0600,1557878.22
2025-09-07T00:00:00,200.0600,203.1700,200.0000,202.7600,2192723.44
2025-09-07T04:00:00,202.7600,203.2300,202.1400,202.9000,1149841.11
2025-09-07T08:00:00,202.9000,203.9000,202.6500,203.8700,1730195.26
2025-09-07T12:00:00,203.8700,205.4500,203.0000,205.0900,2193115.19
2025-09-07T16:00:00,205.0800,205.4100,201.3600,202.9800,3090562.48
2025-09-07T20:00:00,202.9800,207.9300,202.5000,206.2900,4119007.60
2025-09-08T00:00:00,206.2800,208.9500,205.5300,207.5600,3441384.06
2025-09-08T04:00:00,207.5600,208.8300,206.5400,207.8500,2889497.69
2025-09-08T08:00:00,207.8500,215.7800,207.3100,214.2100,8703367.76
2025-09-08T12:00:00,214.2200,216.6300,212.9200,214.9700,6506432.73
2025-09-08T16:00:00,214.9700,216.9700,213.7700,216.0300,5094619.17
2025-09-08T20:00:00,216.0300,216.1200,213.4200,214.0200,2470795.73
2025-09-09T00:00:00,214.0200,214.8300,210.8000,214.5200,4120823.94
2025-09-09T04:00:00,214.5300,219.7400,213.8700,219.2000,6375836.67
2025-09-09T08:00:00,219.2000,219.4700,216.9000,217.1900,2927985.06
2025-09-09T12:00:00,217.1900,218.4700,211.6600,212.9800,8993490.13
2025-09-09T16:00:00,212.9800,216.9200,212.9000,216.2600,3866701.31
2025-09-09T20:00:00,216.2500,217.7000,214.8800,217.1100,2480412.91
2025-09-10T00:00:00,217.1100,219.5800,215.0200,219.1300,4415527.56
2025-09-10T04:00:00,219.1300,222.8700,217.7400,222.1500,5090672.88
2025-09-10T08:00:00,222.1400,222.4000,218.7200,220.1500,4540617.62
2025-09-10T12:00:00,220.1400,225.9500,219.6300,223.0500,9605994.84
2025-09-10T16:00:00,223.0400,224.1000,220.4200,221.1400,3728388.08
2025-09-10T20:00:00,221.1400,224.5900,220.8300,223.9400,2066075.77
2025-09-11T00:00:00,223.9400,225.4700,222.8000,224.0400,3043857.50
2025-09-11T04:00:00,224.0500,224.1700,221.5900,223.0800,3301784.40
2025-09-11T08:00:00,223.0900,225.7500,222.1700,224.9400,3863099.23
2025-09-11T12:00:00,224.9300,229.0000,222.0000,226.6900,11059029.22
2025-09-11T16:00:00,226.6900,228.2900,225.1500,226.5100,3800886.40
2025-09-11T20:00:00,226.5100,228.8500,225.3200,228.6200,2685124.35
2025-09-12T00:00:00,228.6100,235.7200,228.0000,234.9500,7259944.87
2025-09-12T04:00:00,234.9600,239.6900,234.0600,237.2400,7177133.25
2025-09-12T08:00:00,237.2400,239.4300,236.5900,239.0300,3646319.58
2025-09-12T12:00:00,239.0300,241.7600,237.4600,239.2000,7310385.27
2025-09-12T16:00:00,239.2100,241.4000,237.8500,240.8700,4567692.78
2025-09-12T20:00:00,240.8600,244.0000,238.2000,242.0700,5299184.04
2025-09-13T00:00:00,242.0700,244.0000,240.5600,243.4900,3682100.17
2025-09-13T04:00:00,243.4900,243.6100,241.1400,242.3400,2198822.56
2025-09-13T08:00:00,242.3500,243.6800,241.1300,241.7900,2463478.52
2025-09-13T12:00:00,241.7900,243.0200,237.6900,239.3800,5111592.12
2025-09-13T16:00:00,239.3800,239.6200,235.5400,238.8400,4346000.13
2025-09-13T20:00:00,238.8300,243.1000,238.7100,242.2500,2292441.25
2025-09-14T00:00:00,242.2400,249.5500,242.0600,246.8100,6011550.74
2025-09-14T04:00:00,246.8000,248.2700,244.3800,246.2600,3310394.38
2025-09-14T08:00:00,246.2600,247.9700,245.4300,245.9900,2387051.27
2025-09-14T12:00:00,245.9900,246.6900,241.4200,243.7000,5468480.31
2025-09-14T16:00:00,243.7000,248.3600,241.9500,242.4000,4609749.50
2025-09-14T20:00:00,242.4000,244.6000,239.0700,239.6300,3811344.89
2025-09-15T00:00:00,239.6200,243.3000,239.0000,242.5100,3248351.83
2025-09-15T04:00:00,242.5100,243.9200,236.0000,237.8700,4589677.61
2025-09-15T08:00:00,237.8700,238.0000,231.5000,236.3300,8891898.81
2025-09-15T12:00:00,236.3200,238.0500,231.8200,232.8800,6996154.99
2025-09-15T16:00:00,232.8800,234.5800,230.0200,232.9000,4678946.04
2025-09-15T20:00:00,232.9000,235.3500,232.6600,234.1800,1883216.36
2025-09-16T00:00:00,234.1900,235.7300,232.7400,234.9900,2616506.38
2025-09-16T04:00:00,234.9900,236.9300,232.8300,235.6800,3070375.39
2025-09-16T08:00:00,235.6800,236.8200,234.6300,235.2900,2001236.74
2025-09-16T12:00:00,235.2800,237.9700,231.1800,237.6600,6148569.87
2025-09-16T16:00:00,237.6600,240.8700,236.1100,237.6900,5942791.05
2025-09-16T20:00:00,237.6900,238.8700,236.3500,236.8600,1658095.10
2025-09-17T00:00:00,236.8600,237.7500,233.7400,233.9900,2939447.30
2025-09-17T04:00:00,233.9900,238.0200,233.0100,237.6300,3309035.59
2025-09-17T08:00:00,237.6200,237.6400,233.5600,234.1000,3030135.56
2025-09-17T12:00:00,234.0900,235.8900,233.4400,233.7900,2760634.65
2025-09-17T16:00:00,233.7900,239.0000,231.5300,238.6200,11490824.92
2025-09-17T20:00:00,238.6200,246.5500,235.8700,244.7500,6829414.88
2025-09-18T00:00:00,244.7400,247.7800,244.0000,246.6200,3799254.40
2025-09-18T04:00:00,246.6200,246.9600,242.4800,244.6500,3370216.49
2025-09-18T08:00:00,244.6500,247.2000,244.2500,245.8400,2852278.14
2025-09-18T12:00:00,245.8400,248.9300,244.8300,248.1200,5468520.82
2025-09-18T16:00:00,248.1100,253.4900,247.2500,248.2500,6791717.45
2025-09-18T20:00:00,248.2400,249.0900,245.7700,247.3400,2397094.37
2025-09-19T00:00:00,247.3500,248.4200,244.5900,244.9300,2542950.05
2025-09-19T04:00:00,244.9300,245.6500,242.7600,243.7000,3444246.46
2025-09-19T08:00:00,243.6900,244.7700,240.1000,240.8400,3218925.18
2025-09-19T12:00:00,240.8400,242.5900,235.6800,237.3700,7189472.71
2025-09-19T16:00:00,237.3700,238.7400,234.9700,235.8500,3703970.22
2025-09-19T20:00:00,235.8500,238.7400,235.8400,238.4000,1818613.04
2025-09-20T00:00:00,238.3900,239.9000,237.2300,237.9600,1834590.38
2025-09-20T04:00:00,237.9600,239.6800,237.6200,239.6400,1307602.42
2025-09-20T08:00:00,239.6300,239.6300,236.7200,238.0300,1571851.70
2025-09-20T12:00:00,238.0300,241.1300,236.9100,240.0000,2160576.15
2025-09-20T16:00:00,240.0000,240.9900,237.8400,238.5100,1777519.82
2025-09-20T20:00:00,238.5100,240.1900,238.3200,239.3800,892167.16
2025-09-21T00:00:00,239.3700,241.7000,238.8300,241.6900,1370138.65
2025-09-21T04:00:00,241.6900,241.7300,239.2900,239.7500,1270131.00
2025-09-21T08:00:00,239.7500,239.9800,236.9900,238.5100,2060208.43
2025-09-21T12:00:00,238.5200,240.1900,237.5400,237.7800,1697483.18
2025-09-21T16:00:00,237.7700,238.2700,235.8900,237.8800,2048940.26
2025-09-21T20:00:00,237.8800,238.0000,235.2200,236.0500,1576733.79
2025-09-22T00:00:00,236.0400,236.8700,230.3800,232.7200,6955310.06
2025-09-22T04:00:00,232.7100,233.0900,212.2900,221.8100,11605386.29
2025-09-22T08:00:00,221.8200,222.6800,219.2200,221.3600,5603691.34
2025-09-22T12:00:00,221.3500,223.9100,219.8200,220.6300,4821919.17
2025-09-22T16:00:00,220.6300,221.4000,215.9800,217.0300,5564112.32
2025-09-22T20:00:00,217.0200,220.9800,216.3400,220.2800,2449650.60
2025-09-23T00:00:00,220.2800,221.2800,212.2800,216.8400,6177494.56
2025-09-23T04:00:00,216.8400,220.2600,213.8700,218.8600,4329774.33
2025-09-23T08:00:00,218.8700,220.7300,217.7500,219.2200,2422179.02
2025-09-23T12:00:00,219.2100,220.5800,216.8600,219.1700,4164918.54
2025-09-23T16:00:00,219.1600,221.6600,214.2200,214.4100,4515276.42
2025-09-23T20:00:00,214.4100,216.6300,213.1000,213.1800,2579769.03
2025-09-24T00:00:00,213.1800,216.3500,207.0000,208.3700,7075635.49
2025-09-24T04:00:00,208.3700,211.3300,204.7300,210.5400,6995202.92
2025-09-24T08:00:00,210.5400,212.5000,209.7000,212.2300,2918373.24
2025-09-24T12:00:00,212.2300,216.1500,211.3300,213.4700,5196481.78
2025-09-24T16:00:00,213.4700,215.3400,212.2700,213.0500,2594372.36
2025-09-24T20:00:00,213.0500,213.1000,210.5900,211.4500,2070852.27
2025-09-25T00:00:00,211.4400,212.3300,205.8400,207.1600,6364834.79
2025-09-25T04:00:00,207.1500,207.4700,202.6000,204.1000,6381641.07
2025-09-25T08:00:00,204.0900,205.8000,200.4700,201.2600,6172744.50
2025-09-25T12:00:00,201.2600,204.0800,196.4000,201.0400,10521498.91
2025-09-25T16:00:00,201.0500,201.9400,193.4300,198.0600,11081749.46
2025-09-25T20:00:00,198.0600,198.6300,191.1200,192.6000,5030877.78
2025-09-26T00:00:00,192.6000,197.4600,192.4400,196.3900,5211997.57
2025-09-26T04:00:00,196.3900,197.3200,193.6400,196.2200,4185231.93
2025-09-26T08:00:00,196.2200,196.9100,190.7200,193.3600,4704736.70
2025-09-26T12:00:00,193.3500,198.1800,192.0300,195.9200,7444105.11
2025-09-26T16:00:00,195.9200,202.4800,195.6900,200.5400,6638086.17
2025-09-26T20:00:00,200.5400,205.3400,199.4100,205.0100,3694843.25
2025-09-27T00:00:00,205.0000,205.3000,203.4700,203.8100,2401642.68
2025-09-27T04:00:00,203.8100,204.0300,201.4100,201.9700,1983658.97
2025-09-27T08:00:00,201.9700,202.1300,199.7700,201.6000,2400936.80
2025-09-27T12:00:00,201.6000,203.6600,200.8500,203.4200,2370951.13
2025-09-27T16:00:00,203.4100,203.5000,200.7500,202.1000,1842179.87
2025-09-27T20:00:00,202.0900,204.8400,201.7900,203.3200,1462571.37
2025-09-28T00:00:00,203.3300,203.9600,200.6600,201.2900,1895795.46
2025-09-28T04:00:00,201.2800,202.3700,200.2600,202.0000,1529151.79
2025-09-28T08:00:00,202.0000,202.6400,199.1300,199.7500,2294659.22
2025-09-28T12:00:00,199.7600,203.4600,197.8500,203.3300,3518931.23
2025-09-28T16:00:00,203.3300,206.5800,203.1300,206.0900,3140075.25
2025-09-28T20:00:00,206.0900,210.8800,205.9200,210.7000,3556735.10
2025-09-29T00:00:00,210.7000,210.7900,208.7100,210.1900,2874093.89
2025-09-29T04:00:00,210.1900,210.6000,207.2600,208.8500,2530900.60
2025-09-29T08:00:00,208.8500,209.6000,205.8900,206.9800,2704176.54
2025-09-29T12:00:00,206.9700,213.4000,204.4600,209.9600,8469985.40
2025-09-29T16:00:00,209.9700,213.3900,207.5100,212.8200,3768757.43
2025-09-29T20:00:00,212.8200,214.6800,212.3100,212.5900,2839415.09
2025-09-30T00:00:00,212.5900,213.5200,209.6300,210.5400,4066890.21
2025-09-30T04:00:00,210.5400,211.5700,208.4000,208.9000,2152186.81
2025-09-30T08:00:00,208.9000,208.9000,205.4400,206.9300,3708501.32
2025-09-30T12:00:00,206.9300,209.5800,204.3900,205.9200,5607712.84
2025-09-30T16:00:00,205.9100,209.1200,204.1700,208.8100,3312045.25
2025-09-30T20:00:00,208.8100,210.8900,207.3100,208.6000,3169471.60
2025-10-01T00:00:00,208.6100,210.8300,206.3100,206.6400,3377744.65
2025-10-01T04:00:00,206.6300,210.2600,206.2600,210.0600,2808176.06
2025-10-01T08:00:00,210.0500,217.8900,209.7500,217.6400,7238078.79
2025-10-01T12:00:00,217.6400,220.5400,217.0500,220.1300,5685020.77
2025-10-01T16:00:00,220.1300,220.8900,217.2600,219.9600,3634136.66
2025-10-01T20:00:00,219.9600,222.6900,218.3400,221.9100,2200574.20
2025-10-02T00:00:00,221.9200,224.9700,219.3800,223.6500,4541895.40
2025-10-02T04:00:00,223.6500,226.8900,222.3000,222.8100,3667998.69
2025-10-02T08:00:00,222.8200,226.5000,222.5600,225.1100,2370464.71
2025-10-02T12:00:00,225.1200,227.3400,222.5300,227.1000,6035972.42
2025-10-02T16:00:00,227.0900,233.6200,226.1100,232.1200,5979842.85
2025-10-02T20:00:00,232.1100,234.9100,230.6700,234.6000,3566802.46
2025-10-03T00:00:00,234.6100,234.7700,230.4000,232.1400,3497635.00
2025-10-03T04:00:00,232.1500,233.1400,227.4200,229.3300,3329051.02
2025-10-03T08:00:00,229.3300,231.7000,227.7500,230.6800,3277575.40
2025-10-03T12:00:00,230.6900,234.8800,227.0000,234.6700,5820606.33
2025-10-03T16:00:00,234.6700,236.8800,227.7200,233.1000,9305538.50
2025-10-03T20:00:00,233.1000,233.9000,230.6200,232.7400,1977876.44
2025-10-04T00:00:00,232.7400,233.9800,227.7600,229.1100,3694837.39
2025-10-04T04:00:00,229.1100,230.4300,228.6300,229.0000,1659803.25
2025-10-04T08:00:00,229.0000,229.8100,228.0800,229.0800,1652144.46
2025-10-04T12:00:00,229.0800,229.7200,224.0000,224.7800,4125015.63
2025-10-04T16:00:00,224.8000,226.9100,224.0600,226.8000,2486617.59
2025-10-04T20:00:00,226.8000,228.1900,226.7800,227.7200,1367233.41
2025-10-05T00:00:00,227.7200,232.1900,226.3800,230.8000,4023079.94
2025-10-05T04:00:00,230.7900,236.9000,230.7900,236.4800,5207528.66
2025-10-05T08:00:00,236.4900,237.2400,230.6200,232.5200,5021556.15
2025-10-05T12:00:00,232.5200,232.5400,228.2100,230.0200,2978931.70
2025-10-05T16:00:00,230.0300,231.3500,226.5800,226.9600,3198652.35
2025-10-05T20:00:00,226.9600,229.1500,226.5700,228.4500,1866761.43
2025-10-06T00:00:00,228.4500,233.1900,227.4000,232.1200,4181635.84
2025-10-06T04:00:00,232.1200,234.7700,230.0500,231.2300,3461973.68
2025-10-06T08:00:00,231.2400,234.0500,231.2400,232.8900,2551575.61
2025-10-06T12:00:00,232.9000,236.6200,232.5500,235.5600,5142604.54
2025-10-06T16:00:00,235.5500,237.7400,233.9500,235.2200,3831992.46
2025-10-06T20:00:00,235.2300,236.0300,231.3200,232.2700,3104576.44
2025-10-07T00:00:00,232.2700,233.8800,230.7900,233.8100,2508011.57
2025-10-07T04:00:00,233.8100,235.1700,229.1300,230.8800,3989728.72
2025-10-07T08:00:00,230.8800,231.5300,228.1000,230.3100,3192612.15
2025-10-07T12:00:00,230.3100,231.5000,221.2700,223.6500,10490585.58
2025-10-07T16:00:00,223.6600,225.1700,220.5000,221.5500,5246825.23
2025-10-07T20:00:00,221.5500,224.1200,219.5700,219.8400,2722094.02
2025-10-08T00:00:00,219.8400,222.6900,217.8200,218.2000,3529744.87
2025-10-08T04:00:00,218.2000,220.8800,217.2000,220.8500,2492236.35
2025-10-08T08:00:00,220.8500,222.5200,220.5100,221.0400,2552172.09
2025-10-08T12:00:00,221.0400,224.0900,218.7200,221.0800,4859882.30
2025-10-08T16:00:00,221.0900,229.6900,220.5700,229.2300,5833381.48
2025-10-08T20:00:00,229.2200,229.6400,227.3500,228.9500,1987158.94
2025-10-09T00:00:00,228.9600,229.6100,223.7600,226.1000,4065203.24
2025-10-09T04:00:00,226.1000,228.6700,224.0400,224.3800,3108497.95
2025-10-09T08:00:00,224.3900,224.7200,219.2500,223.0000,5445302.86
2025-10-09T12:00:00,223.0000,226.2000,218.5600,219.0100,7395903.62
2025-10-09T16:00:00,219.0100,220.0600,216.1700,218.1800,4521853.94
2025-10-09T20:00:00,218.1800,221.5500,217.4600,220.8000,2088081.87
2025-10-10T00:00:00,220.8100,222.7900,219.4200,221.5400,2649939.74
2025-10-10T04:00:00,221.5400,222.7900,217.7700,217.9800,2909747.07
2025-10-10T08:00:00,217.9900,221.4800,217.2400,221.0600,2695137.38
2025-10-10T12:00:00,221.0600,224.3500,208.7400,210.5800,12984140.93
2025-10-10T16:00:00,210.5700,212.8500,203.1400,205.1600,9158093.30
2025-10-10T20:00:00,205.1600,207.6100,141.2800,187.6500,31939402.72
2025-10-11T00:00:00,187.6600,190.6400,182.0000,184.0000,8905621.34
2025-10-11T04:00:00,184.0100,186.2400,179.2100,182.5700,6293516.23
2025-10-11T08:00:00,182.5700,187.8000,181.2100,183.3400,5734659.18
2025-10-11T12:00:00,183.3300,184.8500,180.1800,183.5900,5636790.02
2025-10-11T16:00:00,183.5800,184.5000,176.1800,177.2500,5253563.20
2025-10-11T20:00:00,177.2600,178.4200,172.3200,177.2200,6215260.74
2025-10-12T00:00:00,177.2300,178.3700,172.6000,176.7900,5782752.29
2025-10-12T04:00:00,176.7900,182.8100,176.3200,182.3100,7525497.58
2025-10-12T08:00:00,182.3100,182.5000,180.0500,180.7500,6318107.21
2025-10-12T12:00:00,180.7500,191.6100,178.0200,190.9600,16013386.20
2025-10-12T16:00:00,190.9600,196.3600,190.9600,195.6600,9227821.73
2025-10-12T20:00:00,195.6600,198.8300,192.8600,196.8800,5945694.66
2025-10-13T00:00:00,196.8800,199.8800,194.1200,194.6300,7106023.24
2025-10-13T04:00:00,194.6300,199.4400,192.7500,196.6200,7887020.85
2025-10-13T08:00:00,196.6200,198.5000,190.0000,192.4800,8894494.74
2025-10-13T12:00:00,192.4700,197.6000,191.2100,196.3200,13431487.29
2025-10-13T16:00:00,196.3200,208.6500,196.1200,206.9900,12733869.91
2025-10-13T20:00:00,206.9900,209.2200,206.6800,208.5700,4020932.40
2025-10-14T00:00:00,208.5800,211.2900,204.8500,205.6200,7377870.56
2025-10-14T04:00:00,205.6100,205.7600,192.0000,194.3400,13030106.64
2025-10-14T08:00:00,194.3500,197.4300,190.9500,195.2200,9123770.18
2025-10-14T12:00:00,195.2200,202.5200,191.4000,202.0600,10919570.02
2025-10-14T16:00:00,202.0600,206.4400,196.9300,198.4100,10755111.20
2025-10-14T20:00:00,198.4100,203.3200,198.0200,202.3400,2480056.02
2025-10-15T00:00:00,202.3500,205.7600,200.7900,201.5600,3889469.17
2025-10-15T04:00:00,201.5600,205.3000,200.3700,204.5600,3505202.36
2025-10-15T08:00:00,204.5500,208.8500,201.9100,202.4800,5300180.09
2025-10-15T12:00:00,202.4800,204.8400,196.1100,197.0700,8824311.35
2025-10-15T16:00:00,197.0600,198.6700,194.0700,194.6900,4681112.98
2025-10-15T20:00:00,194.7000,196.5000,191.9100,193.7300,3902296.15
2025-10-16T00:00:00,193.7300,196.1200,193.0300,193.5200,2524903.47
2025-10-16T04:00:00,193.5200,195.4900,191.0800,192.7900,3230575.19
2025-10-16T08:00:00,192.7900,197.0900,184.7700,196.7000,7477696.30
2025-10-16T12:00:00,196.7000,198.3400,186.4300,187.4900,8797401.45
2025-10-16T16:00:00,187.5000,192.2200,183.2500,184.9000,8682227.19
2025-10-16T20:00:00,184.9100,186.0000,181.9300,184.7600,3908515.90
2025-10-17T00:00:00,184.7600,187.4300,184.1700,187.0200,3161023.94
2025-10-17T04:00:00,187.0200,187.3900,177.2600,177.7000,7795468.19
2025-10-17T08:00:00,177.7000,182.6300,174.0000,181.3600,11264903.34
2025-10-17T12:00:00,181.3600,182.7400,176.1600,182.6500,8584467.98
2025-10-17T16:00:00,182.6400,185.3100,181.2900,181.8600,5029810.86
2025-10-17T20:00:00,181.8600,186.0000,181.3500,181.8900,2361310.64
2025-10-18T00:00:00,181.8900,185.4400,181.6600,184.7300,2198653.68
2025-10-18T04:00:00,184.7200,188.2100,183.0100,186.1700,3017192.50
2025-10-18T08:00:00,186.1700,187.0600,184.2700,186.0200,2289496.19
2025-10-18T12:00:00,186.0200,187.2800,183.8700,184.9300,2388861.86
2025-10-18T16:00:00,184.9300,186.3700,183.2300,186.2900,2029262.23
2025-10-18T20:00:00,186.2800,187.7800,185.8100,187.4700,1350859.15
2025-10-19T00:00:00,187.4700,187.7900,184.8000,186.9500,1874583.28
2025-10-19T04:00:00,186.9500,187.6200,185.0700,185.8200,1472489.31
2025-10-19T08:00:00,185.8200,189.9900,183.0600,188.9200,5720822.26
2025-10-19T12:00:00,188.9200,191.6500,188.0400,190.6600,3333558.18
2025-10-19T16:00:00,190.6600,192.1500,188.2400,188.8100,2677046.18
2025-10-19T20:00:00,188.8000,190.0600,186.7700,187.7800,2049258.71
2025-10-20T00:00:00,187.7800,191.7000,183.6800,191.1400,4789229.10
2025-10-20T04:00:00,191.1400,194.4400,190.5200,192.9300,3655148.14
2025-10-20T08:00:00,192.9200,194.1000,190.8900,192.1100,2875433.92
2025-10-20T12:00:00,192.1100,192.9400,190.3100,190.4000,3624672.55
2025-10-20T16:00:00,190.4000,190.4400,185.4800,188.7100,5275933.03
2025-10-20T20:00:00,188.7000,191.0700,188.1300,189.6300,1996264.01
2025-10-21T00:00:00,189.6300,190.1500,185.1500,185.4600,3084258.15
2025-10-21T04:00:00,185.4600,185.5600,182.6500,184.8800,4182829.73
2025-10-21T08:00:00,184.8700,186.6500,183.6400,186.1800,2465443.31
2025-10-21T12:00:00,186.1700,197.1300,183.8400,196.1800,8972418.02
2025-10-21T16:00:00,196.1700,197.6900,192.0100,193.9300,6606890.61
2025-10-21T20:00:00,193.9300,194.1600,185.0100,185.5400,4626353.21
2025-10-22T00:00:00,185.5300,187.3600,184.0300,185.1500,4145234.33
2025-10-22T04:00:00,185.1400,186.2100,183.1300,184.9000,2874570.06
2025-10-22T08:00:00,184.8900,185.8700,181.4400,184.9500,3748682.13
2025-10-22T12:00:00,184.9500,186.9200,181.1300,183.9100,7521300.39
2025-10-22T16:00:00,183.9100,184.9300,177.0000,180.1000,5759885.21
2025-10-22T20:00:00,180.0900,180.6900,176.8500,180.0100,4069799.35
2025-10-23T00:00:00,180.0000,183.2900,179.5400,182.7600,2362646.59
2025-10-23T04:00:00,182.7700,187.9400,182.5700,187.4000,3317747.55
2025-10-23T08:00:00,187.4100,189.4700,187.3800,187.9200,3605447.73
2025-10-23T12:00:00,187.9300,192.5200,186.5000,190.9800,6993195.02
2025-10-23T16:00:00,190.9800,193.4400,189.9900,191.0200,3937539.77
2025-10-23T20:00:00,191.0200,191.4400,188.2000,191.2700,2521415.80
2025-10-24T00:00:00,191.2700,194.0000,190.7500,191.2400,2951264.73
2025-10-24T04:00:00,191.2400,194.5900,190.6900,192.1000,2959671.21
2025-10-24T08:00:00,192.0900,193.3900,190.5000,192.0200,2038099.16
2025-10-24T12:00:00,192.0300,196.8000,188.6700,189.3000,7299370.84
2025-10-24T16:00:00,189.3100,193.5400,188.6600,192.9900,2599326.89
2025-10-24T20:00:00,193.0000,194.1100,192.7100,193.5000,1236858.01
2025-10-25T00:00:00,193.4900,194.4900,192.3500,193.4000,1373896.84
2025-10-25T04:00:00,193.3900,194.8600,193.3500,193.8700,1267415.41
2025-10-25T08:00:00,193.8700,195.1800,191.0000,192.6300,2311049.98
2025-10-25T12:00:00,192.6200,194.1600,191.7000,191.8000,1610378.36
2025-10-25T16:00:00,191.7900,194.5600,191.3300,194.4200,1497298.99
2025-10-25T20:00:00,194.4300,194.8500,193.6500,193.7200,1155857.19
2025-10-26T00:00:00,193.7100,194.2800,191.7500,192.8800,1352213.66
2025-10-26T04:00:00,192.8800,194.2300,192.6300,193.7900,902162.08
2025-10-26T08:00:00,193.8000,197.8400,193.6000,197.6900,3400361.37
2025-10-26T12:00:00,197.6800,199.8300,196.8200,199.4100,3629803.83
2025-10-26T16:00:00,199.4200,199.6000,198.0000,198.8100,1797444.45
2025-10-26T20:00:00,198.8000,202.5500,196.7400,199.9300,3772157.23
2025-10-27T00:00:00,199.9200,205.0200,199.3800,204.2500,3900365.56
2025-10-27T04:00:00,204.2500,205.3000,202.1500,202.4300,2638625.27
2025-10-27T08:00:00,202.4300,202.4800,198.0100,200.0800,3918027.05
2025-10-27T12:00:00,200.0800,200.4900,198.1800,199.9900,3026695.82
2025-10-27T16:00:00,200.0000,203.1900,199.6700,199.9200,3645220.28
2025-10-27T20:00:00,199.9200,200.1300,197.2300,198.6100,2398094.02
2025-10-28T00:00:00,198.6000,201.9800,198.3200,201.2000,3109802.16
2025-10-28T04:00:00,201.2100,202.9400,198.5000,202.2500,3214131.59
2025-10-28T08:00:00,202.2400,203.8900,199.1000,199.6000,3151262.21
2025-10-28T12:00:00,199.5900,202.9500,196.5000,198.7300,8008117.73
2025-10-28T16:00:00,198.7400,201.1900,194.1300,195.2400,5265007.39
2025-10-28T20:00:00,195.2400,195.2500,190.0200,194.0500,6298415.36
2025-10-29T00:00:00,194.0400,195.0000,192.5800,193.8100,2466194.80
2025-10-29T04:00:00,193.8100,195.9900,193.6600,195.5200,1649321.86
2025-10-29T08:00:00,195.5300,199.3000,193.6800,198.6500,3450649.03
2025-10-29T12:00:00,198.6500,201.6600,196.2900,196.7100,6250656.94
2025-10-29T16:00:00,196.7200,198.7100,188.8800,192.6200,12600778.02
2025-10-29T20:00:00,192.6200,196.9800,191.7600,193.8100,3575703.79
2025-10-30T00:00:00,193.8000,198.1000,192.0400,197.0100,3435767.02
2025-10-30T04:00:00,197.0000,197.0800,190.2100,195.6900,7318097.14
2025-10-30T08:00:00,195.6900,196.0500,190.9400,191.7500,3786170.27
2025-10-30T12:00:00,191.7500,191.9600,184.3000,184.9500,9821289.66
2025-10-30T16:00:00,184.9400,186.2000,178.5000,178.9200,7531511.69
2025-10-30T20:00:00,178.9200,184.5900,178.6400,184.5500,4693089.71
2025-10-31T00:00:00,184.5500,186.8000,183.5700,185.0500,3674316.93
2025-10-31T04:00:00,185.0500,186.9500,184.6300,185.2300,2393559.49
2025-10-31T08:00:00,185.2300,189.1900,184.4400,188.8100,3030856.85
2025-10-31T12:00:00,188.8100,190.2600,185.8300,188.0200,5496623.85
2025-10-31T16:00:00,188.0200,188.9600,184.2200,188.3000,5035129.03
2025-10-31T20:00:00,188.3000,188.7600,186.4200,187.1300,1790165.60
2025-11-01T00:00:00,187.1200,187.4000,185.3700,187.1200,1446785.05
2025-11-01T04:00:00,187.1200,187.4700,184.8100,185.7100,1355917.76
2025-11-01T08:00:00,185.7000,186.6600,185.1500,186.0900,1265769.63
2025-11-01T12:00:00,186.1000,186.5500,183.5800,186.2800,2532219.65
2025-11-01T16:00:00,186.2900,187.0000,184.7700,186.1800,1773544.13
2025-11-01T20:00:00,186.1800,186.8700,184.8600,186.2900,1037874.01
2025-11-02T00:00:00,186.2800,186.3000,184.5500,185.1800,1409308.89
2025-11-02T04:00:00,185.1800,188.2700,184.9100,187.6400,2232407.39
2025-11-02T08:00:00,187.6400,187.8500,184.2900,186.0400,2790703.09
2025-11-02T12:00:00,186.0400,186.4100,183.2600,183.6700,2539872.33
2025-11-02T16:00:00,183.6700,184.5600,181.9100,183.9300,2563306.57
2025-11-02T20:00:00,183.9200,188.0300,183.4800,187.6500,1947819.41
2025-11-03T00:00:00,187.6400,189.1000,176.5000,177.4200,7242605.25
2025-11-03T04:00:00,177.4200,178.6200,174.0900,176.3800,5706745.35
2025-11-03T08:00:00,176.3700,176.8300,173.1000,175.2000,4097654.53
2025-11-03T12:00:00,175.2000,176.8300,164.0000,166.7300,11819743.75
2025-11-03T16:00:00,166.7400,170.9000,165.5300,166.6400,7002819.77
2025-11-03T20:00:00,166.6500,167.1400,163.1200,165.9500,5110164.56
2025-11-04T00:00:00,165.9600,168.2800,164.1000,167.5300,3533720.30
2025-11-04T04:00:00,167.5300,168.0000,155.8100,157.0000,11185848.43
2025-11-04T08:00:00,157.0100,162.2700,156.3200,161.6300,5866878.25
2025-11-04T12:00:00,161.6300,165.2400,159.2400,161.3900,8531127.00
2025-11-04T16:00:00,161.3900,162.3000,152.1500,154.5500,12795733.82
2025-11-04T20:00:00,154.5500,155.8700,145.6700,154.9400,13324229.73
2025-11-05T00:00:00,154.9500,157.3400,147.2000,156.8400,8962885.29
2025-11-05T04:00:00,156.8400,158.4800,155.6000,156.4100,3438050.46
2025-11-05T08:00:00,156.4100,157.5500,153.6100,157.3700,4009850.32
2025-11-05T12:00:00,157.3700,160.4300,156.6600,160.3600,6013724.33
2025-11-05T16:00:00,160.3700,163.8200,158.4100,162.4100,4735578.52
2025-11-05T20:00:00,162.4000,163.8800,161.0200,162.2800,2629020.43
2025-11-06T00:00:00,162.2900,162.8700,159.6200,162.3700,3098518.50
2025-11-06T04:00:00,162.3800,162.6900,158.1300,158.7400,2770905.13
2025-11-06T08:00:00,158.7400,159.8500,157.5900,158.7900,2390632.50
2025-11-06T12:00:00,158.7800,161.4800,155.3100,155.8300,6916964.86
2025-11-06T16:00:00,155.8300,158.5800,153.7500,156.8000,4958733.57
2025-11-06T20:00:00,156.8000,157.7200,153.3400,155.2000,2858117.53
2025-11-07T00:00:00,155.2000,158.5200,154.1100,156.7900,3342827.20
2025-11-07T04:00:00,156.7900,158.2000,155.1800,157.6900,2171514.30
2025-11-07T08:00:00,157.6900,158.1000,151.5800,153.7700,4641930.53
2025-11-07T12:00:00,153.7800,156.2100,149.6900,155.3100,7532112.94
2025-11-07T16:00:00,155.3100,164.4000,154.2900,164.0800,6388067.44
2025-11-07T20:00:00,164.0800,164.3200,161.5000,161.7200,2887405.67
2025-11-08T00:00:00,161.7200,164.8200,160.5500,162.4200,3003015.15
2025-11-08T04:00:00,162.4300,163.6300,159.4800,160.9600,2524787.32
2025-11-08T08:00:00,160.9500,162.2900,159.0300,159.2900,2008793.45
2025-11-08T12:00:00,159.3000,159.6200,155.8200,156.6100,3091038.04
2025-11-08T16:00:00,156.6100,158.0700,155.7000,157.2400,2291635.28
2025-11-08T20:00:00,157.2300,158.3500,157.1000,157.9400,954952.96
2025-11-09T00:00:00,157.9400,158.2500,155.0100,155.8200,1917865.53
2025-11-09T04:00:00,155.8100,159.4800,155.7800,159.1700,1803298.74
2025-11-09T08:00:00,159.1700,159.8200,157.1700,158.9700,2004341.97
2025-11-09T12:00:00,158.9700,163.9300,158.5100,162.4500,5535304.42
2025-11-09T16:00:00,162.4400,166.2400,161.1500,166.0800,3221782.65
2025-11-09T20:00:00,166.0900,166.5500,163.8500,164.4500,3112101.77
2025-11-10T00:00:00,164.4600,168.6800,163.3500,167.9900,4280208.74
2025-11-10T04:00:00,168.0000,168.8400,166.2200,167.2700,2252792.20
2025-11-10T08:00:00,167.2700,169.7200,166.0100,168.2000,2783648.57
2025-11-10T12:00:00,168.2100,170.4000,165.0600,166.1700,4954659.06
2025-11-10T16:00:00,166.1700,168.3900,165.1200,167.1300,2834048.73
2025-11-10T20:00:00,167.1200,168.3400,164.7100,167.2400,2181703.32
2025-11-11T00:00:00,167.2400,171.8700,165.9100,169.8400,4647830.94
2025-11-11T04:00:00,169.8400,170.0000,163.1600,163.8800,5512701.90
2025-11-11T08:00:00,163.8800,164.8700,162.3800,163.5600,2741898.87
2025-11-11T12:00:00,163.5700,164.2700,160.0000,160.8100,4854352.01
2025-11-11T16:00:00,160.8200,161.1700,157.3200,157.5000,3863323.56
2025-11-11T20:00:00,157.5100,157.7900,153.8000,154.5000,3831662.70
2025-11-12T00:00:00,154.5100,155.4800,153.4400,154.4500,3357570.73
2025-11-12T04:00:00,154.4500,156.4700,154.0800,154.9100,2362896.73
2025-11-12T08:00:00,154.9100,161.0000,154.9100,159.9100,3950513.25
2025-11-12T12:00:00,159.9100,160.9800,155.1500,155.6600,6360823.65
2025-11-12T16:00:00,155.6500,156.1700,151.0600,152.9500,7789777.20
2025-11-12T20:00:00,152.9500,154.6000,152.4500,153.3200,2395813.08
2025-11-13T00:00:00,153.3200,155.7700,150.2900,154.2700,4533316.46
2025-11-13T04:00:00,154.2700,157.1590,153.3100,155.2200,3741767.43
2025-11-13T08:00:00,155.2300,156.4400,153.7900,156.1900,2867006.42
2025-11-13T12:00:00,156.1900,156.8600,152.1500,153.0500,6372436.38
2025-11-13T16:00:00,153.0500,153.3200,141.9300,142.6400,11188895.26
2025-11-13T20:00:00,142.6500,146.1000,140.9400,144.6200,7130942.98
2025-11-14T00:00:00,144.6300,145.6000,142.6200,144.2000,3507387.36
2025-11-14T04:00:00,144.2100,144.4200,138.4800,142.7700,8190166.32
2025-11-14T08:00:00,142.7700,143.1300,139.7400,140.6900,4665767.55
2025-11-14T12:00:00,140.6900,143.7200,135.6700,142.1600,12372332.21
2025-11-14T16:00:00,142.1700,144.2000,140.5000,143.0700,5389744.24
2025-11-14T20:00:00,143.0800,143.1700,137.1300,138.8300,3838842.62
2025-11-15T00:00:00,138.8400,143.3000,138.6600,142.4600,2663699.43
2025-11-15T04:00:00,142.4600,143.5100,141.7500,142.6700,1571020.96
2025-11-15T08:00:00,142.6600,142.7600,139.8500,140.1100,2298934.83
2025-11-15T12:00:00,140.1100,142.1900,139.9000,141.6400,1959617.17
2025-11-15T16:00:00,141.6300,144.6400,140.7100,141.7000,2795090.08
2025-11-15T20:00:00,141.6900,141.9000,138.5100,139.5500,2489613.15
2025-11-16T00:00:00,139.5400,141.4200,137.2800,141.3200,2775855.14
2025-11-16T04:00:00,141.3200,142.4400,140.6300,142.2200,1561738.91
2025-11-16T08:00:00,142.2300,143.3300,139.4500,139.8700,3188097.42
2025-11-16T12:00:00,139.8700,140.7900,137.0300,137.3600,3712423.59
2025-11-16T16:00:00,137.3600,138.4700,134.3000,136.7900,7256773.27
2025-11-16T20:00:00,136.7900,138.1200,134.7400,137.1200,4177767.01
2025-11-17T00:00:00,137.1200,140.6000,136.0200,140.2100,3743046.49
2025-11-17T04:00:00,140.2200,141.8000,139.6100,141.2600,2313973.99
2025-11-17T08:00:00,141.2600,142.7400,140.8600,141.8000,3032663.66
2025-11-17T12:00:00,141.8000,143.3000,136.6900,137.0600,10063661.14
2025-11-17T16:00:00,137.0600,137.1100,129.3000,129.5800,11652819.92
2025-11-17T20:00:00,129.5800,131.8800,128.7000,130.9000,5248155.26
2025-11-18T00:00:00,130.9000,135.1900,128.9000,134.4500,7922169.53
2025-11-18T04:00:00,134.4600,137.7600,132.4300,136.8300,7664320.16
2025-11-18T08:00:00,136.8400,139.0600,136.3600,137.7900,4163070.66
2025-11-18T12:00:00,137.7900,142.0800,136.7500,139.6300,7701426.25
2025-11-18T16:00:00,139.6400,142.0700,138.6700,141.3800,5214100.85
2025-11-18T20:00:00,141.3800,142.0600,139.5800,140.6100,2504281.69
2025-11-19T00:00:00,140.6100,142.7500,139.2000,139.7000,3462597.08
2025-11-19T04:00:00,139.7000,141.0500,137.0400,140.4900,4785958.45
2025-11-19T08:00:00,140.4900,140.9600,138.3000,138.4900,2525004.72
2025-11-19T12:00:00,138.4900,139.1300,134.2900,134.5100,6898473.39
2025-11-19T16:00:00,134.5100,135.3700,130.4400,131.6400,7094052.43
2025-11-19T20:00:00,131.6400,136.9800,131.2600,136.9600,5179027.90
2025-11-20T00:00:00,136.9500,144.4000,136.2600,143.1200,7622875.63
2025-11-20T04:00:00,143.1200,144.7800,142.1300,143.7400,3666929.90
2025-11-20T08:00:00,143.7300,143.9100,141.0400,142.0500,2794878.98
2025-11-20T12:00:00,142.0500,143.4400,138.2400,138.5100,7028440.94
2025-11-20T16:00:00,138.5200,138.7000,131.0300,133.8200,15618593.92
2025-11-20T20:00:00,133.8300,136.5900,132.5300,133.6000,6192593.33
2025-11-21T00:00:00,133.6100,134.9900,131.0000,132.5500,5115590.00
2025-11-21T04:00:00,132.5500,133.0500,121.0200,127.4300,10390122.01
2025-11-21T08:00:00,127.4400,129.3300,123.7100,124.2400,11696215.84
2025-11-21T12:00:00,124.2400,129.5000,121.5500,125.3400,15044931.93
2025-11-21T16:00:00,125.3400,130.5400,123.5000,128.0500,10620448.87
2025-11-21T20:00:00,128.0400,129.2800,125.0000,128.6100,5804336.24
2025-11-22T00:00:00,128.6000,129.8700,126.7400,127.0700,3186456.10
2025-11-22T04:00:00,127.0600,128.3200,125.2300,127.6500,3782344.09
2025-11-22T08:00:00,127.6500,127.6700,125.1700,126.6100,3688487.00
2025-11-22T12:00:00,126.6100,127.7900,125.0000,127.0600,3380231.24
2025-11-22T16:00:00,127.0600,128.5500,126.7000,127.1200,2949015.44
2025-11-22T20:00:00,127.1300,128.8400,126.0100,127.5000,2044678.56
2025-11-23T00:00:00,127.5000,130.7400,127.4800,129.8600,2876041.78
2025-11-23T04:00:00,129.8600,131.8400,128.0100,128.7800,3269148.36
2025-11-23T08:00:00,128.7800,131.1200,128.7300,129.6600,2685108.18
2025-11-23T12:00:00,129.6600,133.1200,129.5700,132.8200,4429632.41
2025-11-23T16:00:00,132.8200,133.3800,130.7500,132.3000,3954308.82
2025-11-23T20:00:00,132.3000,133.5000,130.4000,130.5100,2630990.70
2025-11-24T00:00:00,130.5200,134.3700,129.2200,133.3700,5157844.69
2025-11-24T04:00:00,133.3700,133.8700,130.1000,130.2000,4999558.11
2025-11-24T08:00:00,130.2000,130.6500,128.3400,129.5600,3892538.25
2025-11-24T12:00:00,129.5500,132.5500,128.4300,131.8900,5457553.98
2025-11-24T16:00:00,131.8800,137.9400,131.7700,137.1900,7856760.49
2025-11-24T20:00:00,137.1900,139.7800,137.1900,138.3800,3991045.04
2025-11-25T00:00:00,138.3800,138.9500,137.1700,137.7300,2429584.29
2025-11-25T04:00:00,137.7300,138.9100,136.2300,136.2800,2319571.69
2025-11-25T08:00:00,136.2700,136.7500,134.6600,136.1800,3777413.86
2025-11-25T12:00:00,136.1900,136.9000,133.0000,134.7500,6090300.33
2025-11-25T16:00:00,134.7500,137.9400,134.1200,136.6100,5041188.34
2025-11-25T20:00:00,136.6100,140.4500,135.8900,138.9000,3981098.98
2025-11-26T00:00:00,138.9000,140.6200,137.8400,138.1100,2694199.04
2025-11-26T04:00:00,138.1100,139.9000,137.6600,139.8400,2243586.59
2025-11-26T08:00:00,139.8400,139.8900,136.0700,136.7700,4362233.49
2025-11-26T12:00:00,136.7600,138.2700,135.4200,136.5900,8477369.49
2025-11-26T16:00:00,136.6000,144.7000,136.3700,143.9400,8649129.74
2025-11-26T20:00:00,143.9500,144.1600,142.4300,142.9500,2766209.86
2025-11-27T00:00:00,142.9500,144.0200,142.0000,142.4500,2990957.87
2025-11-27T04:00:00,142.4600,144.2200,142.2200,143.6700,1901517.00
2025-11-27T08:00:00,143.6700,143.8300,141.4100,141.9800,2831757.20
2025-11-27T12:00:00,141.9800,142.4800,140.6200,142.0700,2438161.67
2025-11-27T16:00:00,142.0700,143.1400,141.3300,142.6200,2305567.21
2025-11-27T20:00:00,142.6200,142.8100,140.3400,140.7700,1767467.41
2025-11-28T00:00:00,140.7700,141.3700,138.5000,139.5800,2633369.19
2025-11-28T04:00:00,139.5800,140.4600,138.8700,138.8800,1948978.28
2025-11-28T08:00:00,138.8800,142.5700,138.8400,140.8900,3514222.22
2025-11-28T12:00:00,140.9000,143.5600,140.3400,141.5900,5256204.92
2025-11-28T16:00:00,141.5900,141.6400,135.8700,137.4300,6279120.78
2025-11-28T20:00:00,137.4300,138.2200,136.5400,137.2800,1623149.89
2025-11-29T00:00:00,137.2800,137.8100,136.6400,136.7700,1128969.68
2025-11-29T04:00:00,136.7700,137.6800,136.2100,137.2200,1579588.40
2025-11-29T08:00:00,137.2300,137.4200,136.3400,137.2700,1372474.94
2025-11-29T12:00:00,137.2700,137.6100,136.3900,137.4900,1340928.66
2025-11-29T16:00:00,137.5000,137.9900,134.6100,135.6300,2968273.90
2025-11-29T20:00:00,135.6300,136.4500,135.2600,135.8400,1067143.45
2025-11-30T00:00:00,135.8500,136.7700,135.1800,136.3500,1575364.51
2025-11-30T04:00:00,136.3600,136.9300,135.4400,136.4400,1258613.78
2025-11-30T08:00:00,136.4400,137.0400,136.0500,136.3700,1340962.43
2025-11-30T12:00:00,136.3700,140.1500,136.1200,138.2900,4041784.90
2025-11-30T16:00:00,138.2800,139.7900,137.3200,137.5800,2286282.96
2025-11-30T20:00:00,137.5800,137.8900,133.1600,133.3800,3207379.11
2025-12-01T00:00:00,133.3700,133.6600,126.4500,126.8900,8833868.76
2025-12-01T04:00:00,126.8900,127.3700,125.7300,127.3300,3178704.43
2025-12-01T08:00:00,127.3200,127.9300,126.7800,127.0500,2025582.64
2025-12-01T12:00:00,127.0500,127.6600,123.0500,125.0500,9035853.03
2025-12-01T16:00:00,125.0600,125.2800,123.1900,123.8000,4339223.19
2025-12-01T20:00:00,123.7900,127.3200,123.7500,126.5700,3943307.95
2025-12-02T00:00:00,126.5700,128.4800,125.9500,127.2100,3226720.85
2025-12-02T04:00:00,127.2100,127.8000,126.3600,127.1800,1711876.90
2025-12-02T08:00:00,127.1700,128.7800,125.8900,128.2300,2986511.44
2025-12-02T12:00:00,128.2300,141.5000,128.0900,137.7900,11815381.60
2025-12-02T16:00:00,137.7900,140.8600,137.3200,140.2300,6959302.08
2025-12-02T20:00:00,140.2300,140.3700,138.1600,138.6500,3453881.18
2025-12-03T00:00:00,138.6500,140.6200,137.7100,140.2900,3134792.09
2025-12-03T04:00:00,140.2900,144.2200,140.1300,141.8200,4854962.13
2025-12-03T08:00:00,141.8300,142.6400,140.6600,141.6600,2603269.01
2025-12-03T12:00:00,141.6500,143.4700,138.6100,140.9200,6608245.11
2025-12-03T16:00:00,140.9300,142.3500,139.7900,141.2300,3288394.31
2025-12-03T20:00:00,141.2200,146.0400,140.6700,144.6200,5963518.45
2025-12-04T00:00:00,144.6200,146.8700,143.5900,144.5800,3913219.78
2025-12-04T04:00:00,144.5900,144.8500,142.5600,143.3800,2553466.39
2025-12-04T08:00:00,143.3900,144.1500,142.6300,142.9900,1768957.29
2025-12-04T12:00:00,142.9900,144.2200,141.3800,143.1400,4356017.70
2025-12-04T16:00:00,143.1300,143.8000,137.7000,139.6000,4891743.70
2025-12-04T20:00:00,139.6000,140.4500,138.4300,138.9600,2456115.94
2025-12-05T00:00:00,138.9500,140.2100,138.2100,138.4700,2212564.23
2025-12-05T04:00:00,138.4700,140.7200,137.7100,139.6200,2721937.70
2025-12-05T08:00:00,139.6200,139.6200,136.0500,136.9500,4214402.84
2025-12-05T12:00:00,136.9500,137.1700,134.3200,134.9600,5450165.25
2025-12-05T16:00:00,134.9500,135.1600,130.5000,132.4000,6879796.81
2025-12-05T20:00:00,132.4100,133.2900,131.8800,133.2200,1781942.66
2025-12-06T00:00:00,133.2200,134.0700,132.7100,133.6500,1354849.14
2025-12-06T04:00:00,133.6500,133.6700,132.4600,132.6500,1246236.16
2025-12-06T08:00:00,132.6600,133.2200,131.7900,133.1400,1480158.22
2025-12-06T12:00:00,133.1300,133.9300,132.1300,132.8000,2165858.16
2025-12-06T16:00:00,132.8100,133.4900,131.6700,132.0100,1651014.88
2025-12-06T20:00:00,132.0100,132.8700,131.2200,132.1400,1436839.11
2025-12-07T00:00:00,132.1300,133.5300,131.8500,133.4300,1078284.89
2025-12-07T04:00:00,133.4200,133.4600,131.8300,132.0200,1015614.98
2025-12-07T08:00:00,132.0200,132.5300,131.4600,132.3600,1145562.47
2025-12-07T12:00:00,132.3600,133.0000,127.5500,131.9300,6530049.80
2025-12-07T16:00:00,131.9300,136.2200,130.3900,135.6600,5699329.06
2025-12-07T20:00:00,135.6600,136.3300,129.6900,132.1600,4688388.93
2025-12-08T00:00:00,132.1700,134.6600,131.4100,134.2400,2961315.44
2025-12-08T04:00:00,134.2300,135.9700,133.9800,135.7900,2404819.58
2025-12-08T08:00:00,135.7800,139.3000,135.5900,138.3300,3817624.40
2025-12-08T12:00:00,138.3300,139.2800,135.1500,135.4500,6892012.84
2025-12-08T16:00:00,135.4500,136.4700,132.8500,133.5700,4535577.63
2025-12-08T20:00:00,133.5800,135.0000,132.3600,133.1900,3054242.98
2025-12-09T00:00:00,133.1800,134.3600,132.4000,134.1100,2763404.27
2025-12-09T04:00:00,134.1100,134.2200,131.6400,133.1400,2501907.93
2025-12-09T08:00:00,133.1500,133.3700,131.9100,132.8700,1674434.78
2025-12-09T12:00:00,132.8800,138.4600,131.5200,138.4200,6437203.86
2025-12-09T16:00:00,138.4200,144.9000,138.4100,142.0800,10849781.17
2025-12-09T20:00:00,142.0800,142.3000,136.6500,137.8200,4437454.11
2025-12-10T00:00:00,137.8200,138.5600,137.1000,138.0700,2443589.65
2025-12-10T04:00:00,138.0700,140.1800,137.9400,139.1300,2331345.78
2025-12-10T08:00:00,139.1400,139.8000,136.2500,137.1400,3947498.68
2025-12-10T12:00:00,137.1400,138.1000,135.6000,136.0900,3376658.52
2025-12-10T16:00:00,136.0800,139.5800,135.6500,138.6000,8123383.06
2025-12-10T20:00:00,138.6100,142.5700,135.2600,136.1800,7872757.43
2025-12-11T00:00:00,136.1800,136.3500,128.9100,129.2800,6631815.16
2025-12-11T04:00:00,129.2900,131.4400,128.9200,130.9300,3065286.60
2025-12-11T08:00:00,130.9300,131.3200,130.0600,130.8300,1806299.66
2025-12-11T12:00:00,130.8400,132.7500,129.6800,131.0800,5125324.25
2025-12-11T16:00:00,131.0800,135.5100,130.0200,133.8200,5193814.36
2025-12-11T20:00:00,133.8100,137.7600,133.7400,136.3600,5366163.45
2025-12-12T00:00:00,136.3600,137.9300,135.3100,137.0200,2929108.94
2025-12-12T04:00:00,137.0200,140.0900,136.5000,139.0600,3099325.27
2025-12-12T08:00:00,139.0500,139.1200,137.1700,138.6600,2429678.82
2025-12-12T12:00:00,138.6600,139.8200,132.7000,133.4200,7013535.26
2025-12-12T16:00:00,133.4300,133.9000,130.2400,131.1700,8488275.11
2025-12-12T20:00:00,131.1700,132.9800,130.9000,132.1900,2093222.76
2025-12-13T00:00:00,132.1900,133.0100,132.1900,132.8100,1057121.02
2025-12-13T04:00:00,132.8000,132.9400,132.1900,132.8500,857928.64
2025-12-13T08:00:00,132.8500,134.2000,132.8500,133.2300,1871238.36
2025-12-13T12:00:00,133.2300,133.6200,132.5400,133.2100,1647661.92
2025-12-13T16:00:00,133.2100,133.7700,132.0600,132.6800,1338680.26
2025-12-13T20:00:00,132.6900,133.1800,131.5100,133.0400,1241865.41
2025-12-14T00:00:00,133.0400,133.5800,132.6200,132.8600,837998.30
2025-12-14T04:00:00,132.8600,133.3200,132.0200,133.1800,935603.97
2025-12-14T08:00:00,133.1800,133.4300,130.0200,131.3700,3812484.20
2025-12-14T12:00:00,131.3800,131.8300,130.2400,130.6000,2407533.93
2025-12-14T16:00:00,130.5900,131.5300,129.2000,130.2100,2547924.16
2025-12-14T20:00:00,130.2200,130.7600,127.7300,129.3100,2783041.00
2025-12-15T00:00:00,129.3100,133.2000,129.2000,131.0900,3934372.60
2025-12-15T04:00:00,131.1000,132.6500,130.8000,132.2800,1523191.10
2025-12-15T08:00:00,132.2900,132.9900,132.0000,132.2100,1546090.44
2025-12-15T12:00:00,132.2200,135.4000,126.3400,126.7800,11835601.07
2025-12-15T16:00:00,126.7800,127.2200,123.5300,124.9300,7693430.33
2025-12-15T20:00:00,124.9300,127.7900,123.8000,127.7300,3411580.27
2025-12-16T00:00:00,127.7200,127.9600,124.8500,126.4300,3063875.06
2025-12-16T04:00:00,126.4200,127.4000,124.7600,125.4900,2464436.13
2025-12-16T08:00:00,125.4900,129.0000,125.3500,128.5700,3634736.22
2025-12-16T12:00:00,128.5700,130.1000,126.0500,129.6900,7599863.25
2025-12-16T16:00:00,129.6900,129.8000,126.6800,127.6700,3758312.29
2025-12-16T20:00:00,127.6800,129.4600,127.4100,129.0900,2041043.70
2025-12-17T00:00:00,129.0900,129.7700,128.1200,128.1900,2112146.44
2025-12-17T04:00:00,128.2000,128.5200,126.9200,128.2000,2325745.84
2025-12-17T08:00:00,128.2000,128.2000,125.9000,127.5400,2814196.82
2025-12-17T12:00:00,127.5300,133.9600,126.5100,126.6900,13013449.20
2025-12-17T16:00:00,126.6900,127.9100,121.2400,122.3100,11894624.18
2025-12-17T20:00:00,122.3200,123.6800,121.8700,123.1700,3006857.16
2025-12-18T00:00:00,123.1700,124.1000,122.8800,123.5800,2063315.83
2025-12-18T04:00:00,123.5800,124.1000,122.1300,122.7600,2099847.88
2025-12-18T08:00:00,122.7600,124.0700,122.3800,123.9900,2618634.14
2025-12-18T12:00:00,124.0000,129.0000,123.5600,127.3600,12358559.48
2025-12-18T16:00:00,127.3600,127.4600,117.2800,117.4700,13739166.60
2025-12-18T20:00:00,117.4800,120.1500,116.7100,119.5400,5707852.52
2025-12-19T00:00:00,119.5500,122.4700,117.5500,121.5200,5884613.67
2025-12-19T04:00:00,121.5200,125.3000,121.2900,124.3700,5304786.52
2025-12-19T08:00:00,124.3700,125.7300,123.8100,125.3100,3444107.23
2025-12-19T12:00:00,125.3200,127.6000,124.6000,125.0200,7395078.91
2025-12-19T16:00:00,125.0200,126.9500,123.5500,126.2200,4779039.26
2025-12-19T20:00:00,126.2200,127.8600,126.0500,126.2200,2235250.92
2025-12-20T00:00:00,126.2300,126.4400,125.2000,126.1500,1384275.42
2025-12-20T04:00:00,126.1600,126.6200,125.8100,126.1200,1047078.51
2025-12-20T08:00:00,126.1300,126.8700,125.8200,126.4200,1200069.66
2025-12-20T12:00:00,126.4300,126.6000,125.3600,126.5000,1550085.37
2025-12-20T16:00:00,126.5100,126.6500,125.6900,125.9900,863152.64
2025-12-20T20:00:00,126.0000,126.4900,125.5500,125.7400,751798.17
2025-12-21T00:00:00,125.7500,126.0500,124.6200,125.1600,1626238.79
2025-12-21T04:00:00,125.1700,125.5000,125.0200,125.2500,575764.49
2025-12-21T08:00:00,125.2400,126.5600,124.7100,125.4200,2230849.20
2025-12-21T12:00:00,125.4300,126.0000,123.3000,124.9800,4418282.40
2025-12-21T16:00:00,124.9800,126.3000,124.3000,125.6100,2796099.21
2025-12-21T20:00:00,125.6100,126.2700,124.6300,125.9600,1416239.72
2025-12-22T00:00:00,125.9700,128.5100,124.4000,125.9700,5377177.71
2025-12-22T04:00:00,125.9800,126.6800,125.4700,126.2300,1745554.29
2025-12-22T08:00:00,126.2300,127.4100,125.3800,126.9300,3193284.06
2025-12-22T12:00:00,126.9300,128.7400,126.2400,128.0200,5384612.09
2025-12-22T16:00:00,128.0300,128.3300,124.5600,124.5800,4496075.00
2025-12-22T20:00:00,124.5800,125.9800,124.1100,125.8700,2694443.74
2025-12-23T00:00:00,125.8700,126.8700,124.8100,125.5800,2383053.02
2025-12-23T04:00:00,125.5800,126.0200,123.5800,124.1300,2678185.47
2025-12-23T08:00:00,124.1300,125.1600,123.8400,124.7900,1803372.57
2025-12-23T12:00:00,124.7900,124.8700,122.0400,123.2800,5453002.57
2025-12-23T16:00:00,123.2900,124.8600,122.7000,123.9100,4097796.19
2025-12-23T20:00:00,123.9200,125.6000,123.4000,123.9500,2385679.35
2025-12-24T00:00:00,123.9600,124.2500,121.6800,122.6600,2524094.45
2025-12-24T04:00:00,122.6600,123.0100,120.5100,121.2400,2807674.67
2025-12-24T08:00:00,121.2500,122.1700,121.0100,121.9800,1875519.89
2025-12-24T12:00:00,121.9800,122.8900,120.6100,122.6700,2975207.60
2025-12-24T16:00:00,122.6700,123.4300,121.7100,122.8200,2455601.83
2025-12-24T20:00:00,122.8200,123.3600,122.4100,122.4900,1304145.10
2025-12-25T00:00:00,122.4900,123.1100,122.0300,122.6400,1054358.37
2025-12-25T04:00:00,122.6300,122.8000,122.0400,122.2400,945718.64
2025-12-25T08:00:00,122.2500,122.6300,121.2200,121.5900,1752081.20
2025-12-25T12:00:00,121.5800,124.0600,121.5200,123.6300,2837915.15
2025-12-25T16:00:00,123.6300,124.4200,122.7200,123.4200,2935308.22
2025-12-25T20:00:00,123.4100,123.4800,119.5800,119.9500,3868717.69
2025-12-26T00:00:00,119.9500,124.3300,119.1500,122.6100,6079502.89
2025-12-26T04:00:00,122.6100,123.9400,121.7200,122.6600,3137423.67
2025-12-26T08:00:00,122.6600,124.1300,122.2400,123.8000,2986857.07
2025-12-26T12:00:00,123.8000,125.1200,120.3700,121.4900,7935646.18
2025-12-26T16:00:00,121.5000,122.3500,121.1000,122.0800,2741721.01
2025-12-26T20:00:00,122.0800,122.6000,121.7400,122.2200,1207288.52
2025-12-27T00:00:00,122.2200,123.7800,121.8200,123.6300,1797317.37
2025-12-27T04:00:00,123.6300,123.7000,122.7100,123.1100,1402072.70
2025-12-27T08:00:00,123.1000,123.2900,122.4500,122.9500,1088443.25
2025-12-27T12:00:00,122.9500,123.6300,122.6900,123.2700,1364785.97
2025-12-27T16:00:00,123.2700,123.4200,122.7000,123.2100,1360485.10
2025-12-27T20:00:00,123.2100,125.0400,123.2000,124.6700,2773934.77
2025-12-28T00:00:00,124.6800,124.8500,123.8500,124.0800,1160514.02
2025-12-28T04:00:00,124.0700,124.2700,123.5500,124.1800,882777.35
2025-12-28T08:00:00,124.1800,124.7900,123.9200,124.5700,1343106.86
2025-12-28T12:00:00,124.5800,124.9800,124.2300,124.4000,1555513.22
2025-12-28T16:00:00,124.3900,124.7200,123.0100,123.2200,2649419.74
2025-12-28T20:00:00,123.2200,125.6000,123.0300,125.2100,2313605.44
2025-12-29T00:00:00,125.2200,130.2100,124.9400,128.5200,8924600.23
2025-12-29T04:00:00,128.5300,129.1200,127.2000,127.8300,2957113.48
2025-12-29T08:00:00,127.8200,128.4800,124.9500,125.0200,4388980.66
2025-12-29T12:00:00,125.0200,125.3800,122.1500,123.3600,7763794.40
2025-12-29T16:00:00,123.3500,123.9400,122.5200,122.9900,2666897.80
2025-12-29T20:00:00,122.9800,123.5500,122.8000,123.1900,1217536.22
2025-12-30T00:00:00,123.1900,123.8600,122.5000,123.7200,2112411.48
2025-12-30T04:00:00,123.7200,124.2900,123.1200,123.9400,1726825.67
2025-12-30T08:00:00,123.9400,125.1000,123.9100,124.2400,3046242.10
2025-12-30T12:00:00,124.2400,125.3100,123.4800,125.1000,5063532.27
2025-12-30T16:00:00,125.1100,126.4900,123.7000,124.6700,4687984.25
2025-12-30T20:00:00,124.6600,125.0800,123.4500,124.9200,1829340.84
2025-12-31T00:00:00,124.9300,126.0600,124.3400,125.7600,2449985.35
2025-12-31T04:00:00,125.7600,126.0400,125.3000,125.9000,1380939.78
2025-12-31T08:00:00,125.9000,126.8200,125.3600,126.6900,2200544.39
2025-12-31T12:00:00,126.6800,127.4000,124.9300,125.5400,4872897.03
2025-12-31T16:00:00,125.5400,125.7000,124.2400,124.3000,3028086.93
2025-12-31T20:00:00,124.3100,125.1200,123.4200,124.5900,2928769.34
2026-01-01T00:00:00,124.5800,125.7500,124.5200,125.1400,1442687.23
2026-01-01T04:00:00,125.1300,125.2600,124.1400,124.1900,969707.35
2026-01-01T08:00:00,124.1900,125.2200,124.0800,125.1600,1333503.18
2026-01-01T12:00:00,125.1600,125.2200,124.3400,124.9000,1480821.85
2026-01-01T16:00:00,124.9000,125.7500,124.2000,125.7000,2347355.58
2026-01-01T20:00:00,125.7000,127.2100,125.2500,126.8300,1963633.16
2026-01-02T00:00:00,126.8400,127.9900,125.8100,127.5100,2674478.26
2026-01-02T04:00:00,127.5100,127.6900,126.7100,127.1000,1875588.92
2026-01-02T08:00:00,127.1000,129.9800,127.0900,128.1900,4402146.07
2026-01-02T12:00:00,128.1800,129.5900,126.7600,128.9400,5543720.24
2026-01-02T16:00:00,128.9300,132.3000,128.6200,131.5900,6058642.16
2026-01-02T20:00:00,131.6000,133.2900,130.7600,132.2400,2625619.20
2026-01-03T00:00:00,132.2400,133.1300,132.0200,132.7700,1727411.24
2026-01-03T04:00:00,132.7800,132.8500,129.5200,130.0500,2672061.30
2026-01-03T08:00:00,130.0500,131.4300,129.7400,130.6300,1935417.40
2026-01-03T12:00:00,130.6400,132.1200,130.4300,131.4100,1777877.73
2026-01-03T16:00:00,131.4100,132.0700,131.4100,131.7300,1058916.37
2026-01-03T20:00:00,131.7300,133.9900,131.2700,133.3100,1962660.57
2026-01-04T00:00:00,133.3000,135.0000,133.2600,134.5600,2927628.35
2026-01-04T04:00:00,134.5500,134.9700,133.5200,133.7500,1889376.72
2026-01-04T08:00:00,133.7500,134.8200,133.1000,134.3200,2134886.05
2026-01-04T12:00:00,134.3300,135.3200,133.6700,134.8300,2535860.65
2026-01-04T16:00:00,134.8300,135.5000,133.0300,133.5100,2605710.46
2026-01-04T20:00:00,133.5100,134.8100,133.3200,134.0400,1605324.81
2026-01-05T00:00:00,134.0500,137.7500,133.9300,136.5800,5431248.96
2026-01-05T04:00:00,136.5800,136.7400,134.5400,135.3400,3236928.21
2026-01-05T08:00:00,135.3400,135.9700,134.6300,135.6800,2234261.04
2026-01-05T12:00:00,135.6900,136.4700,133.0900,136.0800,7553787.01
2026-01-05T16:00:00,136.0800,138.7800,134.2500,138.2000,5343516.96
2026-01-05T20:00:00,138.2000,139.8300,137.6900,137.8400,3392218.36
2026-01-06T00:00:00,137.8400,138.5700,136.8100,138.3100,3061516.03
2026-01-06T04:00:00,138.3200,140.0900,137.2600,137.5100,4590700.79
2026-01-06T08:00:00,137.5200,139.6400,137.3000,139.4400,3186906.06
2026-01-06T12:00:00,139.4400,143.4500,138.6600,141.5600,9077394.94
2026-01-06T16:00:00,141.5500,141.9300,136.1200,137.4500,7441571.00
2026-01-06T20:00:00,137.4500,141.9600,137.4200,141.0300,4404628.55
2026-01-07T00:00:00,141.0400,141.3500,138.3600,139.5200,3522869.44
2026-01-07T04:00:00,139.5200,139.6600,138.0600,139.3100,2135963.95
2026-01-07T08:00:00,139.3100,139.7400,136.4200,137.8400,4829008.17
2026-01-07T12:00:00,137.8400,138.4400,135.1700,135.6100,5785039.17
2026-01-07T16:00:00,135.6100,136.6000,134.3300,135.6800,3630284.61
2026-01-07T20:00:00,135.6800,137.0700,134.9300,136.3200,2376112.55
2026-01-08T00:00:00,136.3100,138.3000,135.9300,136.6800,3463861.88
2026-01-08T04:00:00,136.6800,138.2900,133.6000,135.8100,4928619.13
2026-01-08T08:00:00,135.8200,136.1700,133.8500,134.7200,3159921.76
2026-01-08T12:00:00,134.7100,136.5000,132.5000,136.3300,6621871.43
2026-01-08T16:00:00,136.3200,139.0700,136.1500,137.4800,5667625.47
2026-01-08T20:00:00,137.4800,140.0000,136.4600,138.3000,5172107.80
2026-01-09T00:00:00,138.2900,141.1400,137.6600,140.7300,3803273.11
2026-01-09T04:00:00,140.7300,141.0100,139.3800,139.5100,2678901.81
2026-01-09T08:00:00,139.5100,139.6300,136.9800,138.2400,4201056.31
2026-01-09T12:00:00,138.2300,140.8500,136.1100,138.7500,7818741.25
2026-01-09T16:00:00,138.7600,140.2100,135.3700,135.7100,5543703.83
2026-01-09T20:00:00,135.7100,136.4100,134.8600,135.8800,2707583.85
2026-01-10T00:00:00,135.8900,136.6200,135.6000,136.0500,1310503.68
2026-01-10T04:00:00,136.0500,136.2800,135.6600,136.0000,941611.72
2026-01-10T08:00:00,136.0100,136.9700,135.9100,136.5000,1380235.73
2026-01-10T12:00:00,136.5100,136.9900,135.9300,136.3500,1477532.86
2026-01-10T16:00:00,136.3600,136.6500,135.8400,136.1700,992116.65
2026-01-10T20:00:00,136.1700,136.2200,135.3000,135.7800,911692.08
2026-01-11T00:00:00,135.7900,136.4300,135.6800,136.2100,946635.13
2026-01-11T04:00:00,136.2100,136.3900,135.8300,136.1300,919672.06
2026-01-11T08:00:00,136.1300,136.8600,136.0400,136.4900,1189143.38
2026-01-11T12:00:00,136.5000,139.5000,136.4300,138.3800,4039503.63
2026-01-11T16:00:00,138.3800,141.6500,138.3800,139.3900,5401148.50
2026-01-11T20:00:00,139.3900,139.7400,137.4700,139.6500,3131329.00
2026-01-12T00:00:00,139.6500,144.4000,138.8500,142.4900,7103215.02
2026-01-12T04:00:00,142.4900,143.3200,141.2800,141.3400,2924791.88
2026-01-12T08:00:00,141.3500,142.0000,138.9400,139.9300,4653747.50
2026-01-12T12:00:00,139.9300,142.7000,138.5900,142.5500,5096420.74
2026-01-12T16:00:00,142.5400,144.2600,140.5400,140.9400,7403313.77
2026-01-12T20:00:00,140.9400,141.8100,138.2300,139.1300,3545540.56
2026-01-13T00:00:00,139.1300,139.5200,137.7500,138.6600,3245713.45
2026-01-13T04:00:00,138.6600,140.6900,138.3100,139.8800,3564880.72
2026-01-13T08:00:00,139.8800,143.0900,139.8700,141.8000,5123543.23
2026-01-13T12:00:00,141.7900,143.7900,141.1000,143.4100,8239191.95
2026-01-13T16:00:00,143.4200,144.5600,142.3300,144.1800,5132183.91
2026-01-13T20:00:00,144.1800,148.8000,142.9100,145.4800,7245877.55
2026-01-14T00:00:00,145.4700,146.5600,144.2900,146.2200,3793955.46
2026-01-14T04:00:00,146.2100,146.4100,143.8600,144.8000,3266777.07
2026-01-14T08:00:00,144.8000,145.7000,143.4500,143.7000,2752584.79
2026-01-14T12:00:00,143.6900,147.5600,143.3000,147.0200,6629102.39
2026-01-14T16:00:00,147.0200,148.4000,145.2600,146.7500,5385059.13
2026-01-14T20:00:00,146.7600,147.7000,145.7400,146.6100,2379218.13
2026-01-15T00:00:00,146.6200,146.6500,143.1000,143.4000,3497729.74
2026-01-15T04:00:00,143.4100,145.2200,143.2000,144.9300,2311796.29
2026-01-15T08:00:00,144.9400,145.9500,144.0000,144.7600,2394120.59
2026-01-15T12:00:00,144.7600,145.5700,141.7100,143.3900,6491566.41
2026-01-15T16:00:00,143.3900,144.1500,140.7700,141.4400,4399816.47
2026-01-15T20:00:00,141.4300,142.6000,140.9400,142.3200,1504509.82
2026-01-16T00:00:00,142.3300,142.7400,141.6000,141.8700,1427935.53
2026-01-16T04:00:00,141.8700,143.6000,141.3600,142.8600,2517096.68
2026-01-16T08:00:00,142.8600,143.4900,142.6300,143.0800,1705790.63
2026-01-16T12:00:00,143.0700,143.8000,140.1700,140.6800,4123361.97
2026-01-16T16:00:00,140.6800,144.4500,140.5400,144.1300,4060352.66
2026-01-16T20:00:00,144.1400,145.5000,143.4100,144.8500,2261029.18
2026-01-17T00:00:00,144.8400,144.9500,144.1400,144.3000,1032434.58
2026-01-17T04:00:00,144.2900,144.4500,143.5400,143.5600,910630.28
2026-01-17T08:00:00,143.5600,144.5800,143.1800,143.9200,1607067.81
2026-01-17T12:00:00,143.9200,144.2900,143.5000,144.2500,1602449.38
2026-01-17T16:00:00,144.2400,144.4600,143.5200,144.2000,1079434.12
2026-01-17T20:00:00,144.1900,144.5100,143.4000,143.6400,797854.28
2026-01-18T00:00:00,143.6500,143.9200,141.8000,142.7300,2808377.30
2026-01-18T04:00:00,142.7300,142.9400,141.9400,142.0400,894105.03
2026-01-18T08:00:00,142.0500,142.5600,141.8100,142.3200,998786.90
2026-01-18T12:00:00,142.3300,142.6700,141.4000,141.9100,1732327.91
2026-01-18T16:00:00,141.9200,143.1900,141.6700,142.2000,1691137.88
2026-01-18T20:00:00,142.2000,142.9900,137.6500,137.7900,4522345.97
2026-01-19T00:00:00,137.7900,137.7900,129.8200,133.8500,11009950.16
2026-01-19T04:00:00,133.8500,134.0000,132.6400,133.3900,2467682.66
2026-01-19T08:00:00,133.3900,134.3200,133.2000,134.0500,2053305.60
2026-01-19T12:00:00,134.0500,134.1400,133.2000,133.4700,2121698.33
2026-01-19T16:00:00,133.4800,134.6500,133.4000,134.3800,1680678.55
2026-01-19T20:00:00,134.3700,135.1000,132.6900,133.3800,2355910.52
2026-01-20T00:00:00,133.3800,134.6000,133.0000,134.2100,2243801.89
2026-01-20T04:00:00,134.2000,134.2100,130.5100,130.5600,4785543.08
2026-01-20T08:00:00,130.5700,130.7300,128.2700,128.7300,5840225.01
2026-01-20T12:00:00,128.7300,129.7300,127.1500,127.7800,6634088.68
2026-01-20T16:00:00,127.7700,128.5200,126.2000,127.1800,4942503.12
2026-01-20T20:00:00,127.1800,128.0300,124.2500,125.7200,3765637.09
2026-01-21T00:00:00,125.7200,127.8200,125.6600,127.5400,2736781.19
2026-01-21T04:00:00,127.5400,128.6800,127.3900,127.5300,2146824.87
2026-01-21T08:00:00,127.5200,128.1400,126.7300,126.8700,2269177.84
2026-01-21T12:00:00,126.8700,131.1300,126.0900,130.3800,7250542.83
2026-01-21T16:00:00,130.3700,131.6400,125.1700,131.4600,9413489.92
2026-01-21T20:00:00,131.4600,132.0900,129.0800,129.4800,3329234.01
2026-01-22T00:00:00,129.4800,130.5500,129.4500,129.7700,1623205.24
2026-01-22T04:00:00,129.7700,130.4200,129.6600,129.7200,1003736.98
2026-01-22T08:00:00,129.7300,130.3000,129.2600,130.0400,1455704.09
2026-01-22T12:00:00,130.0400,130.8900,126.6600,127.3200,5484127.72
2026-01-22T16:00:00,127.3200,129.3000,126.8200,129.1800,3223033.73
2026-01-22T20:00:00,129.1800,129.7000,127.9500,128.4100,1691480.22
2026-01-23T00:00:00,128.4200,128.9000,128.0000,128.7000,1020495.43
2026-01-23T04:00:00,128.6900,129.2400,127.1600,127.8400,2449581.59
2026-01-23T08:00:00,127.8400,127.9300,126.8400,127.4500,1592731.43
2026-01-23T12:00:00,127.4600,128.0500,125.2200,127.8400,4102573.03
2026-01-23T16:00:00,127.8500,130.1500,127.3700,128.0100,5248336.40
2026-01-23T20:00:00,128.0200,128.2100,126.4700,127.3600,1871134.02
2026-01-24T00:00:00,127.3700,128.0500,127.2200,127.8200,783505.46
2026-01-24T04:00:00,127.8200,128.0400,127.0000,127.0500,666123.68
2026-01-24T08:00:00,127.0600,127.3400,126.8600,127.1200,744375.34
2026-01-24T12:00:00,127.1200,127.3400,126.7200,126.7800,907816.15
2026-01-24T16:00:00,126.7700,127.4300,126.5600,127.2200,816763.58
2026-01-24T20:00:00,127.2100,127.6800,127.0200,127.1300,600134.86
2026-01-25T00:00:00,127.1300,127.3900,126.2500,126.5500,961229.80
2026-01-25T04:00:00,126.5600,126.9300,126.2700,126.4100,682301.27
2026-01-25T08:00:00,126.4100,127.1600,125.9000,126.7100,1217400.24
2026-01-25T12:00:00,126.7100,127.0800,125.3800,125.5100,1785435.23
2026-01-25T16:00:00,125.5100,125.5100,117.0000,117.8600,11561423.82
2026-01-25T20:00:00,117.8700,119.3700,117.3300,118.7600,6936901.90
2026-01-26T00:00:00,118.7700,122.7200,118.4500,121.5100,4672022.99
2026-01-26T04:00:00,121.5100,123.5500,121.5000,122.8400,2140302.27
2026-01-26T08:00:00,122.8500,123.5400,121.7100,122.4600,2207526.68
2026-01-26T12:00:00,122.4600,125.1500,122.2900,123.4600,4725759.16
2026-01-26T16:00:00,123.4500,125.5400,122.9600,124.2600,4222390.48
2026-01-26T20:00:00,124.2600,124.8300,123.3700,124.1800,1847757.87
2026-01-27T00:00:00,124.1700,125.1300,123.6600,124.4400,1792663.66
2026-01-27T04:00:00,124.4500,125.0900,123.9400,124.4600,1182439.32
2026-01-27T08:00:00,124.4500,124.7300,123.5100,124.0800,1642041.74
2026-01-27T12:00:00,124.0800,125.0000,123.0600,124.9400,2998514.46
2026-01-27T16:00:00,124.9400,126.7400,123.4700,125.7900,6056632.85
2026-01-27T20:00:00,125.7900,127.8000,125.6700,127.1200,3184103.66
2026-01-28T00:00:00,127.1200,127.4700,126.5700,126.9000,1501225.91
2026-01-28T04:00:00,126.8900,127.4900,126.3900,127.0400,1431163.61
2026-01-28T08:00:00,127.0400,128.3000,125.9200,128.1000,2537249.08
2026-01-28T12:00:00,128.1100,128.1900,125.4400,126.0000,3848391.57
2026-01-28T16:00:00,126.0100,126.9900,125.1700,125.9300,3285449.24
2026-01-28T20:00:00,125.9300,126.6200,124.6900,125.2800,2885623.95
2026-01-29T00:00:00,125.2900,125.4400,122.5800,122.9900,3205022.09
2026-01-29T04:00:00,122.9900,123.9300,122.4100,123.7100,1639281.59
2026-01-29T08:00:00,123.7200,123.8600,122.6100,122.6900,1608524.02
2026-01-29T12:00:00,122.6900,123.1200,116.0300,117.6000,10118496.10
2026-01-29T16:00:00,117.6000,119.8800,115.2900,116.7500,9766386.74
2026-01-29T20:00:00,116.7500,117.8400,116.4600,117.7200,2671298.75
2026-01-30T00:00:00,117.7200,118.0600,111.7500,114.3500,8559098.18
2026-01-30T04:00:00,114.3400,116.0700,112.8900,115.7100,4743019.03
2026-01-30T08:00:00,115.7200,117.2400,114.5800,117.0100,3858036.40
2026-01-30T12:00:00,117.0000,117.6000,114.5000,116.7300,6584606.19
2026-01-30T16:00:00,116.7200,119.0900,114.2600,118.2300,8314453.78
2026-01-30T20:00:00,118.2300,118.3900,116.3200,117.5400,3486611.96
2026-01-31T00:00:00,117.5400,118.5600,117.3100,118.2900,1674373.46
2026-01-31T04:00:00,118.3000,118.7700,117.1000,117.2900,1950465.48
2026-01-31T08:00:00,117.3000,117.4600,112.6700,115.9600,4805258.92
2026-01-31T12:00:00,115.9700,116.1200,108.1500,108.5700,11448607.15
2026-01-31T16:00:00,108.5800,109.7300,95.5000,101.6500,23240643.91
2026-01-31T20:00:00,101.6500,106.4000,100.2600,105.4500,7297173.89
2026-02-01T00:00:00,105.4400,106.2800,104.1000,104.8700,3246833.08
2026-02-01T04:00:00,104.8800,105.9700,103.8700,105.1400,3177444.08
2026-02-01T08:00:00,105.1400,105.9900,103.4400,104.9900,3843243.49
2026-02-01T12:00:00,104.9900,106.6700,100.1400,101.6100,9559645.85
2026-02-01T16:00:00,101.6200,104.1600,100.8500,101.8800,5286943.40
2026-02-01T20:00:00,101.8700,102.8100,97.9500,100.7300,9140147.34
2026-02-02T00:00:00,100.7300,103.0900,95.8300,100.0000,10831443.23
2026-02-02T04:00:00,100.0100,102.3900,97.0000,101.3800,10277277.33
2026-02-02T08:00:00,101.3900,103.3900,101.3300,102.7300,3980110.63
2026-02-02T12:00:00,102.7300,106.0600,102.2900,104.6300,7292280.47
2026-02-02T16:00:00,104.6200,105.7100,103.4300,103.8300,3934317.90
2026-02-02T20:00:00,103.8300,105.1300,103.2500,104.4800,2253191.37
2026-02-03T00:00:00,104.4700,104.6000,102.0800,104.1000,3576859.81
2026-02-03T04:00:00,104.0900,105.0600,102.8800,104.6200,2474669.88
2026-02-03T08:00:00,104.6200,104.9500,102.3800,102.9200,3576985.70
2026-02-03T12:00:00,102.9300,103.5800,100.3000,102.5200,6574582.46
2026-02-03T16:00:00,102.5200,102.5200,96.6000,98.9500,11431958.89
2026-02-03T20:00:00,98.9400,102.1200,97.1100,97.8100,7946956.57
2026-02-04T00:00:00,97.8200,99.6000,97.0800,99.0400,4594136.75
2026-02-04T04:00:00,99.0300,99.2700,96.2000,97.8200,5049129.84
2026-02-04T08:00:00,97.8300,97.8800,94.5000,96.0300,7729510.79
2026-02-04T12:00:00,96.0400,96.6900,91.1900,92.6900,12616996.81
2026-02-04T16:00:00,92.6900,94.6700,89.9200,94.3200,15843926.10
2026-02-04T20:00:00,94.3200,94.4600,89.1900,92.0700,8919150.41
2026-02-05T00:00:00,92.0700,92.8800,90.1300,91.1000,7028464.12
2026-02-05T04:00:00,91.1000,92.0700,89.6200,90.5000,9054893.81
2026-02-05T08:00:00,90.5100,93.4000,88.6100,89.9200,8731403.65
2026-02-05T12:00:00,89.9300,91.4300,83.3600,84.5500,20177630.37
2026-02-05T16:00:00,84.5500,86.1800,81.1200,81.6300,17770790.22
2026-02-05T20:00:00,81.6300,82.2600,77.4900,78.2900,22624466.74
2026-02-06T00:00:00,78.2900,80.2200,67.2900,76.6600,31665738.90
2026-02-06T04:00:00,76.6600,81.5600,76.1600,79.5000,10485097.22
2026-02-06T08:00:00,79.4900,81.9800,78.5500,81.2600,8413183.73
2026-02-06T12:00:00,81.2500,85.1400,80.7200,84.4000,13954134.62
2026-02-06T16:00:00,84.3900,88.5900,83.5000,86.9700,13023717.42
2026-02-06T20:00:00,86.9700,89.7400,86.4800,87.4200,6435320.16
2026-02-07T00:00:00,87.4100,88.3100,85.8400,88.0100,4843477.11
2026-02-07T04:00:00,88.0100,88.9700,84.1500,85.2400,7914035.26
2026-02-07T08:00:00,85.2400,85.6700,84.4400,84.8500,3965658.11
2026-02-07T12:00:00,84.8500,87.1500,84.7800,86.5200,5615210.04
2026-02-07T16:00:00,86.5100,89.1500,86.1100,88.2200,9153597.42
2026-02-07T20:00:00,88.2100,89.1300,86.8000,87.5100,2525245.10
2026-02-08T00:00:00,87.5200,88.1500,86.6300,86.7400,2059153.19
2026-02-08T04:00:00,86.7400,87.4800,86.5300,87.3200,1577582.13
2026-02-08T08:00:00,87.3200,88.9300,86.3400,88.1600,4817624.48
2026-02-08T12:00:00,88.1700,88.8200,87.2600,87.7100,3940268.22
2026-02-08T16:00:00,87.7100,88.5700,85.6800,88.3400,4391980.22
2026-02-08T20:00:00,88.3400,89.0900,86.0000,86.9200,4936326.93
2026-02-09T00:00:00,86.9100,87.9300,85.6600,87.6200,4446683.82
2026-02-09T04:00:00,87.6100,87.6700,85.1200,85.4300,3358028.90
2026-02-09T08:00:00,85.4300,85.5700,82.8200,83.4300,5733482.30
2026-02-09T12:00:00,83.4400,85.7700,83.3900,85.2300,6196076.03
2026-02-09T16:00:00,85.2300,88.6600,84.7500,87.9000,7204040.75
2026-02-09T20:00:00,87.8900,88.2800,86.4500,86.7100,2557354.37
2026-02-10T00:00:00,86.7100,87.4400,85.2000,85.8000,2654563.28
2026-02-10T04:00:00,85.8000,86.6200,84.2600,84.5900,3561389.21
2026-02-10T08:00:00,84.5800,85.0300,83.6900,83.7900,3396834.32
2026-02-10T12:00:00,83.7800,85.1800,83.1400,84.2400,6516942.05
2026-02-10T16:00:00,84.2400,85.1000,82.3900,83.0500,4720897.75
2026-02-10T20:00:00,83.0400,83.1900,81.8400,82.9500,2803151.54
2026-02-11T00:00:00,82.9600,84.3400,82.5300,83.2800,2800827.99
2026-02-11T04:00:00,83.2700,83.4900,80.2300,80.9600,5587017.87
2026-02-11T08:00:00,80.9500,81.4400,80.3300,81.2100,3501710.62
2026-02-11T12:00:00,81.2000,83.1300,78.5200,79.6500,10873699.24
2026-02-11T16:00:00,79.6600,80.8800,77.9200,79.6700,6920324.89
2026-02-11T20:00:00,79.6600,81.0800,78.5900,79.2500,3945032.10
2026-02-12T00:00:00,79.2400,80.7400,79.2200,80.5600,2256033.21
2026-02-12T04:00:00,80.5600,80.9600,79.3700,80.7200,2990007.35
2026-02-12T08:00:00,80.7200,82.1900,80.2600,81.8000,3775519.50
2026-02-12T12:00:00,81.7900,82.0700,80.0300,80.0600,5618986.46
2026-02-12T16:00:00,80.0600,80.1700,76.9000,77.5700,9784321.88
2026-02-12T20:00:00,77.5700,78.4800,76.5400,78.3700,4102808.34
2026-02-13T00:00:00,78.3700,79.4400,77.4900,79.0000,3032968.16
2026-02-13T04:00:00,79.0100,79.2300,77.7900,78.9300,2708482.29
2026-02-13T08:00:00,78.9300,80.5800,78.8000,80.2600,3767128.54
2026-02-13T12:00:00,80.2600,84.3000,79.6800,83.1600,8373552.78
2026-02-13T16:00:00,83.1600,85.5900,82.8700,84.6000,6180372.00
2026-02-13T20:00:00,84.6000,85.1600,84.0400,84.2900,2522316.91
2026-02-14T00:00:00,84.2800,85.2500,84.1700,85.0000,1753248.60
2026-02-14T04:00:00,85.0000,85.2200,84.2800,85.1200,1308740.73
2026-02-14T08:00:00,85.1300,87.2800,85.1000,87.2200,4347272.86
2026-02-14T12:00:00,87.2200,87.6500,85.9700,87.3800,4268942.68
2026-02-14T16:00:00,87.3900,88.4200,86.9600,88.1300,3596222.17
2026-02-14T20:00:00,88.1400,88.8500,87.2200,88.0200,3033711.84
2026-02-15T00:00:00,88.0100,88.7600,87.3100,88.5600,3124405.81
2026-02-15T04:00:00,88.5600,90.9600,88.3200,90.6800,5422413.25
2026-02-15T08:00:00,90.6800,91.1900,88.9500,89.1300,4214675.46
2026-02-15T12:00:00,89.1200,89.5900,86.6100,87.3600,6582668.03
2026-02-15T16:00:00,87.3600,87.8500,85.1400,85.2900,5687075.91
2026-02-15T20:00:00,85.2800,86.6300,84.8300,86.0900,3367147.22
2026-02-16T00:00:00,86.0900,86.5900,84.7100,85.1100,2821093.01
2026-02-16T04:00:00,85.1000,85.8600,84.4000,85.0100,2554024.87
2026-02-16T08:00:00,85.0200,86.2000,84.4000,85.4600,3137510.27
2026-02-16T12:00:00,85.4600,86.8800,82.5100,83.1600,9239381.06
2026-02-16T16:00:00,83.1600,85.1100,83.0500,84.5700,4272702.76
2026-02-16T20:00:00,84.5700,86.6100,84.4400,86.3900,2904583.98
2026-02-17T00:00:00,86.3900,87.6600,85.7200,86.3100,3549404.07
2026-02-17T04:00:00,86.3100,86.7600,85.3800,86.4200,2351754.98
2026-02-17T08:00:00,86.4200,86.7100,84.6700,85.0400,2770034.36
2026-02-17T12:00:00,85.0500,85.5300,82.8600,83.7600,7122014.65
2026-02-17T16:00:00,83.7500,85.7200,83.0800,84.8000,5470260.94
2026-02-17T20:00:00,84.8000,85.3900,84.4700,85.0200,1878253.32
2026-02-18T00:00:00,85.0200,85.4400,83.8700,85.2700,1989318.80
2026-02-18T04:00:00,85.2700,85.5000,84.6300,85.2200,1362968.11
2026-02-18T08:00:00,85.2200,86.0400,82.7400,82.8000,4449134.95
2026-02-18T12:00:00,82.7900,83.9700,81.6200,82.9500,6741558.03
2026-02-18T16:00:00,82.9600,83.0400,80.3700,80.8700,5570899.99
2026-02-18T20:00:00,80.8700,81.5900,80.7900,81.5500,2127847.42
2026-02-19T00:00:00,81.5400,82.0200,81.1800,81.7100,1573170.08
2026-02-19T04:00:00,81.7200,82.6300,81.3200,82.3400,2098413.60
2026-02-19T08:00:00,82.3400,82.3500,80.8600,81.2000,2862684.75
2026-02-19T12:00:00,81.2000,81.2900,79.5700,80.5900,6042365.42
2026-02-19T16:00:00,80.5800,82.1900,79.8600,81.9000,4945970.42
2026-02-19T20:00:00,81.9000,82.5200,81.6300,82.4600,1862285.45
2026-02-20T00:00:00,82.4600,83.5000,82.2700,82.9700,2604325.21
2026-02-20T04:00:00,82.9800,83.8800,82.3200,83.3800,2666605.59
2026-02-20T08:00:00,83.3900,84.8100,83.2400,83.5200,3766215.58
2026-02-20T12:00:00,83.5300,84.7600,81.7100,84.3300,8602945.37
2026-02-20T16:00:00,84.3200,85.4400,82.7500,84.7200,6954020.41
2026-02-20T20:00:00,84.7100,85.1900,84.0600,84.6200,1855567.10
2026-02-21T00:00:00,84.6200,84.9800,84.1600,84.2900,1286212.54
2026-02-21T04:00:00,84.3000,84.7400,83.9100,84.1800,1368845.50
2026-02-21T08:00:00,84.1700,85.6700,84.1400,85.3500,1972790.08
2026-02-21T12:00:00,85.3500,86.6800,84.9600,86.5200,3331316.13
2026-02-21T16:00:00,86.5200,86.6700,85.7700,86.1700,2492266.93
2026-02-21T20:00:00,86.1600,86.1700,85.0700,85.1200,2017123.80
2026-02-22T00:00:00,85.1200,85.5600,84.6200,85.0300,1994395.73
2026-02-22T04:00:00,85.0300,85.5000,84.7300,85.1900,1316045.91
2026-02-22T08:00:00,85.1900,85.4300,84.8100,85.2000,1094982.09
2026-02-22T12:00:00,85.2000,85.2600,82.9400,83.4400,4846636.90
2026-02-22T16:00:00,83.4400,83.5800,82.7600,83.2500,1853451.66
2026-02-22T20:00:00,83.2400,83.6600,82.4300,82.7500,2401527.95
2026-02-23T00:00:00,82.7500,82.8100,77.1600,77.5700,11051891.02
2026-02-23T04:00:00,77.5800,79.6300,77.0600,79.3200,5425259.45
2026-02-23T08:00:00,79.3200,80.6300,78.4400,79.9900,4954704.34
2026-02-23T12:00:00,79.9900,81.0600,79.1500,79.3500,6887799.96
2026-02-23T16:00:00,79.3600,79.7600,77.2100,78.2500,7176705.79
2026-02-23T20:00:00,78.2400,78.8700,77.5700,77.8700,3039964.98
2026-02-24T00:00:00,77.8600,78.4900,75.6800,76.8400,6229225.65
2026-02-24T04:00:00,76.8400,77.2900,76.0600,76.7900,3752276.14
2026-02-24T08:00:00,76.8000,77.1500,75.8700,76.7100,2491443.65
2026-02-24T12:00:00,76.7100,77.4500,75.5700,77.2500,5673151.03
2026-02-24T16:00:00,77.2600,78.4700,77.1700,78.3200,4203737.60
2026-02-24T20:00:00,78.3300,79.5600,78.0600,78.9100,3183557.23
2026-02-25T00:00:00,78.9200,82.9700,78.6600,81.7200,7854345.96
2026-02-25T04:00:00,81.7100,82.4100,80.9300,82.1300,4471574.82
2026-02-25T08:00:00,82.1400,83.3800,81.8800,83.3300,3728464.32
2026-02-25T12:00:00,83.3400,86.4300,82.8500,85.9200,9124959.82
2026-02-25T16:00:00,85.9200,89.6000,85.9200,89.3900,8931033.88
2026-02-25T20:00:00,89.4000,92.0900,87.0500,88.0100,8328907.78
2026-02-26T00:00:00,88.0100,89.2200,87.5100,87.9100,4074760.39
2026-02-26T04:00:00,87.9100,89.0000,87.1700,87.2100,3056489.54
2026-02-26T08:00:00,87.2100,88.6400,86.5300,86.7600,3978906.52
2026-02-26T12:00:00,86.7600,88.2200,85.2200,86.5200,6307232.74
2026-02-26T16:00:00,86.5200,86.7100,84.2500,86.4100,6859220.34
2026-02-26T20:00:00,86.4200,86.8300,85.6800,85.8600,1834156.79
2026-02-27T00:00:00,85.8600,87.7700,85.1400,87.5700,3216450.86
2026-02-27T04:00:00,87.5700,88.2600,86.7400,87.2600,3368454.52
2026-02-27T08:00:00,87.2700,87.8800,83.2700,83.5300,5632666.89
2026-02-27T12:00:00,83.5200,83.7100,81.8900,82.6400,7873812.60
2026-02-27T16:00:00,82.6300,82.6400,81.0500,81.5200,4894416.71
2026-02-27T20:00:00,81.5200,82.0700,80.2600,81.8000,3611915.71
2026-02-28T00:00:00,81.8000,82.2200,81.4700,81.6900,1761080.21
2026-02-28T04:00:00,81.6800,81.8500,77.0600,78.6300,9914305.46
2026-02-28T08:00:00,78.6400,79.5300,77.6700,78.7100,4882408.09
2026-02-28T12:00:00,78.7100,81.4600,78.5500,80.8700,7771247.18
2026-02-28T16:00:00,80.8600,82.8700,80.4300,82.1500,5133728.34
2026-02-28T20:00:00,82.1500,85.6300,81.9000,84.2900,6154779.25
2026-03-01T00:00:00,84.2900,88.8800,84.2200,87.9800,7335640.41
2026-03-01T04:00:00,87.9900,88.2300,86.1100,86.5800,4211304.57
2026-03-01T08:00:00,86.5900,86.7900,84.6700,85.1300,4091672.67
2026-03-01T12:00:00,85.1300,86.9500,84.4600,85.6100,5446604.14
2026-03-01T16:00:00,85.6100,86.0500,82.9800,83.1900,6583085.77
2026-03-01T20:00:00,83.1900,84.1700,81.6400,83.5500,5679845.57
2026-03-02T00:00:00,83.5500,86.1400,83.4100,84.7400,4686035.96
2026-03-02T04:00:00,84.7300,84.8000,82.3200,82.9000,3384587.71
2026-03-02T08:00:00,82.9000,84.2800,82.3000,83.8500,4145138.61
2026-03-02T12:00:00,83.8400,88.9600,82.7200,88.7400,10879408.65
2026-03-02T16:00:00,88.7400,90.3200,86.3600,87.6200,9129358.26
2026-03-02T20:00:00,87.6100,88.1900,86.2700,86.5900,4005632.44
2026-03-03T00:00:00,86.5900,87.2800,85.1600,86.2300,3411596.85
2026-03-03T04:00:00,86.2300,86.7700,85.3300,85.5300,3426435.04
2026-03-03T08:00:00,85.5200,85.7300,83.6300,84.1500,6231376.30
2026-03-03T12:00:00,84.1500,85.3200,82.4000,84.9800,8148984.00
2026-03-03T16:00:00,84.9700,87.3100,84.1000,85.0400,8481978.98
2026-03-03T20:00:00,85.0400,87.4300,84.1300,86.9200,3932866.74
2026-03-04T00:00:00,86.9100,88.0600,85.1200,85.7100,4871235.67
2026-03-04T04:00:00,85.7100,87.4900,84.7500,87.3800,4333285.07
2026-03-04T08:00:00,87.3800,91.4800,86.9400,89.7300,10541381.63
2026-03-04T12:00:00,89.7400,93.1200,88.6600,92.8800,9967344.82
2026-03-04T16:00:00,92.8900,94.1500,90.5700,93.1400,7551773.36
2026-03-04T20:00:00,93.1300,93.7300,90.2400,90.8200,4483545.10
2026-03-05T00:00:00,90.8100,91.3800,89.5500,89.9800,3750862.71
2026-03-05T04:00:00,89.9800,91.2500,89.6300,90.1100,3310283.22
2026-03-05T08:00:00,90.1000,92.9100,89.6100,91.7600,5085141.57
2026-03-05T12:00:00,91.7700,92.1500,88.7600,89.5600,7503613.72
2026-03-05T16:00:00,89.5600,89.5800,87.8400,88.6800,5771234.42
2026-03-05T20:00:00,88.6900,89.8100,88.5000,88.7400,2776980.96
2026-03-06T00:00:00,88.7400,89.2600,87.9500,88.3600,3134663.10
2026-03-06T04:00:00,88.3500,88.8700,87.4500,88.6400,3042623.11
2026-03-06T08:00:00,88.6400,88.6400,87.0500,87.2100,3144705.13
2026-03-06T12:00:00,87.2100,87.2300,83.8900,84.5700,9892245.80
2026-03-06T16:00:00,84.5700,85.8300,83.5200,85.1400,4839782.08
2026-03-06T20:00:00,85.1400,85.4100,84.3900,84.6400,2041986.18
2026-03-07T00:00:00,84.6500,85.0300,84.2400,84.4700,1528924.17
2026-03-07T04:00:00,84.4800,84.5100,83.8200,84.2700,1928731.56
2026-03-07T08:00:00,84.2700,84.8700,84.0700,84.6100,1713466.00
2026-03-07T12:00:00,84.6000,84.7300,83.2600,83.6900,2679700.79
2026-03-07T16:00:00,83.6900,84.0300,82.2200,82.4700,2897884.22
2026-03-07T20:00:00,82.4700,83.2800,82.4600,83.1700,1486526.87
2026-03-08T00:00:00,83.1700,83.4400,82.0300,82.2700,2366049.17
2026-03-08T04:00:00,82.2800,83.0600,81.6700,82.9000,2301372.75
2026-03-08T08:00:00,82.8900,84.0700,82.4300,82.7400,3286028.76
2026-03-08T12:00:00,82.7500,82.9500,81.1100,81.9900,4757695.64
2026-03-08T16:00:00,81.9900,82.6200,81.2300,82.4400,2801698.87
2026-03-08T20:00:00,82.4300,82.9300,80.1800,81.5600,5200998.48
2026-03-09T00:00:00,81.5700,84.4700,81.5000,83.1000,5441220.53
2026-03-09T04:00:00,83.1000,84.5800,82.2500,83.1200,4201069.91
2026-03-09T08:00:00,83.1200,84.5600,82.8700,83.5200,3402380.07
2026-03-09T12:00:00,83.5200,85.7100,83.3400,85.0100,6127073.79
2026-03-09T16:00:00,85.0000,87.0000,84.2700,85.9200,6169798.19
2026-03-09T20:00:00,85.9300,86.3200,84.7800,84.9100,3103547.62
2026-03-10T00:00:00,84.9100,86.8600,84.7900,85.5200,3890709.12
2026-03-10T04:00:00,85.5100,86.9600,85.3400,86.6600,3267384.94
2026-03-10T08:00:00,86.6700,87.6500,86.5200,86.7500,3891353.35
2026-03-10T12:00:00,86.7500,88.5800,84.8600,88.3100,7807989.26
2026-03-10T16:00:00,88.3100,88.7800,85.5900,85.9700,6140314.29
2026-03-10T20:00:00,85.9600,86.3900,84.9500,85.8300,2987442.63
2026-03-11T00:00:00,85.8200,86.2200,85.4300,85.5600,2213504.29
2026-03-11T04:00:00,85.5700,86.8300,85.0700,85.3900,3375703.19
2026-03-11T08:00:00,85.3900,85.5700,84.3000,84.5100,3405612.16
2026-03-11T12:00:00,84.5000,87.3500,84.3000,85.3700,8670732.42
2026-03-11T16:00:00,85.3700,88.0600,85.2400,87.2500,6211801.78
2026-03-11T20:00:00,87.2500,87.9000,86.4000,86.5200,2038845.85
2026-03-12T00:00:00,86.5200,86.7300,84.6300,84.9400,3349488.19
2026-03-12T04:00:00,84.9400,85.8600,84.8200,85.7700,2599595.89
2026-03-12T08:00:00,85.7700,87.1000,85.3400,86.7500,3860585.36
2026-03-12T12:00:00,86.7500,87.6600,85.0300,86.5300,7832956.89
2026-03-12T16:00:00,86.5200,87.0500,85.6100,86.7500,4065214.51
2026-03-12T20:00:00,86.7500,87.1800,85.9000,86.8000,2236963.15
2026-03-13T00:00:00,86.7900,91.1500,86.6600,89.6600,8805412.57
2026-03-13T04:00:00,89.6600,89.7100,88.1000,88.6200,3160797.69
2026-03-13T08:00:00,88.6200,90.4100,88.2700,90.2700,4005113.94
2026-03-13T12:00:00,90.2700,93.3800,89.2400,89.4200,10772664.73
2026-03-13T16:00:00,89.4300,90.1400,88.3000,88.8600,5432150.03
2026-03-13T20:00:00,88.8600,89.0900,87.6800,88.1200,2539029.62
2026-03-14T00:00:00,88.1100,88.5700,87.7500,88.3500,1616075.56
2026-03-14T04:00:00,88.3500,88.6600,86.8700,87.2700,2498143.07
2026-03-14T08:00:00,87.2700,87.5100,86.4100,86.9000,2082418.59
2026-03-14T12:00:00,86.9000,87.3100,86.5700,86.6700,1788421.65
2026-03-14T16:00:00,86.6700,87.0700,86.5700,86.9500,971053.29
2026-03-14T20:00:00,86.9600,88.1200,86.8000,87.9900,1516556.49
2026-03-15T00:00:00,88.0000,88.5900,87.5100,87.7900,2212422.48
2026-03-15T04:00:00,87.8000,88.5900,87.7900,88.1700,1808932.59
2026-03-15T08:00:00,88.1800,88.8300,88.0900,88.5100,1523388.82
2026-03-15T12:00:00,88.5100,88.5200,87.3100,87.8600,2275311.40
2026-03-15T16:00:00,87.8600,88.7700,87.4100,88.1400,2127431.39
2026-03-15T20:00:00,88.1300,93.2300,87.9200,92.2800,7798108.48
2026-03-16T00:00:00,92.2800,93.9700,91.1500,93.1400,5897670.94
2026-03-16T04:00:00,93.1400,94.3300,92.9100,93.5400,5420926.47
2026-03-16T08:00:00,93.5400,93.9900,92.5400,93.7100,3254920.26
2026-03-16T12:00:00,93.7100,95.0800,92.3200,93.1400,8050847.36
2026-03-16T16:00:00,93.1300,95.4500,93.0700,95.1800,4266034.55
2026-03-16T20:00:00,95.1700,97.6500,95.0200,96.1400,4943695.20
2026-03-17T00:00:00,96.1400,96.9100,93.6600,94.0200,4629523.62
2026-03-17T04:00:00,94.0200,94.6000,93.1100,94.3800,3048647.24
2026-03-17T08:00:00,94.3800,95.0500,93.2000,93.5900,3261144.91
2026-03-17T12:00:00,93.5900,95.1000,93.1000,93.7600,4850980.64
2026-03-17T16:00:00,93.7700,95.6000,93.6600,94.6000,3404592.46
2026-03-17T20:00:00,94.5900,95.5700,94.3500,94.5700,2298393.17
2026-03-18T00:00:00,94.5700,95.6300,94.0400,94.9900,2177485.77
2026-03-18T04:00:00,95.0000,95.0700,93.6600,93.8900,2670373.54
2026-03-18T08:00:00,93.8900,94.3800,91.7500,91.9500,4417160.69
2026-03-18T12:00:00,91.9600,92.0000,88.5100,89.3100,9234260.32
2026-03-18T16:00:00,89.3100,90.8100,88.5700,89.6500,4802729.50
2026-03-18T20:00:00,89.6600,90.5800,88.9200,90.0200,2337250.53
2026-03-19T00:00:00,90.0200,91.3700,89.7300,90.6900,2859529.73
2026-03-19T04:00:00,90.6900,90.6900,88.5700,89.3700,4996866.37
2026-03-19T08:00:00,89.3700,90.4600,89.0400,89.5800,3013879.26
2026-03-19T12:00:00,89.5900,89.5900,87.1000,87.5800,7280458.66
2026-03-19T16:00:00,87.5700,89.2200,86.7900,88.6800,4137478.47
2026-03-19T20:00:00,88.6700,89.2800,88.3100,88.8400,1768092.20
2026-03-20T00:00:00,88.8400,89.7600,88.8000,89.5300,2011403.01
2026-03-20T04:00:00,89.5300,89.7200,88.4400,89.3100,2433025.94
2026-03-20T08:00:00,89.3200,90.4300,88.5400,89.0800,3295908.22
2026-03-20T12:00:00,89.0800,89.7000,88.4300,88.9000,4301101.95
2026-03-20T16:00:00,88.9000,89.1800,88.0700,88.9500,2601050.96
2026-03-20T20:00:00,88.9500,90.2200,88.6000,89.8000,2280718.24
2026-03-21T00:00:00,89.8100,90.6800,89.6800,90.4100,1581131.44
2026-03-21T04:00:00,90.4100,90.7800,89.8800,90.1000,1641642.13
2026-03-21T08:00:00,90.1000,90.3500,89.7600,89.9100,1131573.55
2026-03-21T12:00:00,89.9000,90.3600,89.3100,89.7800,1763597.87
2026-03-21T16:00:00,89.7700,89.9500,89.3000,89.7300,1072725.60
2026-03-21T20:00:00,89.7400,90.3600,87.0000,87.5000,2944227.55
2026-03-22T00:00:00,87.5000,89.1100,86.1800,88.6100,5679979.94
2026-03-22T04:00:00,88.6000,89.1400,87.6100,87.6500,2236351.70
2026-03-22T08:00:00,87.6500,87.6900,86.7700,86.7900,2614439.33
2026-03-22T12:00:00,86.7900,87.6800,86.7500,87.5300,1876447.48
2026-03-22T16:00:00,87.5300,87.6600,86.4000,86.8300,1827160.32
2026-03-22T20:00:00,86.8300,87.1500,85.0400,86.1500,4150590.51
2026-03-23T00:00:00,86.1500,87.1900,85.3700,86.3700,2681832.72
2026-03-23T04:00:00,86.3700,87.3200,85.0000,85.9400,3972733.01
2026-03-23T08:00:00,85.9400,91.9300,85.1200,88.7400,11439559.48
2026-03-23T12:00:00,88.7400,92.2400,88.2800,89.9100,9460536.67
2026-03-23T16:00:00,89.9000,91.8600,89.3500,91.3400,5264775.91
2026-03-23T20:00:00,91.3400,92.0000,90.9300,91.4000,2272648.15
2026-03-24T00:00:00,91.4000,91.6300,89.9100,90.2900,2538790.50
2026-03-24T04:00:00,90.3000,91.8600,89.9300,91.6700,3009246.21
2026-03-24T08:00:00,91.6800,92.2000,91.0800,91.7100,4280579.60
2026-03-24T12:00:00,91.7100,91.8100,88.6200,89.6700,8354987.32
2026-03-24T16:00:00,89.6800,89.9200,88.3500,88.4600,3930082.32
2026-03-24T20:00:00,88.4600,91.1000,88.4300,90.7500,3717362.50
2026-03-25T00:00:00,90.7600,91.9000,90.6700,91.6600,2985916.88
2026-03-25T04:00:00,91.6600,92.9500,91.5400,91.7700,3590844.09
2026-03-25T08:00:00,91.7800,93.4600,91.7800,92.9400,3504842.10
2026-03-25T12:00:00,92.9500,93.4000,90.9600,91.7200,5069630.67
2026-03-25T16:00:00,91.7200,92.7200,91.3500,91.7200,2745186.59
2026-03-25T20:00:00,91.7200,91.9000,90.9800,91.6500,2117863.23
2026-03-26T00:00:00,91.6500,91.9200,90.5300,91.0100,2260359.19
2026-03-26T04:00:00,91.0200,91.0200,88.7200,89.0400,5068638.05
2026-03-26T08:00:00,89.0300,89.0400,87.3700,87.5100,4087369.76
2026-03-26T12:00:00,87.5100,88.1900,86.6600,87.4700,5515733.08
2026-03-26T16:00:00,87.4700,87.6800,85.3700,85.4100,5076776.75
2026-03-26T20:00:00,85.4100,87.1300,85.3700,86.4700,4476666.76
2026-03-27T00:00:00,86.4700,86.9900,86.1100,86.3600,1584143.06
2026-03-27T04:00:00,86.3700,86.7300,85.6300,85.8600,2823878.62
2026-03-27T08:00:00,85.8700,86.0700,82.5500,83.3000,7944973.09
2026-03-27T12:00:00,83.3100,83.9400,82.3400,83.2400,6010891.85
2026-03-27T16:00:00,83.2500,83.3600,81.7600,82.7300,4496891.23
2026-03-27T20:00:00,82.7300,83.0600,82.3000,83.0300,1358281.32
2026-03-28T00:00:00,83.0300,83.0300,82.1900,82.5400,1458604.47
2026-03-28T04:00:00,82.5400,83.6100,82.3100,83.5400,2237121.12
2026-03-28T08:00:00,83.5500,83.6700,82.6500,82.8900,2030365.20
2026-03-28T12:00:00,82.8900,84.3500,82.5300,83.7500,4967176.20
2026-03-28T16:00:00,83.7500,83.8900,82.9500,83.2200,1578553.14
2026-03-28T20:00:00,83.2200,83.4500,81.6000,82.0000,2566256.95
2026-03-29T00:00:00,82.0100,83.1900,81.7900,82.9300,2063936.37
2026-03-29T04:00:00,82.9300,82.9700,82.1600,82.3800,1486302.40
2026-03-29T08:00:00,82.3900,82.7900,81.9200,82.5200,1766892.01
2026-03-29T12:00:00,82.5200,82.5900,81.2100,81.7600,3019457.45
2026-03-29T16:00:00,81.7500,82.0800,81.0600,81.5600,2442035.13
2026-03-29T20:00:00,81.5500,82.1800,78.7700,81.3400,5939297.10
2026-03-30T00:00:00,81.3400,83.9100,81.0600,83.2400,4992347.34
2026-03-30T04:00:00,83.2400,84.2500,83.2000,83.9800,3374117.13
2026-03-30T08:00:00,83.9800,84.9800,83.4500,84.2100,4025076.62
2026-03-30T12:00:00,84.2100,84.9500,83.6000,84.4500,4852735.58
2026-03-30T16:00:00,84.4500,84.4900,81.9000,82.3200,4986637.07
2026-03-30T20:00:00,82.3200,83.6600,82.0800,82.5100,3241937.44
2026-03-31T00:00:00,82.5100,84.6000,82.0900,83.5700,3815709.15
2026-03-31T04:00:00,83.5700,83.8800,82.6400,83.0500,2936271.69
2026-03-31T08:00:00,83.0600,83.3200,79.8900,80.7800,8456678.49
2026-03-31T12:00:00,80.7900,82.5500,80.3300,80.8300,8081609.74
2026-03-31T16:00:00,80.8300,83.4500,80.8200,82.6700,5914382.77
2026-03-31T20:00:00,82.6700,83.3700,82.2700,83.1500,2213296.86
2026-04-01T00:00:00,83.1600,83.5800,82.4100,83.3900,2410040.03
2026-04-01T04:00:00,83.3800,84.7000,83.2100,83.8000,4065004.60
2026-04-01T08:00:00,83.8000,84.0300,83.0100,83.3100,2778092.63
2026-04-01T12:00:00,83.3000,83.8500,82.3300,83.5800,4835981.19
2026-04-01T16:00:00,83.5800,86.5900,82.9000,83.7900,10030911.33
2026-04-01T20:00:00,83.8000,83.8500,80.7200,81.1400,6279552.04
2026-04-02T00:00:00,81.1400,81.7200,78.2200,78.9400,9284031.12
2026-04-02T04:00:00,78.9400,79.6300,78.5500,79.5900,3956307.30
2026-04-02T08:00:00,79.5900,79.5900,78.1100,78.2700,3083889.85
2026-04-02T12:00:00,78.2800,79.6700,76.6300,79.0100,9649382.39
2026-04-02T16:00:00,79.0100,79.8600,78.3800,78.9500,4125067.09
2026-04-02T20:00:00,78.9500,79.3300,78.5800,78.9100,1484786.75
2026-04-03T00:00:00,78.9100,79.7700,78.8000,78.9700,2723040.86
2026-04-03T04:00:00,78.9600,80.1500,78.9500,79.9000,2473416.10
2026-04-03T08:00:00,79.9000,80.4300,79.5800,80.1300,2723274.96
2026-04-03T12:00:00,80.1200,80.9000,79.1100,80.3000,4200740.59
2026-04-03T16:00:00,80.3000,80.6400,79.8200,80.1600,2052649.37
2026-04-03T20:00:00,80.1600,80.6500,79.9000,80.3500,1407976.70
2026-04-04T00:00:00,80.3500,80.3700,79.9700,80.1300,903388.41
2026-04-04T04:00:00,80.1200,80.5000,80.0600,80.2700,769081.09
2026-04-04T08:00:00,80.2600,80.3500,79.8500,80.1400,1131608.96
2026-04-04T12:00:00,80.1500,81.6400,79.5300,81.0500,4332897.48
2026-04-04T16:00:00,81.0500,81.3000,80.5600,80.8000,3042087.11
2026-04-04T20:00:00,80.8000,81.0200,80.5600,80.7900,1195464.20
2026-04-05T00:00:00,80.7900,80.8100,80.2800,80.5100,1139353.32
2026-04-05T04:00:00,80.5000,80.5200,79.3000,79.5500,2838786.13
2026-04-05T08:00:00,79.5400,80.2000,79.4700,79.8600,1422883.48
2026-04-05T12:00:00,79.8700,80.3100,78.4500,79.5500,4850014.74
2026-04-05T16:00:00,79.5600,80.1900,79.3200,79.7700,1818243.39
2026-04-05T20:00:00,79.7700,82.1100,79.0400,81.8500,4670153.60
2026-04-06T00:00:00,81.8600,82.9500,81.6200,82.0700,4889854.57
2026-04-06T04:00:00,82.0700,82.3700,80.9100,81.7700,3236093.22
2026-04-06T08:00:00,81.7600,83.1800,81.6500,82.3900,3383117.84
2026-04-06T12:00:00,82.4000,82.8000,81.6700,82.2400,3369846.56
2026-04-06T16:00:00,82.2500,82.4500,81.1300,81.8600,2795155.36
2026-04-06T20:00:00,81.8600,82.1000,79.5200,79.9600,3577653.65
2026-04-07T00:00:00,79.9600,80.1700,79.3000,79.7300,3031534.50
2026-04-07T04:00:00,79.7300,80.1100,79.2300,79.8100,2319424.85
2026-04-07T08:00:00,79.8200,80.5500,78.8300,79.1700,4682102.06
2026-04-07T12:00:00,79.1700,79.3400,78.3000,78.8200,4662697.35
2026-04-07T16:00:00,78.8200,81.8400,78.6000,81.5800,7674409.55
2026-04-07T20:00:00,81.5800,87.1900,81.5800,85.5400,13353036.67
2026-04-08T00:00:00,85.5300,85.8900,84.2300,84.5300,4318704.03
2026-04-08T04:00:00,84.5400,85.0100,83.8500,84.4700,3153214.30
2026-04-08T08:00:00,84.4800,84.9500,84.1100,84.4200,2322272.10
2026-04-08T12:00:00,84.4200,84.9600,82.4700,83.2900,6640589.02
2026-04-08T16:00:00,83.2900,84.1700,82.7400,83.1500,2961764.86
2026-04-08T20:00:00,83.1500,83.5800,82.1700,82.5200,2231113.84
2026-04-09T00:00:00,82.5200,82.6300,81.6500,81.9700,2983039.43
2026-04-09T04:00:00,81.9700,82.4400,81.7000,82.2300,1741483.47
2026-04-09T08:00:00,82.2400,82.6800,81.9800,82.1400,2369534.11
2026-04-09T12:00:00,82.1300,83.8900,81.3600,83.6900,5491265.13
2026-04-09T16:00:00,83.7000,84.6700,82.8700,84.1200,6453748.44
2026-04-09T20:00:00,84.1100,85.9300,83.1000,83.2900,4315878.52
2026-04-10T00:00:00,83.2900,83.7400,82.6300,82.8400,3049609.13
2026-04-10T04:00:00,82.8400,83.5500,82.8200,82.9200,1972065.71
2026-04-10T08:00:00,82.9300,83.7300,82.6600,83.4800,3010837.96
2026-04-10T12:00:00,83.4900,85.5700,83.3100,84.2000,5889249.07
2026-04-10T16:00:00,84.2000,85.4400,84.0800,85.4100,2677034.89
2026-04-10T20:00:00,85.4100,85.6600,84.6000,84.7800,1758539.61
2026-04-11T00:00:00,84.7800,84.8900,84.2200,84.3500,1335820.97
2026-04-11T04:00:00,84.3500,84.5700,83.8200,84.2300,1678167.45
2026-04-11T08:00:00,84.2300,84.7600,83.7500,84.1800,1980714.51
2026-04-11T12:00:00,84.1800,84.8400,83.7800,84.6300,1887631.79
2026-04-11T16:00:00,84.6200,86.2300,84.5600,85.9900,3466324.55
2026-04-11T20:00:00,85.9900,86.1400,84.4500,84.8900,2912798.91
2026-04-12T00:00:00,84.8900,84.9700,81.8300,82.2700,5797176.45
2026-04-12T04:00:00,82.2700,82.4400,82.0100,82.2300,1861127.40
2026-04-12T08:00:00,82.2400,82.3600,81.8800,82.1500,1542761.31
2026-04-12T12:00:00,82.1500,82.5000,81.2400,81.5500,4146838.39
2026-04-12T16:00:00,81.5400,82.2900,81.4800,81.9300,1658376.50
2026-04-12T20:00:00,81.9300,82.8600,81.2300,81.4900,3662987.05
2026-04-13T00:00:00,81.4800,82.4000,81.3500,81.8600,2186736.64
2026-04-13T04:00:00,81.8700,82.5800,81.4800,82.1200,2433251.13
2026-04-13T08:00:00,82.1200,82.2500,81.6100,81.8200,2245089.13
2026-04-13T12:00:00,81.8200,83.9500,81.7700,82.6200,7522213.94
2026-04-13T16:00:00,82.6200,84.2300,82.3100,84.0700,5031823.73
2026-04-13T20:00:00,84.0700,86.8000,83.7700,86.5000,6940322.63
2026-04-14T00:00:00,86.4900,86.7300,85.6500,86.0300,3694770.21
2026-04-14T04:00:00,86.0300,86.1700,85.4000,85.8700,2679523.80
2026-04-14T08:00:00,85.8600,86.5200,85.5600,85.7500,2644204.33
2026-04-14T12:00:00,85.7400,87.6400,85.1700,85.9200,7468217.76
2026-04-14T16:00:00,85.9200,86.1300,83.6600,83.9100,5373253.24
2026-04-14T20:00:00,83.9100,84.1100,83.2600,83.6600,2618910.79
2026-04-15T00:00:00,83.6600,84.0100,83.0700,83.4000,2734902.64
2026-04-15T04:00:00,83.4000,83.7400,82.6000,82.8800,2952441.10
2026-04-15T08:00:00,82.8800,83.6500,82.6800,83.5400,3143285.00
2026-04-15T12:00:00,83.5500,84.4700,83.1400,83.9400,4703191.30
2026-04-15T16:00:00,83.9500,85.8100,83.8600,85.4800,4265692.97
2026-04-15T20:00:00,85.4800,85.5900,84.1600,84.8500,2657611.10
2026-04-16T00:00:00,84.8600,85.5600,84.4200,85.2600,2123840.29
2026-04-16T04:00:00,85.2500,85.6100,84.9300,85.1500,1659879.25
2026-04-16T08:00:00,85.1600,85.4700,84.5600,85.0200,2972320.52
2026-04-16T12:00:00,85.0300,87.1100,83.7000,86.5700,8638956.32
2026-04-16T16:00:00,86.5800,90.1400,85.5800,90.0700,9673094.44
2026-04-16T20:00:00,90.0600,90.5800,88.6800,89.0300,4784367.66
2026-04-17T00:00:00,89.0200,89.1500,87.4300,87.6700,3178328.32
2026-04-17T04:00:00,87.6700,88.4400,87.3000,88.0900,2841488.05
2026-04-17T08:00:00,88.1000,89.4800,87.2600,88.1500,5431457.29
2026-04-17T12:00:00,88.1600,90.7100,87.8500,89.9100,10142910.04
2026-04-17T16:00:00,89.9100,90.5800,88.8400,89.1800,4425060.16
2026-04-17T20:00:00,89.1700,89.4300,88.4200,88.7100,2333233.59
2026-04-18T00:00:00,88.7100,89.1100,88.1700,88.2700,1478313.94
2026-04-18T04:00:00,88.2700,88.6000,88.1000,88.3900,1590423.57
2026-04-18T08:00:00,88.4000,88.4500,86.2200,86.4900,5010392.52
2026-04-18T12:00:00,86.4800,86.9200,86.3500,86.7000,2359503.07
2026-04-18T16:00:00,86.7000,86.9300,85.7100,86.0700,2700245.56
2026-04-18T20:00:00,86.0600,86.4200,85.8600,86.1100,1163994.66
2026-04-19T00:00:00,86.1000,86.3300,85.1800,85.5500,2106109.66
2026-04-19T04:00:00,85.5500,85.9200,84.2800,84.8200,3290617.11
2026-04-19T08:00:00,84.8100,85.6700,84.3800,85.5400,2635919.01
2026-04-19T12:00:00,85.5500,87.0800,85.4900,86.3200,5268851.24
2026-04-19T16:00:00,86.3100,86.4600,84.8200,85.2800,2952743.93
2026-04-19T20:00:00,85.2700,85.3100,82.7700,83.4100,4774513.45
2026-04-20T00:00:00,83.4200,84.5800,83.2700,84.5300,2530925.14
2026-04-20T04:00:00,84.5300,85.7400,83.7000,84.6900,3437664.85
2026-04-20T08:00:00,84.7000,85.3700,84.5100,85.0000,2494045.31
2026-04-20T12:00:00,85.0100,85.8500,84.3500,85.8200,5571629.21
2026-04-20T16:00:00,85.8200,86.1900,85.2100,85.7500,3377435.62
2026-04-20T20:00:00,85.7500,86.1800,85.1700,85.2400,1919462.05
2026-04-21T00:00:00,85.2500,85.7900,84.9500,85.1400,1961318.95
2026-04-21T04:00:00,85.1300,85.9300,84.9700,85.6500,2368295.52
2026-04-21T08:00:00,85.6600,86.4700,85.4600,85.7900,2373738.30
2026-04-21T12:00:00,85.7900,86.8700,85.1200,86.0000,4868293.46
2026-04-21T16:00:00,86.0000,86.2400,84.2600,84.5300,4569660.19
2026-04-21T20:00:00,84.5200,86.1100,84.4000,86.0000,2546719.65
2026-04-22T00:00:00,86.0100,87.8600,85.9700,87.2100,4131981.91
2026-04-22T04:00:00,87.2200,88.3300,86.9300,88.0400,4445293.86
2026-04-22T08:00:00,88.0400,88.8800,87.5700,88.2900,3003423.61
2026-04-22T12:00:00,88.2900,89.2900,87.9800,88.1300,5351588.40
2026-04-22T16:00:00,88.1200,88.4200,87.0500,87.3400,3400879.94
2026-04-22T20:00:00,87.3400,87.6900,86.7500,86.8300,1567852.09
2026-04-23T00:00:00,86.8300,87.1100,85.4200,85.7200,3975017.23
2026-04-23T04:00:00,85.7300,86.1800,85.4500,85.8500,2589465.09
2026-04-23T08:00:00,85.8500,85.8900,85.1300,85.7600,2662434.79
2026-04-23T12:00:00,85.7600,86.6100,85.5000,86.3000,4370385.61
2026-04-23T16:00:00,86.3100,86.3800,84.4200,85.2400,5438047.19
2026-04-23T20:00:00,85.2300,86.2100,85.2200,86.0800,1839097.92
2026-04-24T00:00:00,86.0800,86.3200,85.3300,85.6300,1917022.00
2026-04-24T04:00:00,85.6400,85.7900,85.1000,85.4500,2342688.20
2026-04-24T08:00:00,85.4500,86.2400,84.7900,86.1400,3079436.27
2026-04-24T12:00:00,86.1400,86.7500,85.4600,86.4600,4173946.89
2026-04-24T16:00:00,86.4700,86.5600,85.8700,86.2900,1916355.06
2026-04-24T20:00:00,86.2800,86.9200,86.0200,86.1300,2001064.78
2026-04-25T00:00:00,86.1300,86.4500,85.9800,86.4200,717522.66
2026-04-25T04:00:00,86.4100,86.6300,86.0700,86.3100,1182500.76
2026-04-25T08:00:00,86.3100,86.7700,86.1900,86.3000,1449855.63
2026-04-25T12:00:00,86.3000,86.6300,86.0800,86.1700,1165618.57
2026-04-25T16:00:00,86.1800,86.2700,85.4800,85.6200,2022759.88
2026-04-25T20:00:00,85.6300,86.1300,85.5500,86.1300,860693.59
2026-04-26T00:00:00,86.1300,86.4400,85.7800,85.9400,1306989.58
2026-04-26T04:00:00,85.9400,86.7000,85.8900,86.5900,1771063.58
2026-04-26T08:00:00,86.5900,86.7300,86.3800,86.4600,896023.62
2026-04-26T12:00:00,86.4500,86.5400,85.8300,86.5000,2202797.03
2026-04-26T16:00:00,86.5000,87.4200,86.2200,86.8400,2280117.45
2026-04-26T20:00:00,86.8400,87.2900,86.0600,86.8700,2677304.36
2026-04-27T00:00:00,86.8800,88.0800,86.5000,87.6900,3859689.47
2026-04-27T04:00:00,87.6900,87.8100,85.2000,85.2100,5585929.09
2026-04-27T08:00:00,85.2100,85.5800,84.9400,85.1900,3205106.28
2026-04-27T12:00:00,85.1900,85.8100,83.5600,84.0900,6154267.82
2026-04-27T16:00:00,84.1000,84.6600,83.7600,84.1200,2786022.27
2026-04-27T20:00:00,84.1100,84.8800,84.0400,84.7800,1256006.55
2026-04-28T00:00:00,84.7800,84.8900,83.8500,84.1200,1689031.86
2026-04-28T04:00:00,84.1300,84.4200,83.5800,83.9600,2576582.39
2026-04-28T08:00:00,83.9600,84.1500,83.2100,83.3600,1785799.15
2026-04-28T12:00:00,83.3500,84.0400,82.9100,83.4300,3641220.07
2026-04-28T16:00:00,83.4200,83.9900,83.2700,83.8500,1804259.80
2026-04-28T20:00:00,83.8500,84.1500,83.5300,84.0200,1705013.30
2026-04-29T00:00:00,84.0200,84.7100,83.7500,84.5500,2339381.00
2026-04-29T04:00:00,84.5400,85.0400,84.3900,84.6600,2675402.67
2026-04-29T08:00:00,84.6700,85.5300,84.3000,84.8700,3623466.08
2026-04-29T12:00:00,84.8700,84.8700,82.9100,83.2000,5886939.49
2026-04-29T16:00:00,83.2000,83.5900,81.3100,82.1300,7155037.23
2026-04-29T20:00:00,82.1300,83.2000,82.0900,83.0100,2699689.92
2026-04-30T00:00:00,83.0200,83.9900,82.6400,83.0200,3249933.26
2026-04-30T04:00:00,83.0200,83.3600,82.1000,83.3200,2160348.07
2026-04-30T08:00:00,83.3100,83.5500,82.7500,82.9800,1834897.08
2026-04-30T12:00:00,82.9700,83.8000,82.6300,83.3000,3149571.46
2026-04-30T16:00:00,83.3000,83.4000,82.8200,82.9900,1505610.72
2026-04-30T20:00:00,82.9900,83.1600,82.7400,83.0400,762494.95
2026-05-01T00:00:00,83.0400,84.3700,83.0200,83.8500,2428538.65
2026-05-01T04:00:00,83.8500,84.2000,83.6200,83.9000,2221610.57
2026-05-01T08:00:00,83.9100,84.2800,83.6700,83.9800,1531444.87
2026-05-01T12:00:00,83.9700,84.8200,83.8100,84.4200,4247595.81
2026-05-01T16:00:00,84.4200,84.6000,83.7500,83.8600,2069694.26
2026-05-01T20:00:00,83.8500,83.9000,83.2800,83.7000,1638390.45
2026-05-02T00:00:00,83.7000,84.1600,83.3900,83.7600,1638101.39
2026-05-02T04:00:00,83.7600,83.8200,83.4800,83.6700,928565.43
2026-05-02T08:00:00,83.6800,84.1100,83.4700,83.6400,1225612.06
2026-05-02T12:00:00,83.6400,84.0500,83.6200,83.9900,1514428.38
2026-05-02T16:00:00,83.9900,84.2800,83.8900,84.1900,1005885.31
2026-05-02T20:00:00,84.1800,84.9600,84.0100,84.2300,2015421.96
2026-05-03T00:00:00,84.2300,84.2700,83.5300,83.6100,1791692.77
2026-05-03T04:00:00,83.6100,83.9700,83.5200,83.8200,1185320.05
2026-05-03T08:00:00,83.8300,84.1600,83.6800,83.9000,1442703.46
2026-05-03T12:00:00,83.9100,84.4100,83.9100,84.1200,1287085.00
2026-05-03T16:00:00,84.1100,84.4700,83.9500,84.3400,1000543.28
2026-05-03T20:00:00,84.3300,84.9500,83.8000,83.8700,2896654.10
2026-05-04T00:00:00,83.8600,85.6200,83.2900,85.3800,6981172.85
2026-05-04T04:00:00,85.3800,85.8800,84.4600,84.8400,4528941.22
2026-05-04T08:00:00,84.8400,85.1600,83.1800,83.9000,5510397.60
2026-05-04T12:00:00,83.9000,85.3000,83.5100,84.4500,5924771.54
2026-05-04T16:00:00,84.4500,85.1700,83.9300,84.4300,3369467.36
2026-05-04T20:00:00,84.4200,84.5200,83.9600,84.0500,1541991.89
2026-05-05T00:00:00,84.0500,84.9400,83.9800,84.7300,2072945.54
2026-05-05T04:00:00,84.7200,85.1000,84.5200,84.8300,2784292.52
2026-05-05T08:00:00,84.8300,84.9700,84.3900,84.9300,1729098.48
2026-05-05T12:00:00,84.9300,86.0800,84.8600,85.4700,6075885.79
2026-05-05T16:00:00,85.4600,86.5300,85.0100,86.4700,3363085.17
2026-05-05T20:00:00,86.4600,86.9600,86.1200,86.2400,3330539.61
2026-05-06T00:00:00,86.2400,87.4400,86.0600,87.2900,3215633.44
2026-05-06T04:00:00,87.2800,87.8700,86.6100,87.6500,3165034.62
2026-05-06T08:00:00,87.6600,90.1300,87.6000,89.8300,6329872.26
2026-05-06T12:00:00,89.8400,89.9400,87.4300,88.9200,7231512.55
2026-05-06T16:00:00,88.9100,89.4800,88.4200,89.2100,3442420.52
2026-05-06T20:00:00,89.2100,89.5800,88.6100,89.1000,2008443.36
2026-05-07T00:00:00,89.1100,89.2300,87.4700,87.7200,3427141.28
2026-05-07T04:00:00,87.7200,90.4000,87.6400,90.1200,4702271.27
2026-05-07T08:00:00,90.1200,90.2300,88.6600,89.5000,3925571.92
2026-05-07T12:00:00,89.5000,90.0600,87.7500,88.2800,6445250.59
2026-05-07T16:00:00,88.2700,89.0200,87.9100,88.4100,3925674.00
2026-05-07T20:00:00,88.4100,88.8200,87.6100,88.4000,2379906.60
2026-05-08T00:00:00,88.4000,88.6100,87.5600,88.1700,2182797.42
2026-05-08T04:00:00,88.1700,88.3900,87.6000,88.2000,2337820.16
2026-05-08T08:00:00,88.2000,88.7300,87.9600,88.5900,2507432.02
2026-05-08T12:00:00,88.5900,89.5600,87.9500,89.5500,4412932.49
2026-05-08T16:00:00,89.5500,92.7800,89.2900,92.5600,7929103.35
2026-05-08T20:00:00,92.5700,92.6800,91.7100,91.9700,2731073.81
2026-05-09T00:00:00,91.9600,93.8000,91.8000,93.5900,3998075.69
2026-05-09T04:00:00,93.5800,94.1600,92.7800,93.7100,4227438.92
2026-05-09T08:00:00,93.7100,93.9100,92.9700,93.5600,2017522.89
2026-05-09T12:00:00,93.5700,93.7000,92.3200,92.9400,2948032.38
2026-05-09T16:00:00,92.9500,93.6000,92.6200,93.4500,2461139.97
2026-05-09T20:00:00,93.4600,93.5000,92.9900,93.0700,780757.00
2026-05-10T00:00:00,93.0600,93.4600,92.5400,93.3700,1977182.64
2026-05-10T04:00:00,93.3600,93.5900,93.1800,93.3900,1152266.41
2026-05-10T08:00:00,93.3900,94.7800,92.7800,93.4800,4849804.80
2026-05-10T12:00:00,93.4900,94.7000,93.1200,94.4800,3491503.92
2026-05-10T16:00:00,94.4900,96.8800,94.1200,96.4500,6975343.45
2026-05-10T20:00:00,96.4400,96.8300,93.3700,96.4200,6835011.95
2026-05-11T00:00:00,96.4200,96.6300,94.4100,94.7200,5492145.32
2026-05-11T04:00:00,94.7200,96.1200,94.3700,95.2900,2957871.32
2026-05-11T08:00:00,95.2900,95.5500,94.5200,95.2100,2761781.60
2026-05-11T12:00:00,95.2200,96.7800,94.2500,96.7600,8297828.82
2026-05-11T16:00:00,96.7700,98.3600,96.4400,98.1300,6620683.23
2026-05-11T20:00:00,98.1300,98.3400,97.0300,97.3100,2101048.79
2026-05-12T00:00:00,97.3200,97.6300,95.4700,96.0900,3987697.34
2026-05-12T04:00:00,96.0900,96.9600,95.7400,95.9800,2707688.44
2026-05-12T08:00:00,95.9800,96.0900,94.5200,94.9200,4740883.81
2026-05-12T12:00:00,94.9200,95.5200,93.5600,93.8200,6833288.94
2026-05-12T16:00:00,93.8200,94.9700,93.5500,94.8800,3136855.49
2026-05-12T20:00:00,94.8900,95.0200,94.1600,94.2500,1209992.97
2026-05-13T00:00:00,94.2500,95.5400,94.0000,95.5200,2367121.88
2026-05-13T04:00:00,95.5200,95.9700,94.8200,95.0900,2661904.78
2026-05-13T08:00:00,95.0900,95.8400,94.1800,94.2700,3177216.09
2026-05-13T12:00:00,94.2700,94.5800,90.2000,90.3700,13075748.36
2026-05-13T16:00:00,90.3800,91.3600,90.3400,90.9000,5443663.28
2026-05-13T20:00:00,90.9000,91.2900,90.5700,91.1100,3886696.67
2026-05-14T00:00:00,91.1100,91.3800,89.7300,89.8900,6722771.75
2026-05-14T04:00:00,89.8900,91.6500,89.8100,90.8300,5331369.56
2026-05-14T08:00:00,90.8300,91.2600,90.5200,90.5800,1767062.86
2026-05-14T12:00:00,90.5800,93.2100,90.4600,93.1000,5572571.64
2026-05-14T16:00:00,93.1100,93.6400,92.2400,92.8500,5844373.38
2026-05-14T20:00:00,92.8600,92.9500,92.0700,92.1100,1662974.12
2026-05-15T00:00:00,92.1100,92.6200,91.4100,92.0000,3511275.86
2026-05-15T04:00:00,92.0000,92.0000,90.2100,91.5600,4421667.31
2026-05-15T08:00:00,91.5700,91.6100,90.8700,91.2100,2548438.02
2026-05-15T12:00:00,91.2100,91.2300,88.4700,89.0000,7192933.00
2026-05-15T16:00:00,89.0100,90.0700,88.7500,89.3600,2704878.41
2026-05-15T20:00:00,89.3600,89.4800,88.9200,89.2000,1104007.79
2026-05-16T00:00:00,89.1900,89.4200,88.9000,89.0100,1190867.89
2026-05-16T04:00:00,89.0000,89.0400,86.6200,87.4200,4688461.04
2026-05-16T08:00:00,87.4100,87.5800,85.4400,86.0400,5517099.64
2026-05-16T12:00:00,86.0400,86.6700,85.9400,86.4200,2291261.37
